{"r_count": 142629.0001, "r_mean": 0.0030252795810713344, "r_var": 419.5847661023418, "tanh_k": 2.0, "feature_welford": {"unrealized_pnl": [142630, 49026.13905215628, 2.266324247600122e+16], "realized_pnl": [142630, 37604.09281784882, 3.383101250225819e+16], "compounded_returns": [142630, 14799.595621995715, 21480921366150.2], "balance": [142630, 29201865.855563544, 8.048373146598367e+19], "position_value": [142630, 357835.7792370223, 6.356417472160866e+16], "current_position_size": [142630, 1788568.6558620925, 1.5891458016529495e+18], "last_log_ret": [142630, 0.009065726028669062, 284.4710614726371], "sortino_ratio": [142630, 2.8038807329609163, 576722346.3943182], "rolling_pnl_sigma": [142630, 0.020526499001712082, 150.3624507907695], "portfolio_cash_ratio": [142630, 0.8570641080800512, 8863.918255564438], "free_collateral": [142630, 29581015.751960415, 8.011810019725284e+19], "mm_reqs": [142630, 27850.085208647066, 1573682733765046.0], "unrealized_pnl_0": [142630, 38.50824240124885, 706301374555.7063], "unrealized_pnl_1": [142630, 120.13592394854123, 6721778497529.89], "unrealized_pnl_2": [142630, 20514.11738239414, 2533163825641162.0], "unrealized_pnl_3": [142630, 45757.2647226486, 4.702984748200663e+16], "unrealized_pnl_4": [142630, 280.63527623415996, 6218649024958.159], "unrealized_pnl_5": [142630, 8983.240538604625, 1507286136392156.2], "unrealized_pnl_6": [142630, 520.0080352999772, 14287227295626.27], "unrealized_pnl_7": [142630, 49.31000016988864, 1129197076719.3914], "unrealized_pnl_8": [142630, 66.672109854238, 1407241520260.0928], "unrealized_pnl_9": [142630, 2320.7911246632366, 204179783995138.12], "margin_usage_ratio": [142630, 0.005350268694761723, 11.43491849950286]}, "pcr_min_ew": 0.986542606095617, "pcr_max_ew": 1.000000000000022}