{"r_count": 326088.0001, "r_mean": 0.003914994226940975, "r_var": 586.3121365390433, "tanh_k": 2.0, "feature_welford": {"unrealized_pnl": [326089, 92058.23247938766, 1.2141829754178984e+17], "realized_pnl": [326089, 63546.11958857122, 1.8374172164206128e+17], "compounded_returns": [326089, 24575.320189174494, 131913088579008.11], "balance": [326089, 47784598.260173835, 5.045795968682581e+20], "position_value": [326089, 444039.5415020244, 2.0445388885051738e+17], "current_position_size": [326089, 2219590.236366361, 5.111664033591868e+18], "last_log_ret": [326089, 0.00971559608018166, 500.90641834170833], "sortino_ratio": [326089, 4.380366840414787, 4190553284.4780264], "rolling_pnl_sigma": [326089, 0.01713341547257942, 255.75301688366056], "portfolio_cash_ratio": [326089, 0.8830510999993642, 16808.50107933571], "free_collateral": [326089, 48283375.02301611, 5.0250712395387634e+20], "mm_reqs": [326089, 37624.31257618506, 7564053245411040.0], "unrealized_pnl_0": [326089, 15.957534922301194, 762676837721.9928], "unrealized_pnl_1": [326089, 91.79473145249186, 13291875671728.363], "unrealized_pnl_2": [326089, 48656.36656084245, 2.0440579235116624e+16], "unrealized_pnl_3": [326089, 75686.45538753265, 2.519110839703243e+17], "unrealized_pnl_4": [326089, 279.39893800655716, 13619718097172.111], "unrealized_pnl_5": [326089, 12933.063956065616, 4001617421600588.0], "unrealized_pnl_6": [326089, 524.796568391977, 24380823894908.566], "unrealized_pnl_7": [326089, 49.62335938668244, 1921616234885.9148], "unrealized_pnl_8": [326089, 68.92426190574649, 1984348961658.943], "unrealized_pnl_9": [326089, 3261.089675148975, 547820741140766.06], "margin_usage_ratio": [326089, 0.004367324164944068, 21.881765574203673]}, "pcr_min_ew": 0.9891691744235093, "pcr_max_ew": 0.9999999999999741}