{"r_count": 42099.000100000005, "r_mean": 0.0025343511862867627, "r_var": 284.8355602316226, "tanh_k": 2.0, "feature_welford": {"unrealized_pnl": [42100, 22316.97260961608, 2828603399653172.0], "realized_pnl": [42100, 20069.127316963055, 4348233353942086.5], "compounded_returns": [42100, 6562.248848188623, 2252172007013.579], "balance": [42100, 15504107.62715686, 1.0688104554561047e+19], "position_value": [42100, 336045.2967600284, 1.591214794084159e+16], "current_position_size": [42100, 1679425.3568035685, 3.978185787702297e+17], "last_log_ret": [42100, 0.007535014691992876, 159.2925038354201], "sortino_ratio": [42100, 0.788817443814689, 227961.48674397718], "rolling_pnl_sigma": [42100, 0.03304011067258106, 80.44561413083815], "portfolio_cash_ratio": [42100, 0.7529101177444207, 3844.797435730333], "free_collateral": [42100, 15838194.408805272, 1.0740406795034442e+19], "mm_reqs": [42100, 24427.64916458245, 246250699430887.38], "unrealized_pnl_0": [42100, 72.52574951160936, 448096452711.3943], "unrealized_pnl_1": [42100, 205.9077698720527, 3188620268083.438], "unrealized_pnl_2": [42100, 3941.998603882981, 149464896771864.0], "unrealized_pnl_3": [42100, 26826.911597662674, 5446323243345707.0], "unrealized_pnl_4": [42100, 326.93200687205217, 2811804758530.3984], "unrealized_pnl_5": [42100, 4916.996641952127, 303026918330304.44], "unrealized_pnl_6": [42100, 276.93609360461136, 4380586197171.5293], "unrealized_pnl_7": [42100, 77.28492431229766, 619307706378.1377], "unrealized_pnl_8": [42100, 40.780947320956244, 673077794148.3829], "unrealized_pnl_9": [42100, 1885.0381683659086, 55027771639893.66], "margin_usage_ratio": [42100, 0.009093123835059728, 4.908257235139596]}, "pcr_min_ew": 0.9712671953539209, "pcr_max_ew": 0.9999999999998971}