{"r_count": 271738.0001, "r_mean": 0.003604046971636233, "r_var": 557.643594909659, "tanh_k": 2.0, "feature_welford": {"unrealized_pnl": [271739, 79550.02768162395, 8.44672058666305e+16], "realized_pnl": [271739, 56653.38173182918, 1.287101299284478e+17], "compounded_returns": [271739, 21981.856928413483, 88257868646104.12], "balance": [271739, 42733402.06879712, 3.334714063760688e+20], "position_value": [271739, 416174.0042745638, 1.5223563337553718e+17], "current_position_size": [271739, 2080224.7079988406, 3.806108713816968e+18], "last_log_ret": [271739, 0.009646591408712605, 422.8606943343261], "sortino_ratio": [271739, 7.390544654065358, 93727800841.14632], "rolling_pnl_sigma": [271739, 0.017677210812281765, 220.2449480921911], "portfolio_cash_ratio": [271739, 0.8807300692255032, 14155.158351920838], "free_collateral": [271739, 43194914.4469221, 3.319625373605762e+20], "mm_reqs": [271739, 34496.33155263621, 5078794224502063.0], "unrealized_pnl_0": [271739, 28.095426845790385, 985805573866.6111], "unrealized_pnl_1": [271739, 34.303691633642664, 13333843390995.508], "unrealized_pnl_2": [271739, 39441.848837093676, 1.2307939221144924e+16], "unrealized_pnl_3": [271739, 68691.33068401284, 1.8008911556617965e+17], "unrealized_pnl_4": [271739, 259.69380455441365, 7740956440890.885], "unrealized_pnl_5": [271739, 11235.255954151748, 2865024295936249.0], "unrealized_pnl_6": [271739, 478.2783216348362, 22467097281107.76], "unrealized_pnl_7": [271739, 58.776609548123616, 1981287125831.2463], "unrealized_pnl_8": [271739, 73.6590361645907, 1870474900439.1272], "unrealized_pnl_9": [271739, 3061.591698819586, 503782964858636.0], "margin_usage_ratio": [271739, 0.0045237129773519485, 19.109877565259954]}, "pcr_min_ew": 0.989939330908206, "pcr_max_ew": 1.0000000000000413}