{"r_count": 33163.000100000005, "r_mean": 0.00217896512770676, "r_var": 271.35875515071194, "tanh_k": 2.0, "feature_welford": {"unrealized_pnl": [33164, 17802.255270300782, 1756872673528793.5], "realized_pnl": [33164, 17058.98607328866, 3211877070424399.0], "compounded_returns": [33164, 5217.468501980865, 1439621191732.632], "balance": [33164, 13250579.440581942, 7.470239736884035e+18], "position_value": [33164, 326165.7181581812, 1.207096962235518e+16], "current_position_size": [33164, 1629827.7448191717, 3.017843228604832e+17], "last_log_ret": [33164, 0.007035621206936737, 146.50807427597118], "sortino_ratio": [33164, 0.6372756843490643, 94621.49496398005], "rolling_pnl_sigma": [33164, 0.03688317272907795, 71.1016756187398], "portfolio_cash_ratio": [33164, 0.717078999953515, 3236.877740174384], "free_collateral": [33164, 13571625.739757756, 7.52664489199842e+18], "mm_reqs": [33164, 23082.73197100717, 161703956730015.47], "unrealized_pnl_0": [33164, 85.71389418460674, 370230280569.072], "unrealized_pnl_1": [33164, 188.36094424779267, 2779982933526.094], "unrealized_pnl_2": [33164, 3032.962747342846, 95362822040217.33], "unrealized_pnl_3": [33164, 21794.667031899473, 3553902641099376.0], "unrealized_pnl_4": [33164, 366.8907192982839, 2447085218830.695], "unrealized_pnl_5": [33164, 3961.3316439676364, 243742355976481.56], "unrealized_pnl_6": [33164, 247.69683308440395, 3591543511974.0786], "unrealized_pnl_7": [33164, 71.75692566353248, 545300958044.54175], "unrealized_pnl_8": [33164, 54.64869705464137, 599718866212.8236], "unrealized_pnl_9": [33164, 1942.3886801496571, 42774541347393.766], "margin_usage_ratio": [33164, 0.010307734240412985, 4.118917569304473]}, "pcr_min_ew": 0.9926151855063502, "pcr_max_ew": 1.0000000000000384}