{"r_count": 278668.0001, "r_mean": 0.0035777029203363955, "r_var": 557.1493373883557, "tanh_k": 2.0, "feature_welford": {"unrealized_pnl": [278669, 80618.5966220069, 8.973693700576181e+16], "realized_pnl": [278669, 57821.513980921576, 1.3692074817334698e+17], "compounded_returns": [278669, 22382.134983976157, 94422520647188.47], "balance": [278669, 43664406.141092904, 3.5757948437873066e+20], "position_value": [278669, 416325.5585159991, 1.6119972073108474e+17], "current_position_size": [278669, 2081127.7628968027, 4.0301860652011464e+18], "last_log_ret": [278669, 0.009618388521972773, 427.941885716661], "sortino_ratio": [278669, 21.58454309826199, 1010739405498.642], "rolling_pnl_sigma": [278669, 0.01758456726688041, 222.96735592462687], "portfolio_cash_ratio": [278669, 0.8792964497325944, 14843.912779705568], "free_collateral": [278669, 44126355.46582489, 3.5599788968934697e+20], "mm_reqs": [278669, 35235.356845412185, 5707107765371014.0], "unrealized_pnl_0": [278669, 21.676182168171053, 850976629778.5461], "unrealized_pnl_1": [278669, 36.592903472181526, 10837596387032.809], "unrealized_pnl_2": [278669, 40969.719185600596, 1.3464280126642392e+16], "unrealized_pnl_3": [278669, 68742.61893765778, 1.8656310588650915e+17], "unrealized_pnl_4": [278669, 264.5222571213593, 7949356948860.594], "unrealized_pnl_5": [278669, 11342.799046746379, 3014607897868038.5], "unrealized_pnl_6": [278669, 523.9467700974272, 22106922187905.83], "unrealized_pnl_7": [278669, 60.30860560554743, 2001130606487.007], "unrealized_pnl_8": [278669, 58.313835758593505, 1774984391364.6318], "unrealized_pnl_9": [278669, 3116.0867743133836, 545608032198983.56], "margin_usage_ratio": [278669, 0.004531083707140845, 19.563115346463498]}, "pcr_min_ew": 0.9901832714946313, "pcr_max_ew": 0.9999999999999588}