{"r_count": 55439.000100000005, "r_mean": 0.0027196507133899674, "r_var": 243.92052907418054, "tanh_k": 2.0, "feature_welford": {"unrealized_pnl": [55440, 21630.83639211363, 3556191761059712.5], "realized_pnl": [55440, 23328.444363099472, 6140083493219942.0], "compounded_returns": [55440, 7947.865517019661, 3781407989739.051], "balance": [55440, 18097488.853623863, 1.7004853650190756e+19], "position_value": [55440, 314513.93766353757, 1.9509642588967684e+16], "current_position_size": [55440, 1571930.8707997587, 4.87753027571269e+17], "last_log_ret": [55440, 0.0078632307346804, 159.3461471252998], "sortino_ratio": [55440, 1.0441900403765887, 1918383.14092971], "rolling_pnl_sigma": [55440, 0.030969892311041837, 91.58298764737307], "portfolio_cash_ratio": [55440, 0.7670219213111301, 4989.213070938138], "free_collateral": [55440, 18410878.833817873, 1.7059692604772647e+19], "mm_reqs": [55440, 22916.957403790566, 311531057700889.7], "unrealized_pnl_0": [55440, 107.40628859239365, 441438945353.80853], "unrealized_pnl_1": [55440, 126.53505090874518, 5685324339845.994], "unrealized_pnl_2": [55440, 5979.905027281562, 270323949093831.3], "unrealized_pnl_3": [55440, 26122.89583196838, 7760948956065733.0], "unrealized_pnl_4": [55440, 103.29466840934597, 2551207514105.0195], "unrealized_pnl_5": [55440, 5317.320738474334, 356083237308981.75], "unrealized_pnl_6": [55440, 603.7199217998796, 8513143132838.513], "unrealized_pnl_7": [55440, 95.82402573525536, 736647734305.3245], "unrealized_pnl_8": [55440, 56.062410936772594, 624341803662.9845], "unrealized_pnl_9": [55440, 1877.5221759060935, 59548358643185.11], "margin_usage_ratio": [55440, 0.008272024473788319, 5.858105430549814]}, "pcr_min_ew": 0.9871516759524563, "pcr_max_ew": 1.0000000000000964}