{"r_count": 216548.0001, "r_mean": 0.003315277977020797, "r_var": 455.88277335769584, "tanh_k": 2.0, "feature_welford": {"unrealized_pnl": [216549, 63006.24938737496, 4.781753489952624e+16], "realized_pnl": [216549, 48209.399739154745, 7.78407576629316e+16], "compounded_returns": [216549, 18858.194575688445, 53192748554970.69], "balance": [216549, 36652737.23745684, 1.9807516081957942e+20], "position_value": [216549, 389634.9777366253, 1.1189311858252384e+17], "current_position_size": [216549, 1947622.8700414854, 2.7974813424287063e+18], "last_log_ret": [216549, 0.009421561688051288, 350.9576582582308], "sortino_ratio": [216549, 4.162973403958133, 12719572809.778698], "rolling_pnl_sigma": [216549, 0.018753954485399744, 188.23511424045546], "portfolio_cash_ratio": [216549, 0.8707753153463801, 12165.003756721577], "free_collateral": [216549, 37073748.64637252, 1.9713213808052496e+20], "mm_reqs": [216549, 31821.794385094505, 3491040801919198.0], "unrealized_pnl_0": [216549, 18.988137949522542, 721623001528.1915], "unrealized_pnl_1": [216549, 83.70732246030302, 8679535278722.635], "unrealized_pnl_2": [216549, 30042.349035975916, 6373360634038734.0], "unrealized_pnl_3": [216549, 56271.63177099094, 1.0248646111357406e+17], "unrealized_pnl_4": [216549, 238.6764912541896, 10207775869410.584], "unrealized_pnl_5": [216549, 10042.38814637446, 2116463189423577.5], "unrealized_pnl_6": [216549, 582.3472837556752, 21594465554674.33], "unrealized_pnl_7": [216549, 56.33001928844611, 1541309981889.1123], "unrealized_pnl_8": [216549, 68.72296257630403, 1728537330321.6406], "unrealized_pnl_9": [216549, 2981.9661175886645, 384177595558648.94], "margin_usage_ratio": [216549, 0.004921193494481651, 16.34910793277041]}, "pcr_min_ew": 0.9902130941381817, "pcr_max_ew": 1.0000000000000253}