{"r_count": 30694.0001, "r_mean": 0.002207389098659057, "r_var": 224.7257137565174, "tanh_k": 2.0, "feature_welford": {"unrealized_pnl": [30695, 14497.489312954995, 1179372897524092.2], "realized_pnl": [30695, 15736.20087546876, 2214678874321021.0], "compounded_returns": [30695, 3763.6510479784383, 717313850461.9802], "balance": [30695, 11393434.07036273, 5.282187395252396e+18], "position_value": [30695, 323408.7253646504, 1.1333939093091464e+16], "current_position_size": [30695, 1616383.5628513568, 2.8336624429566662e+17], "last_log_ret": [30695, 0.006809269948898204, 116.76919409175224], "sortino_ratio": [30695, 0.530974470824522, 44781.33507636588], "rolling_pnl_sigma": [30695, 0.039688543833574445, 62.79802692022046], "portfolio_cash_ratio": [30695, 0.6862767767383002, 3137.364156597326], "free_collateral": [30695, 11708614.786619954, 5.361310844335576e+18], "mm_reqs": [30695, 22992.73485682925, 138078946084314.86], "unrealized_pnl_0": [30695, 73.14937283227452, 364962274158.67566], "unrealized_pnl_1": [30695, 127.10780918310657, 3396718061587.3076], "unrealized_pnl_2": [30695, 2914.3063189708187, 108568176310427.69], "unrealized_pnl_3": [30695, 18190.45570421712, 2809914333272800.0], "unrealized_pnl_4": [30695, 244.9194216109062, 2673673557352.47], "unrealized_pnl_5": [30695, 3473.6300193982333, 222859453220643.12], "unrealized_pnl_6": [30695, 640.880002177485, 6097823189048.151], "unrealized_pnl_7": [30695, 93.00314854399048, 817894632689.2855], "unrealized_pnl_8": [30695, 120.11090255435691, 734425518797.9302], "unrealized_pnl_9": [30695, 1492.1385283639825, 36763567746455.984], "margin_usage_ratio": [30695, 0.011343861594074441, 4.032877662255388]}, "pcr_min_ew": 0.990792843459972, "pcr_max_ew": 0.9999742386069229}