{"r_count": 73646.0001, "r_mean": 0.0029274473327880607, "r_var": 255.5471980039387, "tanh_k": 2.0, "feature_welford": {"unrealized_pnl": [73647, 29904.546225851715, 6108811420494410.0], "realized_pnl": [73647, 27268.56578398124, 9816567709078140.0], "compounded_returns": [73647, 9813.711870886793, 6562918208901.732], "balance": [73647, 20959192.166286338, 2.5763858512060207e+19], "position_value": [73647, 338124.4740892147, 2.7336769605174244e+16], "current_position_size": [73647, 1689760.8024607308, 6.834525247311169e+17], "last_log_ret": [73647, 0.008334864083391841, 189.5219194593462], "sortino_ratio": [73647, 1.311639378491876, 5844267.430510101], "rolling_pnl_sigma": [73647, 0.027051335763898683, 111.64776417929066], "portfolio_cash_ratio": [73647, 0.8065318908700181, 5799.568851824175], "free_collateral": [73647, 21303374.802671123, 2.5755601779340407e+19], "mm_reqs": [73647, 24149.065776262098, 454600060087425.3], "unrealized_pnl_0": [73647, 26.528402734677837, 444190484949.7319], "unrealized_pnl_1": [73647, 200.7014622758309, 5489503836821.58], "unrealized_pnl_2": [73647, 9362.738173013746, 555633487587791.3], "unrealized_pnl_3": [73647, 30883.476293076135, 1.264840983251408e+16], "unrealized_pnl_4": [73647, 214.66076664557568, 3155417708227.0044], "unrealized_pnl_5": [73647, 7356.580270907122, 592344014922184.5], "unrealized_pnl_6": [73647, 563.6383858983787, 7732871748801.802], "unrealized_pnl_7": [73647, 87.69741272151342, 931396195896.2157], "unrealized_pnl_8": [73647, 100.89886495089497, 1031083764578.7058], "unrealized_pnl_9": [73647, 2412.360409966069, 112006759582305.19], "margin_usage_ratio": [73647, 0.007068869757434681, 7.195894019634538]}, "pcr_min_ew": 0.9880684141246736, "pcr_max_ew": 0.999941327088657}