{"r_count": 237574.0001, "r_mean": 0.0033648192604700863, "r_var": 544.0526049855328, "tanh_k": 2.0, "feature_welford": {"unrealized_pnl": [237575, 71411.83741956456, 6.45021582416348e+16], "realized_pnl": [237575, 51820.08058302588, 9.930628098802779e+16], "compounded_returns": [237575, 20398.93029101491, 66904293363082.62], "balance": [237575, 39628045.4113432, 2.5267056996473225e+20], "position_value": [237575, 399184.21887081495, 1.3029750342452962e+17], "current_position_size": [237575, 1995209.4899458112, 3.2575827191002173e+18], "last_log_ret": [237575, 0.00949307962972232, 400.8535274894524], "sortino_ratio": [237575, 4.341661050823268, 1909792385.3409739], "rolling_pnl_sigma": [237575, 0.018005509056333364, 202.9795242343583], "portfolio_cash_ratio": [237575, 0.8765491756385212, 12903.646825893898], "free_collateral": [237575, 40065459.46047044, 2.515462216742095e+20], "mm_reqs": [237575, 33366.60906205768, 4456272328272058.5], "unrealized_pnl_0": [237575, 27.622936162090685, 889823181333.3785], "unrealized_pnl_1": [237575, 82.9460998646513, 8396244556670.017], "unrealized_pnl_2": [237575, 34579.552871458014, 8679163614408256.0], "unrealized_pnl_3": [237575, 63618.02540837942, 1.3944395149668034e+17], "unrealized_pnl_4": [237575, 275.39165461427916, 7504245604203.099], "unrealized_pnl_5": [237575, 10214.750135051321, 2706907952624152.0], "unrealized_pnl_6": [237575, 487.93233190305074, 20729052012784.95], "unrealized_pnl_7": [237575, 55.05784054433172, 1368897288321.6775], "unrealized_pnl_8": [237575, 61.9173728715346, 1927810286851.2021], "unrealized_pnl_9": [237575, 2999.294052655172, 415647610284105.0], "margin_usage_ratio": [237575, 0.004640338245775194, 16.908647757648726]}, "pcr_min_ew": 0.9897081557422831, "pcr_max_ew": 1.000000000000034}