{"r_count": 27395.0001, "r_mean": 0.0020544077484557924, "r_var": 207.61642905604816, "tanh_k": 2.0, "feature_welford": {"unrealized_pnl": [27396, 13774.856792109305, 776576681451486.5], "realized_pnl": [27396, 15054.98382292548, 1395562508042895.5], "compounded_returns": [27396, 3357.473616235978, 489019737708.40735], "balance": [27396, 10986359.323975146, 4.506220843862927e+18], "position_value": [27396, 311558.80677309836, 9661232094918740.0], "current_position_size": [27396, 1556126.1522153562, 2.4147889782860006e+17], "last_log_ret": [27396, 0.0066310263695030045, 117.62696867979513], "sortino_ratio": [27396, 0.4927273505182032, 37031.22228589224], "rolling_pnl_sigma": [27396, 0.04083301830479138, 59.091261305034195], "portfolio_cash_ratio": [27396, 0.6781981882427476, 2850.9979288314635], "free_collateral": [27396, 11289751.394789724, 4.5747616882358943e+18], "mm_reqs": [27396, 22180.64690418966, 114660951824085.53], "unrealized_pnl_0": [27396, 28.201168101261967, 398141320221.1381], "unrealized_pnl_1": [27396, 141.04910778598042, 2787668173156.5103], "unrealized_pnl_2": [27396, 2314.922518831604, 88844514790817.98], "unrealized_pnl_3": [27396, 16592.2129709333, 1516368797333622.0], "unrealized_pnl_4": [27396, 143.5283137360395, 2691495726514.1743], "unrealized_pnl_5": [27396, 3286.452580052494, 161181724455550.22], "unrealized_pnl_6": [27396, 497.42647664329604, 4374303794790.2944], "unrealized_pnl_7": [27396, 165.51855145006363, 869091249482.7137], "unrealized_pnl_8": [27396, 67.93497845774031, 518420250628.7064], "unrealized_pnl_9": [27396, 1996.8066478336334, 34175886922684.945], "margin_usage_ratio": [27396, 0.011347627396086671, 3.3778309112574707]}, "pcr_min_ew": 0.9661501488465875, "pcr_max_ew": 0.9994325643989934}