{"r_count": 108656.0001, "r_mean": 0.003037430841620671, "r_var": 344.8958136230417, "tanh_k": 2.0, "feature_welford": {"unrealized_pnl": [108657, 41082.146435240196, 1.3474943759012134e+16], "realized_pnl": [108657, 33942.20553607434, 2.0387345681437344e+16], "compounded_returns": [108657, 12747.13728136238, 13324408513389.22], "balance": [108657, 25956072.46052656, 5.088114283827904e+19], "position_value": [108657, 347792.3187440832, 4.358007809778121e+16], "current_position_size": [108657, 1738180.4515142073, 1.0895338245348429e+18], "last_log_ret": [108657, 0.008961937181660178, 223.43665991227476], "sortino_ratio": [108657, 7.866672865410565, 78453642669.01193], "rolling_pnl_sigma": [108657, 0.022849853230875284, 129.01384439658275], "portfolio_cash_ratio": [108657, 0.843296097396947, 7217.419692013015], "free_collateral": [108657, 26319168.148979127, 5.065775474515235e+19], "mm_reqs": [108657, 26046.458962462377, 936589368831191.0], "unrealized_pnl_0": [108657, 56.25583973646023, 776196839873.3113], "unrealized_pnl_1": [108657, 96.9749986267319, 6034135206652.037], "unrealized_pnl_2": [108657, 14788.165227258234, 1268699049497578.5], "unrealized_pnl_3": [108657, 39761.35494758171, 2.6766506006244064e+16], "unrealized_pnl_4": [108657, 229.6808872293705, 5143211602309.509], "unrealized_pnl_5": [108657, 8894.009116437695, 1028644371750476.0], "unrealized_pnl_6": [108657, 471.6009836557696, 11351398614945.738], "unrealized_pnl_7": [108657, 78.8014639502967, 1431003992091.785], "unrealized_pnl_8": [108657, 100.54765299442337, 1194260436109.316], "unrealized_pnl_9": [108657, 2387.1437525980245, 192101138604253.8], "margin_usage_ratio": [108657, 0.005958030340645698, 9.83357132430167]}, "pcr_min_ew": 0.9879165983151202, "pcr_max_ew": 0.9999999999998996}