{"r_count": 121603.0001, "r_mean": 0.0031071004083996815, "r_var": 331.458123665597, "tanh_k": 2.0, "feature_welford": {"unrealized_pnl": [121604, 41525.05329719386, 1.5237392937860342e+16], "realized_pnl": [121604, 34468.81240926004, 2.398126005670076e+16], "compounded_returns": [121604, 13265.745040470923, 16376935175653.615], "balance": [121604, 26480680.479482304, 6.094586527122238e+19], "position_value": [121604, 353069.9428662991, 5.1227199640454184e+16], "current_position_size": [121604, 1764772.024185584, 1.2807406014980134e+18], "last_log_ret": [121604, 0.008941962868950699, 235.1499061498772], "sortino_ratio": [121604, 2.70544021749636, 378948762.4159205], "rolling_pnl_sigma": [121604, 0.02220794774303763, 133.90252403373313], "portfolio_cash_ratio": [121604, 0.8438196485516202, 8053.237421165615], "free_collateral": [121604, 26848527.719460353, 6.068443108327385e+19], "mm_reqs": [121604, 26916.410035368735, 1190931351291538.0], "unrealized_pnl_0": [121604, 30.392008883328934, 638512246370.5559], "unrealized_pnl_1": [121604, 85.84571407521351, 6453898355245.57], "unrealized_pnl_2": [121604, 16342.079046107812, 1614984630607328.2], "unrealized_pnl_3": [121604, 40140.280096661685, 3.130483143529986e+16], "unrealized_pnl_4": [121604, 229.93515052667055, 8136756627822.901], "unrealized_pnl_5": [121604, 8737.052198655781, 1065515380056983.4], "unrealized_pnl_6": [121604, 606.5424822925863, 15088325623076.426], "unrealized_pnl_7": [121604, 57.95002056245878, 1261243562391.1028], "unrealized_pnl_8": [121604, 88.86130973899621, 1314846937326.0276], "unrealized_pnl_9": [121604, 2321.2019417824235, 186174574236589.47], "margin_usage_ratio": [121604, 0.005941028564042678, 10.771890587778012]}, "pcr_min_ew": 0.9892643451157385, "pcr_max_ew": 1.0000000000000786}