{"r_count": 304088.0001, "r_mean": 0.0036844566160010852, "r_var": 555.3963850925494, "tanh_k": 2.0, "feature_welford": {"unrealized_pnl": [304089, 89043.68507448991, 1.1133668099668581e+17], "realized_pnl": [304089, 60911.62566085348, 1.6307608063539104e+17], "compounded_returns": [304089, 23691.499963410177, 114882922097840.05], "balance": [304089, 45981786.999960504, 4.365634015232582e+20], "position_value": [304089, 429171.0652779134, 1.8686893177306563e+17], "current_position_size": [304089, 2145244.497027489, 4.671886948870207e+18], "last_log_ret": [304089, 0.009638664611903103, 464.57239385781895], "sortino_ratio": [304089, 302.76303281554897, 1162283246610433.2], "rolling_pnl_sigma": [304089, 0.017365888293773214, 240.48423031228722], "portfolio_cash_ratio": [304089, 0.8804071421840693, 16209.52284388153], "free_collateral": [304089, 46463490.99052755, 4.347811285867074e+20], "mm_reqs": [304089, 36741.34413445661, 6811647019789211.0], "unrealized_pnl_0": [304089, 3.39056684087253, 692786109068.1696], "unrealized_pnl_1": [304089, 46.307205761997835, 10392512186427.975], "unrealized_pnl_2": [304089, 45564.388858707454, 1.7662466957939732e+16], "unrealized_pnl_3": [304089, 74488.50770618493, 2.248458678723324e+17], "unrealized_pnl_4": [304089, 299.7448923516128, 9711994791502.562], "unrealized_pnl_5": [304089, 11776.178321974441, 3168013002616756.5], "unrealized_pnl_6": [304089, 490.18702735228004, 22703042115312.996], "unrealized_pnl_7": [304089, 53.39991493315947, 1622788778760.005], "unrealized_pnl_8": [304089, 64.52603857107978, 2237990575338.9434], "unrealized_pnl_9": [304089, 3148.9512421112076, 534742663209825.5], "margin_usage_ratio": [304089, 0.0043709281595851164, 19.86670119068612]}, "pcr_min_ew": 0.9872765546675856, "pcr_max_ew": 0.9998921136647454}