{"r_count": 223250.0001, "r_mean": 0.0033447946439395548, "r_var": 464.7063506435351, "tanh_k": 2.0, "feature_welford": {"unrealized_pnl": [223251, 64873.614868510915, 5.113251480018869e+16], "realized_pnl": [223251, 49238.14744308178, 8.275998847867386e+16], "compounded_returns": [223251, 19243.06877249043, 57086543760904.89], "balance": [223251, 37392739.2775537, 2.132590707594841e+20], "position_value": [223251, 393176.4072109941, 1.1727013832015755e+17], "current_position_size": [223251, 1965346.5890252688, 2.9319110712428795e+18], "last_log_ret": [223251, 0.009446049323947424, 359.27003006955516], "sortino_ratio": [223251, 4.3149674545461165, 12853823068.205206], "rolling_pnl_sigma": [223251, 0.018618978217309196, 191.94502235279296], "portfolio_cash_ratio": [223251, 0.871831093918412, 12445.974079362686], "free_collateral": [223251, 37818695.29759817, 2.1226410727689375e+20], "mm_reqs": [223251, 32285.285984800725, 3752197353528290.0], "unrealized_pnl_0": [223251, 18.73167048114155, 724006880221.7972], "unrealized_pnl_1": [223251, 80.65514141553906, 8709489828455.98], "unrealized_pnl_2": [223251, 31172.558185214395, 7042576113269330.0], "unrealized_pnl_3": [223251, 57522.12908376585, 1.0877432935718848e+17], "unrealized_pnl_4": [223251, 237.58072858192324, 10322149595181.58], "unrealized_pnl_5": [223251, 10248.134548443448, 2203302145507656.5], "unrealized_pnl_6": [223251, 574.7427648933016, 21755411415837.203], "unrealized_pnl_7": [223251, 56.22580213737273, 1544515434765.434], "unrealized_pnl_8": [223251, 67.16050334597476, 1736352760121.5247], "unrealized_pnl_9": [223251, 3018.73360505638, 399981555565893.75], "margin_usage_ratio": [223251, 0.004880194684083762, 16.73693211742733]}, "pcr_min_ew": 0.989468601518408, "pcr_max_ew": 1.0000000000000289}