{"r_count": 92364.0001, "r_mean": 0.0030304459540973416, "r_var": 352.5752723181669, "tanh_k": 2.0, "feature_welford": {"unrealized_pnl": [92365, 34924.98767292695, 9515635022296038.0], "realized_pnl": [92365, 29468.77943132447, 1.3981919118825298e+16], "compounded_returns": [92365, 11367.050081176481, 8916292145170.547], "balance": [92365, 23152474.741083242, 3.4218139990689153e+19], "position_value": [92365, 346652.6755979193, 3.6633675208503944e+16], "current_position_size": [92365, 1732652.3872356892, 9.158408472907589e+17], "last_log_ret": [92365, 0.008640413357670384, 222.60587245086455], "sortino_ratio": [92365, 1.5545171221404979, 6278202.643810436], "rolling_pnl_sigma": [92365, 0.023674726455550254, 118.89744721071591], "portfolio_cash_ratio": [92365, 0.8318287857383335, 6549.3679878232515], "free_collateral": [92365, 23508643.91036256, 3.4143757519278637e+19], "mm_reqs": [92365, 25539.61507730818, 679796813586172.9], "unrealized_pnl_0": [92365, 53.52633878086412, 612735667749.0363], "unrealized_pnl_1": [92365, 133.4975811906105, 4847147947137.78], "unrealized_pnl_2": [92365, 13020.199415602136, 924931716753305.9], "unrealized_pnl_3": [92365, 35538.61487981139, 1.9350272909262336e+16], "unrealized_pnl_4": [92365, 279.8248087388347, 4982979772198.934], "unrealized_pnl_5": [92365, 6818.971025073414, 737916474358403.4], "unrealized_pnl_6": [92365, 449.80906010356335, 9517946917263.463], "unrealized_pnl_7": [92365, 43.54953717210162, 956554503617.9478], "unrealized_pnl_8": [92365, 70.59651262340472, 1102274805072.3835], "unrealized_pnl_9": [92365, 2141.650023735068, 138972339070415.98], "margin_usage_ratio": [92365, 0.0062591088211475165, 8.367313103357871]}, "pcr_min_ew": 0.9914041866476372, "pcr_max_ew": 0.9999999999999507}