{"r_count": 108199.0001, "r_mean": 0.0031174011745855237, "r_var": 313.64028797798306, "tanh_k": 2.0, "feature_welford": {"unrealized_pnl": [108200, 37974.44752193019, 1.1841721131466228e+16], "realized_pnl": [108200, 32328.09768718478, 1.8873323572288524e+16], "compounded_returns": [108200, 12338.838059372465, 13139236504389.672], "balance": [108200, 24861121.97988146, 4.916068016676583e+19], "position_value": [108200, 350714.0481892542, 4.4084226259209e+16], "current_position_size": [108200, 1752992.1327124594, 1.1021482952006432e+18], "last_log_ret": [108200, 0.008831584092114401, 218.70297573477106], "sortino_ratio": [108200, 2.6113201444111076, 353728505.5095929], "rolling_pnl_sigma": [108200, 0.023139675403683918, 125.51424215636551], "portfolio_cash_ratio": [108200, 0.8364291151458784, 7429.455215495417], "free_collateral": [108200, 25223616.666342597, 4.897767927785981e+19], "mm_reqs": [108200, 26348.792547084133, 954669658867702.9], "unrealized_pnl_0": [108200, 29.821585277917308, 617618729737.7233], "unrealized_pnl_1": [108200, 91.1548531632615, 6079497150212.828], "unrealized_pnl_2": [108200, 14727.620763608076, 1276029274537472.0], "unrealized_pnl_3": [108200, 37140.74075374909, 2.4100728723975624e+16], "unrealized_pnl_4": [108200, 226.7567320936001, 7873945446922.226], "unrealized_pnl_5": [108200, 8022.887014939945, 900595477248581.5], "unrealized_pnl_6": [108200, 586.0001268828906, 13076021129107.41], "unrealized_pnl_7": [108200, 63.69391235465653, 1115773138912.964], "unrealized_pnl_8": [108200, 87.03984578149601, 1198143292857.6414], "unrealized_pnl_9": [108200, 2264.3853389427436, 166673062385478.56], "margin_usage_ratio": [108200, 0.006222311576012685, 9.93114181086241]}, "pcr_min_ew": 0.9898299470000864, "pcr_max_ew": 0.9999999999999623}