{"r_count": 25541.0001, "r_mean": 0.002400677980551677, "r_var": 196.81250222107667, "tanh_k": 2.0, "feature_welford": {"unrealized_pnl": [25542, 10460.854410335813, 427607012405450.44], "realized_pnl": [25542, 10502.788047945065, 815662452020041.1], "compounded_returns": [25542, 2325.9717409962377, 310147898806.23883], "balance": [25542, 7551714.929883302, 2.652103706267318e+18], "position_value": [25542, 340599.67263338424, 8764692827149151.0], "current_position_size": [25542, 1702209.0212071394, 2.1914114941032986e+17], "last_log_ret": [25542, 0.006429912451617473, 109.28385421237122], "sortino_ratio": [25542, 0.47837419061791286, 27905.57949946667], "rolling_pnl_sigma": [25542, 0.04481245901311907, 53.36297982570908], "portfolio_cash_ratio": [25542, 0.6466241072513582, 2502.4291616494884], "free_collateral": [25542, 7880771.565930437, 2.70074131961184e+18], "mm_reqs": [25542, 22193.61909654322, 76512266954437.45], "unrealized_pnl_0": [25542, 92.08176286518334, 396260476674.0823], "unrealized_pnl_1": [25542, 203.58562698007447, 2458463108987.832], "unrealized_pnl_2": [25542, 2003.2499680091928, 63661489654259.16], "unrealized_pnl_3": [25542, 10704.537153708572, 793152189045791.4], "unrealized_pnl_4": [25542, 185.75343409753714, 3147533563262.1064], "unrealized_pnl_5": [25542, 4227.468243993352, 156036465106772.06], "unrealized_pnl_6": [25542, 653.1072409889786, 4421682035774.039], "unrealized_pnl_7": [25542, 89.24918559481502, 528912057439.19293], "unrealized_pnl_8": [25542, 123.31552214224867, 574434940264.695], "unrealized_pnl_9": [25542, 878.4789913195658, 20830754523836.055], "margin_usage_ratio": [25542, 0.013193331833751307, 3.4145994459248388]}, "pcr_min_ew": 0.974762506613788, "pcr_max_ew": 0.9999999999998693}