{"r_count": 400336.0001, "r_mean": 0.004377271588204211, "r_var": 669.9328507475161, "tanh_k": 2.0, "feature_welford": {"unrealized_pnl": [400337, 109742.08291824482, 1.7952145986579894e+17], "realized_pnl": [400337, 71537.83013311542, 2.541356057971808e+17], "compounded_returns": [400337, 27537.264313317824, 200859062760471.5], "balance": [400337, 53454360.79510225, 7.702119807795403e+20], "position_value": [400337, 481867.44782283955, 2.8145875877736845e+17], "current_position_size": [400337, 2408733.0006233607, 7.036908911319808e+18], "last_log_ret": [400337, 0.009836331931211617, 597.8460124703726], "sortino_ratio": [400337, 6.341195835845999, 30126259008.987743], "rolling_pnl_sigma": [400337, 0.01672495164882001, 299.1056668237561], "portfolio_cash_ratio": [400337, 0.8851658022460741, 20379.965725449474], "free_collateral": [400337, 54003987.20665955, 7.673867197461742e+20], "mm_reqs": [400337, 42267.11072443726, 1.1146918494690192e+16], "unrealized_pnl_0": [400337, 13.580339277297858, 1052727167752.1244], "unrealized_pnl_1": [400337, 75.42970790652655, 16103052944011.582], "unrealized_pnl_2": [400337, 59126.980023856086, 3.5808962568575356e+16], "unrealized_pnl_3": [400337, 86111.6006656297, 3.485002776274703e+17], "unrealized_pnl_4": [400337, 258.4503329010215, 9400966838307.324], "unrealized_pnl_5": [400337, 14663.959198595649, 5021370804979324.0], "unrealized_pnl_6": [400337, 440.28573853093667, 29905377333493.125], "unrealized_pnl_7": [400337, 66.87346759671973, 2483038440961.783], "unrealized_pnl_8": [400337, 61.04415520361776, 2577509556791.928], "unrealized_pnl_9": [400337, 3786.601594240431, 815855102937417.8], "margin_usage_ratio": [400337, 0.004291047361953185, 26.519929585624688]}, "pcr_min_ew": 0.9939382196819938, "pcr_max_ew": 1.000000000000032}