{"r_count": 393108.0001, "r_mean": 0.004369398555903958, "r_var": 669.7943523582859, "tanh_k": 2.0, "feature_welford": {"unrealized_pnl": [393109, 109214.14009344566, 1.786585639669653e+17], "realized_pnl": [393109, 71651.38981439378, 2.5618973392290963e+17], "compounded_returns": [393109, 27606.609589822583, 200104993729255.88], "balance": [393109, 53537088.15944069, 7.645593823238206e+20], "position_value": [393109, 481934.2605958665, 2.7498209506191635e+17], "current_position_size": [393109, 2409039.3601247743, 6.875015475148511e+18], "last_log_ret": [393109, 0.009851291460850517, 582.6043642642063], "sortino_ratio": [393109, 4.767704901063485, 5172430075.48772], "rolling_pnl_sigma": [393109, 0.01651292193997904, 287.9172310177719], "portfolio_cash_ratio": [393109, 0.8870194930715094, 19591.321485945133], "free_collateral": [393109, 54086698.945550196, 7.616683050266515e+20], "mm_reqs": [393109, 41846.19257285333, 1.068437838052712e+16], "unrealized_pnl_0": [393109, 14.396858741564229, 814408346567.5637], "unrealized_pnl_1": [393109, 72.92227490957737, 15944973686813.906], "unrealized_pnl_2": [393109, 59284.57711173423, 3.5753389605968204e+16], "unrealized_pnl_3": [393109, 85595.52563062018, 3.5200450005535475e+17], "unrealized_pnl_4": [393109, 276.81003073818255, 14467924921445.193], "unrealized_pnl_5": [393109, 15121.902666224925, 5218519241238181.0], "unrealized_pnl_6": [393109, 516.7079342800946, 27178637850051.574], "unrealized_pnl_7": [393109, 46.059331021599164, 2123520436239.7688], "unrealized_pnl_8": [393109, 64.94681818992817, 2090015965074.3433], "unrealized_pnl_9": [393109, 3576.514520460493, 725784141867772.2], "margin_usage_ratio": [393109, 0.004227009635555933, 25.549725218294856]}, "pcr_min_ew": 0.9915189149790923, "pcr_max_ew": 0.9999223082099017}