{"r_count": 317763.0001, "r_mean": 0.0038520261963373276, "r_var": 607.56543783315, "tanh_k": 2.0, "feature_welford": {"unrealized_pnl": [317764, 89740.91707407225, 1.1610321239341258e+17], "realized_pnl": [317764, 62575.89424214419, 1.7386779691221914e+17], "compounded_returns": [317764, 24161.863401686503, 123954732042542.94], "balance": [317764, 47108024.30876496, 4.7345288951814154e+20], "position_value": [317764, 437969.09443615103, 1.9615837895559552e+17], "current_position_size": [317764, 2189300.566724695, 4.904243251316188e+18], "last_log_ret": [317764, 0.009712943032080954, 476.7106446363063], "sortino_ratio": [317764, 19.39955833680748, 1010783949987.0837], "rolling_pnl_sigma": [317764, 0.017108480379032162, 242.76756351956146], "portfolio_cash_ratio": [317764, 0.8827091256555619, 16453.563616703526], "free_collateral": [317764, 47598563.626916125, 4.714262428895244e+20], "mm_reqs": [317764, 37422.032855419755, 7216464614691136.0], "unrealized_pnl_0": [317764, 20.27945381215154, 865507105779.2256], "unrealized_pnl_1": [317764, 41.96519037524022, 11296288481475.324], "unrealized_pnl_2": [317764, 46667.412281326935, 1.8706464510853676e+16], "unrealized_pnl_3": [317764, 74056.73800231726, 2.3438995280314205e+17], "unrealized_pnl_4": [317764, 266.16146264001856, 8563602402875.379], "unrealized_pnl_5": [317764, 12509.77589760524, 3664978080596273.5], "unrealized_pnl_6": [317764, 522.3602609885096, 24439152220415.566], "unrealized_pnl_7": [317764, 56.75320112577252, 2088634496283.0386], "unrealized_pnl_8": [317764, 57.807712088849506, 1890216375509.9282], "unrealized_pnl_9": [317764, 3273.14399321145, 632354917057979.9], "margin_usage_ratio": [317764, 0.00440836885064878, 21.744538848689928]}, "pcr_min_ew": 0.9918556243833413, "pcr_max_ew": 1.000000000000045}