{"r_count": 53269.000100000005, "r_mean": 0.002747719091847768, "r_var": 300.6040048457269, "tanh_k": 2.0, "feature_welford": {"unrealized_pnl": [53270, 25260.1332003875, 4182081832922084.0], "realized_pnl": [53270, 23026.63437251421, 5835842414811264.0], "compounded_returns": [53270, 8079.352949986092, 3565656323124.7495], "balance": [53270, 17982480.471585903, 1.5427277377018178e+19], "position_value": [53270, 338008.19842920045, 2.0235445811194704e+16], "current_position_size": [53270, 1689382.4712333858, 5.059046782193336e+17], "last_log_ret": [53270, 0.007948676062990519, 174.10455635093965], "sortino_ratio": [53270, 1.071286517995609, 2815663.1234976817], "rolling_pnl_sigma": [53270, 0.029682296975591577, 90.56079482439537], "portfolio_cash_ratio": [53270, 0.7823405273560294, 4515.481185244659], "free_collateral": [53270, 18321212.445705354, 1.5463068734451886e+19], "mm_reqs": [53270, 24685.479810444365, 334272580012892.1], "unrealized_pnl_0": [53270, 60.57630869274664, 503452985217.9275], "unrealized_pnl_1": [53270, 153.36223883946548, 3568880107853.502], "unrealized_pnl_2": [53270, 6088.666367421507, 258410960729631.84], "unrealized_pnl_3": [53270, 28767.225592804578, 7793861057873942.0], "unrealized_pnl_4": [53270, 299.00900168860636, 3489189843850.223], "unrealized_pnl_5": [53270, 5499.262816493719, 396231863265223.0], "unrealized_pnl_6": [53270, 295.3549545560383, 5417011015696.702], "unrealized_pnl_7": [53270, 48.494725969600985, 778289338440.9836], "unrealized_pnl_8": [53270, 39.16236139714974, 746392980607.3429], "unrealized_pnl_9": [53270, 2158.234718213966, 71772557313579.89], "margin_usage_ratio": [53270, 0.008045840545972613, 5.770675066665202]}, "pcr_min_ew": 0.9858030249777383, "pcr_max_ew": 0.9999951864747832}