{"r_count": 226169.0001, "r_mean": 0.003255125856464198, "r_var": 488.6872887974643, "tanh_k": 2.0, "feature_welford": {"unrealized_pnl": [226170, 67174.28916048442, 5.502067212490653e+16], "realized_pnl": [226170, 50646.49136096719, 8.721714168816933e+16], "compounded_returns": [226170, 19691.478437355563, 59946750330866.016], "balance": [226170, 38520758.24145941, 2.239404599339755e+20], "position_value": [226170, 388836.48202191334, 1.1960021612920931e+17], "current_position_size": [226170, 1943667.9063686356, 2.9901458123295247e+18], "last_log_ret": [226170, 0.009458765619462583, 362.7217325794467], "sortino_ratio": [226170, 24.2742240819205, 1005069367394.1306], "rolling_pnl_sigma": [226170, 0.018410642326027807, 195.1630459879409], "portfolio_cash_ratio": [226170, 0.8730823672807002, 12668.393941036926], "free_collateral": [226170, 38944647.29499241, 2.2292468862267972e+20], "mm_reqs": [226170, 32329.797449871265, 3901635891544833.0], "unrealized_pnl_0": [226170, 27.14338586411951, 772895250901.4856], "unrealized_pnl_1": [226170, 53.05939362291031, 10061441531161.227], "unrealized_pnl_2": [226170, 32257.836322535415, 7432389467534022.0], "unrealized_pnl_3": [226170, 59507.170279355116, 1.168934866036895e+17], "unrealized_pnl_4": [226170, 267.97872581045186, 6982572342929.717], "unrealized_pnl_5": [226170, 10400.14692050952, 2349700386624757.5], "unrealized_pnl_6": [226170, 541.7551616464953, 19856745473149.26], "unrealized_pnl_7": [226170, 58.96637177247531, 1760302295723.858], "unrealized_pnl_8": [226170, 58.41261157049169, 1693087021599.2932], "unrealized_pnl_9": [226170, 2985.1464871181306, 461053617742647.75], "margin_usage_ratio": [226170, 0.004762469665217192, 16.63893110886148]}, "pcr_min_ew": 0.9900442153026174, "pcr_max_ew": 0.9999999999999932}