{"r_count": 189080.0001, "r_mean": 0.0031675955709418303, "r_var": 450.0458151179067, "tanh_k": 2.0, "feature_welford": {"unrealized_pnl": [189081, 58485.679519456506, 3.7999744127718376e+16], "realized_pnl": [189081, 44952.97414559349, 5.890895668932275e+16], "compounded_returns": [189081, 17496.11036133512, 39140886105635.82], "balance": [189081, 34238806.14271531, 1.4498736734575994e+20], "position_value": [189081, 375119.6946260981, 9.142049251520605e+16], "current_position_size": [189081, 1874909.7678043658, 2.2856079004861678e+18], "last_log_ret": [189081, 0.009382634256550995, 320.8984525297105], "sortino_ratio": [189081, 7.3436063223781485, 90934581185.76292], "rolling_pnl_sigma": [189081, 0.01925896492978582, 175.93856268944396], "portfolio_cash_ratio": [189081, 0.8693763278799194, 10761.939156983823], "free_collateral": [189081, 34642498.670492224, 1.4422627931107407e+20], "mm_reqs": [189081, 30179.80476118899, 2684424288129534.0], "unrealized_pnl_0": [189081, 34.57790819655441, 907218783295.12], "unrealized_pnl_1": [189081, 34.294828462734394, 8777246239438.095], "unrealized_pnl_2": [189081, 25638.94969028887, 4285374873325523.5], "unrealized_pnl_3": [189081, 53358.02179256518, 8.053745945219773e+16], "unrealized_pnl_4": [189081, 249.35352997144025, 6489565730401.786], "unrealized_pnl_5": [189081, 9946.440889132859, 1939773728830556.0], "unrealized_pnl_6": [189081, 495.68420378902226, 19266934892558.438], "unrealized_pnl_7": [189081, 60.876093870242514, 1722971644921.0806], "unrealized_pnl_8": [189081, 75.7383994860681, 1544966528979.0688], "unrealized_pnl_9": [189081, 2919.083887224466, 366938245998063.3], "margin_usage_ratio": [189081, 0.004975831321487956, 14.612827769285298]}, "pcr_min_ew": 0.9933592058939754, "pcr_max_ew": 0.9999335920589861}