{"r_count": 340535.0001, "r_mean": 0.004079929356604916, "r_var": 615.5317143267556, "tanh_k": 2.0, "feature_welford": {"unrealized_pnl": [340536, 92939.6927767937, 1.244796451203366e+17], "realized_pnl": [340536, 64065.089255342435, 1.868864139389663e+17], "compounded_returns": [340536, 24787.241067235696, 139371045421307.4], "balance": [340536, 48058722.4826384, 5.335539929479827e+20], "position_value": [340536, 453227.81610385305, 2.1520820009435533e+17], "current_position_size": [340536, 2265577.367506319, 5.380566572695245e+18], "last_log_ret": [340536, 0.00975439965968706, 504.3237029041631], "sortino_ratio": [340536, 4.612502403002893, 14175234159.906292], "rolling_pnl_sigma": [340536, 0.01697330020729267, 252.19867249314012], "portfolio_cash_ratio": [340536, 0.8838843609746069, 17287.491973689015], "free_collateral": [340536, 48566830.72887199, 5.313398812271881e+20], "mm_reqs": [340536, 38304.226337378, 7868571860529508.0], "unrealized_pnl_0": [340536, 16.491488609407014, 831616459752.6511], "unrealized_pnl_1": [340536, 60.222392669497815, 11885967444703.322], "unrealized_pnl_2": [340536, 49951.70929198546, 2.243406162605235e+16], "unrealized_pnl_3": [340536, 75545.15428445082, 2.5417473522311245e+17], "unrealized_pnl_4": [340536, 250.3893064394016, 12646109761674.422], "unrealized_pnl_5": [340536, 12993.221487157174, 3965816581640241.5], "unrealized_pnl_6": [340536, 558.0158361129966, 27985869358388.73], "unrealized_pnl_7": [340536, 47.66773461330137, 1847373736282.4236], "unrealized_pnl_8": [340536, 60.814134857873775, 2113837183115.172], "unrealized_pnl_9": [340536, 3317.8949172089388, 631394253518638.1], "margin_usage_ratio": [340536, 0.004404287955118642, 23.21679485102689]}, "pcr_min_ew": 0.9936894113271288, "pcr_max_ew": 0.9998626139071844}