{"r_count": 316418.0001, "r_mean": 0.0039018389338125814, "r_var": 615.3243261721459, "tanh_k": 2.0, "feature_welford": {"unrealized_pnl": [316419, 89384.2849323776, 1.1291950105196598e+17], "realized_pnl": [316419, 62038.58452583797, 1.6933373359091085e+17], "compounded_returns": [316419, 23978.306298947227, 120635989616467.06], "balance": [316419, 46616037.49976617, 4.6102157554534325e+20], "position_value": [316419, 440355.3507806834, 1.9054124671060912e+17], "current_position_size": [316419, 2201100.4164739754, 4.763837374225741e+18], "last_log_ret": [316419, 0.009748283346435307, 478.5852391741738], "sortino_ratio": [316419, 6.889047380465724, 93746874436.86517], "rolling_pnl_sigma": [316419, 0.017135404727335515, 243.1390060469929], "portfolio_cash_ratio": [316419, 0.8844537276877193, 16001.825469905787], "free_collateral": [316419, 47109291.257801145, 4.590364769643157e+20], "mm_reqs": [316419, 36773.45682317055, 6566850656207861.0], "unrealized_pnl_0": [316419, 24.237849739364023, 1023464750042.5312], "unrealized_pnl_1": [316419, 46.249034342380675, 14825627596177.848], "unrealized_pnl_2": [316419, 46062.085416195405, 1.8248555285308264e+16], "unrealized_pnl_3": [316419, 75017.050657546, 2.3818673907874822e+17], "unrealized_pnl_4": [316419, 264.8989027332393, 8469140952010.382], "unrealized_pnl_5": [316419, 12372.538978406783, 3503910308751857.5], "unrealized_pnl_6": [316419, 474.6495014401911, 25455618088320.727], "unrealized_pnl_7": [316419, 56.21266211165198, 2122553138422.5825], "unrealized_pnl_8": [316419, 68.54479327157189, 1953273715045.9746], "unrealized_pnl_9": [316419, 3223.7178457128375, 595404252208332.2], "margin_usage_ratio": [316419, 0.004376678501313178, 21.540868352208605]}, "pcr_min_ew": 0.9922456793506288, "pcr_max_ew": 0.9998566185322172}