{"r_count": 66210.0001, "r_mean": 0.0030018316491796843, "r_var": 287.90187412611783, "tanh_k": 2.0, "feature_welford": {"unrealized_pnl": [66211, 30081.736553423136, 6325094256570689.0], "realized_pnl": [66211, 26875.281530341796, 8861816210725900.0], "compounded_returns": [66211, 9388.671686214262, 5681385139495.151], "balance": [66211, 20502632.05372179, 2.3499862220338442e+19], "position_value": [66211, 344929.5409068491, 2.482532032601405e+16], "current_position_size": [66211, 1723629.878875774, 6.206431401380849e+17], "last_log_ret": [66211, 0.008487948086203866, 170.56102568720914], "sortino_ratio": [66211, 1.3569092792268758, 21401933.926171687], "rolling_pnl_sigma": [66211, 0.027769959810144056, 99.22481284933745], "portfolio_cash_ratio": [66211, 0.8058696146664097, 5113.655795480012], "free_collateral": [66211, 20853081.000073165, 2.346114325834231e+19], "mm_reqs": [66211, 24910.877346490484, 458912518978536.7], "unrealized_pnl_0": [66211, 79.90256561720038, 729443379882.2002], "unrealized_pnl_1": [66211, 91.43925521763556, 4972002831975.987], "unrealized_pnl_2": [66211, 8005.075569532509, 360536341842777.4], "unrealized_pnl_3": [66211, 32681.096297031727, 1.218451777947328e+16], "unrealized_pnl_4": [66211, 198.6696642943402, 4053882863211.9307], "unrealized_pnl_5": [66211, 7576.887544647253, 554432817037202.3], "unrealized_pnl_6": [66211, 438.1024663251204, 8967909980322.96], "unrealized_pnl_7": [66211, 93.321132633917, 1013574895028.5135], "unrealized_pnl_8": [66211, 118.74909525688305, 907620085998.4359], "unrealized_pnl_9": [66211, 2032.8831204074002, 105365879598106.27], "margin_usage_ratio": [66211, 0.007393632591586529, 7.118659409817547]}, "pcr_min_ew": 0.9851495040240774, "pcr_max_ew": 0.9999999999999499}