{"r_count": 110001.0001, "r_mean": 0.0029385259113650156, "r_var": 335.52415737740824, "tanh_k": 2.0, "feature_welford": {"unrealized_pnl": [110002, 39302.61619322372, 1.2988653003984868e+16], "realized_pnl": [110002, 34173.05218721394, 2.069998176999571e+16], "compounded_returns": [110002, 12814.092767470574, 13682201759140.943], "balance": [110002, 26159681.619575646, 5.189292199296256e+19], "position_value": [110002, 340476.0017694256, 4.48961170644808e+16], "current_position_size": [110002, 1701856.3178187523, 1.1224368463229317e+18], "last_log_ret": [110002, 0.008845033743677325, 220.11088976704073], "sortino_ratio": [110002, 4.088497303003379, 6798372838.846388], "rolling_pnl_sigma": [110002, 0.022741726456155874, 128.17335309722858], "portfolio_cash_ratio": [110002, 0.838726753551288, 7628.79109193483], "free_collateral": [110002, 26513809.253833223, 5.171054970025173e+19], "mm_reqs": [110002, 25833.687276245877, 978966899270863.8], "unrealized_pnl_0": [110002, 41.93584672501597, 589254339807.2397], "unrealized_pnl_1": [110002, 112.64085530458438, 6829957920657.734], "unrealized_pnl_2": [110002, 14853.57694694241, 1239339941601118.0], "unrealized_pnl_3": [110002, 38720.51744218337, 2.7401360072845084e+16], "unrealized_pnl_4": [110002, 265.10376030427375, 4853294920192.679], "unrealized_pnl_5": [110002, 8871.32666770032, 1088308728566463.5], "unrealized_pnl_6": [110002, 575.3586535444233, 13067407844607.344], "unrealized_pnl_7": [110002, 67.61413965219386, 1341013867300.1582], "unrealized_pnl_8": [110002, 63.9300835820668, 1276107014561.239], "unrealized_pnl_9": [110002, 2412.8371199883977, 191346140043615.97], "margin_usage_ratio": [110002, 0.005999887409703426, 9.877237209629353]}, "pcr_min_ew": 0.9816343208294852, "pcr_max_ew": 1.0000000000000793}