{"r_count": 20876.0001, "r_mean": 0.0011300251184348296, "r_var": 250.28706037312128, "tanh_k": 2.0, "feature_welford": {"unrealized_pnl": [20877, 10125.82355894411, 518379053267342.06], "realized_pnl": [20877, 10400.915888738853, 739846105521241.4], "compounded_returns": [20877, 2340.7831992347856, 262968000988.27567], "balance": [20877, 7758410.059770794, 2.2570113600970028e+18], "position_value": [20877, 303337.1839716021, 6930577174625093.0], "current_position_size": [20877, 1515606.2848640669, 1.7326312624889984e+17], "last_log_ret": [20877, 0.00568481724761669, 126.34931548973266], "sortino_ratio": [20877, 0.3854497592781138, 14477.621100171897], "rolling_pnl_sigma": [20877, 0.04651618864012276, 54.08430471693459], "portfolio_cash_ratio": [20877, 0.6298999146465738, 2138.9995134819087], "free_collateral": [20877, 8051248.043923534, 2.311234114415746e+18], "mm_reqs": [20877, 20741.82315668668, 65914644685571.65], "unrealized_pnl_0": [20877, 126.04053687962939, 335556772538.9232], "unrealized_pnl_1": [20877, 232.60409034521933, 2067646087184.1655], "unrealized_pnl_2": [20877, 2288.191112669614, 48355908351862.59], "unrealized_pnl_3": [20877, 13101.269470123178, 1047001012853692.5], "unrealized_pnl_4": [20877, 285.3275167832872, 1912067778357.0671], "unrealized_pnl_5": [20877, 2540.3329706342915, 135776609107072.12], "unrealized_pnl_6": [20877, 214.619011874711, 1994670761899.0486], "unrealized_pnl_7": [20877, 78.10198021024027, 351320587075.9263], "unrealized_pnl_8": [20877, 58.00502755280527, 455589430490.47375], "unrealized_pnl_9": [20877, 1368.1104947994822, 21031903967930.227], "margin_usage_ratio": [20877, 0.013252291396415166, 2.7352839010166767]}, "pcr_min_ew": 0.9759852409102393, "pcr_max_ew": 0.9999999999999942}