{"r_count": 117549.0001, "r_mean": 0.0027711391612811323, "r_var": 313.0512681770791, "tanh_k": 2.0, "feature_welford": {"unrealized_pnl": [117550, 43875.608956865966, 1.651513463431614e+16], "realized_pnl": [117550, 34785.16357307484, 2.3477053011552056e+16], "compounded_returns": [117550, 13232.434503583527, 14628710656581.727], "balance": [117550, 26741124.47867283, 5.561637574366131e+19], "position_value": [117550, 336008.055748875, 4.937856859067164e+16], "current_position_size": [117550, 1679233.2243897498, 1.2343910256315948e+18], "last_log_ret": [117550, 0.008792447600169572, 236.5397257581063], "sortino_ratio": [117550, 6.658144177382837, 125514871325.03333], "rolling_pnl_sigma": [117550, 0.02256818720231717, 138.2288371334296], "portfolio_cash_ratio": [117550, 0.8402148051209344, 8235.054559272561], "free_collateral": [117550, 27095196.83051808, 5.544999785616848e+19], "mm_reqs": [117550, 25961.03175021425, 1154501193853010.5], "unrealized_pnl_0": [117550, 4.209892640895101, 498873399733.7241], "unrealized_pnl_1": [117550, 100.56326151295121, 6862223501626.885], "unrealized_pnl_2": [117550, 16640.270409283217, 1669166977501011.0], "unrealized_pnl_3": [117550, 41567.90298147266, 3.1876732173279376e+16], "unrealized_pnl_4": [117550, 272.32268280557383, 4708797251775.516], "unrealized_pnl_5": [117550, 8554.835041518178, 1047424862135829.9], "unrealized_pnl_6": [117550, 521.2131887777324, 12763411343586.943], "unrealized_pnl_7": [117550, 70.48824568631532, 1189179893316.8545], "unrealized_pnl_8": [117550, 81.47001924724702, 1304337887668.793], "unrealized_pnl_9": [117550, 2516.666339463303, 187405738600392.03], "margin_usage_ratio": [117550, 0.005648547557064787, 9.243920158472486]}, "pcr_min_ew": 0.9828939523502285, "pcr_max_ew": 0.9999999999999137}