{"r_count": 386746.0001, "r_mean": 0.00427651432195452, "r_var": 659.2875034682525, "tanh_k": 2.0, "feature_welford": {"unrealized_pnl": [386747, 107715.76911971331, 1.764746653383164e+17], "realized_pnl": [386747, 70291.61172135171, 2.486844245671623e+17], "compounded_returns": [386747, 27169.33707334844, 188582749840262.56], "balance": [386747, 52637954.138054885, 7.205414086160077e+20], "position_value": [386747, 474793.7821487173, 2.681016942467832e+17], "current_position_size": [386747, 2373306.9412049875, 6.70288696994448e+18], "last_log_ret": [386747, 0.009813891699742538, 566.0780471247558], "sortino_ratio": [386747, 239.2341712888507, 1162289845644426.2], "rolling_pnl_sigma": [386747, 0.01654870782364675, 280.9118431058403], "portfolio_cash_ratio": [386747, 0.8860105402863475, 19628.31466152591], "free_collateral": [386747, 53179342.8401232, 7.17793725082985e+20], "mm_reqs": [386747, 41402.80422117969, 1.0343457719672166e+16], "unrealized_pnl_0": [386747, 4.630580146482963, 711682590803.3213], "unrealized_pnl_1": [386747, 46.02995227052395, 11827355833057.016], "unrealized_pnl_2": [386747, 57182.08796032954, 3.204215743729159e+16], "unrealized_pnl_3": [386747, 85772.77571850967, 3.487228567598664e+17], "unrealized_pnl_4": [386747, 300.40066341721854, 10714518033631.291], "unrealized_pnl_5": [386747, 14456.871528147038, 4583497992099790.0], "unrealized_pnl_6": [386747, 497.20142671844576, 28501636005047.117], "unrealized_pnl_7": [386747, 50.27187984072946, 1746679593224.9036], "unrealized_pnl_8": [386747, 60.286595063121034, 2446588773523.8335], "unrealized_pnl_9": [386747, 3495.5207101610167, 744734578134422.2], "margin_usage_ratio": [386747, 0.00418949382281796, 24.408422321120526]}, "pcr_min_ew": 0.990165589055618, "pcr_max_ew": 0.9996096095712538}