{"r_count": 84310.0001, "r_mean": 0.002917836646762738, "r_var": 301.47577328501626, "tanh_k": 2.0, "feature_welford": {"unrealized_pnl": [84311, 32651.875158810573, 8396836293777100.0], "realized_pnl": [84311, 30307.58921741688, 1.31287424112141e+16], "compounded_returns": [84311, 10907.675078978098, 8524074756245.647], "balance": [84311, 23090100.26959533, 3.370784325500037e+19], "position_value": [84311, 335992.38191773347, 3.3045333260992372e+16], "current_position_size": [84311, 1679411.5937861567, 8.261765170755617e+17], "last_log_ret": [84311, 0.008569023715921208, 188.6537727930173], "sortino_ratio": [84311, 1.4116727805714175, 2664952.165012057], "rolling_pnl_sigma": [84311, 0.02513482649214866, 111.06205528176102], "portfolio_cash_ratio": [84311, 0.8190536773436788, 6389.308063533624], "free_collateral": [84311, 23433910.362178423, 3.365190211976531e+19], "mm_reqs": [84311, 25006.998165875848, 634900787938228.1], "unrealized_pnl_0": [84311, 55.4573726948523, 514235228297.3882], "unrealized_pnl_1": [84311, 100.11647701105375, 6002994589690.812], "unrealized_pnl_2": [84311, 11255.08200676448, 722524216018624.2], "unrealized_pnl_3": [84311, 33704.46827231442, 1.7087258014818378e+16], "unrealized_pnl_4": [84311, 256.57600959025353, 4107430365556.6675], "unrealized_pnl_5": [84311, 8158.850578419929, 781441857341208.9], "unrealized_pnl_6": [84311, 603.3795080415322, 10876437776847.63], "unrealized_pnl_7": [84311, 66.99891223483449, 1220980054885.1643], "unrealized_pnl_8": [84311, 76.46385355320008, 1130961093402.7073], "unrealized_pnl_9": [84311, 2062.559947489207, 133961631761744.4], "margin_usage_ratio": [84311, 0.006713794710492945, 8.268250610334862]}, "pcr_min_ew": 0.9783123828431058, "pcr_max_ew": 0.9998361851782269}