{"r_count": 257445.0001, "r_mean": 0.0034449128346497548, "r_var": 529.5963147952544, "tanh_k": 2.0, "feature_welford": {"unrealized_pnl": [257446, 75543.46525095715, 7.546655556260235e+16], "realized_pnl": [257446, 54950.44685396228, 1.160870662276302e+17], "compounded_returns": [257446, 21318.398667751222, 79284655797914.78], "balance": [257446, 41630453.936330214, 2.991119782143877e+20], "position_value": [257446, 405096.59971398494, 1.4381031834461608e+17], "current_position_size": [257446, 2024979.3655674534, 3.595436986342244e+18], "last_log_ret": [257446, 0.009558571613335436, 401.622318569528], "sortino_ratio": [257446, 21.852477216344187, 1005209818699.9287], "rolling_pnl_sigma": [257446, 0.01787993770135081, 211.91432011544384], "portfolio_cash_ratio": [257446, 0.8770847794706778, 13961.59762758723], "free_collateral": [257446, 42077315.597383715, 2.9775570131746934e+20], "mm_reqs": [257446, 34013.92182870001, 4927809645962661.0], "unrealized_pnl_0": [257446, 22.594154477908393, 834056541274.7534], "unrealized_pnl_1": [257446, 41.49912707042976, 10689536969417.783], "unrealized_pnl_2": [257446, 37558.98421190199, 1.0809899997544956e+16], "unrealized_pnl_3": [257446, 65145.91415990319, 1.5720239124734954e+17], "unrealized_pnl_4": [257446, 264.63648225547695, 7289656752837.137], "unrealized_pnl_5": [257446, 11142.078724018405, 2813459671195319.5], "unrealized_pnl_6": [257446, 527.579376915097, 21249289205021.273], "unrealized_pnl_7": [257446, 58.72636286087424, 1923913092145.3914], "unrealized_pnl_8": [257446, 58.36690344332559, 1748009173247.767], "unrealized_pnl_9": [257446, 3064.753830677159, 510730801024526.1], "margin_usage_ratio": [257446, 0.004612590582833093, 18.37673116144079]}, "pcr_min_ew": 0.9893768625445989, "pcr_max_ew": 0.9999999999999614}