{"r_count": 221016.0001, "r_mean": 0.003333930370971999, "r_var": 461.7700084317525, "tanh_k": 2.0, "feature_welford": {"unrealized_pnl": [221017, 64236.671888263714, 4.9987225342962296e+16], "realized_pnl": [221017, 48886.05250951581, 8.107794241845378e+16], "compounded_returns": [221017, 19110.768182524313, 55730987616161.1], "balance": [221017, 37140208.423326485, 2.0805648885948033e+20], "position_value": [221017, 392084.39516911365, 1.1549631102058432e+17], "current_position_size": [221017, 1959881.1166138034, 2.8875640827253816e+18], "last_log_ret": [221017, 0.009437880745603434, 356.4988027036967], "sortino_ratio": [221017, 4.3347222635263005, 12853715775.749249], "rolling_pnl_sigma": [221017, 0.018665495058025044, 190.70833221880113], "portfolio_cash_ratio": [221017, 0.8714690903459519, 12358.054570643108], "free_collateral": [221017, 37564584.83697799, 2.0707864593591678e+20], "mm_reqs": [221017, 32138.581752253467, 3666381561426757.5], "unrealized_pnl_0": [221017, 18.921276192431677, 723536533744.0602], "unrealized_pnl_1": [221017, 81.1570061106508, 8707662740937.2295], "unrealized_pnl_2": [221017, 30834.679899988987, 6836840691181310.0], "unrealized_pnl_3": [221017, 56970.2479187102, 1.062691565936743e+17], "unrealized_pnl_4": [221017, 239.1552044346673, 10310953885176.6], "unrealized_pnl_5": [221017, 10198.137354865197, 2183346824220733.2], "unrealized_pnl_6": [221017, 578.6166038183992, 21735482065827.14], "unrealized_pnl_7": [221017, 56.10547040032568, 1542410381935.5212], "unrealized_pnl_8": [221017, 67.6977954514933, 1735718318014.998], "unrealized_pnl_9": [221017, 3006.717125436907, 394432024728051.75], "margin_usage_ratio": [221017, 0.004894440633216602, 16.61563728369403]}, "pcr_min_ew": 0.9913480030856797, "pcr_max_ew": 0.9999999999999966}