{"r_count": 157610.0001, "r_mean": 0.003032898751599733, "r_var": 420.00417094788804, "tanh_k": 2.0, "feature_welford": {"unrealized_pnl": [157611, 49878.89085999035, 2.468264767242868e+16], "realized_pnl": [157611, 39527.51968014604, 3.934604980990293e+16], "compounded_returns": [157611, 15486.241487545823, 26062297102693.473], "balance": [157611, 30564343.91230339, 9.613414210744889e+19], "position_value": [157611, 357337.1715360391, 7.211565776394482e+16], "current_position_size": [157611, 1786134.1003013921, 1.8029299441122225e+18], "last_log_ret": [157611, 0.009178748680162137, 280.6706231377778], "sortino_ratio": [157611, 5.212773418035013, 36766811755.1073], "rolling_pnl_sigma": [157611, 0.020347693810216654, 157.3063704551845], "portfolio_cash_ratio": [157611, 0.857851136443491, 9866.259188853785], "free_collateral": [157611, 30943271.33241229, 9.571869112143408e+19], "mm_reqs": [157611, 28454.14758361209, 1944848886526114.8], "unrealized_pnl_0": [157611, 21.530283604626163, 775578308072.2911], "unrealized_pnl_1": [157611, 102.79649700900501, 7352973670617.609], "unrealized_pnl_2": [157611, 21808.623156210822, 2971707726918691.5], "unrealized_pnl_3": [157611, 46640.68359092859, 5.2950064663031944e+16], "unrealized_pnl_4": [157611, 222.30315640484122, 6648897424326.736], "unrealized_pnl_5": [157611, 8887.371566322374, 1514401054202231.8], "unrealized_pnl_6": [157611, 484.25683982785677, 17799756531409.89], "unrealized_pnl_7": [157611, 56.75500825035031, 1307516603906.9727], "unrealized_pnl_8": [157611, 91.21514667458291, 1136062174169.2725], "unrealized_pnl_9": [157611, 2547.6165763508184, 267097400975457.44], "margin_usage_ratio": [157611, 0.005235822247140993, 12.302101961994143]}, "pcr_min_ew": 0.9878806536227362, "pcr_max_ew": 0.9997809500621176}