{"r_count": 244930.0001, "r_mean": 0.0034364981906754026, "r_var": 523.2262956324812, "tanh_k": 2.0, "feature_welford": {"unrealized_pnl": [244931, 73035.07318868252, 6.804366177139555e+16], "realized_pnl": [244931, 53259.40358907205, 1.0549784028236374e+17], "compounded_returns": [244931, 20694.496615193115, 71219347154568.02], "balance": [244931, 40305400.94175513, 2.6837256602969122e+20], "position_value": [244931, 402678.86674566456, 1.3211897898767757e+17], "current_position_size": [244931, 2012750.707897413, 3.303140023912313e+18], "last_log_ret": [244931, 0.009575721895724084, 389.9439943705846], "sortino_ratio": [244931, 7.371897942768871, 93445151479.97583], "rolling_pnl_sigma": [244931, 0.018092915169973207, 206.3847920405218], "portfolio_cash_ratio": [244931, 0.877836588527708, 13055.411131754532], "free_collateral": [244931, 40748090.2752997, 2.6711719887378327e+20], "mm_reqs": [244931, 33310.640481078764, 4383756684395291.5], "unrealized_pnl_0": [244931, 28.329230681440734, 958612197242.059], "unrealized_pnl_1": [244931, 44.862617112762905, 12708850719399.975], "unrealized_pnl_2": [244931, 35188.57145084443, 9129178104091392.0], "unrealized_pnl_3": [244931, 64457.34137555609, 1.4658415301242938e+17], "unrealized_pnl_4": [244931, 260.9552359470392, 7447692018444.663], "unrealized_pnl_5": [244931, 10673.13542432533, 2564544454501551.0], "unrealized_pnl_6": [244931, 480.11548289571726, 21539891074706.004], "unrealized_pnl_7": [244931, 62.13480270689398, 1927671461733.441], "unrealized_pnl_8": [244931, 74.56054159050926, 1723035393926.7478], "unrealized_pnl_9": [244931, 2985.050237405823, 453821792464349.8], "margin_usage_ratio": [244931, 0.004642251809067168, 17.692314850065152]}, "pcr_min_ew": 0.9932089846322211, "pcr_max_ew": 0.9999349511688824}