{"r_count": 20030.0001, "r_mean": 0.0011729844474155477, "r_var": 172.6408832137082, "tanh_k": 2.0, "feature_welford": {"unrealized_pnl": [20031, 9019.646168958225, 308070178178312.8], "realized_pnl": [20031, 8642.535613590513, 627962331059236.0], "compounded_returns": [20031, 1603.5696910891695, 148620985180.5502], "balance": [20031, 6376284.269633897, 1.757963245362478e+18], "position_value": [20031, 290845.71834883344, 6198598458377672.0], "current_position_size": [20031, 1452974.260655396, 1.549489799529026e+17], "last_log_ret": [20031, 0.005312113856872119, 111.0094360266216], "sortino_ratio": [20031, 0.3721942985242357, 31792.597300864705], "rolling_pnl_sigma": [20031, 0.05018144385498099, 53.149929436604545], "portfolio_cash_ratio": [20031, 0.5987950450603947, 2042.2195905318554], "free_collateral": [20031, 6657673.538370404, 1.8094574108742879e+18], "mm_reqs": [20031, 19001.62087230959, 53468442588044.86], "unrealized_pnl_0": [20031, 9.046184358910363, 232875314868.18372], "unrealized_pnl_1": [20031, 355.47958230484284, 2390364790675.5576], "unrealized_pnl_2": [20031, 1177.6356016581435, 39853014741726.734], "unrealized_pnl_3": [20031, 8779.52457929078, 611273906853078.4], "unrealized_pnl_4": [20031, 178.41174537709654, 1491019155057.1748], "unrealized_pnl_5": [20031, 4235.157602918336, 126122316060364.45], "unrealized_pnl_6": [20031, 595.6275602780562, 2734922411761.821], "unrealized_pnl_7": [20031, 101.7985371652414, 456865899984.855], "unrealized_pnl_8": [20031, 161.39477628594662, 548922899357.5106], "unrealized_pnl_9": [20031, 1124.7038257289025, 16287692539530.785], "margin_usage_ratio": [20031, 0.013898635333119308, 2.501052975616738]}, "pcr_min_ew": 0.9765069412135485, "pcr_max_ew": 0.9997438310600371}