{"r_count": 300780.0001, "r_mean": 0.003797150102462178, "r_var": 595.3496673927542, "tanh_k": 2.0, "feature_welford": {"unrealized_pnl": [300781, 86252.20373705307, 1.02374682924478e+17], "realized_pnl": [300781, 60240.717968779914, 1.5407350083952947e+17], "compounded_returns": [300781, 23299.338406319304, 108629053535353.36], "balance": [300781, 45304246.7429255, 4.1392969937147966e+20], "position_value": [300781, 432658.1575406326, 1.7684845632855674e+17], "current_position_size": [300781, 2162648.633581138, 4.4214942543466465e+18], "last_log_ret": [300781, 0.00971532910657604, 459.215735128255], "sortino_ratio": [300781, 7.04175319407843, 93737468040.32974], "rolling_pnl_sigma": [300781, 0.017318517113644218, 235.2971987709426], "portfolio_cash_ratio": [300781, 0.8832270149335216, 15355.660581146018], "free_collateral": [300781, 45787385.85872478, 4.12124242417345e+20], "mm_reqs": [300781, 36054.89358460593, 6008033330117994.0], "unrealized_pnl_0": [300781, 25.210193343099345, 1003442384751.7762], "unrealized_pnl_1": [300781, 43.18091759933211, 14491771889701.486], "unrealized_pnl_2": [300781, 44043.449059116785, 1.6357862681635074e+16], "unrealized_pnl_3": [300781, 72733.30700243356, 2.152800122182733e+17], "unrealized_pnl_4": [300781, 265.65529727610766, 8339411964824.645], "unrealized_pnl_5": [300781, 11975.893335717054, 3257109476154573.0], "unrealized_pnl_6": [300781, 472.56407443138767, 24534591184651.53], "unrealized_pnl_7": [300781, 55.53718521967088, 2043893712359.22], "unrealized_pnl_8": [300781, 69.88513239985275, 1926250453851.174], "unrealized_pnl_9": [300781, 3177.811993240043, 564237164132587.8], "margin_usage_ratio": [300781, 0.00442378721895741, 20.676047795630346]}, "pcr_min_ew": 0.9892846314858845, "pcr_max_ew": 1.0000000000000207}