{"r_count": 89013.0001, "r_mean": 0.003012641120879912, "r_var": 348.2309327696496, "tanh_k": 2.0, "feature_welford": {"unrealized_pnl": [89014, 34539.80668149256, 9231729607360186.0], "realized_pnl": [89014, 29117.036702864563, 1.3567044127760408e+16], "compounded_returns": [89014, 11188.795249060751, 8503153822155.381], "balance": [89014, 22887454.445368774, 3.2801314120163377e+19], "position_value": [89014, 345878.03905386955, 3.519203851068583e+16], "current_position_size": [89014, 1728772.827568442, 8.797965647479537e+17], "last_log_ret": [89014, 0.008604819513196343, 218.5527971345451], "sortino_ratio": [89014, 1.4985848215993993, 5793267.180050576], "rolling_pnl_sigma": [89014, 0.02400396157293008, 116.74841662191513], "portfolio_cash_ratio": [89014, 0.8291526285953078, 6391.463128453068], "free_collateral": [89014, 23242569.9950845, 3.27375626701079e+19], "mm_reqs": [89014, 25439.719877335887, 648565625079295.1], "unrealized_pnl_0": [89014, 54.71861359996012, 612143620925.521], "unrealized_pnl_1": [89014, 136.63413592810943, 4777149522381.769], "unrealized_pnl_2": [89014, 12263.268919414115, 838125040122786.8], "unrealized_pnl_3": [89014, 35601.27530528944, 1.883173175278058e+16], "unrealized_pnl_4": [89014, 284.9898166678941, 4957388991860.814], "unrealized_pnl_5": [89014, 6866.810685603162, 710491190080203.0], "unrealized_pnl_6": [89014, 443.78184420039264, 9343566691231.0], "unrealized_pnl_7": [89014, 45.51872560590565, 920355404499.305], "unrealized_pnl_8": [89014, 73.30854050189825, 1094906200581.0256], "unrealized_pnl_9": [89014, 2209.1484285766446, 135909174037052.44], "margin_usage_ratio": [89014, 0.006354519492262962, 8.165947929172473]}, "pcr_min_ew": 0.9886707311020012, "pcr_max_ew": 0.9999999999999528}