{"r_count": 118937.0001, "r_mean": 0.0029473209145685886, "r_var": 347.60547107420894, "tanh_k": 2.0, "feature_welford": {"unrealized_pnl": [118938, 40980.08649774298, 1.452795654921186e+16], "realized_pnl": [118938, 35240.66199548114, 2.343177455762111e+16], "compounded_returns": [118938, 13294.140194387077, 15383257538540.61], "balance": [118938, 26971096.815754622, 5.819133713834116e+19], "position_value": [118938, 342887.6170500359, 4.88278202083002e+16], "current_position_size": [118938, 1713865.6550540437, 1.220733137951235e+18], "last_log_ret": [118938, 0.008914167253952967, 231.3366466620831], "sortino_ratio": [118938, 3.981660516178352, 6800556906.305812], "rolling_pnl_sigma": [118938, 0.022153842309143492, 134.02640497631495], "portfolio_cash_ratio": [118938, 0.843655216377666, 8043.198700038902], "free_collateral": [118938, 27329105.797918532, 5.7966946340892885e+19], "mm_reqs": [118938, 26043.60905864798, 1075542264684056.5], "unrealized_pnl_0": [118938, 39.23952797085392, 597204077103.5745], "unrealized_pnl_1": [118938, 96.82192048898658, 7299907961378.877], "unrealized_pnl_2": [118938, 16121.789850500261, 1487337191376151.0], "unrealized_pnl_3": [118938, 39720.206062465004, 3.073707468069629e+16], "unrealized_pnl_4": [118938, 265.23279023974806, 4963479591249.452], "unrealized_pnl_5": [118938, 9060.135260005876, 1162154897630719.5], "unrealized_pnl_6": [118938, 580.2875429977126, 13700570091762.277], "unrealized_pnl_7": [118938, 66.76229699509018, 1361567102443.5571], "unrealized_pnl_8": [118938, 63.30326099828449, 1301951385793.58], "unrealized_pnl_9": [118938, 2462.1496619960417, 210682293253450.47], "margin_usage_ratio": [118938, 0.005817600618118111, 10.395373167513466]}, "pcr_min_ew": 0.9871165028225632, "pcr_max_ew": 1.0000000000000695}