{"r_count": 265770.0001, "r_mean": 0.003512923214080257, "r_var": 508.38110177791884, "tanh_k": 2.0, "feature_welford": {"unrealized_pnl": [265771, 78335.129080743, 8.068270629114157e+16], "realized_pnl": [265771, 55726.51448767746, 1.2475354013709405e+17], "compounded_returns": [265771, 21720.899438984954, 85283727761107.05], "balance": [265771, 42228724.09831527, 3.209517211910118e+20], "position_value": [265771, 411433.0139649502, 1.5084350724326742e+17], "current_position_size": [265771, 2056604.0372889794, 3.7713111341095163e+18], "last_log_ret": [265771, 0.009560978569760743, 425.63489833708377], "sortino_ratio": [265771, 4.0716081085770535, 4006758094.7756066], "rolling_pnl_sigma": [265771, 0.01789618549609134, 224.97033160335775], "portfolio_cash_ratio": [265771, 0.8775079901284925, 14335.521784919889], "free_collateral": [265771, 42684461.70311966, 3.1955847115837296e+20], "mm_reqs": [265771, 34328.71493348005, 5261366690688132.0], "unrealized_pnl_0": [265771, 16.696774884881876, 726701786462.0], "unrealized_pnl_1": [265771, 90.60053491212548, 10784452454210.412], "unrealized_pnl_2": [265771, 39558.76040615212, 1.2211734901977148e+16], "unrealized_pnl_3": [265771, 66502.9910071216, 1.6994171321322413e+17], "unrealized_pnl_4": [265771, 290.4335644536356, 13003751970481.02], "unrealized_pnl_5": [265771, 11772.969908701663, 3109515441130857.0], "unrealized_pnl_6": [265771, 516.9401254354485, 20771616604309.316], "unrealized_pnl_7": [265771, 52.76809703097813, 1736641159186.8027], "unrealized_pnl_8": [265771, 74.831392375988, 1860301673398.5784], "unrealized_pnl_9": [265771, 2974.9673933825798, 426008419921355.0], "margin_usage_ratio": [265771, 0.004567847209668488, 18.581368779999128]}, "pcr_min_ew": 0.9886397554390691, "pcr_max_ew": 0.9997033339387013}