{"r_count": 375236.0001, "r_mean": 0.004253152626915694, "r_var": 647.9698578193012, "tanh_k": 2.0, "feature_welford": {"unrealized_pnl": [375237, 104398.50683496658, 1.645022973794501e+17], "realized_pnl": [375237, 69778.01449926534, 2.393341852302717e+17], "compounded_returns": [375237, 26881.474439135116, 182009529049692.72], "balance": [375237, 52198274.07846907, 6.9722670655885e+20], "position_value": [375237, 470850.4577662756, 2.5383368106923366e+17], "current_position_size": [375237, 2353597.412748124, 6.346268804476049e+18], "last_log_ret": [375237, 0.009819852274165644, 561.1774266968847], "sortino_ratio": [375237, 4.723446697807577, 5109269022.706259], "rolling_pnl_sigma": [375237, 0.01665698239701394, 279.71530577818544], "portfolio_cash_ratio": [375237, 0.886135376993622, 18862.47105674753], "free_collateral": [375237, 52733252.00720439, 6.945425014356636e+20], "mm_reqs": [375237, 40577.3682200934, 9734638284113254.0], "unrealized_pnl_0": [375237, 14.448425183138616, 811202537304.1079], "unrealized_pnl_1": [375237, 79.39611119064013, 14799995071750.46], "unrealized_pnl_2": [375237, 56049.37808163688, 3.021253753658182e+16], "unrealized_pnl_3": [375237, 83454.07504293633, 3.305048392669993e+17], "unrealized_pnl_4": [375237, 279.29789477806725, 14079605284371.676], "unrealized_pnl_5": [375237, 14517.492866441642, 4847615567043054.0], "unrealized_pnl_6": [375237, 518.6432891281167, 26449934048818.184], "unrealized_pnl_7": [375237, 48.19686596227929, 1975347534718.2563], "unrealized_pnl_8": [375237, 65.5103895666121, 2064822826722.4138], "unrealized_pnl_9": [375237, 3516.722346507577, 680491203203425.8], "margin_usage_ratio": [375237, 0.004258262272362295, 24.60251086781737]}, "pcr_min_ew": 0.9933430729661648, "pcr_max_ew": 1.000000000000015}