{"r_count": 125874.0001, "r_mean": 0.0030164833890442312, "r_var": 397.23365133324654, "tanh_k": 2.0, "feature_welford": {"unrealized_pnl": [125875, 45227.402365955306, 1.787433632371033e+16], "realized_pnl": [125875, 35130.464384602725, 2.624317767936826e+16], "compounded_returns": [125875, 13789.547181202935, 16866128584721.43], "balance": [125875, 27382179.73822465, 6.325018716872097e+19], "position_value": [125875, 353367.54530111235, 5.405421725626514e+16], "current_position_size": [125875, 1766188.4755780417, 1.3513842077894712e+18], "last_log_ret": [125875, 0.0089541628593844, 263.8128964812675], "sortino_ratio": [125875, 2.4701123534818934, 370883754.2026422], "rolling_pnl_sigma": [125875, 0.02130856386190825, 140.17814189887622], "portfolio_cash_ratio": [125875, 0.8507783556078408, 8105.408847341523], "free_collateral": [125875, 27753873.496592786, 6.298812893235988e+19], "mm_reqs": [125875, 27033.41499196847, 1242328960863817.8], "unrealized_pnl_0": [125875, 43.04311419377701, 673351143229.4719], "unrealized_pnl_1": [125875, 128.28902943462705, 6216138288092.72], "unrealized_pnl_2": [125875, 18572.455972685468, 1994906105130104.8], "unrealized_pnl_3": [125875, 42175.756736047646, 3.6075313833244616e+16], "unrealized_pnl_4": [125875, 281.95753345109745, 5919804806486.542], "unrealized_pnl_5": [125875, 8606.201654582008, 1289145534009226.0], "unrealized_pnl_6": [125875, 482.2944916407025, 12291699434178.857], "unrealized_pnl_7": [125875, 47.03063805398615, 1073417481592.3278], "unrealized_pnl_8": [125875, 67.035244622981, 1368967096903.1514], "unrealized_pnl_9": [125875, 2247.152490326429, 180303016568999.1], "margin_usage_ratio": [125875, 0.005572992423634798, 10.414813866830661]}, "pcr_min_ew": 0.985752925645849, "pcr_max_ew": 1.00000000000004}