{"r_count": 332519.0001, "r_mean": 0.003975807588416855, "r_var": 666.7441336887925, "tanh_k": 2.0, "feature_welford": {"unrealized_pnl": [332520, 94606.64976821067, 1.3064669189810088e+17], "realized_pnl": [332520, 64007.09658051973, 1.910309039011632e+17], "compounded_returns": [332520, 24932.301222987287, 137095695148180.02], "balance": [332520, 48417847.511721775, 5.2769326754067395e+20], "position_value": [332520, 449537.2858162229, 2.132351984629245e+17], "current_position_size": [332520, 2246981.0433897935, 5.331226200370319e+18], "last_log_ret": [332520, 0.009742690349012833, 518.978880266169], "sortino_ratio": [332520, 4.8840985602491696, 4717900534.72168], "rolling_pnl_sigma": [332520, 0.01680977166294458, 251.6592512037479], "portfolio_cash_ratio": [332520, 0.8852518474943091, 16800.750868926058], "free_collateral": [332520, 48923753.68431239, 5.2551427281888936e+20], "mm_reqs": [332520, 38443.0114446806, 7981830435966363.0], "unrealized_pnl_0": [332520, 21.686172409794622, 935611357933.3079], "unrealized_pnl_1": [332520, 80.840215864113, 11526537553309.355], "unrealized_pnl_2": [332520, 49532.18364134169, 2.1770072183283772e+16], "unrealized_pnl_3": [332520, 78571.87278947304, 2.675410882893696e+17], "unrealized_pnl_4": [332520, 262.5724860504731, 8397590064776.093], "unrealized_pnl_5": [332520, 12308.433898196292, 3932580018531597.0], "unrealized_pnl_6": [332520, 473.64255332121354, 24906013230257.617], "unrealized_pnl_7": [332520, 54.68125064369402, 1883534322696.926], "unrealized_pnl_8": [332520, 59.85054526554932, 2399848970148.3604], "unrealized_pnl_9": [332520, 3247.725545117433, 606642598847826.0], "margin_usage_ratio": [332520, 0.004310718792194576, 22.093103852060302]}, "pcr_min_ew": 0.9903418233100058, "pcr_max_ew": 0.9999385844603847}