{"r_count": 285099.0001, "r_mean": 0.0035515763713480733, "r_var": 531.3715925326228, "tanh_k": 2.0, "feature_welford": {"unrealized_pnl": [285100, 85014.8155864766, 9.872372303393429e+16], "realized_pnl": [285100, 58442.18362943784, 1.4484308016489306e+17], "compounded_returns": [285100, 22756.34182059422, 99440790627633.75], "balance": [285100, 44213843.78821658, 3.7780556491492694e+20], "position_value": [285100, 418899.7441849956, 1.7015774262585552e+17], "current_position_size": [285100, 2093902.7669405285, 4.2540790266973276e+18], "last_log_ret": [285100, 0.00958792894362252, 441.41186701618466], "sortino_ratio": [285100, 322.5631755215843, 1162281213858303.0], "rolling_pnl_sigma": [285100, 0.0176136776732074, 231.06703302385134], "portfolio_cash_ratio": [285100, 0.8786105742412976, 15429.758367681581], "free_collateral": [285100, 44682274.66547994, 3.7624219989034684e+20], "mm_reqs": [285100, 35714.151271821276, 6102395216567643.0], "unrealized_pnl_0": [285100, 4.266534094154315, 680525695434.2908], "unrealized_pnl_1": [285100, 46.31805478841538, 10275683994275.02], "unrealized_pnl_2": [285100, 43099.044072275894, 1.5363569136362366e+16], "unrealized_pnl_3": [285100, 71656.30954585514, 1.9925297011678093e+17], "unrealized_pnl_4": [285100, 299.7675507797548, 9510997263631.508], "unrealized_pnl_5": [285100, 11203.139130669595, 2918281904248256.0], "unrealized_pnl_6": [285100, 486.17756067213315, 21898457786148.344], "unrealized_pnl_7": [285100, 54.154312731832036, 1613234231658.6018], "unrealized_pnl_8": [285100, 66.92816827165385, 2219648704251.318], "unrealized_pnl_9": [285100, 3116.19584164701, 500184218889987.56], "margin_usage_ratio": [285100, 0.004430347506815233, 18.84059820995219]}, "pcr_min_ew": 0.9870850798343447, "pcr_max_ew": 0.9999999999999719}