{"r_count": 207415.0001, "r_mean": 0.003208534716521835, "r_var": 504.3918033528547, "tanh_k": 2.0, "feature_welford": {"unrealized_pnl": [207416, 63850.511481253256, 4.741535785694566e+16], "realized_pnl": [207416, 47348.80658300985, 7.287104621416752e+16], "compounded_returns": [207416, 18745.044333451537, 49597706384630.54], "balance": [207416, 36444805.72800185, 1.8542963360227544e+20], "position_value": [207416, 383405.4424031269, 1.0663165064278904e+17], "current_position_size": [207416, 1916352.0537202866, 2.665886919430472e+18], "last_log_ret": [207416, 0.009384643055624652, 363.36113568205633], "sortino_ratio": [207416, 3.758759502693474, 1094898734.9043036], "rolling_pnl_sigma": [207416, 0.01856247274131964, 186.6187829830833], "portfolio_cash_ratio": [207416, 0.8721789324840674, 11653.793589256476], "free_collateral": [207416, 36860646.63354628, 1.845715679286737e+20], "mm_reqs": [207416, 31587.539960315113, 3408676954827810.5], "unrealized_pnl_0": [207416, 31.04229775670907, 881771745585.8673], "unrealized_pnl_1": [207416, 101.96335768829375, 7851436382583.731], "unrealized_pnl_2": [207416, 29614.5139806161, 5946731482475954.0], "unrealized_pnl_3": [207416, 57569.26296041854, 1.0113352928198944e+17], "unrealized_pnl_4": [207416, 286.26170049617497, 7106558900346.676], "unrealized_pnl_5": [207416, 10006.859587405583, 2356965098804270.0], "unrealized_pnl_6": [207416, 488.6374490429737, 18901918646470.473], "unrealized_pnl_7": [207416, 53.018927856282716, 1255400898316.7383], "unrealized_pnl_8": [207416, 60.388366826469635, 1723124115913.365], "unrealized_pnl_9": [207416, 2836.9907613518, 346420694454110.8], "margin_usage_ratio": [207416, 0.004804946725962967, 15.235004420660509]}, "pcr_min_ew": 0.9859769026010874, "pcr_max_ew": 1.000000000000002}