{"r_count": 309716.0001, "r_mean": 0.003857132206086331, "r_var": 606.6620262913457, "tanh_k": 2.0, "feature_welford": {"unrealized_pnl": [309717, 87809.31825367686, 1.0763737352274411e+17], "realized_pnl": [309717, 61272.11489535427, 1.6191586574871837e+17], "compounded_returns": [309717, 23693.311915761493, 115546960494694.39], "balance": [309717, 46054209.69168395, 4.406515094150189e+20], "position_value": [309717, 437009.0326408389, 1.8455032291476746e+17], "current_position_size": [309717, 2184376.668773301, 4.614053076887513e+18], "last_log_ret": [309717, 0.009734336239665914, 470.17057685972185], "sortino_ratio": [309717, 6.948901090787042, 93741842783.87743], "rolling_pnl_sigma": [309717, 0.01721310609375401, 239.7225874784329], "portfolio_cash_ratio": [309717, 0.8839410751529168, 15725.363058618495], "free_collateral": [309717, 46542817.07158692, 4.387457629632916e+20], "mm_reqs": [309717, 36492.72778688499, 6328058294229750.0], "unrealized_pnl_0": [309717, 24.488221041315057, 1015647269194.8638], "unrealized_pnl_1": [309717, 47.632191147161855, 14778213283079.691], "unrealized_pnl_2": [309717, 45099.301023268505, 1.729429281477916e+16], "unrealized_pnl_3": [309717, 73957.43941506457, 2.2691590403846182e+17], "unrealized_pnl_4": [309717, 263.84232753961317, 8400241290615.684], "unrealized_pnl_5": [309717, 12110.1386364365, 3340729732997986.0], "unrealized_pnl_6": [309717, 476.373904371149, 25058529958550.863], "unrealized_pnl_7": [309717, 55.066184844208735, 2053023581833.6843], "unrealized_pnl_8": [309717, 69.26666815499986, 1934861747456.188], "unrealized_pnl_9": [309717, 3198.2668768307963, 578508615279507.8], "margin_usage_ratio": [309717, 0.004397065608892396, 21.17412232460646]}, "pcr_min_ew": 0.9907823568284864, "pcr_max_ew": 0.9999999999999751}