{"r_count": 254983.0001, "r_mean": 0.003493283385897295, "r_var": 536.3713672407497, "tanh_k": 2.0, "feature_welford": {"unrealized_pnl": [254984, 75733.97872029971, 7.468006181011926e+16], "realized_pnl": [254984, 54688.19754028982, 1.146789526849174e+17], "compounded_returns": [254984, 21216.01683719629, 77843069950180.06], "balance": [254984, 41309477.33732511, 2.9419263003935123e+20], "position_value": [254984, 407541.2944040518, 1.393892246084189e+17], "current_position_size": [254984, 2037072.9781732594, 3.484912090146947e+18], "last_log_ret": [254984, 0.009604666638544831, 402.4641497666987], "sortino_ratio": [254984, 7.365688941635087, 93539767443.4384], "rolling_pnl_sigma": [254984, 0.01793229202134237, 211.74482697153132], "portfolio_cash_ratio": [254984, 0.8789785795244093, 13468.502416900486], "free_collateral": [254984, 41759297.63748249, 2.9283483598412654e+20], "mm_reqs": [254984, 33736.96532340361, 4634513829329332.0], "unrealized_pnl_0": [254984, 28.632138993194783, 974850039703.0504], "unrealized_pnl_1": [254984, 40.1229860387688, 12779220603341.674], "unrealized_pnl_2": [254984, 36889.28137966481, 1.0298868294803422e+16], "unrealized_pnl_3": [254984, 66247.3783858162, 1.5987636559062093e+17], "unrealized_pnl_4": [254984, 261.55308762329577, 7518124188520.239], "unrealized_pnl_5": [254984, 10885.677662514521, 2667878811548401.5], "unrealized_pnl_6": [254984, 480.00009504880165, 21877704478754.21], "unrealized_pnl_7": [254984, 61.5490076498853, 1957665010823.9895], "unrealized_pnl_8": [254984, 74.8243373654076, 1829338568534.1814], "unrealized_pnl_9": [254984, 3012.0795569302513, 478024677719267.0], "margin_usage_ratio": [254984, 0.004594825826687261, 18.22159989332743]}, "pcr_min_ew": 0.9927175091091845, "pcr_max_ew": 0.9999582280784705}