{"r_count": 76997.0001, "r_mean": 0.0029508852425741906, "r_var": 260.06450879188134, "tanh_k": 2.0, "feature_welford": {"unrealized_pnl": [76998, 30511.172567989488, 6353490224560980.0], "realized_pnl": [76998, 27756.3234014455, 1.017697310228061e+16], "compounded_returns": [76998, 10032.323759909521, 6924128961613.135], "balance": [76998, 21290185.104570754, 2.7051719385992e+19], "position_value": [76998, 339255.97436201194, 2.8705918611622236e+16], "current_position_size": [76998, 1695451.6348540487, 7.176829548226642e+17], "last_log_ret": [76998, 0.0083883852626579, 193.76145866187383], "sortino_ratio": [76998, 1.3305225339235056, 5885332.7801322155], "rolling_pnl_sigma": [76998, 0.026562691659600596, 114.15979251442536], "portfolio_cash_ratio": [76998, 0.8106150135690539, 5975.221366723527], "free_collateral": [76998, 21636107.816357885, 2.7036894105983513e+19], "mm_reqs": [76998, 24141.58451066171, 474126656933292.9], "unrealized_pnl_0": [76998, 24.294366075559413, 451311273656.7059], "unrealized_pnl_1": [76998, 189.16967706355985, 5554919980881.092], "unrealized_pnl_2": [76998, 10189.344457867544, 617042692308286.5], "unrealized_pnl_3": [76998, 30809.77281672254, 1.307980433942309e+16], "unrealized_pnl_4": [76998, 206.81839953348987, 3311600282791.85], "unrealized_pnl_5": [76998, 7675.544281161255, 631327303920490.1], "unrealized_pnl_6": [76998, 552.9476867415332, 7937380437886.586], "unrealized_pnl_7": [76998, 87.91626508548683, 946651482866.8726], "unrealized_pnl_8": [76998, 105.7958480028228, 1064472983755.4631], "unrealized_pnl_9": [76998, 2369.1732838458674, 118870653583289.3], "margin_usage_ratio": [76998, 0.006922660728142851, 7.411406513331464]}, "pcr_min_ew": 0.9819085410747334, "pcr_max_ew": 1.0000000000000888}