{"r_count": 243159.0001, "r_mean": 0.0033951751629491874, "r_var": 551.4707687465907, "tanh_k": 2.0, "feature_welford": {"unrealized_pnl": [243160, 72968.9245828725, 6.843971808439347e+16], "realized_pnl": [243160, 52575.08676070087, 1.0471336520329432e+17], "compounded_returns": [243160, 20670.52038624345, 70107988359249.33], "balance": [243160, 40162171.235555716, 2.6540790721522464e+20], "position_value": [243160, 402136.21405055263, 1.3459375456933315e+17], "current_position_size": [243160, 2009954.6856646747, 3.365002594287949e+18], "last_log_ret": [243160, 0.0095107238409165, 407.9112670837497], "sortino_ratio": [243160, 4.344453206937852, 1914669920.292115], "rolling_pnl_sigma": [243160, 0.017914102802268236, 206.0268859844104], "portfolio_cash_ratio": [243160, 0.8772350618274847, 13133.488721357802], "free_collateral": [243160, 40603807.00508753, 2.642228615584857e+20], "mm_reqs": [243160, 33654.211296723144, 4619884409438475.0], "unrealized_pnl_0": [243160, 27.982330466392376, 897647557072.9597], "unrealized_pnl_1": [243160, 82.19786822205562, 8437271470132.569], "unrealized_pnl_2": [243160, 35585.10554901767, 9352235327871326.0], "unrealized_pnl_3": [243160, 64825.62535525972, 1.4787003284113437e+17], "unrealized_pnl_4": [243160, 275.1311808425678, 7556776979353.238], "unrealized_pnl_5": [243160, 10188.840971324653, 2743437891317285.0], "unrealized_pnl_6": [243160, 485.6237927769571, 20993170499915.96], "unrealized_pnl_7": [243160, 55.14236072883351, 1374772910496.9805], "unrealized_pnl_8": [243160, 60.02796291617212, 2032643080801.2878], "unrealized_pnl_9": [243160, 3000.892758485278, 424513331399808.5], "margin_usage_ratio": [243160, 0.004614964269917575, 17.21698533114349]}, "pcr_min_ew": 0.9914868929868287, "pcr_max_ew": 0.9998877553422919}