{"r_count": 308599.0001, "r_mean": 0.0038487699252652764, "r_var": 605.2950640320815, "tanh_k": 2.0, "feature_welford": {"unrealized_pnl": [308600, 87697.86766803691, 1.0739292128950694e+17], "realized_pnl": [308600, 61218.28885367369, 1.6147498360158096e+17], "compounded_returns": [308600, 23667.576616064376, 115081031368496.42], "balance": [308600, 46010917.800985396, 4.3896683442172435e+20], "position_value": [308600, 436577.4564420148, 1.8376664147500163e+17], "current_position_size": [308600, 2182216.368115289, 4.5944601468393984e+18], "last_log_ret": [308600, 0.009732738189354207, 468.8440538085749], "sortino_ratio": [308600, 6.963067830330917, 93741761142.3606], "rolling_pnl_sigma": [308600, 0.01722623481732952, 239.19100609438672], "portfolio_cash_ratio": [308600, 0.883859527155024, 15679.150339431426], "free_collateral": [308600, 46499007.848347746, 4.370727830145311e+20], "mm_reqs": [308600, 36468.21232448599, 6305753582072468.0], "unrealized_pnl_0": [308600, 24.57233008943292, 1015629285904.8933], "unrealized_pnl_1": [308600, 47.69222318282543, 14776900876762.549], "unrealized_pnl_2": [308600, 44967.7511581934, 1.7174455037455988e+16], "unrealized_pnl_3": [308600, 73959.6983251506, 2.2642266470239405e+17], "unrealized_pnl_4": [308600, 263.8661462432092, 8396135298626.106], "unrealized_pnl_5": [308600, 12089.357658859606, 3329143154183186.5], "unrealized_pnl_6": [308600, 476.6550284716325, 24977322626115.26], "unrealized_pnl_7": [308600, 55.08675348294936, 2050440085833.0256], "unrealized_pnl_8": [308600, 69.37271388088391, 1934446992271.2373], "unrealized_pnl_9": [308600, 3196.0068739036606, 576798934268163.2], "margin_usage_ratio": [308600, 0.004400427074545099, 21.113595155472563]}, "pcr_min_ew": 0.989892874200862, "pcr_max_ew": 1.00000000000001}