{"r_count": 378970.0001, "r_mean": 0.004326984095233099, "r_var": 693.5668894230914, "tanh_k": 2.0, "feature_welford": {"unrealized_pnl": [378971, 105128.18121560426, 1.6255515048580874e+17], "realized_pnl": [378971, 69806.58950268266, 2.3219873516906144e+17], "compounded_returns": [378971, 26856.11357863007, 181951447662488.47], "balance": [378971, 52091001.21746727, 6.955077407734676e+20], "position_value": [378971, 474880.72832846123, 2.5412727081200502e+17], "current_position_size": [378971, 2373720.700228633, 6.353658605548556e+18], "last_log_ret": [378971, 0.00987113945198899, 555.0014913820938], "sortino_ratio": [378971, 6.8549854084192825, 94196082830.99683], "rolling_pnl_sigma": [378971, 0.016539275649273405, 273.38823269123293], "portfolio_cash_ratio": [378971, 0.8880727808471832, 18595.541315307913], "free_collateral": [378971, 52630730.97451299, 6.92728196267685e+20], "mm_reqs": [378971, 40572.23905209612, 9314976241371656.0], "unrealized_pnl_0": [378971, 20.964497479834225, 1068253501873.4319], "unrealized_pnl_1": [378971, 36.67817024629566, 16945311649636.043], "unrealized_pnl_2": [378971, 56024.5047931019, 3.108269712187641e+16], "unrealized_pnl_3": [378971, 84327.11866668134, 3.269556676688338e+17], "unrealized_pnl_4": [378971, 258.5027321843457, 9803046284991.82], "unrealized_pnl_5": [378971, 14450.414189978059, 4655677538476807.0], "unrealized_pnl_6": [378971, 482.2386236923143, 28514152985030.094], "unrealized_pnl_7": [378971, 51.03265695040259, 2257498591007.9233], "unrealized_pnl_8": [378971, 64.93710144965513, 2055780260306.238], "unrealized_pnl_9": [378971, 3581.4846076383956, 768760477889017.0], "margin_usage_ratio": [378971, 0.004236079586786329, 24.939249787807984]}, "pcr_min_ew": 0.991559910681268, "pcr_max_ew": 1.0000000000000129}