{"r_count": 91247.0001, "r_mean": 0.0030209363730783253, "r_var": 351.10555556915665, "tanh_k": 2.0, "feature_welford": {"unrealized_pnl": [91248, 34892.09791176572, 9401981296987562.0], "realized_pnl": [91248, 29404.66141009798, 1.3874420298978678e+16], "compounded_returns": [91248, 11330.099854396976, 8820112997338.11], "balance": [91248, 23101520.12858052, 3.386923046725804e+19], "position_value": [91248, 346207.87592097896, 3.614613005283134e+16], "current_position_size": [91248, 1730420.9094906463, 9.036519669578888e+17], "last_log_ret": [91248, 0.008630033693334342, 221.22354668034268], "sortino_ratio": [91248, 1.5493377300413562, 6246254.450264307], "rolling_pnl_sigma": [91248, 0.023776688436853863, 118.1802114693083], "portfolio_cash_ratio": [91248, 0.830988979804469, 6497.636596488893], "free_collateral": [91248, 23457278.991456542, 3.3797010947329057e+19], "mm_reqs": [91248, 25472.621080501, 667039358982554.4], "unrealized_pnl_0": [91248, 53.77284687500953, 612267942627.0175], "unrealized_pnl_1": [91248, 138.72247905829818, 4830616909793.159], "unrealized_pnl_2": [91248, 12765.89981453676, 895126026736281.4], "unrealized_pnl_3": [91248, 35491.136213317215, 1.9175102443814096e+16], "unrealized_pnl_4": [91248, 282.6446291404863, 4965984278433.247], "unrealized_pnl_5": [91248, 6969.201106017391, 731803271108403.0], "unrealized_pnl_6": [91248, 445.5162716085611, 9468690344663.51], "unrealized_pnl_7": [91248, 43.86177259865377, 953626452568.8817], "unrealized_pnl_8": [91248, 72.45760581128434, 1096916502015.8687], "unrealized_pnl_9": [91248, 2185.6263863678478, 136692521165148.16], "margin_usage_ratio": [91248, 0.0062882677492049595, 8.302103938796458]}, "pcr_min_ew": 0.9874409527203899, "pcr_max_ew": 1.000000000000076}