{"r_count": 241196.0001, "r_mean": 0.00334921677361, "r_var": 476.7385678554452, "tanh_k": 2.0, "feature_welford": {"unrealized_pnl": [241197, 72635.86316028192, 6.808428826487414e+16], "realized_pnl": [241197, 52860.53120277769, 1.065060235039206e+17], "compounded_returns": [241197, 20618.568733874563, 71139283666888.36], "balance": [241197, 40151621.84069579, 2.6679996820625988e+20], "position_value": [241197, 398939.78013016446, 1.3304389793347878e+17], "current_position_size": [241197, 1994120.2222567971, 3.326285853159627e+18], "last_log_ret": [241197, 0.009489391242425378, 395.38861454290844], "sortino_ratio": [241197, 4.077309746353812, 3985084689.6056447], "rolling_pnl_sigma": [241197, 0.018299380958648182, 212.11296948266454], "portfolio_cash_ratio": [241197, 0.8745420354929236, 13334.998912198545], "free_collateral": [241197, 40590159.2814657, 2.656483497648243e+20], "mm_reqs": [241197, 33327.439070809465, 4603107613860252.0], "unrealized_pnl_0": [241197, 17.179792967754786, 718631285127.6189], "unrealized_pnl_1": [241197, 96.62268547073546, 10606520508938.498], "unrealized_pnl_2": [241197, 35389.90264465238, 9186701149948082.0], "unrealized_pnl_3": [241197, 63354.64699477144, 1.4494423341029053e+17], "unrealized_pnl_4": [241197, 292.5317057766947, 12675523615885.676], "unrealized_pnl_5": [241197, 11164.461541645076, 2715795636608108.0], "unrealized_pnl_6": [241197, 534.1598418695721, 19772897743689.9], "unrealized_pnl_7": [241197, 52.634219634602054, 1705071830592.4395], "unrealized_pnl_8": [241197, 79.64387649450066, 1798117051980.1108], "unrealized_pnl_9": [241197, 2921.1284401059147, 384677674116996.44], "margin_usage_ratio": [241197, 0.004681770051098536, 17.27779951937283]}, "pcr_min_ew": 0.993139492107093, "pcr_max_ew": 0.9999999999999789}