{"r_count": 130953.0001, "r_mean": 0.0027987127011130345, "r_var": 330.98620961981135, "tanh_k": 2.0, "feature_welford": {"unrealized_pnl": [130954, 47188.0157945328, 2.015069682477931e+16], "realized_pnl": [130954, 36575.89799107654, 2.8600385137145164e+16], "compounded_returns": [130954, 13999.88127613993, 17689862774539.68], "balance": [130954, 28071259.17052616, 6.694836603412369e+19], "position_value": [130954, 341163.97387352743, 5.663432798022985e+16], "current_position_size": [130954, 1705031.034307769, 1.4158005145303613e+18], "last_log_ret": [130954, 0.008899367903175762, 253.13543514842812], "sortino_ratio": [130954, 6.706502181912633, 125707937823.85936], "rolling_pnl_sigma": [130954, 0.021757582671836362, 146.66540535552465], "portfolio_cash_ratio": [130954, 0.846704594131308, 8857.094211077472], "free_collateral": [130954, 28433034.48935644, 6.671080905408989e+19], "mm_reqs": [130954, 26723.753617219954, 1406962389850430.5], "unrealized_pnl_0": [130954, 2.9177747502233196, 511907082862.8487], "unrealized_pnl_1": [130954, 88.2607933547758, 7330147176558.872], "unrealized_pnl_2": [130954, 18429.967622144726, 2096193339601571.0], "unrealized_pnl_3": [130954, 44286.675704852125, 3.946152195881577e+16], "unrealized_pnl_4": [130954, 270.0674752996137, 4954940284109.611], "unrealized_pnl_5": [130954, 8774.971670349016, 1177534825743666.2], "unrealized_pnl_6": [130954, 531.9886687073662, 14042795852021.7], "unrealized_pnl_7": [130954, 67.6858837048746, 1237505309275.4038], "unrealized_pnl_8": [130954, 83.30075486354967, 1446281870063.1765], "unrealized_pnl_9": [130954, 2605.0864691448273, 210856475776371.3], "margin_usage_ratio": [130954, 0.005449466474091805, 10.067057543551497]}, "pcr_min_ew": 0.9834359351717648, "pcr_max_ew": 0.9999479998317673}