{"r_count": 358210.0001, "r_mean": 0.00415560190547673, "r_var": 698.7812935176297, "tanh_k": 2.0, "feature_welford": {"unrealized_pnl": [358211, 100827.57960579946, 1.4984375716875018e+17], "realized_pnl": [358211, 67156.55416380214, 2.1627543227754483e+17], "compounded_returns": [358211, 26101.45000404932, 161690605600133.25], "balance": [358211, 50631023.06357765, 6.211045471488863e+20], "position_value": [358211, 463927.04244721297, 2.386004964523517e+17], "current_position_size": [358211, 2318946.467066811, 5.965424635644002e+18], "last_log_ret": [358211, 0.009796127735191267, 550.2937475107605], "sortino_ratio": [358211, 5.120483178851906, 5359620607.216717], "rolling_pnl_sigma": [358211, 0.016572372923178993, 263.98687842813695], "portfolio_cash_ratio": [358211, 0.8867855043733129, 17856.312874986237], "free_collateral": [358211, 51156052.41792231, 6.186310021546805e+20], "mm_reqs": [358211, 39940.15647384405, 9088617751669878.0], "unrealized_pnl_0": [358211, 20.627618652269337, 950029489729.4014], "unrealized_pnl_1": [358211, 73.83993890187803, 11610448716045.572], "unrealized_pnl_2": [358211, 53777.209785283034, 2.7327564795011576e+16], "unrealized_pnl_3": [358211, 81778.7784159836, 3.0178661745787616e+17], "unrealized_pnl_4": [358211, 265.4811768268087, 8759829219170.538], "unrealized_pnl_5": [358211, 13229.83681484697, 4363079152484627.5], "unrealized_pnl_6": [358211, 472.90674855846817, 25955762236086.723], "unrealized_pnl_7": [358211, 52.655043536852574, 1900459401870.2249], "unrealized_pnl_8": [358211, 58.18418143742252, 2453552992849.9805], "unrealized_pnl_9": [358211, 3388.8530418314967, 672426612855956.6], "margin_usage_ratio": [358211, 0.004254789618773544, 23.49643299072163]}, "pcr_min_ew": 0.9880422859185046, "pcr_max_ew": 0.9999999999999982}