{"r_count": 209846.0001, "r_mean": 0.0032931408352456135, "r_var": 446.96683230831985, "tanh_k": 2.0, "feature_welford": {"unrealized_pnl": [209847, 61152.43990607915, 4.3995560704735976e+16], "realized_pnl": [209847, 47095.743255282585, 7.23692269735032e+16], "compounded_returns": [209847, 18443.937567212717, 49132164391871.87], "balance": [209847, 35846987.93368415, 1.821957206732761e+20], "position_value": [209847, 386258.13286597957, 1.0642118079302896e+17], "current_position_size": [209847, 1930738.753657825, 2.6606783408899164e+18], "last_log_ret": [209847, 0.009395103576546205, 342.57781269094284], "sortino_ratio": [209847, 4.014781328410782, 12651534058.934145], "rolling_pnl_sigma": [209847, 0.018904134019791314, 184.5058061626032], "portfolio_cash_ratio": [209847, 0.8696361152838675, 11883.811574762543], "free_collateral": [209847, 36263217.248056345, 1.8130820228862326e+20], "mm_reqs": [209847, 31364.677049549136, 3249141196329570.0], "unrealized_pnl_0": [209847, 19.19171358358402, 720476594666.2578], "unrealized_pnl_1": [209847, 81.20196496017118, 8516447160633.035], "unrealized_pnl_2": [209847, 29030.30221542993, 5863494506703545.0], "unrealized_pnl_3": [209847, 54482.96907751897, 9.412758903865851e+16], "unrealized_pnl_4": [209847, 238.33865973754195, 10133997741902.508], "unrealized_pnl_5": [209847, 9966.828417872897, 2048948632186416.0], "unrealized_pnl_6": [209847, 579.1581668892593, 21252061751168.844], "unrealized_pnl_7": [209847, 55.84808009353638, 1528863130476.233], "unrealized_pnl_8": [209847, 69.99847505571269, 1714934696832.7263], "unrealized_pnl_9": [209847, 2914.528307392527, 368327531227749.9], "margin_usage_ratio": [209847, 0.004963868577767696, 15.96335284820032]}, "pcr_min_ew": 0.9904520911156884, "pcr_max_ew": 1.000000000000043}