{"r_count": 194208.0001, "r_mean": 0.003232942978127547, "r_var": 426.3766915867759, "tanh_k": 2.0, "feature_welford": {"unrealized_pnl": [194209, 57372.90746303005, 3.765309487619137e+16], "realized_pnl": [194209, 44949.389715511374, 6.210519060769e+16], "compounded_returns": [194209, 17619.80901226108, 41955514876393.4], "balance": [194209, 34285859.867575996, 1.547244380804269e+20], "position_value": [194209, 378306.42549947224, 9.529765821831554e+16], "current_position_size": [194209, 1890983.4062772077, 2.3825723001532385e+18], "last_log_ret": [194209, 0.009334872651722082, 323.2307027255737], "sortino_ratio": [194209, 4.004599266596529, 12641859694.387138], "rolling_pnl_sigma": [194209, 0.0192767376227325, 175.87727074872387], "portfolio_cash_ratio": [194209, 0.8666471297108388, 11237.110073611799], "free_collateral": [194209, 34691241.8625144, 1.5395078679440654e+20], "mm_reqs": [194209, 30478.989950915962, 2814605377886501.0], "unrealized_pnl_0": [194209, 21.544899385182667, 709087474283.7264], "unrealized_pnl_1": [194209, 76.37845572965286, 8184552380463.191], "unrealized_pnl_2": [194209, 26504.84714389452, 4743194433085881.0], "unrealized_pnl_3": [194209, 52001.869115429035, 8.121127867844306e+16], "unrealized_pnl_4": [194209, 242.29831018843433, 9962819528110.355], "unrealized_pnl_5": [194209, 9684.092661804127, 1847262182163547.0], "unrealized_pnl_6": [194209, 597.8534662735311, 20255852027124.113], "unrealized_pnl_7": [194209, 57.31951736322013, 1505983373438.6797], "unrealized_pnl_8": [194209, 72.3727749417673, 1693070682107.6362], "unrealized_pnl_9": [194209, 2823.8497582370087, 337580627748152.56], "margin_usage_ratio": [194209, 0.0050784207322414066, 15.082285645938594]}, "pcr_min_ew": 0.987576143990591, "pcr_max_ew": 0.9998543595132746}