{"r_count": 280674.0001, "r_mean": 0.0036605814513762246, "r_var": 569.2708240833654, "tanh_k": 2.0, "feature_welford": {"unrealized_pnl": [280675, 81755.01271774185, 8.906450955580037e+16], "realized_pnl": [280675, 57843.320499393296, 1.3561746739794853e+17], "compounded_returns": [280675, 22413.36691458826, 94549062476329.75], "balance": [280675, 43572579.1087731, 3.582239746190344e+20], "position_value": [280675, 421401.09350949264, 1.5961639453271053e+17], "current_position_size": [280675, 2106366.913509029, 3.9906458987455703e+18], "last_log_ret": [280675, 0.009669345570219262, 434.02763622708267], "sortino_ratio": [280675, 7.284959897060227, 93732710029.73885], "rolling_pnl_sigma": [280675, 0.01755905556378751, 224.90058218873824], "portfolio_cash_ratio": [280675, 0.8815380247488117, 14527.375692544974], "free_collateral": [280675, 44041020.81041025, 3.5663039067138123e+20], "mm_reqs": [280675, 34996.35767847214, 5339022075070447.0], "unrealized_pnl_0": [280675, 27.67007398475867, 987483232051.3754], "unrealized_pnl_1": [280675, 35.65998214201081, 13590115773082.117], "unrealized_pnl_2": [280675, 41044.097383522705, 1.3728713658779536e+16], "unrealized_pnl_3": [280675, 69980.97153443526, 1.892678698220582e+17], "unrealized_pnl_4": [280675, 260.0867853292745, 7827732060291.953], "unrealized_pnl_5": [280675, 11518.74735833833, 2976181771645307.5], "unrealized_pnl_6": [280675, 482.71251364167995, 22889736648644.6], "unrealized_pnl_7": [280675, 57.54306646812803, 1994009901196.8706], "unrealized_pnl_8": [280675, 71.64880555174092, 1911805034730.7166], "unrealized_pnl_9": [280675, 3076.0259863819733, 522061224934256.4], "margin_usage_ratio": [280675, 0.0044909705610816615, 19.583473524065102]}, "pcr_min_ew": 0.9901404819598353, "pcr_max_ew": 0.9999999999999744}