{"r_count": 361561.0001, "r_mean": 0.004177991076645043, "r_var": 703.0091783681295, "tanh_k": 2.0, "feature_welford": {"unrealized_pnl": [361562, 101771.30970677776, 1.5316791599039434e+17], "realized_pnl": [361562, 67615.98458112196, 2.2058746534973482e+17], "compounded_returns": [361562, 26267.06229494351, 165438837243263.9], "balance": [361562, 50952979.24220526, 6.357297434046802e+20], "position_value": [361562, 465918.3610155837, 2.4231063054763414e+17], "current_position_size": [361562, 2328901.9570063204, 6.058190013607511e+18], "last_log_ret": [361562, 0.009803154598841828, 554.4414319459216], "sortino_ratio": [361562, 5.105147819722625, 5360224989.647962], "rolling_pnl_sigma": [361562, 0.016542487634911108, 265.619297421141], "portfolio_cash_ratio": [361562, 0.8869668684815788, 17997.17285460682], "free_collateral": [361562, 51480718.788506925, 6.332140114414818e+20], "mm_reqs": [361562, 40166.27210558347, 9259389843429910.0], "unrealized_pnl_0": [361562, 20.50321583292751, 950153527807.6593], "unrealized_pnl_1": [361562, 73.70924165370131, 11656812659319.246], "unrealized_pnl_2": [361562, 54288.56748877576, 2.7999672612812676e+16], "unrealized_pnl_3": [361562, 82468.174475687, 3.084102219299832e+17], "unrealized_pnl_4": [361562, 266.0165140055252, 8814354965226.375], "unrealized_pnl_5": [361562, 13365.815261111362, 4414919845698340.5], "unrealized_pnl_6": [361562, 474.56899268875276, 26306947376235.555], "unrealized_pnl_7": [361562, 52.37806652744076, 1903333652325.9824], "unrealized_pnl_8": [361562, 58.135534012507, 2454866454454.681], "unrealized_pnl_9": [361562, 3402.7015120570627, 681761066055062.4], "margin_usage_ratio": [361562, 0.004248109466227825, 23.683839212848632]}, "pcr_min_ew": 0.9937124350222635, "pcr_max_ew": 1.0000000000000286}