{"r_count": 231143.0001, "r_mean": 0.003290161680535099, "r_var": 463.6818352962562, "tanh_k": 2.0, "feature_welford": {"unrealized_pnl": [231144, 70149.01537910874, 6.217732825689264e+16], "realized_pnl": [231144, 51495.34833506732, 9.765950598657624e+16], "compounded_returns": [231144, 20098.3943332718, 65212553682341.4], "balance": [231144, 39170027.12036539, 2.4411402081081265e+20], "position_value": [231144, 393943.17765813455, 1.2553845354490062e+17], "current_position_size": [231144, 1969139.2913184229, 3.138631595634072e+18], "last_log_ret": [231144, 0.009455871489451834, 383.01690537104196], "sortino_ratio": [231144, 3.685320388775846, 3551296775.589737], "rolling_pnl_sigma": [231144, 0.01848494529655268, 206.80519884933003], "portfolio_cash_ratio": [231144, 0.8731869775905896, 12918.225338168078], "free_collateral": [231144, 39601507.57658869, 2.4306618159443932e+20], "mm_reqs": [231144, 32894.869946645595, 4312934535936945.5], "unrealized_pnl_0": [231144, 17.36242052220323, 716797647272.892], "unrealized_pnl_1": [231144, 100.01049368897, 10583089517823.53], "unrealized_pnl_2": [231144, 33482.73566573887, 7996906879305042.0], "unrealized_pnl_3": [231144, 61768.56061641786, 1.3218927633123934e+17], "unrealized_pnl_4": [231144, 296.8417485946087, 12537014009192.203], "unrealized_pnl_5": [231144, 11060.418315725532, 2622615565047166.5], "unrealized_pnl_6": [231144, 544.3406115407623, 19458219852761.22], "unrealized_pnl_7": [231144, 54.63677919100334, 1678887649106.9578], "unrealized_pnl_8": [231144, 80.83319103776, 1783896465098.648], "unrealized_pnl_9": [231144, 2902.787412053909, 372892024566008.5], "margin_usage_ratio": [231144, 0.0047333023298805855, 16.723262409112]}, "pcr_min_ew": 0.9917172172759726, "pcr_max_ew": 0.9999365775579598}