{"r_count": 223513.0001, "r_mean": 0.003279859066393105, "r_var": 506.3758474636753, "tanh_k": 2.0, "feature_welford": {"unrealized_pnl": [223514, 66246.13668693286, 5.370025351621708e+16], "realized_pnl": [223514, 49599.70433564018, 8.572841740510952e+16], "compounded_returns": [223514, 19421.99273375865, 57767702093136.44], "balance": [223514, 37877201.93426767, 2.1654765156875983e+20], "position_value": [223514, 388765.38576037844, 1.1787300721100426e+17], "current_position_size": [223514, 1943244.46771386, 2.9469201473374925e+18], "last_log_ret": [223514, 0.009461470711449867, 361.4042572145945], "sortino_ratio": [223514, 5.16287104912505, 37281447801.75095], "rolling_pnl_sigma": [223514, 0.01853838609540426, 193.96136549745196], "portfolio_cash_ratio": [223514, 0.871875711812101, 12664.681528093422], "free_collateral": [223514, 38300072.81803508, 2.1560712194882496e+20], "mm_reqs": [223514, 32332.700876223505, 3944385330675002.0], "unrealized_pnl_0": [223514, 18.604800662105113, 851618474707.522], "unrealized_pnl_1": [223514, 92.19125118432704, 8395585775158.15], "unrealized_pnl_2": [223514, 31290.750722982997, 6877667119491471.0], "unrealized_pnl_3": [223514, 59276.51061726185, 1.1532283266760974e+17], "unrealized_pnl_4": [223514, 241.3808760483792, 7430365408429.799], "unrealized_pnl_5": [223514, 10251.344472462823, 2338319279386081.0], "unrealized_pnl_6": [223514, 493.7163492920451, 22421758537307.8], "unrealized_pnl_7": [223514, 54.84616719562959, 1488420226617.0208], "unrealized_pnl_8": [223514, 77.87707022950964, 1316473844685.8684], "unrealized_pnl_9": [223514, 2960.681571085194, 421076992874034.6], "margin_usage_ratio": [223514, 0.004751694886046722, 16.11461819051707]}, "pcr_min_ew": 0.9932993705384768, "pcr_max_ew": 0.9999410056524047}