{"r_count": 53540.000100000005, "r_mean": 0.002776320165894445, "r_var": 228.66902060219465, "tanh_k": 2.0, "feature_welford": {"unrealized_pnl": [53541, 22253.46397919897, 3130893239846055.5], "realized_pnl": [53541, 22770.41623127284, 5676297068515073.0], "compounded_returns": [53541, 7511.711607765332, 3410211841778.696], "balance": [53541, 17384863.747347847, 1.5074709628402543e+19], "position_value": [53541, 334195.4462999571, 1.9194805659682016e+16], "current_position_size": [53541, 1670101.656561047, 4.7988363076134624e+17], "last_log_ret": [53541, 0.007862489036040109, 164.4936375909971], "sortino_ratio": [53541, 1.0851188299440746, 4327246.93801769], "rolling_pnl_sigma": [53541, 0.03127269775805204, 95.63624473677108], "portfolio_cash_ratio": [53541, 0.7725588322986818, 4678.456817666809], "free_collateral": [53541, 17718010.527249593, 1.5116899085635586e+19], "mm_reqs": [53541, 23589.857705702827, 273461826904368.28], "unrealized_pnl_0": [53541, 19.64512906018283, 374567428949.1218], "unrealized_pnl_1": [53541, 273.04843689163965, 4789667573766.26], "unrealized_pnl_2": [53541, 5351.255056042271, 239927845187234.6], "unrealized_pnl_3": [53541, 25577.688548601116, 7054920457937805.0], "unrealized_pnl_4": [53541, 191.24444863624154, 2592147590958.1313], "unrealized_pnl_5": [53541, 6329.011762440303, 425127196984854.9], "unrealized_pnl_6": [53541, 567.7859950519688, 6261260911134.303], "unrealized_pnl_7": [53541, 92.82146428959338, 797111787577.883], "unrealized_pnl_8": [53541, 116.64495597200224, 835480191902.1361], "unrealized_pnl_9": [53541, 2275.966310729405, 80242783421667.73], "margin_usage_ratio": [53541, 0.0082543151668567, 5.761882461672615]}, "pcr_min_ew": 0.9618793487900377, "pcr_max_ew": 1.0000000000000637}