{"r_count": 394225.0001, "r_mean": 0.004375665061502962, "r_var": 671.2259136834591, "tanh_k": 2.0, "feature_welford": {"unrealized_pnl": [394226, 109584.98744816062, 1.803006000971306e+17], "realized_pnl": [394226, 71803.4684976202, 2.5841486067777734e+17], "compounded_returns": [394226, 27661.651004035248, 201555099807902.47], "balance": [394226, 53646885.387238674, 7.703950744087871e+20], "position_value": [394226, 482578.7958592766, 2.765246539683529e+17], "current_position_size": [394226, 2412263.8269887953, 6.913581049424367e+18], "last_log_ret": [394226, 0.009853453607051567, 584.0053138929829], "sortino_ratio": [394226, 4.760933062750799, 5172478185.014009], "rolling_pnl_sigma": [394226, 0.01650460695220025, 288.4793096162548], "portfolio_cash_ratio": [394226, 0.8870730073175209, 19639.49148865542], "free_collateral": [394226, 54197407.9691615, 7.674882229167847e+20], "mm_reqs": [394226, 41949.69160643517, 1.0774451752882792e+16], "unrealized_pnl_0": [394226, 14.428243287675354, 817681659293.1895], "unrealized_pnl_1": [394226, 72.21421421768235, 15951600866912.662], "unrealized_pnl_2": [394226, 59470.924704055404, 3.610437480512421e+16], "unrealized_pnl_3": [394226, 85888.30562193427, 3.553264182313627e+17], "unrealized_pnl_4": [394226, 276.81811329080756, 14473597385237.324], "unrealized_pnl_5": [394226, 15138.747937604934, 5242985000658352.0], "unrealized_pnl_6": [394226, 517.5461795901983, 27281965612018.543], "unrealized_pnl_7": [394226, 46.022855871582316, 2123657107557.1697], "unrealized_pnl_8": [394226, 64.97500264075747, 2090435993315.0193], "unrealized_pnl_9": [394226, 3580.8552386100114, 727239959637288.1], "margin_usage_ratio": [394226, 0.004225658492987, 25.622041780304794]}, "pcr_min_ew": 0.9940717470095782, "pcr_max_ew": 1.0000000000000067}