{"r_count": 249398.0001, "r_mean": 0.0034579132365715358, "r_var": 529.2630437774155, "tanh_k": 2.0, "feature_welford": {"unrealized_pnl": [249399, 74175.5613144971, 7.116058518761047e+16], "realized_pnl": [249399, 53952.83295279935, 1.0985645450855802e+17], "compounded_returns": [249399, 20937.85290261453, 74297757729870.17], "balance": [249399, 40795456.22633412, 2.809438840351354e+20], "position_value": [249399, 404613.0883793328, 1.3510667691951282e+17], "current_position_size": [249399, 2022433.3466661677, 3.3778355232087025e+18], "last_log_ret": [249399, 0.009589287534442084, 395.6847004582277], "sortino_ratio": [249399, 7.441060112886468, 93536142636.72397], "rolling_pnl_sigma": [249399, 0.018025845414907364, 208.924340788501], "portfolio_cash_ratio": [249399, 0.87838022536478, 13239.294605129262], "free_collateral": [249399, 41241057.24101557, 2.796442376568427e+20], "mm_reqs": [249399, 33471.442390532655, 4481098219644902.0], "unrealized_pnl_0": [249399, 28.277145504682814, 966525315202.9216], "unrealized_pnl_1": [249399, 41.38835873526194, 12769900453382.865], "unrealized_pnl_2": [249399, 35849.89491805082, 9567611052923372.0], "unrealized_pnl_3": [249399, 65286.39337377955, 1.5275431707364634e+17], "unrealized_pnl_4": [249399, 260.7637287889735, 7471776814580.901], "unrealized_pnl_5": [249399, 10736.871953144813, 2598721408163870.5], "unrealized_pnl_6": [249399, 479.4594637532549, 21673271166632.453], "unrealized_pnl_7": [249399, 61.59008737589318, 1946878933084.9346], "unrealized_pnl_8": [249399, 75.52164933245827, 1734913600858.1323], "unrealized_pnl_9": [249399, 3004.521595194227, 464006572907338.3], "margin_usage_ratio": [249399, 0.004619054915811348, 17.923470769667667]}, "pcr_min_ew": 0.9908304909033876, "pcr_max_ew": 1.000000000000001}