{"r_count": 349471.0001, "r_mean": 0.0041404635491362664, "r_var": 626.7864178374226, "tanh_k": 2.0, "feature_welford": {"unrealized_pnl": [349472, 95052.92822744684, 1.313205777496553e+17], "realized_pnl": [349472, 65189.418378907525, 1.9647128003581888e+17], "compounded_returns": [349472, 25195.519876320424, 147804297588208.72], "balance": [349472, 48844400.18019279, 5.6620451364126045e+20], "position_value": [349472, 458226.05302197626, 2.2413980952532278e+17], "current_position_size": [349472, 2290578.792643279, 5.603871496615073e+18], "last_log_ret": [349472, 0.00977302865834213, 515.3183256678477], "sortino_ratio": [349472, 4.684639125672089, 14230658635.92179], "rolling_pnl_sigma": [349472, 0.016885885263028373, 256.53302540183233], "portfolio_cash_ratio": [349472, 0.884458575878501, 17660.23451535609], "free_collateral": [349472, 49359115.27544219, 5.638832926293618e+20], "mm_reqs": [349472, 38816.21888347623, 8232880821431965.0], "unrealized_pnl_0": [349472, 16.34337170386676, 832330739646.5391], "unrealized_pnl_1": [349472, 58.78580628131609, 11896256689083.574], "unrealized_pnl_2": [349472, 51255.943978437055, 2.4095245317346276e+16], "unrealized_pnl_3": [349472, 76736.80497204576, 2.671160437880099e+17], "unrealized_pnl_4": [349472, 251.17459230454, 12728985367226.982], "unrealized_pnl_5": [349472, 13342.372360180954, 4156639938758119.5], "unrealized_pnl_6": [349472, 551.5872612470321, 28395799646811.895], "unrealized_pnl_7": [349472, 47.35761290783877, 1858698320562.3374], "unrealized_pnl_8": [349472, 60.05531753316917, 2118368158440.3472], "unrealized_pnl_9": [349472, 3370.2617510761615, 657834084199889.5], "margin_usage_ratio": [349472, 0.004381620221784894, 23.704741373610037]}, "pcr_min_ew": 0.9904570058761772, "pcr_max_ew": 0.9999999999999674}