{"r_count": 382981.0001, "r_mean": 0.004363434750921765, "r_var": 668.4204344373597, "tanh_k": 2.0, "feature_welford": {"unrealized_pnl": [382982, 103533.46534020423, 1.591380261651366e+17], "realized_pnl": [382982, 69439.16361431505, 2.3332674430982723e+17], "compounded_returns": [382982, 26762.78106807653, 183961447016688.1], "balance": [382982, 51835963.79479962, 7.045954705818029e+20], "position_value": [382982, 476475.98604596936, 2.5908020517326384e+17], "current_position_size": [382982, 2381782.1194572095, 6.47746600908385e+18], "last_log_ret": [382982, 0.00983934946007544, 556.152298900273], "sortino_ratio": [382982, 5.0242039850685725, 16665425630.318989], "rolling_pnl_sigma": [382982, 0.016592917326722585, 272.6102887374407], "portfolio_cash_ratio": [382982, 0.8863767698222246, 19052.17099661761], "free_collateral": [382982, 52375257.22255982, 7.01883048405144e+20], "mm_reqs": [382982, 40968.41893391712, 9884309055370636.0], "unrealized_pnl_0": [382982, 15.80578063514939, 845332418990.0819], "unrealized_pnl_1": [382982, 54.905061487066675, 12059533550217.88], "unrealized_pnl_2": [382982, 56346.621982018245, 3.1551219190821296e+16], "unrealized_pnl_3": [382982, 81612.51951695616, 3.141209843971193e+17], "unrealized_pnl_4": [382982, 249.67017295942412, 12946078929379.41], "unrealized_pnl_5": [382982, 14610.845342049284, 4801232923879257.0], "unrealized_pnl_6": [382982, 545.066113375906, 30073718839165.855], "unrealized_pnl_7": [382982, 41.20192063717347, 2047140781395.791], "unrealized_pnl_8": [382982, 58.98414919757654, 2173969681145.9734], "unrealized_pnl_9": [382982, 3516.5433590929333, 748844162893972.8], "margin_usage_ratio": [382982, 0.0043083589627224625, 25.54699604691823]}, "pcr_min_ew": 0.9903186038072185, "pcr_max_ew": 0.9999999999999766}