{"r_count": 390800.0001, "r_mean": 0.004411009899261085, "r_var": 678.068743907738, "tanh_k": 2.0, "feature_welford": {"unrealized_pnl": [390801, 105703.91666778729, 1.6623137615942586e+17], "realized_pnl": [390801, 70279.33455628487, 2.4191325612664253e+17], "compounded_returns": [390801, 27085.8937579873, 192058236113923.03], "balance": [390801, 52444990.3631347, 7.35180760125162e+20], "position_value": [390801, 481184.529318133, 2.6850698215879478e+17], "current_position_size": [390801, 2405330.266784895, 6.713154968128203e+18], "last_log_ret": [390801, 0.009852976969864247, 565.6291902861309], "sortino_ratio": [390801, 5.10767483484962, 17194156946.97758], "rolling_pnl_sigma": [390801, 0.01652820399518944, 276.2664270670114], "portfolio_cash_ratio": [390801, 0.8867871099975065, 19375.06095730385], "free_collateral": [390801, 52990550.32445561, 7.323942112767721e+20], "mm_reqs": [390801, 41581.304203985084, 1.0353770501530816e+16], "unrealized_pnl_0": [390801, 16.145105746613318, 849653475584.8649], "unrealized_pnl_1": [390801, 53.84459602751065, 12065120906328.469], "unrealized_pnl_2": [390801, 57450.19351621229, 3.3415898671728564e+16], "unrealized_pnl_3": [390801, 82790.02370677427, 3.263845836181423e+17], "unrealized_pnl_4": [390801, 249.9693202060757, 12998785562582.389], "unrealized_pnl_5": [390801, 14947.478977820207, 4984977206147444.0], "unrealized_pnl_6": [390801, 545.4192442150193, 30818661837232.715], "unrealized_pnl_7": [390801, 40.129559580203626, 2070581743523.8743], "unrealized_pnl_8": [390801, 59.88009523254793, 2192463777518.2969], "unrealized_pnl_9": [390801, 3576.022988240094, 768697336997596.6], "margin_usage_ratio": [390801, 0.00429453833570017, 25.98560030085613]}, "pcr_min_ew": 0.9949139193418515, "pcr_max_ew": 0.9999757340346582}