{"r_count": 299206.0001, "r_mean": 0.003808297673093976, "r_var": 562.6806930339767, "tanh_k": 2.0, "feature_welford": {"unrealized_pnl": [299207, 83469.77723902832, 9.310591615292158e+16], "realized_pnl": [299207, 59083.96510935063, 1.443342461340308e+17], "compounded_returns": [299207, 22968.911664096857, 106147316323700.05], "balance": [299207, 44515457.746214226, 4.030085936361454e+20], "position_value": [299207, 432835.14339498885, 1.7756164900261296e+17], "current_position_size": [299207, 2163641.865573096, 4.4393263811857224e+18], "last_log_ret": [299207, 0.009663216120299046, 452.9781913411512], "sortino_ratio": [299207, 4.601824446050878, 14102964248.852264], "rolling_pnl_sigma": [299207, 0.01743369454551524, 231.38130480510497], "portfolio_cash_ratio": [299207, 0.8806206846360962, 15584.870470124873], "free_collateral": [299207, 44995782.76349009, 4.012849332573926e+20], "mm_reqs": [299207, 36198.315709848925, 6192894334759030.0], "unrealized_pnl_0": [299207, 17.40523756615635, 813390177391.7438], "unrealized_pnl_1": [299207, 66.47356636780648, 10458339465439.285], "unrealized_pnl_2": [299207, 44302.1740065662, 1.6577478369581656e+16], "unrealized_pnl_3": [299207, 69035.03556308121, 1.928669433808701e+17], "unrealized_pnl_4": [299207, 251.46711339531026, 11978162331804.633], "unrealized_pnl_5": [299207, 11841.517310013476, 3230313653296098.0], "unrealized_pnl_6": [299207, 550.6934677201597, 25069089506797.273], "unrealized_pnl_7": [299207, 50.97052553788007, 1655764284826.23], "unrealized_pnl_8": [299207, 61.48642784543001, 1951498884651.41], "unrealized_pnl_9": [299207, 3169.1132499076443, 531910332519209.75], "margin_usage_ratio": [299207, 0.004531216601325975, 20.926210734267606]}, "pcr_min_ew": 0.9876179010662085, "pcr_max_ew": 0.9999999999999691}