{"r_count": 114241.0001, "r_mean": 0.003033922419980589, "r_var": 352.4088960144302, "tanh_k": 2.0, "feature_welford": {"unrealized_pnl": [114242, 42370.94320178886, 1.4990094915032166e+16], "realized_pnl": [114242, 34962.11778504382, 2.279486445617529e+16], "compounded_returns": [114242, 13165.182958654308, 14818154585559.727], "balance": [114242, 26686800.378805116, 5.636986821603772e+19], "position_value": [114242, 349518.4076917473, 4.66246502010801e+16], "current_position_size": [114242, 1746784.8263267626, 1.1656507206579587e+18], "last_log_ret": [114242, 0.009006109068870836, 230.36981912562706], "sortino_ratio": [114242, 7.621567430861046, 78455904167.12459], "rolling_pnl_sigma": [114242, 0.022459914373224255, 132.6260831277006], "portfolio_cash_ratio": [114242, 0.8462389167189494, 7472.04494620112], "free_collateral": [114242, 27052535.112564296, 5.611618082322401e+19], "mm_reqs": [114242, 26415.30240177299, 1042581345348981.8], "unrealized_pnl_0": [114242, 55.15782071166878, 787491557604.3755], "unrealized_pnl_1": [114242, 90.64662121119572, 6178131243043.804], "unrealized_pnl_2": [114242, 15451.915032456976, 1385433578046314.2], "unrealized_pnl_3": [114242, 41177.37149564765, 3.017033810647442e+16], "unrealized_pnl_4": [114242, 234.42791062895418, 5251414963581.037], "unrealized_pnl_5": [114242, 8908.297484769175, 1107541230822136.6], "unrealized_pnl_6": [114242, 477.85708727303313, 11873925539812.562], "unrealized_pnl_7": [114242, 77.0215727293707, 1437673703213.529], "unrealized_pnl_8": [114242, 95.26822516028554, 1223456823675.621], "unrealized_pnl_9": [114242, 2411.6848838253654, 200436733211637.16], "margin_usage_ratio": [114242, 0.005849220968134559, 10.177871592606506]}, "pcr_min_ew": 0.9876898235812237, "pcr_max_ew": 0.9998404072595168}