{"r_count": 156033.0001, "r_mean": 0.0030306936161689714, "r_var": 437.2475922579989, "tanh_k": 2.0, "feature_welford": {"unrealized_pnl": [156034, 52202.402526829355, 2.6255364012715524e+16], "realized_pnl": [156034, 39751.91775685913, 3.979825732701023e+16], "compounded_returns": [156034, 15668.42176828146, 26194069092573.953], "balance": [156034, 30768226.302194472, 9.774008541201411e+19], "position_value": [156034, 361406.6863696206, 7.186736143087064e+16], "current_position_size": [156034, 1806441.1086406414, 1.7967382896151043e+18], "last_log_ret": [156034, 0.009145906672150105, 300.76853294908864], "sortino_ratio": [156034, 3.133556211433234, 789537241.8328974], "rolling_pnl_sigma": [156034, 0.020001993861061773, 158.0856723203398], "portfolio_cash_ratio": [156034, 0.8611717397470838, 9459.413457669758], "free_collateral": [156034, 31153409.927437574, 9.726429233653909e+19], "mm_reqs": [156034, 28587.213778769845, 1906388588315554.0], "unrealized_pnl_0": [156034, 36.10729032981293, 710389066551.276], "unrealized_pnl_1": [156034, 120.23094651476978, 6993070114873.462], "unrealized_pnl_2": [156034, 22622.810800083837, 3196438409061750.0], "unrealized_pnl_3": [156034, 48051.2440065383, 5.494704112667858e+16], "unrealized_pnl_4": [156034, 286.75177291026876, 6404904229673.503], "unrealized_pnl_5": [156034, 9225.54725485209, 1646549534879989.8], "unrealized_pnl_6": [156034, 529.0701568576267, 15321367874456.457], "unrealized_pnl_7": [156034, 49.58322194102663, 1146798513616.1296], "unrealized_pnl_8": [156034, 65.10471252228871, 1431332378128.1099], "unrealized_pnl_9": [156034, 2440.0413571142594, 230943635601108.34], "margin_usage_ratio": [156034, 0.005203762085530604, 12.240807044252469]}, "pcr_min_ew": 0.9919724796518854, "pcr_max_ew": 0.9999999999999606}