{"r_count": 152447.0001, "r_mean": 0.0029704518474112825, "r_var": 392.2138821568281, "tanh_k": 2.0, "feature_welford": {"unrealized_pnl": [152448, 48658.91295496125, 2.3403330801754532e+16], "realized_pnl": [152448, 40089.99968616217, 3.747410087514259e+16], "compounded_returns": [152448, 15381.914112817334, 25169656229566.438], "balance": [152448, 30657930.528021485, 9.39525757800514e+19], "position_value": [152448, 352947.453392907, 6.7690411267201656e+16], "current_position_size": [152448, 1764194.9760108439, 1.6923125704418388e+18], "last_log_ret": [152448, 0.009136121484808333, 272.56540117205304], "sortino_ratio": [152448, 5.1598990191523235, 8833820716.8799], "rolling_pnl_sigma": [152448, 0.020461180005685135, 154.37993016402916], "portfolio_cash_ratio": [152448, 0.857089209715341, 9537.268060618786], "free_collateral": [152448, 31031965.265423194, 9.349801319133061e+19], "mm_reqs": [152448, 27742.898588863383, 1738288512624741.8], "unrealized_pnl_0": [152448, 36.4061375896264, 676784529583.0786], "unrealized_pnl_1": [152448, 81.04100068296721, 8414612583186.646], "unrealized_pnl_2": [152448, 21070.51908607502, 2717350580304975.0], "unrealized_pnl_3": [152448, 45310.1810276814, 4.941017333332579e+16], "unrealized_pnl_4": [152448, 263.9769255368409, 5665740256083.976], "unrealized_pnl_5": [152448, 9695.118812264229, 1513587110933494.8], "unrealized_pnl_6": [152448, 578.7595236086122, 15936478929241.336], "unrealized_pnl_7": [152448, 64.9045282430717, 1504111323391.1282], "unrealized_pnl_8": [152448, 61.685556401670915, 1466616403753.6523], "unrealized_pnl_9": [152448, 2562.8272683335103, 297974623931352.75], "margin_usage_ratio": [152448, 0.00534087291668822, 12.401847919660785]}, "pcr_min_ew": 0.9886703432013114, "pcr_max_ew": 0.9999999999999939}