{"r_count": 318652.0001, "r_mean": 0.003917151831417127, "r_var": 618.1184581651962, "tanh_k": 2.0, "feature_welford": {"unrealized_pnl": [318653, 89900.82710654363, 1.1486785442636224e+17], "realized_pnl": [318653, 62287.84355921148, 1.7199205775706765e+17], "compounded_returns": [318653, 24077.264366047224, 122416841224053.31], "balance": [318653, 46801118.878107764, 4.6773297629819804e+20], "position_value": [318653, 441372.3445921584, 1.9252818574790646e+17], "current_position_size": [318653, 2206183.6320476434, 4.813517876230138e+18], "last_log_ret": [318653, 0.009752881801009744, 481.2977734843738], "sortino_ratio": [318653, 6.90282547042884, 93752810846.76369], "rolling_pnl_sigma": [318653, 0.017107357510023576, 244.2063677433182], "portfolio_cash_ratio": [318653, 0.8846175889101414, 16092.26700981481], "free_collateral": [318653, 47295783.00095126, 4.6571817729256194e+20], "mm_reqs": [318653, 36897.102193594765, 6653100538815847.0], "unrealized_pnl_0": [318653, 23.942711993682234, 1024897435300.7925], "unrealized_pnl_1": [318653, 46.16087562828447, 14828172174791.809], "unrealized_pnl_2": [318653, 46330.62945627226, 1.856236242895625e+16], "unrealized_pnl_3": [318653, 75456.25567178946, 2.42209608671099e+17], "unrealized_pnl_4": [318653, 264.2191501249589, 8474369831974.157], "unrealized_pnl_5": [318653, 12399.851530634633, 3527411314296680.0], "unrealized_pnl_6": [318653, 477.24626055967326, 25660478391534.89], "unrealized_pnl_7": [318653, 55.93690660572042, 2124004763914.019], "unrealized_pnl_8": [318653, 68.18948086431982, 1953817836322.199], "unrealized_pnl_9": [318653, 3249.3953063470194, 602931637801756.9], "margin_usage_ratio": [318653, 0.004370653559703519, 21.65933000336416]}, "pcr_min_ew": 0.9925118273102049, "pcr_max_ew": 0.9999999999999742}