{"r_count": 366029.0001, "r_mean": 0.004208483766083968, "r_var": 708.7684922806029, "tanh_k": 2.0, "feature_welford": {"unrealized_pnl": [366030, 103089.97972379324, 1.5841245086505008e+17], "realized_pnl": [366030, 68265.50609759112, 2.2782647162253866e+17], "compounded_returns": [366030, 26496.561192328572, 170838447588226.97], "balance": [366030, 51414418.854798235, 6.576440566696262e+20], "position_value": [366030, 468513.45729057456, 2.4743119533053997e+17], "current_position_size": [366030, 2341885.859115059, 6.186210608043549e+18], "last_log_ret": [366030, 0.009812831529508306, 560.0860577997557], "sortino_ratio": [366030, 5.0888291077246315, 5361547673.895009], "rolling_pnl_sigma": [366030, 0.016508814205328244, 267.89985200650244], "portfolio_cash_ratio": [366030, 0.8871910740995729, 18183.70743881043], "free_collateral": [366030, 51945739.08914653, 6.550661626552615e+20], "mm_reqs": [366030, 40504.70054743561, 9535127210121920.0], "unrealized_pnl_0": [366030, 20.516501138565626, 951729575071.419], "unrealized_pnl_1": [366030, 73.48079880632535, 11668632770031.068], "unrealized_pnl_2": [366030, 55000.70197066591, 2.895169219636393e+16], "unrealized_pnl_3": [366030, 83172.997162906, 3.150696370515521e+17], "unrealized_pnl_4": [366030, 267.10977887848077, 8866113699494.21], "unrealized_pnl_5": [366030, 13468.953641948137, 4468579156001977.5], "unrealized_pnl_6": [366030, 475.35723878194574, 26551772586493.42], "unrealized_pnl_7": [366030, 52.140905361689285, 1904603986848.7896], "unrealized_pnl_8": [366030, 57.865144957022586, 2460175078921.352], "unrealized_pnl_9": [366030, 3421.3415261062746, 695850060534103.5], "margin_usage_ratio": [366030, 0.004240578304886599, 23.94812139244885]}, "pcr_min_ew": 0.9915234027961207, "pcr_max_ew": 1.0000000000000187}