{"r_count": 48998.000100000005, "r_mean": 0.0030638437971868674, "r_var": 234.4019316243555, "tanh_k": 2.0, "feature_welford": {"unrealized_pnl": [48999, 20913.18923097822, 2668951334910753.5], "realized_pnl": [48999, 19597.420310145368, 4089892132524162.5], "compounded_returns": [48999, 6368.622357365415, 2433745183842.165], "balance": [48999, 14985332.057742357, 1.1383037505112082e+19], "position_value": [48999, 353046.62438369077, 1.8221900173282224e+16], "current_position_size": [48999, 1764482.5633497902, 4.5558769461043424e+17], "last_log_ret": [48999, 0.007829017640463877, 145.1424680406556], "sortino_ratio": [48999, 0.8714181966127804, 750782.0954160668], "rolling_pnl_sigma": [48999, 0.032604079311306676, 81.58125399995392], "portfolio_cash_ratio": [48999, 0.7588141577742417, 4296.558613975014], "free_collateral": [48999, 15334905.410588607, 1.1424317748891638e+19], "mm_reqs": [48999, 24561.825188808318, 250290330851853.2], "unrealized_pnl_0": [48999, 49.38755692356632, 501450483369.4243], "unrealized_pnl_1": [48999, 152.49902909802918, 3738259621006.0796], "unrealized_pnl_2": [48999, 4672.839684627685, 215885589000165.8], "unrealized_pnl_3": [48999, 22904.152021599584, 5296284347519219.0], "unrealized_pnl_4": [48999, 196.97238768784516, 3743985016906.8745], "unrealized_pnl_5": [48999, 6889.789995130325, 352613362387292.8], "unrealized_pnl_6": [48999, 596.5792625463164, 6899648945291.201], "unrealized_pnl_7": [48999, 97.68409020699283, 889831932036.0632], "unrealized_pnl_8": [48999, 97.5680124218013, 808194412973.331], "unrealized_pnl_9": [48999, 1463.521819866365, 53866226295727.29], "margin_usage_ratio": [48999, 0.009137142243492205, 5.806934968579709]}, "pcr_min_ew": 0.9796463864870623, "pcr_max_ew": 0.9999999999999603}