{"r_count": 235994.0001, "r_mean": 0.003384964535551134, "r_var": 511.56756771676686, "tanh_k": 2.0, "feature_welford": {"unrealized_pnl": [235995, 70476.84900987847, 6.120595953491444e+16], "realized_pnl": [235995, 51964.91455758188, 9.54185026552697e+16], "compounded_returns": [235995, 20209.679333502372, 65547372736816.66], "balance": [235995, 39380362.988862135, 2.4652317149423724e+20], "position_value": [235995, 398262.26565494324, 1.2560093096357406e+17], "current_position_size": [235995, 1990664.213282314, 3.1401816806657234e+18], "last_log_ret": [235995, 0.009548561764747809, 378.87114246647275], "sortino_ratio": [235995, 7.508201988733509, 93422077339.53217], "rolling_pnl_sigma": [235995, 0.018250918455966596, 201.64681322253503], "portfolio_cash_ratio": [235995, 0.8767232556888509, 12691.456672694665], "free_collateral": [235995, 39816508.303604834, 2.453565360478716e+20], "mm_reqs": [235995, 32870.277099823456, 4119911305916201.5], "unrealized_pnl_0": [235995, 30.644041825878606, 942523402936.1991], "unrealized_pnl_1": [235995, 44.5281384465806, 12682518473313.299], "unrealized_pnl_2": [235995, 33674.168394440385, 8240415256092412.0], "unrealized_pnl_3": [235995, 62344.93608678265, 1.3108016897958806e+17], "unrealized_pnl_4": [235995, 261.2681919361716, 7344314243639.323], "unrealized_pnl_5": [235995, 10644.195933721014, 2488580634886057.0], "unrealized_pnl_6": [235995, 486.3318214532044, 21160613500262.184], "unrealized_pnl_7": [235995, 63.10631746181235, 1924375510067.1467], "unrealized_pnl_8": [235995, 75.8121587790625, 1703191452982.5005], "unrealized_pnl_9": [235995, 2968.2350278684485, 442962459292587.3], "margin_usage_ratio": [235995, 0.004687477788551929, 17.207196064837746]}, "pcr_min_ew": 0.9905354314926526, "pcr_max_ew": 1.0000000000000437}