{"r_count": 141512.0001, "r_mean": 0.0030202136964125677, "r_var": 418.1103681900936, "tanh_k": 2.0, "feature_welford": {"unrealized_pnl": [141513, 48843.26293390056, 2.2567228932769308e+16], "realized_pnl": [141513, 37520.409377068936, 3.3589362489099292e+16], "compounded_returns": [141513, 14762.183040990676, 21293516807347.918], "balance": [141513, 29138245.91457853, 7.978640425012308e+19], "position_value": [141513, 357282.3943221873, 6.293159953073884e+16], "current_position_size": [141513, 1785796.9144976514, 1.5733309398035973e+18], "last_log_ret": [141513, 0.009060028865119151, 283.0890950354324], "sortino_ratio": [141513, 2.8019909506210254, 576576868.9401685], "rolling_pnl_sigma": [141513, 0.020568333066914603, 149.68993744856164], "portfolio_cash_ratio": [141513, 0.8566848241944962, 8814.81907475471], "free_collateral": [141513, 29516709.578991428, 7.9425676552723e+19], "mm_reqs": [141513, 27800.088497507706, 1556970373889478.2], "unrealized_pnl_0": [141513, 38.71388446815212, 705922578887.9425], "unrealized_pnl_1": [141513, 122.23491867966082, 6711854248221.363], "unrealized_pnl_2": [141513, 20290.80894551806, 2470712513454000.0], "unrealized_pnl_3": [141513, 45819.96369791129, 4.681468297693346e+16], "unrealized_pnl_4": [141513, 281.2956662598468, 6215421260192.742], "unrealized_pnl_5": [141513, 8895.179919596609, 1490814538253205.0], "unrealized_pnl_6": [141513, 525.3858326402428, 14273313710047.557], "unrealized_pnl_7": [141513, 48.295373203480146, 1125194017130.3584], "unrealized_pnl_8": [141513, 66.81397944957247, 1406611766235.4814], "unrealized_pnl_9": [141513, 2333.542151575972, 203517893131142.16], "margin_usage_ratio": [141513, 0.0053643263980383835, 11.371697387740575]}, "pcr_min_ew": 0.9890159393390506, "pcr_max_ew": 0.9999999999999367}