{"r_count": 52349.000100000005, "r_mean": 0.0030659456162932487, "r_var": 238.87155755654754, "tanh_k": 2.0, "feature_welford": {"unrealized_pnl": [52350, 22291.94640930752, 3136143006274016.0], "realized_pnl": [52350, 20769.933156623993, 4944834939385401.0], "compounded_returns": [52350, 6966.114794143228, 3053812004752.8555], "balance": [52350, 15945879.546385186, 1.3401210306134102e+19], "position_value": [52350, 349994.0989177675, 1.9292030417283812e+16], "current_position_size": [52350, 1749267.9803709511, 4.8233982986171264e+17], "last_log_ret": [52350, 0.007940807435049983, 149.28258980219547], "sortino_ratio": [52350, 1.0650670525509223, 5239826.094973954], "rolling_pnl_sigma": [52350, 0.03153635448831283, 84.57101441407316], "portfolio_cash_ratio": [52350, 0.7676950985409058, 4502.164883750772], "free_collateral": [52350, 16293925.320615267, 1.3430680117820416e+19], "mm_reqs": [52350, 24408.581626126885, 274140124452631.62], "unrealized_pnl_0": [52350, 45.01514884390918, 508000156960.6392], "unrealized_pnl_1": [52350, 181.19084451600222, 3980867133679.246], "unrealized_pnl_2": [52350, 5402.711951562288, 241689823954807.06], "unrealized_pnl_3": [52350, 24454.33999227945, 6542085603514877.0], "unrealized_pnl_4": [52350, 188.37596815467765, 3914645276617.7305], "unrealized_pnl_5": [52350, 6915.150861745782, 371854314431704.3], "unrealized_pnl_6": [52350, 620.1980322528086, 7439105748148.149], "unrealized_pnl_7": [52350, 94.61321741817012, 897958907901.7076], "unrealized_pnl_8": [52350, 111.5337914299323, 928581524153.121], "unrealized_pnl_9": [52350, 1614.4914131019304, 59758027083202.42], "margin_usage_ratio": [52350, 0.008799528364274663, 6.081884227390601]}, "pcr_min_ew": 0.9831212875121528, "pcr_max_ew": 0.9999999999999897}