{"r_count": 70678.0001, "r_mean": 0.003005375035732098, "r_var": 294.0190172179338, "tanh_k": 2.0, "feature_welford": {"unrealized_pnl": [70679, 31830.020090984668, 7332329910850311.0], "realized_pnl": [70679, 27812.60021547265, 1.0051074986312754e+16], "compounded_returns": [70679, 9838.611252641285, 6402227106257.363], "balance": [70679, 21235023.352073412, 2.6142512342515864e+19], "position_value": [70679, 344128.43935573736, 2.656616495227306e+16], "current_position_size": [70679, 1719688.7133582404, 6.641637202582775e+17], "last_log_ret": [70679, 0.008559581674626128, 176.24714101654823], "sortino_ratio": [70679, 1.404203846558284, 21801897.511959765], "rolling_pnl_sigma": [70679, 0.02700928604156557, 102.73476821514241], "portfolio_cash_ratio": [70679, 0.8116994891166607, 5357.9125753791195], "free_collateral": [70679, 21586328.068825584, 2.608722023418987e+19], "mm_reqs": [70679, 24974.328494004443, 502628763494925.4], "unrealized_pnl_0": [70679, 75.62163950495746, 732113181531.6652], "unrealized_pnl_1": [70679, 83.4006697265861, 5102544029697.285], "unrealized_pnl_2": [70679, 8603.214328603946, 414962778728194.9], "unrealized_pnl_3": [70679, 34117.07123759363, 1.3899288823159368e+16], "unrealized_pnl_4": [70679, 205.06140849680907, 4092805393659.057], "unrealized_pnl_5": [70679, 7517.393877419575, 583757604818120.0], "unrealized_pnl_6": [70679, 445.1120836926353, 9150199140814.89], "unrealized_pnl_7": [70679, 92.63434634263064, 1050873183057.5259], "unrealized_pnl_8": [70679, 107.96102646750438, 959698715961.6483], "unrealized_pnl_9": [70679, 2269.04608456958, 127940762175988.23], "margin_usage_ratio": [70679, 0.007169997476383904, 7.43276578065519]}, "pcr_min_ew": 0.9899902369418033, "pcr_max_ew": 0.9999999999999757}