{"r_count": 7486.0001, "r_mean": -0.005831066398446835, "r_var": 134.0609646806287, "tanh_k": 2.0, "feature_welford": {"unrealized_pnl": [7487, 209.0989752299367, 180833569297.31808], "realized_pnl": [7487, -40.22124093180356, 286510917809.2641], "compounded_returns": [7487, 1.0691110656088272, 20711.9403692835], "balance": [7487, 11694.082015830561, 11594034216824.117], "position_value": [7487, 20264.17225390068, 27018505016016.348], "current_position_size": [7487, 101281.1915045941, 675484861805498.5], "last_log_ret": [7487, -0.00015844061401449518, 68.80568367284171], "sortino_ratio": [7487, 0.1555079582217693, 1589.7361775947707], "rolling_pnl_sigma": [7487, 0.07609037560497513, 23.469808828079163], "portfolio_cash_ratio": [7487, 0.3386911058358789, 226.5658673432768], "free_collateral": [7487, 31154.503002085083, 61383359748253.78], "mm_reqs": [7487, 1020.4901892012443, 99248399446.25516], "unrealized_pnl_0": [7487, 30.820699351907727, 48411497657.4646], "unrealized_pnl_1": [7487, 22.43012690750302, 28033450163.11457], "unrealized_pnl_2": [7487, -3.1174001557259734, 17259373681.015446], "unrealized_pnl_3": [7487, 47.57576156019768, 71639871287.02303], "unrealized_pnl_4": [7487, 35.599175963643454, 117912523444.91707], "unrealized_pnl_5": [7487, 52.62570471898592, 42396612805.229385], "unrealized_pnl_6": [7487, 86.87153502197853, 44095069205.909706], "unrealized_pnl_7": [7487, 24.755384947748983, 66556160380.92279], "unrealized_pnl_8": [7487, -20.737108444867392, 52147738251.8835], "unrealized_pnl_9": [7487, -20.49505200686122, 86594251986.06543], "margin_usage_ratio": [7487, 0.01986348820551259, 0.41241455393734194]}, "pcr_min_ew": 0.07949073452655304, "pcr_max_ew": 0.7553584037447192}