{"r_count": 40062.000100000005, "r_mean": 0.0029370964938167012, "r_var": 221.60010713395366, "tanh_k": 2.0, "feature_welford": {"unrealized_pnl": [40063, 17720.655564379107, 1778335898279740.5], "realized_pnl": [40063, 16539.776256789366, 2678211464504216.0], "compounded_returns": [40063, 4946.829282984181, 1358448875833.4429], "balance": [40063, 12632828.688976938, 7.522383123510013e+18], "position_value": [40063, 352202.39274136914, 1.4494960749603026e+16], "current_position_size": [40063, 1760312.6775399698, 3.624063475214196e+17], "last_log_ret": [40063, 0.0074698390544391275, 133.08664991437536], "sortino_ratio": [40063, 0.6933954708075885, 126154.56676108512], "rolling_pnl_sigma": [40063, 0.035956483370405315, 72.5864574125129], "portfolio_cash_ratio": [40063, 0.7292679174070599, 3706.5663842404206], "free_collateral": [40063, 12979079.112049941, 7.572389155767006e+18], "mm_reqs": [40063, 23854.94086049785, 163834866717227.53], "unrealized_pnl_0": [40063, 53.75525514848844, 479633143266.9322], "unrealized_pnl_1": [40063, 168.72473271442595, 3394380954453.195], "unrealized_pnl_2": [40063, 3632.1983283430895, 145054519862692.44], "unrealized_pnl_3": [40063, 18928.535123110665, 3524572943465637.0], "unrealized_pnl_4": [40063, 191.29844093822945, 3586541059573.684], "unrealized_pnl_5": [40063, 6363.668088248198, 283683136740804.75], "unrealized_pnl_6": [40063, 585.7567953149074, 6093262025801.325], "unrealized_pnl_7": [40063, 75.78199902867749, 735373199358.9198], "unrealized_pnl_8": [40063, 117.3815886514638, 728550368645.173], "unrealized_pnl_9": [40063, 1302.6909420759139, 43087728821681.1], "margin_usage_ratio": [40063, 0.01020898898434417, 5.002983820341515]}, "pcr_min_ew": 0.9805118547610286, "pcr_max_ew": 0.9999992602937062}