{"r_count": 373613.0001, "r_mean": 0.004244145688477316, "r_var": 678.2161421348806, "tanh_k": 2.0, "feature_welford": {"unrealized_pnl": [373614, 103447.25972005987, 1.6363821819075126e+17], "realized_pnl": [373614, 69148.779480242, 2.3688056418529258e+17], "compounded_returns": [373614, 26627.615025071358, 176001327141712.12], "balance": [373614, 51855603.97284494, 6.759109193514586e+20], "position_value": [373614, 468656.92305048625, 2.515102534398655e+17], "current_position_size": [373614, 2342706.2450732584, 6.288168074790224e+18], "last_log_ret": [373614, 0.009827613448727247, 545.811891058359], "sortino_ratio": [373614, 19.349949212564564, 1048501420267.102], "rolling_pnl_sigma": [373614, 0.016588750523099195, 270.2918703266432], "portfolio_cash_ratio": [373614, 0.8862503494892096, 18781.457667330673], "free_collateral": [373614, 52387451.35283704, 6.732045943897471e+20], "mm_reqs": [373614, 40525.13124826412, 9672639747207162.0], "unrealized_pnl_0": [373614, 19.308055982304626, 885761388937.887], "unrealized_pnl_1": [373614, 27.777652817291116, 15741006503276.1], "unrealized_pnl_2": [373614, 55167.29902099944, 2.9628656809278884e+16], "unrealized_pnl_3": [373614, 82428.09715304841, 3.2331590205957715e+17], "unrealized_pnl_4": [373614, 258.1822812506725, 9576884715578.275], "unrealized_pnl_5": [373614, 14449.905805580009, 4667606193266106.0], "unrealized_pnl_6": [373614, 539.219765544951, 28401496576326.348], "unrealized_pnl_7": [373614, 54.55634509025481, 2192980736328.8364], "unrealized_pnl_8": [373614, 53.943615166639006, 2045224342708.5842], "unrealized_pnl_9": [373614, 3482.652104623649, 780060667448839.9], "margin_usage_ratio": [373614, 0.004274116951974662, 24.844192294767975]}, "pcr_min_ew": 0.9921678254334064, "pcr_max_ew": 0.9997352304525565}