{"r_count": 63933.000100000005, "r_mean": 0.002494144189625886, "r_var": 241.0696600101886, "tanh_k": 2.0, "feature_welford": {"unrealized_pnl": [63934, 29642.13619269704, 6429093893541673.0], "realized_pnl": [63934, 26563.375951495374, 9407951350741868.0], "compounded_returns": [63934, 9363.397824071923, 5365532690621.374], "balance": [63934, 20498880.248043567, 2.229534985584837e+19], "position_value": [63934, 315928.26002785243, 2.4533337880246904e+16], "current_position_size": [63934, 1578685.5974147145, 6.132347118499087e+17], "last_log_ret": [63934, 0.008033695052066447, 169.73858946670913], "sortino_ratio": [63934, 1.0827602928501627, 868253.8209968605], "rolling_pnl_sigma": [63934, 0.028766501523255734, 100.47704636049308], "portfolio_cash_ratio": [63934, 0.7886069369183698, 5523.803180567535], "free_collateral": [63934, 20820902.73758612, 2.2328320098315956e+19], "mm_reqs": [63934, 23711.558464117938, 456604433689942.75], "unrealized_pnl_0": [63934, -7.07126287719447, 381399049830.65045], "unrealized_pnl_1": [63934, 123.46691985071, 3901051428094.148], "unrealized_pnl_2": [63934, 7122.195035338215, 376360878439956.4], "unrealized_pnl_3": [63934, 32551.628413891453, 1.1917166553119432e+16], "unrealized_pnl_4": [63934, 226.87186505307903, 2933495502111.0903], "unrealized_pnl_5": [63934, 6617.336508776761, 505570809251636.0], "unrealized_pnl_6": [63934, 488.06391572820155, 8241706254966.196], "unrealized_pnl_7": [63934, 66.93765375376464, 948005862129.78], "unrealized_pnl_8": [63934, 89.91049348091775, 1060799779176.823], "unrealized_pnl_9": [63934, 2066.619893724843, 93550164530168.72], "margin_usage_ratio": [63934, 0.007256075352375128, 5.865806697729826]}, "pcr_min_ew": 0.9846634941046113, "pcr_max_ew": 1.000000000000005}