{"r_count": 372268.0001, "r_mean": 0.004283654567837861, "r_var": 685.2492645199753, "tanh_k": 2.0, "feature_welford": {"unrealized_pnl": [372269, 103193.80578828111, 1.5655319898946858e+17], "realized_pnl": [372269, 68921.83137652793, 2.2515043953218726e+17], "compounded_returns": [372269, 26534.195065583066, 174132854190627.4], "balance": [372269, 51478290.311639965, 6.65698662634963e+20], "position_value": [372269, 470899.8715661166, 2.464217709573548e+17], "current_position_size": [372269, 2353809.5990899852, 6.161005361520725e+18], "last_log_ret": [372269, 0.009858564108473236, 546.843776495875], "sortino_ratio": [372269, 6.8988112749488, 94192508270.736], "rolling_pnl_sigma": [372269, 0.016595805276160443, 270.1847737011121], "portfolio_cash_ratio": [372269, 0.8877489712830213, 18318.037301012457], "free_collateral": [372269, 52012612.51243057, 6.630028243738873e+20], "mm_reqs": [372269, 40064.482061992145, 8928387840739148.0], "unrealized_pnl_0": [372269, 21.240314382512384, 1067485018887.365], "unrealized_pnl_1": [372269, 37.513145977694904, 16934130869364.096], "unrealized_pnl_2": [372269, 54966.963009870575, 2.9543210754053852e+16], "unrealized_pnl_3": [372269, 83195.79428562375, 3.173027868315406e+17], "unrealized_pnl_4": [372269, 258.0429663622327, 9733797490940.744], "unrealized_pnl_5": [372269, 14212.52904515244, 4527937703361156.0], "unrealized_pnl_6": [372269, 481.749474618053, 28302030824698.516], "unrealized_pnl_7": [372269, 51.129615690161565, 2252703201866.9556], "unrealized_pnl_8": [372269, 64.60535226750336, 2028620962491.3196], "unrealized_pnl_9": [372269, 3544.4605561111575, 749596895696132.5], "margin_usage_ratio": [372269, 0.004247675637688249, 24.564008524515735]}, "pcr_min_ew": 0.9949237325413995, "pcr_max_ew": 0.9999137645919528}