{"r_count": 3358.0001, "r_mean": -0.009316798683315308, "r_var": 68.149583296323, "tanh_k": 2.0, "feature_welford": {"unrealized_pnl": [3359, 11.017010060584635, 186354623.07620475], "realized_pnl": [3359, 7.086565625025718, 264967215.1063841], "compounded_returns": [3359, 0.4624686644688769, 1472.0992018590916], "balance": [3359, 675.1575506557908, 5691237870.633242], "position_value": [3359, 1354.1311528856843, 19330299117.633884], "current_position_size": [3359, 6767.615642636673, 483354477524.6916], "last_log_ret": [3359, -0.002648822330165977, 31.452625550582557], "sortino_ratio": [3359, 0.09144016743635777, 550.4714638449648], "rolling_pnl_sigma": [3359, 0.07824619832701245, 10.788368457902656], "portfolio_cash_ratio": [3359, 0.3392680342759942, 101.51918274833922], "free_collateral": [3359, 2002.9669151323785, 38086251750.04075], "mm_reqs": [3359, 37.7947850479515, 16608005.550142966], "unrealized_pnl_0": [3359, 2.816676215422775, 57821405.388229534], "unrealized_pnl_1": [3359, 1.6381276532490066, 30775242.689658962], "unrealized_pnl_2": [3359, -0.4708853564157487, 20955005.192142613], "unrealized_pnl_3": [3359, 8.341380222926649, 119378754.38596731], "unrealized_pnl_4": [3359, 1.6197805548579403, 122701582.62764011], "unrealized_pnl_5": [3359, 2.302595924371252, 25875705.44542512], "unrealized_pnl_6": [3359, 2.4850653453028664, 36848313.563581616], "unrealized_pnl_7": [3359, 2.1553932257131776, 32183442.65781988], "unrealized_pnl_8": [3359, -1.6338016250716358, 43910982.41073683], "unrealized_pnl_9": [3359, 0.3537488874400658, 29639472.547667272], "margin_usage_ratio": [3359, 0.018133145466509546, 0.0898516369452335]}, "pcr_min_ew": 0.10160231737489635, "pcr_max_ew": 0.7453838628830944}