{"r_count": 186192.0001, "r_mean": 0.003128378335093003, "r_var": 476.5496790365556, "tanh_k": 2.0, "feature_welford": {"unrealized_pnl": [186193, 58312.095072615106, 3.622855010814828e+16], "realized_pnl": [186193, 43818.08016556157, 5.5939957058075816e+16], "compounded_returns": [186193, 17406.31738736406, 38007161474489.52], "balance": [186193, 33921985.818151504, 1.4143385678407285e+20], "position_value": [186193, 373413.2802010252, 9.121552545788872e+16], "current_position_size": [186193, 1866420.631991187, 2.2804570040563162e+18], "last_log_ret": [186193, 0.009291988323445343, 337.3398383527181], "sortino_ratio": [186193, 3.4013326048608588, 858708631.1042877], "rolling_pnl_sigma": [186193, 0.019065946542793515, 174.99001101884943], "portfolio_cash_ratio": [186193, 0.8683108316271939, 10760.848009921301], "free_collateral": [186193, 34323642.72584378, 1.4074744652414666e+20], "mm_reqs": [186193, 30235.210383403635, 2734514312164941.5], "unrealized_pnl_0": [186193, 34.478976803695545, 824941056649.1144], "unrealized_pnl_1": [186193, 108.76155090528492, 7486480981375.963], "unrealized_pnl_2": [186193, 26692.964150818985, 4626601024770781.0], "unrealized_pnl_3": [186193, 52731.08434671038, 7.795628864350837e+16], "unrealized_pnl_4": [186193, 285.6931427052827, 6853746241643.367], "unrealized_pnl_5": [186193, 9502.501455035108, 1981929980489798.5], "unrealized_pnl_6": [186193, 493.4711619847355, 18098908627604.21], "unrealized_pnl_7": [186193, 52.1020133180024, 1191430455703.5295], "unrealized_pnl_8": [186193, 66.11067104982388, 1649809407576.8005], "unrealized_pnl_9": [186193, 2721.5983584960995, 300325555620886.25], "margin_usage_ratio": [186193, 0.004946018212810171, 14.029180881250673]}, "pcr_min_ew": 0.9957916879676212, "pcr_max_ew": 0.999999999999998}