{"r_count": 97029.0001, "r_mean": 0.003113634493705055, "r_var": 298.86509489287744, "tanh_k": 2.0, "feature_welford": {"unrealized_pnl": [97030, 35009.80022928297, 9685103475241036.0], "realized_pnl": [97030, 30661.454574580825, 1.5683332593574452e+16], "compounded_returns": [97030, 11573.15181432343, 10902027920496.686], "balance": [97030, 23564983.434232634, 4.1057304059573805e+19], "position_value": [97030, 348693.27109779295, 3.838046974967301e+16], "current_position_size": [97030, 1742907.7251399583, 9.595604827872712e+17], "last_log_ret": [97030, 0.00872654520227725, 205.01448536680402], "sortino_ratio": [97030, 1.6864795410283864, 13189890.719438395], "rolling_pnl_sigma": [97030, 0.024105853855112682, 118.2149993096506], "portfolio_cash_ratio": [97030, 0.8287256690475638, 6886.402949434858], "free_collateral": [97030, 23922977.51640533, 4.092707720726453e+19], "mm_reqs": [97030, 25863.962133607572, 775059992230067.1], "unrealized_pnl_0": [97030, 32.0413165617541, 586174570625.1665], "unrealized_pnl_1": [97030, 99.19264877493657, 5867764455648.794], "unrealized_pnl_2": [97030, 13055.740858310184, 975606983257757.9], "unrealized_pnl_3": [97030, 35139.22639003879, 2.0115373721114876e+16], "unrealized_pnl_4": [97030, 220.10216760935074, 7656660325783.374], "unrealized_pnl_5": [97030, 7760.5087847516215, 791549257056987.0], "unrealized_pnl_6": [97030, 595.0009263415413, 12014534264997.873], "unrealized_pnl_7": [97030, 68.99735256584617, 1092272205631.3357], "unrealized_pnl_8": [97030, 83.87002756011226, 1145807455790.6392], "unrealized_pnl_9": [97030, 2096.914558789323, 137273012837354.4], "margin_usage_ratio": [97030, 0.006509344164276946, 9.201787633626097]}, "pcr_min_ew": 0.9831376523848846, "pcr_max_ew": 0.9999875293874271}