{"r_count": 346120.0001, "r_mean": 0.004117899196619779, "r_var": 622.5806225924078, "tanh_k": 2.0, "feature_welford": {"unrealized_pnl": [346121, 94240.3467691289, 1.2893603067488251e+17], "realized_pnl": [346121, 64775.69013010318, 1.932039227363014e+17], "compounded_returns": [346121, 25046.427948207263, 144738230256597.44], "balance": [346121, 48558673.621972226, 5.5436721406506874e+20], "position_value": [346121, 456207.7579367601, 2.2081763658040422e+17], "current_position_size": [346121, 2280485.4107465423, 5.520809274884465e+18], "last_log_ret": [346121, 0.009766150811487097, 511.20777624706983], "sortino_ratio": [346121, 4.695336786951312, 14229734408.739895], "rolling_pnl_sigma": [346121, 0.016918135612412854, 254.90975589136093], "portfolio_cash_ratio": [346121, 0.8842401264969004, 17521.34904987773], "free_collateral": [346121, 49070749.491369694, 5.520754941228823e+20], "mm_reqs": [346121, 38621.729927875145, 8104978654588763.0], "unrealized_pnl_0": [346121, 16.392687759896454, 832271474731.8773], "unrealized_pnl_1": [346121, 59.209067616526646, 11895956080300.828], "unrealized_pnl_2": [346121, 50770.32017458834, 2.3479746123178016e+16], "unrealized_pnl_3": [346121, 76335.48805164591, 2.6300686010248755e+17], "unrealized_pnl_4": [346121, 251.14555670933768, 12713003737829.52], "unrealized_pnl_5": [346121, 13174.511318392208, 4057414971334596.5], "unrealized_pnl_6": [346121, 554.5183349319421, 28310225940080.973], "unrealized_pnl_7": [346121, 47.3669517786548, 1851918430400.6975], "unrealized_pnl_8": [346121, 60.274689074278434, 2117662832960.7664], "unrealized_pnl_9": [346121, 3347.771648023807, 648519237231895.1], "margin_usage_ratio": [346121, 0.004389976820236291, 23.523724573369442]}, "pcr_min_ew": 0.9933766259953397, "pcr_max_ew": 1.0000000000000118}