{"r_count": 153799.0001, "r_mean": 0.0030267903388938094, "r_var": 434.2799242017604, "tanh_k": 2.0, "feature_welford": {"unrealized_pnl": [153800, 51541.34261337092, 2.5570866558904316e+16], "realized_pnl": [153800, 39420.72233619358, 3.8733746974309144e+16], "compounded_returns": [153800, 15532.872412596005, 25434584708959.17], "balance": [153800, 30517785.000100035, 9.488306831425955e+19], "position_value": [153800, 360932.27351786266, 7.051112126653395e+16], "current_position_size": [153800, 1804060.4406754368, 1.7628318462470077e+18], "last_log_ret": [153800, 0.009133465524419637, 298.0138005214089], "sortino_ratio": [153800, 3.142331586277156, 789243159.037426], "rolling_pnl_sigma": [153800, 0.020082722334222737, 156.76971334491952], "portfolio_cash_ratio": [153800, 0.8605555044570272, 9355.961504325696], "free_collateral": [153800, 30901945.379371304, 9.44251315634476e+19], "mm_reqs": [153800, 28467.485541248403, 1852283599489236.5], "unrealized_pnl_0": [153800, 36.509773997261654, 710126116888.5347], "unrealized_pnl_1": [153800, 122.32974843571854, 6990194807110.979], "unrealized_pnl_2": [153800, 22244.11570948602, 3041878545874285.5], "unrealized_pnl_3": [153800, 47579.542938626866, 5.355149848455021e+16], "unrealized_pnl_4": [153800, 285.10445510131547, 6374263732707.217], "unrealized_pnl_5": [153800, 9212.970957007834, 1636795416559586.2], "unrealized_pnl_6": [153800, 523.4383466134077, 15016678304601.795], "unrealized_pnl_7": [153800, 48.93194913427438, 1142704515398.3694], "unrealized_pnl_8": [153800, 64.70247518724705, 1426626213510.6445], "unrealized_pnl_9": [153800, 2429.325644346107, 228046007993663.06], "margin_usage_ratio": [153800, 0.0052261744238919425, 12.104850875664813]}, "pcr_min_ew": 0.9904008650648443, "pcr_max_ew": 1.000000000000009}