{"r_count": 242924.0001, "r_mean": 0.0033553395591651883, "r_var": 510.5974873467287, "tanh_k": 2.0, "feature_welford": {"unrealized_pnl": [242925, 71783.36664736913, 6.60987169365798e+16], "realized_pnl": [242925, 53079.9129366655, 1.0289102430601806e+17], "compounded_returns": [242925, 20612.625394813378, 70462967137225.83], "balance": [242925, 40275287.40817752, 2.6471775493445897e+20], "position_value": [242925, 397928.54671537655, 1.3281169826668634e+17], "current_position_size": [242925, 1989124.1094259254, 3.320459163421718e+18], "last_log_ret": [242925, 0.009515165126824598, 383.516618588482], "sortino_ratio": [242925, 22.92626107200123, 1005180153553.8813], "rolling_pnl_sigma": [242925, 0.01810990908581431, 204.18039125846065], "portfolio_cash_ratio": [242925, 0.8753295861784974, 13359.509457548867], "free_collateral": [242925, 40711905.46704841, 2.635271198275721e+20], "mm_reqs": [242925, 33305.79273971541, 4483212709047104.5], "unrealized_pnl_0": [242925, 23.939840344135742, 794837871511.5797], "unrealized_pnl_1": [242925, 44.122496675192366, 10646973256306.076], "unrealized_pnl_2": [242925, 35116.18313932509, 9080522825824612.0], "unrealized_pnl_3": [242925, 62734.75243283119, 1.3800937147212298e+17], "unrealized_pnl_4": [242925, 265.1211720213054, 7130242575510.105], "unrealized_pnl_5": [242925, 10704.173548001512, 2576366678942078.5], "unrealized_pnl_6": [242925, 540.0492388118782, 20659404355020.12], "unrealized_pnl_7": [242925, 57.31426141071534, 1827485063077.5225], "unrealized_pnl_8": [242925, 59.10829538141374, 1724173798988.8284], "unrealized_pnl_9": [242925, 3043.675071938093, 489079917868086.2], "margin_usage_ratio": [242925, 0.004679434494988496, 17.580548250643965]}, "pcr_min_ew": 0.9840686243647498, "pcr_max_ew": 0.9999999999999438}