{"r_count": 211883.0001, "r_mean": 0.0032268989843799857, "r_var": 510.2739860588454, "tanh_k": 2.0, "feature_welford": {"unrealized_pnl": [211884, 65354.66970881423, 5.011674700334744e+16], "realized_pnl": [211884, 48165.974877120345, 7.717887511813646e+16], "compounded_returns": [211884, 19050.091254381114, 52647452175519.18], "balance": [211884, 37028957.97935359, 1.9712260762786952e+20], "position_value": [211884, 386053.0302286164, 1.1064608325204566e+17], "current_position_size": [211884, 1929604.2299173851, 2.766251444301423e+18], "last_log_ret": [211884, 0.009403338925064704, 368.88456777154255], "sortino_ratio": [211884, 3.7617954035286187, 1096345490.3144124], "rolling_pnl_sigma": [211884, 0.018471770034435588, 189.04724659177887], "portfolio_cash_ratio": [211884, 0.8728892810661729, 11839.139713058741], "free_collateral": [211884, 37448580.837859355, 1.9622795345246804e+20], "mm_reqs": [211884, 31957.560751078603, 3609255931658930.0], "unrealized_pnl_0": [211884, 30.683574897659618, 882180160879.3284], "unrealized_pnl_1": [211884, 99.65501347832296, 7891240695007.425], "unrealized_pnl_2": [211884, 30480.58006491203, 6351388836793087.0], "unrealized_pnl_3": [211884, 58788.145177035585, 1.0724951773097493e+17], "unrealized_pnl_4": [211884, 285.89525676909966, 7134937080965.718], "unrealized_pnl_5": [211884, 10123.26772905982, 2415224993971981.5], "unrealized_pnl_6": [211884, 489.936678770754, 19136309069433.664], "unrealized_pnl_7": [211884, 52.16863547885391, 1280342506113.0566], "unrealized_pnl_8": [211884, 61.1262269193109, 1760303141812.3013], "unrealized_pnl_9": [211884, 2840.101240149282, 350356429067005.06], "margin_usage_ratio": [211884, 0.004777981223641119, 15.485494835845607]}, "pcr_min_ew": 0.9902392351548674, "pcr_max_ew": 0.9999999999999756}