{"r_count": 261685.0001, "r_mean": 0.00353699188957072, "r_var": 544.8308956395352, "tanh_k": 2.0, "feature_welford": {"unrealized_pnl": [261686, 77130.70246436165, 7.76520908868215e+16], "realized_pnl": [261686, 55330.83333582985, 1.1884866759368712e+17], "compounded_returns": [261686, 21478.52218979262, 81348019892285.67], "balance": [261686, 41785444.51525026, 3.0719565939059635e+20], "position_value": [261686, 410853.97190296935, 1.4415658632131082e+17], "current_position_size": [261686, 2053619.032996511, 3.6041104887593626e+18], "last_log_ret": [261686, 0.009620162512639833, 410.56814994779137], "sortino_ratio": [261686, 7.499567423534834, 93690973344.95927], "rolling_pnl_sigma": [261686, 0.017826531410418952, 215.12209677611267], "portfolio_cash_ratio": [261686, 0.8797021166307087, 13742.91353719227], "free_collateral": [261686, 42239716.904101506, 3.0577728183450966e+20], "mm_reqs": [261686, 33993.16979163912, 4793026969135329.0], "unrealized_pnl_0": [261686, 28.691907401277124, 982612505347.0388], "unrealized_pnl_1": [261686, 39.17510728809545, 12811427422380.04], "unrealized_pnl_2": [261686, 38119.20675889041, 1.1278726134877076e+16], "unrealized_pnl_3": [261686, 66718.13423171583, 1.6543522319991088e+17], "unrealized_pnl_4": [261686, 260.55101683314524, 7573060742907.327], "unrealized_pnl_5": [261686, 10994.177760820747, 2725035313611155.5], "unrealized_pnl_6": [261686, 476.4451393957348, 22024792040543.426], "unrealized_pnl_7": [261686, 60.03185547227988, 1968334030070.6577], "unrealized_pnl_8": [261686, 74.46143708355663, 1840946821483.4478], "unrealized_pnl_9": [261686, 3034.90127025116, 488689675000910.0], "margin_usage_ratio": [261686, 0.004565831441606174, 18.577515742957374]}, "pcr_min_ew": 0.9925484026266946, "pcr_max_ew": 0.9999999999999987}