{"r_count": 128108.0001, "r_mean": 0.0030107767880524546, "r_var": 400.3058910285472, "tanh_k": 2.0, "feature_welford": {"unrealized_pnl": [128109, 45727.11072727044, 1.856162898836985e+16], "realized_pnl": [128109, 35481.05641450625, 2.7260541556944636e+16], "compounded_returns": [128109, 13928.315455686634, 17484142473482.389], "balance": [128109, 27646720.397700716, 6.577714054115671e+19], "position_value": [128109, 354315.2922520188, 5.557690274921348e+16], "current_position_size": [128109, 1770920.1372516656, 1.3894549138164588e+18], "last_log_ret": [128109, 0.008970027792495418, 266.6458272442394], "sortino_ratio": [128109, 2.4803427776130285, 371420877.2556559], "rolling_pnl_sigma": [128109, 0.02119283801800265, 141.5767848781773], "portfolio_cash_ratio": [128109, 0.8517237398613664, 8208.360351196596], "free_collateral": [128109, 28019664.088483512, 6.550317559499786e+19], "mm_reqs": [128109, 27237.50250191009, 1303843055407888.0], "unrealized_pnl_0": [128109, 40.59725439795817, 684046034871.0], "unrealized_pnl_1": [128109, 129.78459304272707, 6569665391025.161], "unrealized_pnl_2": [128109, 18662.798660519897, 2038616697531024.0], "unrealized_pnl_3": [128109, 42803.57471118595, 3.7542027231074264e+16], "unrealized_pnl_4": [128109, 283.7483840482238, 5960022888452.2705], "unrealized_pnl_5": [128109, 8630.585950012002, 1322563953556263.5], "unrealized_pnl_6": [128109, 498.55192480154227, 12755712001667.521], "unrealized_pnl_7": [128109, 45.78941825613337, 1090338983500.9661], "unrealized_pnl_8": [128109, 67.86166013455495, 1374092213999.916], "unrealized_pnl_9": [128109, 2255.9589257707958, 182482589627637.4], "margin_usage_ratio": [128109, 0.005541257814836075, 10.55521872587455]}, "pcr_min_ew": 0.9912773422083581, "pcr_max_ew": 0.9999999999999376}