{"r_count": 377810.0001, "r_mean": 0.004214664507937163, "r_var": 648.4083544816275, "tanh_k": 2.0, "feature_welford": {"unrealized_pnl": [377811, 105547.1708235367, 1.7013103580421328e+17], "realized_pnl": [377811, 69384.50543340664, 2.4135766704761392e+17], "compounded_returns": [377811, 26823.85271909603, 180088595734870.12], "balance": [377811, 52003533.977818266, 6.891513524437187e+20], "position_value": [377811, 469382.80289527983, 2.582672154255203e+17], "current_position_size": [377811, 2346246.856912911, 6.457004277424666e+18], "last_log_ret": [377811, 0.009797817190722907, 555.3892961019567], "sortino_ratio": [377811, 244.70198022758728, 1162288904069427.2], "rolling_pnl_sigma": [377811, 0.016622499066265915, 276.77404370015245], "portfolio_cash_ratio": [377811, 0.8855356985101468, 19261.682341998712], "free_collateral": [377811, 52537922.00680569, 6.865070298578425e+20], "mm_reqs": [377811, 40817.53739744916, 9920653875658936.0], "unrealized_pnl_0": [377811, 4.645660194426144, 708521177777.0284], "unrealized_pnl_1": [377811, 48.18588869431135, 11774726265015.084], "unrealized_pnl_2": [377811, 55794.96405145507, 3.0026168355188892e+16], "unrealized_pnl_3": [377811, 84849.95745240504, 3.386926777565685e+17], "unrealized_pnl_4": [377811, 301.41539502227636, 10661047804681.652], "unrealized_pnl_5": [377811, 14036.909964848115, 4377968939600006.0], "unrealized_pnl_6": [377811, 496.19424049703053, 27967815584199.184], "unrealized_pnl_7": [377811, 49.54748722846972, 1719481203718.7498], "unrealized_pnl_8": [377811, 60.33993668059427, 2419072242373.792], "unrealized_pnl_9": [377811, 3481.5920733375383, 725111489984126.4], "margin_usage_ratio": [377811, 0.004204445148603012, 23.92848754874947]}, "pcr_min_ew": 0.994332580588263, "pcr_max_ew": 0.9999999999999963}