{"r_count": 202027.0001, "r_mean": 0.003263006924199138, "r_var": 436.63715409521006, "tanh_k": 2.0, "feature_welford": {"unrealized_pnl": [202028, 59098.32657853142, 4.060773978135914e+16], "realized_pnl": [202028, 45990.244441359326, 6.700981781481542e+16], "compounded_returns": [202028, 18023.375393831935, 45310501030949.03], "balance": [202028, 35044770.625740185, 1.675532382829661e+20], "position_value": [202028, 382132.68116711196, 1.0044802416776306e+17], "current_position_size": [202028, 1910098.54280073, 2.511341041066795e+18], "last_log_ret": [202028, 0.009365292516964652, 332.86117344579714], "sortino_ratio": [202028, 3.9957970068886706, 12644281869.992035], "rolling_pnl_sigma": [202028, 0.019086791184718697, 180.22188410851987], "portfolio_cash_ratio": [202028, 0.8681876935998885, 11560.560171139088], "free_collateral": [202028, 35455331.48946972, 1.667246576811117e+20], "mm_reqs": [202028, 30851.989723678256, 2999240240558143.0], "unrealized_pnl_0": [202028, 19.978642563774457, 719308256155.472], "unrealized_pnl_1": [202028, 82.21674251734561, 8387505644183.667], "unrealized_pnl_2": [202028, 27744.13784540074, 5238346351831500.0], "unrealized_pnl_3": [202028, 53158.96271817338, 8.740598644804229e+16], "unrealized_pnl_4": [202028, 238.6590607397664, 10055207606119.635], "unrealized_pnl_5": [202028, 9731.252219286, 1933279155510254.2], "unrealized_pnl_6": [202028, 593.2784553666877, 20627695902461.9], "unrealized_pnl_7": [202028, 57.3740673876849, 1520616709687.2458], "unrealized_pnl_8": [202028, 71.5118975098265, 1701319869635.7678], "unrealized_pnl_9": [202028, 2852.3253857166683, 350071873976379.0], "margin_usage_ratio": [202028, 0.0050186197318934445, 15.516709148805079]}, "pcr_min_ew": 0.9923474864063516, "pcr_max_ew": 1.0000000000000402}