{"r_count": 68907.0001, "r_mean": 0.002934575574600053, "r_var": 321.7588624036323, "tanh_k": 2.0, "feature_welford": {"unrealized_pnl": [68908, 28812.421024709278, 5693004017847530.0], "realized_pnl": [68908, 25979.863847251472, 8291647300222563.0], "compounded_returns": [68908, 9653.71158926498, 5601685309355.716], "balance": [68908, 20474302.6211765, 2.2627182205954957e+19], "position_value": [68908, 342372.02354204154, 2.676267946198464e+16], "current_position_size": [68908, 1711210.6291108471, 6.690514052062573e+17], "last_log_ret": [68908, 0.008311687092525319, 193.93569224653453], "sortino_ratio": [68908, 1.2629207484253224, 3324920.1151915756], "rolling_pnl_sigma": [68908, 0.026590468864403458, 102.73457031873834], "portfolio_cash_ratio": [68908, 0.8085863434165583, 5360.502501100116], "free_collateral": [68908, 20820498.000522807, 2.26288553648185e+19], "mm_reqs": [68908, 25142.686599830875, 466902115426699.44], "unrealized_pnl_0": [68908, 52.17458350208646, 533111063624.6843], "unrealized_pnl_1": [68908, 144.05136353534138, 4191886108887.626], "unrealized_pnl_2": [68908, 8681.508776486296, 455819083575772.6], "unrealized_pnl_3": [68908, 31424.458273915516, 1.1017327505256602e+16], "unrealized_pnl_4": [68908, 270.0734158498313, 4118768805535.0693], "unrealized_pnl_5": [68908, 6332.755556515927, 548821045968948.94], "unrealized_pnl_6": [68908, 372.1438606080764, 7118329992782.7705], "unrealized_pnl_7": [68908, 42.74250205224047, 813344850979.7539], "unrealized_pnl_8": [68908, 55.060199872834325, 919647735563.7944], "unrealized_pnl_9": [68908, 2198.3225875701532, 103420047328246.11], "margin_usage_ratio": [68908, 0.007114995605994118, 6.8697566027264845]}, "pcr_min_ew": 0.9540817590493276, "pcr_max_ew": 0.9988659334662037}