{"r_count": 250472.0001, "r_mean": 0.0033224595505766436, "r_var": 486.56873608201306, "tanh_k": 2.0, "feature_welford": {"unrealized_pnl": [250473, 75662.63868772042, 7.351919582669952e+16], "realized_pnl": [250473, 53700.771770283536, 1.1008460323785483e+17], "compounded_returns": [250473, 20986.937164717878, 74510751909445.5], "balance": [250473, 40818121.51585921, 2.808897199514881e+20], "position_value": [250473, 398447.80788487016, 1.3957214456005666e+17], "current_position_size": [250473, 1991592.1526367103, 3.489385946681292e+18], "last_log_ret": [250473, 0.009483077574713115, 398.57244217158456], "sortino_ratio": [250473, 366.4484179032733, 1162277049254835.0], "rolling_pnl_sigma": [250473, 0.018128571081165855, 213.08425841766035], "portfolio_cash_ratio": [250473, 0.8748316232261129, 13990.804620876974], "free_collateral": [250473, 41258878.33060204, 2.7969411148385298e+20], "mm_reqs": [250473, 33563.59456500531, 4799374489050053.0], "unrealized_pnl_0": [250473, 4.378508755255895, 670037908990.2618], "unrealized_pnl_1": [250473, 47.85030592619503, 9786069576563.36], "unrealized_pnl_2": [250473, 36698.67091638614, 1.0313938754232836e+16], "unrealized_pnl_3": [250473, 65955.59355521893, 1.5170494431653456e+17], "unrealized_pnl_4": [250473, 300.24263566906615, 9065712645216.371], "unrealized_pnl_5": [250473, 10554.948500599294, 2526644530303982.5], "unrealized_pnl_6": [250473, 494.0788359327373, 20448711386614.37], "unrealized_pnl_7": [250473, 57.67128070595058, 1581826392989.803], "unrealized_pnl_8": [250473, 72.41341041039163, 2146357300955.76], "unrealized_pnl_9": [250473, 3035.1148379426995, 433383520626500.75], "margin_usage_ratio": [250473, 0.004555458590792579, 16.926148164090023]}, "pcr_min_ew": 0.9906614541843572, "pcr_max_ew": 1.0000000000000426}