{"r_count": 18179.0001, "r_mean": 0.0013018879564093081, "r_var": 212.173138950562, "tanh_k": 2.0, "feature_welford": {"unrealized_pnl": [18180, 10226.070376450049, 400548446464820.0], "realized_pnl": [18180, 9311.592645938483, 790309009297287.5], "compounded_returns": [18180, 1522.6184612415125, 166165233755.38382], "balance": [18180, 6298264.531215191, 1.838209748125036e+18], "position_value": [18180, 323878.24736640777, 5531983664258290.0], "current_position_size": [18180, 1618195.388941693, 1.3831581352527714e+17], "last_log_ret": [18180, 0.005963106800280693, 98.72546389482412], "sortino_ratio": [18180, 0.3809150578203783, 10958.721758769723], "rolling_pnl_sigma": [18180, 0.05135681869577828, 45.069418936613914], "portfolio_cash_ratio": [18180, 0.605572571065303, 1765.959677976775], "free_collateral": [18180, 6611151.588552384, 1.8752995712551972e+18], "mm_reqs": [18180, 21343.43500933725, 58824562284015.61], "unrealized_pnl_0": [18180, 193.57196117228906, 502358445946.4862], "unrealized_pnl_1": [18180, 50.38113559788819, 2070101214627.154], "unrealized_pnl_2": [18180, 863.7878910255639, 39144295191244.76], "unrealized_pnl_3": [18180, 12361.59339391212, 894368714048433.8], "unrealized_pnl_4": [18180, 228.7238451543262, 1710621880746.7754], "unrealized_pnl_5": [18180, 2425.6437509678226, 77210608031053.12], "unrealized_pnl_6": [18180, 301.37317514903503, 2843407511012.315], "unrealized_pnl_7": [18180, 154.708328830015, 598687111010.4558], "unrealized_pnl_8": [18180, 150.27325714510192, 345719879545.7599], "unrealized_pnl_9": [18180, 1230.018454878437, 14916829192044.564], "margin_usage_ratio": [18180, 0.014678282859042035, 2.603537563032785]}, "pcr_min_ew": 0.9739568868872539, "pcr_max_ew": 0.9998091439210558}