{"r_count": 2091.0001, "r_mean": -0.01156940725577696, "r_var": 61.11512329930387, "tanh_k": 2.0, "feature_welford": {"unrealized_pnl": [2092, 1.2442266367176151, 7773288.620037358], "realized_pnl": [2092, 0.4181512637307917, 13913139.012622157], "compounded_returns": [2092, 0.30282266222078263, 389.0387116803558], "balance": [2092, 306.80298891493226, 194705746.30459955], "position_value": [2092, 589.292249602358, 482205386.970434], "current_position_size": [2092, 2942.621429099905, 12075146059.889782], "last_log_ret": [2092, -0.0030688490508479663, 19.939476311027143], "sortino_ratio": [2092, 0.11564752686622212, 499.18042682749785], "rolling_pnl_sigma": [2092, 0.07514499767414555, 6.9645324977596], "portfolio_cash_ratio": [2092, 0.34483638576682757, 61.34539827606234], "free_collateral": [2092, 881.5343827837686, 934626916.369461], "mm_reqs": [2092, 16.002913522761276, 364129.60992116755], "unrealized_pnl_0": [2092, 3.53919273283106, 3924166.865152528], "unrealized_pnl_1": [2092, -1.2014926708458304, 2371547.414418893], "unrealized_pnl_2": [2092, 0.6026046060840664, 836530.735164773], "unrealized_pnl_3": [2092, 0.5002715299238812, 5376043.830864918], "unrealized_pnl_4": [2092, -0.26468280141169853, 4431418.959026119], "unrealized_pnl_5": [2092, 0.6458494783078437, 1121180.8008372078], "unrealized_pnl_6": [2092, 0.4257768351977284, 1695373.7973513596], "unrealized_pnl_7": [2092, -0.04140349355294091, 3104309.075401004], "unrealized_pnl_8": [2092, 0.03286444561709221, 1970083.166407531], "unrealized_pnl_9": [2092, -1.9090927276489509, 5027850.074454724], "margin_usage_ratio": [2092, 0.017823674232048156, 0.05116855020160836]}, "pcr_min_ew": 0.058816131957441314, "pcr_max_ew": 0.7014061554429833}