{"r_count": 214771.0001, "r_mean": 0.0032680559544392336, "r_var": 483.84724916345624, "tanh_k": 2.0, "feature_welford": {"unrealized_pnl": [214772, 64704.29253862075, 4.884208351334464e+16], "realized_pnl": [214772, 48688.87064595098, 7.72721818292209e+16], "compounded_returns": [214772, 18963.540949403607, 52107929687470.945], "balance": [214772, 37005164.82741207, 1.9467341611430416e+20], "position_value": [214772, 386743.83386424475, 1.0902877471955894e+17], "current_position_size": [214772, 1933057.9179809794, 2.725844756635609e+18], "last_log_ret": [214772, 0.009477293636816809, 352.62510163452055], "sortino_ratio": [214772, 7.064967291157565, 91075440609.62434], "rolling_pnl_sigma": [214772, 0.018657983131846148, 190.16647744811115], "portfolio_cash_ratio": [214772, 0.8738371651272953, 11817.960964917385], "free_collateral": [214772, 37425283.86553229, 1.9370046615400088e+20], "mm_reqs": [214772, 31597.963117089595, 3413555046490641.0], "unrealized_pnl_0": [214772, 31.638508577927947, 921786340797.6168], "unrealized_pnl_1": [214772, 16.843872116523038, 10353574463144.1], "unrealized_pnl_2": [214772, 29801.587337999514, 6107952960570516.0], "unrealized_pnl_3": [214772, 57952.09872171264, 1.0503254658809366e+17], "unrealized_pnl_4": [214772, 260.26376071686065, 6896988797572.471], "unrealized_pnl_5": [214772, 10352.985122190503, 2247871629094858.0], "unrealized_pnl_6": [214772, 487.96746639722403, 20289698139942.418], "unrealized_pnl_7": [214772, 65.34285835250567, 1900601135232.2156], "unrealized_pnl_8": [214772, 76.81597317349392, 1634606234605.8489], "unrealized_pnl_9": [214772, 2929.9509929289934, 409148800406926.6], "margin_usage_ratio": [214772, 0.00480166406526089, 16.041643022662086]}, "pcr_min_ew": 0.992623130105766, "pcr_max_ew": 1.0000000000000204}