{"r_count": 122720.0001, "r_mean": 0.0031000443958304766, "r_var": 332.97858896272146, "tanh_k": 2.0, "feature_welford": {"unrealized_pnl": [122721, 41720.82155018902, 1.5531334632855858e+16], "realized_pnl": [122721, 34714.07436854088, 2.4503762494629844e+16], "compounded_returns": [122721, 13361.293807617636, 16761661839899.877], "balance": [122721, 26656128.887801457, 6.238169499290835e+19], "position_value": [122721, 353032.5935507809, 5.180874805738435e+16], "current_position_size": [122721, 1764589.369833705, 1.2952797705292065e+18], "last_log_ret": [122721, 0.008951418039398359, 236.53414624078997], "sortino_ratio": [122721, 2.7019913403612668, 379028981.4400886], "rolling_pnl_sigma": [122721, 0.022138056027471986, 134.59991596025426], "portfolio_cash_ratio": [122721, 0.8443706918061921, 8105.241439581959], "free_collateral": [122721, 27024065.29191522, 6.21096430682054e+19], "mm_reqs": [122721, 26985.105588189148, 1218819994130288.0], "unrealized_pnl_0": [122721, 29.855210346670177, 639132148850.248], "unrealized_pnl_1": [122721, 85.62713707352187, 6456654220199.715], "unrealized_pnl_2": [122721, 16493.694595399484, 1639749783997726.0], "unrealized_pnl_3": [122721, 40443.590686439835, 3.2055519879570908e+16], "unrealized_pnl_4": [122721, 229.7443685652901, 8150509888788.848], "unrealized_pnl_5": [122721, 8711.161760224186, 1068488305626359.6], "unrealized_pnl_6": [122721, 607.5069366002026, 15147607439955.475], "unrealized_pnl_7": [122721, 57.57140265149602, 1266616821445.6907], "unrealized_pnl_8": [122721, 89.70521391152332, 1320782960591.2893], "unrealized_pnl_9": [122721, 2318.894067365023, 187780020868058.25], "margin_usage_ratio": [122721, 0.005921207871070223, 10.844469481441163]}, "pcr_min_ew": 0.9820335061732539, "pcr_max_ew": 0.999630494486157}