{"r_count": 68444.0001, "r_mean": 0.0030124150695754995, "r_var": 290.92145402173514, "tanh_k": 2.0, "feature_welford": {"unrealized_pnl": [68445, 30642.110606243048, 6675346288189141.0], "realized_pnl": [68445, 27244.213840374225, 9311292762215956.0], "compounded_returns": [68445, 9590.566332768885, 6000071093841.022], "balance": [68445, 20816875.61577499, 2.4671398763297018e+19], "position_value": [68445, 344738.5541088582, 2.5624659121248044e+16], "current_position_size": [68445, 1722708.166049101, 6.406264835493517e+17], "last_log_ret": [68445, 0.008522211869118373, 173.38443780114466], "sortino_ratio": [68445, 1.3875945599380166, 21740036.202116087], "rolling_pnl_sigma": [68445, 0.027387223550449594, 100.94823739974501], "portfolio_cash_ratio": [68445, 0.808879885168826, 5235.8433349694105], "free_collateral": [68445, 21167680.459885713, 2.462745224564194e+19], "mm_reqs": [68445, 24915.44847826039, 477495891679485.3], "unrealized_pnl_0": [68445, 78.09871326454079, 730903605800.3824], "unrealized_pnl_1": [68445, 88.9618653049282, 5031654324466.825], "unrealized_pnl_2": [68445, 8355.947537771257, 386491078693445.56], "unrealized_pnl_3": [68445, 32915.43647955815, 1.2585644496197126e+16], "unrealized_pnl_4": [68445, 203.55247047263634, 4075905050081.113], "unrealized_pnl_5": [68445, 7477.899410119647, 567572782747653.5], "unrealized_pnl_6": [68445, 433.9130345931943, 9020535023588.828], "unrealized_pnl_7": [68445, 91.56685912689876, 1015895697809.2635], "unrealized_pnl_8": [68445, 112.52505698630253, 945539172137.0759], "unrealized_pnl_9": [68445, 2145.6108326743706, 115806718925854.25], "margin_usage_ratio": [68445, 0.007276800230733634, 7.272465226997898]}, "pcr_min_ew": 0.9705381546670336, "pcr_max_ew": 1.0000000000000713}