{"r_count": 349928.0001, "r_mean": 0.004129465516526759, "r_var": 657.6790287835719, "tanh_k": 2.0, "feature_welford": {"unrealized_pnl": [349929, 97374.32289958044, 1.3856468292700838e+17], "realized_pnl": [349929, 66079.66352021771, 2.0199512783794102e+17], "compounded_returns": [349929, 25483.417526729692, 150280014276774.72], "balance": [349929, 49501031.76069698, 5.755307985575575e+20], "position_value": [349929, 458264.89294276567, 2.2308805813921283e+17], "current_position_size": [349929, 2290645.576607858, 5.577603009672747e+18], "last_log_ret": [349929, 0.009815981782203453, 519.8535071430306], "sortino_ratio": [349929, 6.951403825644777, 94105357478.6267], "rolling_pnl_sigma": [349929, 0.016794323989404922, 259.60081361329304], "portfolio_cash_ratio": [349929, 0.8866225387096466, 17376.89738911629], "free_collateral": [349929, 50018312.54577591, 5.731210307225277e+20], "mm_reqs": [349929, 38651.82161749475, 7901165263786050.0], "unrealized_pnl_0": [349929, 21.75837402312865, 1061884533214.385], "unrealized_pnl_1": [349929, 34.886323169211856, 16462532595973.998], "unrealized_pnl_2": [349929, 51154.948619876974, 2.4209035882148772e+16], "unrealized_pnl_3": [349929, 79734.84687280323, 2.8436821486566906e+17], "unrealized_pnl_4": [349929, 254.95447637188164, 9425663461779.746], "unrealized_pnl_5": [349929, 13496.209661847883, 4119322219475164.0], "unrealized_pnl_6": [349929, 482.3837339070821, 27317813557242.848], "unrealized_pnl_7": [349929, 52.59061414939304, 2232500248882.089], "unrealized_pnl_8": [349929, 65.72807644272055, 1995307264752.68], "unrealized_pnl_9": [349929, 3398.1197670939314, 680355564096213.5], "margin_usage_ratio": [349929, 0.004291645216825763, 23.333384596788154]}, "pcr_min_ew": 0.9831390149250084, "pcr_max_ew": 0.9988876762463228}