{"r_count": 313530.0001, "r_mean": 0.003850664990875227, "r_var": 642.3220302461791, "tanh_k": 2.0, "feature_welford": {"unrealized_pnl": [313531, 90203.2168553386, 1.1652117602829603e+17], "realized_pnl": [313531, 61575.10168910257, 1.7142511725374733e+17], "compounded_returns": [313531, 24055.6939580349, 120411795663461.6], "balance": [313531, 46694954.09954319, 4.615750222764811e+20], "position_value": [313531, 439508.9047465993, 1.9432574935104666e+17], "current_position_size": [313531, 2196838.706640244, 4.858439354231215e+18], "last_log_ret": [313531, 0.009699743917407027, 495.23568722065465], "sortino_ratio": [313531, 4.935896935037057, 4711740367.420638], "rolling_pnl_sigma": [313531, 0.016998643249742987, 242.08853792419868], "portfolio_cash_ratio": [313531, 0.883910978514925, 16017.284540181101], "free_collateral": [313531, 47187524.57495387, 4.596316144702363e+20], "mm_reqs": [313531, 37345.36244869517, 7100251338534321.0], "unrealized_pnl_0": [313531, 22.72316625948539, 934340166874.0651], "unrealized_pnl_1": [313531, 85.6246144860634, 11377274933838.2], "unrealized_pnl_2": [313531, 46850.079578794925, 1.876676617170508e+16], "unrealized_pnl_3": [313531, 75738.05263550463, 2.3970033283712653e+17], "unrealized_pnl_4": [313531, 264.84245649953635, 8145454912766.662], "unrealized_pnl_5": [313531, 11642.781230776709, 3606298302201308.5], "unrealized_pnl_6": [313531, 468.5839818468915, 23817620193257.234], "unrealized_pnl_7": [313531, 54.8608566151805, 1873182215454.9272], "unrealized_pnl_8": [313531, 58.28450113645298, 2324889892789.09], "unrealized_pnl_9": [313531, 3165.164896463526, 559704110247163.7], "margin_usage_ratio": [313531, 0.004359522400808999, 21.026574989861448]}, "pcr_min_ew": 0.988877644791993, "pcr_max_ew": 1.0000000000000002}