{"r_count": 219467.0001, "r_mean": 0.0032135111103694185, "r_var": 480.04320610747976, "tanh_k": 2.0, "feature_welford": {"unrealized_pnl": [219468, 65574.3319488077, 5.184049285248086e+16], "realized_pnl": [219468, 49843.66720218377, 8.24476413967174e+16], "compounded_returns": [219468, 19364.930817100434, 56482257838806.164], "balance": [219468, 37920925.863920495, 2.109176084469465e+20], "position_value": [219468, 384877.0346953154, 1.1432382407761294e+17], "current_position_size": [219468, 1923864.0304792242, 2.858225757854727e+18], "last_log_ret": [219468, 0.009436685777912884, 354.5281927646919], "sortino_ratio": [219468, 24.88249919946571, 1005062806006.178], "rolling_pnl_sigma": [219468, 0.01854970153443117, 191.638550281251], "portfolio_cash_ratio": [219468, 0.8720677163362712, 12390.748644822588], "free_collateral": [219468, 38339659.78404926, 2.0996287693200884e+20], "mm_reqs": [219468, 31919.720969508577, 3676428129547506.0], "unrealized_pnl_0": [219468, 27.632706335536533, 771707965686.788], "unrealized_pnl_1": [219468, 56.061852849117514, 10011794984895.86], "unrealized_pnl_2": [219468, 31015.651031110316, 6755953145801029.0], "unrealized_pnl_3": [219468, 58663.020393135936, 1.1109547822851954e+17], "unrealized_pnl_4": [219468, 268.36866235775284, 6896174898407.948], "unrealized_pnl_5": [219468, 10381.357351795814, 2272684611597200.0], "unrealized_pnl_6": [219468, 542.4889938770497, 19527041763332.14], "unrealized_pnl_7": [219468, 59.665154559845945, 1756328015934.4954], "unrealized_pnl_8": [219468, 59.68455088623194, 1689244036814.8965], "unrealized_pnl_9": [219468, 2951.8838861550053, 440316458845504.25], "margin_usage_ratio": [219468, 0.004799149102581658, 16.259659997124785]}, "pcr_min_ew": 0.990855740962498, "pcr_max_ew": 0.9996693820766257}