{"r_count": 115358.0001, "r_mean": 0.0030337270710175976, "r_var": 353.89859108614877, "tanh_k": 2.0, "feature_welford": {"unrealized_pnl": [115359, 42701.97373221963, 1.5182219015008338e+16], "realized_pnl": [115359, 35200.67277139343, 2.3220039560394628e+16], "compounded_returns": [115359, 13260.271908345467, 15155949183772.822], "balance": [115359, 26853506.341649774, 5.7588310548599325e+19], "position_value": [115359, 349835.71814144327, 4.7232468350853016e+16], "current_position_size": [115359, 1748379.1946619924, 1.1808464677389169e+18], "last_log_ret": [115359, 0.00901520340858184, 231.74822632672908], "sortino_ratio": [115359, 7.590685089180331, 78457541352.76836], "rolling_pnl_sigma": [115359, 0.022387242802211115, 133.31674560378258], "portfolio_cash_ratio": [115359, 0.8468219074750098, 7521.034092072462], "free_collateral": [115359, 27219824.112615883, 5.732976084229896e+19], "mm_reqs": [115359, 26479.107556319144, 1061998362786228.2], "unrealized_pnl_0": [115359, 54.67662261195894, 787598388014.7751], "unrealized_pnl_1": [115359, 80.29173357811754, 6690333949218.536], "unrealized_pnl_2": [115359, 15815.049629088848, 1455128428817078.2], "unrealized_pnl_3": [115359, 41155.510192210735, 3.0474097334662284e+16], "unrealized_pnl_4": [115359, 232.30899136328117, 5258726668580.225], "unrealized_pnl_5": [115359, 8927.628666394388, 1119150818541725.8], "unrealized_pnl_6": [115359, 482.70047607642044, 12041653344011.812], "unrealized_pnl_7": [115359, 76.44403404309868, 1437963375063.6174], "unrealized_pnl_8": [115359, 94.56081962975595, 1224289344974.5364], "unrealized_pnl_9": [115359, 2450.0243597155136, 207245648987723.44], "margin_usage_ratio": [115359, 0.005827257434618757, 10.24209324693213]}, "pcr_min_ew": 0.9885904668120835, "pcr_max_ew": 0.999999999999963}