{"r_count": 59971.000100000005, "r_mean": 0.0028228310215501146, "r_var": 309.7942366372837, "tanh_k": 2.0, "feature_welford": {"unrealized_pnl": [59972, 26925.460099056367, 4852015438099238.0], "realized_pnl": [59972, 24747.016244742863, 6912159590352630.0], "compounded_returns": [59972, 8882.744096893344, 4518998989896.136], "balance": [59972, 19289412.021138586, 1.8856799856341135e+19], "position_value": [59972, 337761.41521589074, 2.275469929828961e+16], "current_position_size": [59972, 1688209.7141989875, 5.68888227781699e+17], "last_log_ret": [59972, 0.008130618347322741, 182.69004016189558], "sortino_ratio": [59972, 1.1567939024286118, 2986441.9957963335], "rolling_pnl_sigma": [59972, 0.028187967670730157, 96.04170092018502], "portfolio_cash_ratio": [59972, 0.7952181138133957, 4886.946112753332], "free_collateral": [59972, 19629534.166914757, 1.887575353681292e+19], "mm_reqs": [59972, 24730.796856893445, 387259229927765.5], "unrealized_pnl_0": [59972, 57.7133175279796, 519021342847.66235], "unrealized_pnl_1": [59972, 177.28366167180812, 3872767145743.7754], "unrealized_pnl_2": [59972, 7088.912438571713, 321282541503770.94], "unrealized_pnl_3": [59972, 30333.743594795575, 9165026744207220.0], "unrealized_pnl_4": [59972, 279.70368111707944, 3930042000152.1597], "unrealized_pnl_5": [59972, 5814.425218328845, 456271181629979.0], "unrealized_pnl_6": [59972, 341.32220589107465, 6450151306211.836], "unrealized_pnl_7": [59972, 45.27239215472166, 788825599164.3654], "unrealized_pnl_8": [59972, 47.077175959542345, 873645756524.7395], "unrealized_pnl_9": [59972, 2199.5132990218367, 86576209008651.81], "margin_usage_ratio": [59972, 0.007588999881017633, 6.255512726792078]}, "pcr_min_ew": 0.9866952639219935, "pcr_max_ew": 0.9999970577338892}