{"r_count": 9386.000100000001, "r_mean": -0.003969565729614463, "r_var": 124.04162087593413, "tanh_k": 2.0, "feature_welford": {"unrealized_pnl": [9387, 184.45247543903966, 324089669648.6997], "realized_pnl": [9387, 203.9434624660933, 934533027887.9767], "compounded_returns": [9387, 1.7637853155753576, 144877.81738049985], "balance": [9387, 53307.7305373636, 564651152288496.0], "position_value": [9387, 31314.23129243634, 88760091344332.81], "current_position_size": [9387, 156234.50926908993, 2211104838857239.2], "last_log_ret": [9387, 0.0006200047875147892, 77.35685042938793], "sortino_ratio": [9387, 0.16227444782549877, 1751.0248088009348], "rolling_pnl_sigma": [9387, 0.07458621294721722, 25.128619708473163], "portfolio_cash_ratio": [9387, 0.3541614026777144, 333.37890911571964], "free_collateral": [9387, 83277.53036355486, 953609176930771.1], "mm_reqs": [9387, 1538.8444682067081, 258270413411.2596], "unrealized_pnl_0": [9387, -4.850060124482625, 38859802597.5308], "unrealized_pnl_1": [9387, 70.0865376537152, 88449102699.59816], "unrealized_pnl_2": [9387, 61.434589143612826, 106630633784.88068], "unrealized_pnl_3": [9387, 134.83745972177556, 524338609968.5442], "unrealized_pnl_4": [9387, 16.420719209086705, 39608796144.1354], "unrealized_pnl_5": [9387, 4.804247536824051, 226078191171.60822], "unrealized_pnl_6": [9387, 29.681680028834776, 67886093035.98687], "unrealized_pnl_7": [9387, -2.7118011447965316, 22641304369.143364], "unrealized_pnl_8": [9387, 27.831465156914156, 17628085713.74664], "unrealized_pnl_9": [9387, 129.641510785562, 109674889142.43022], "margin_usage_ratio": [9387, 0.019652363182762894, 0.4885928650640796]}, "pcr_min_ew": 0.15033988912370583, "pcr_max_ew": 0.7965888027403039}