{"r_count": 311296.0001, "r_mean": 0.003835468429762912, "r_var": 639.5379900080048, "tanh_k": 2.0, "feature_welford": {"unrealized_pnl": [311297, 89655.2535297685, 1.1491457772228827e+17], "realized_pnl": [311297, 61307.85371094013, 1.693904980819791e+17], "compounded_returns": [311297, 23951.3779478241, 118574977456367.14], "balance": [311297, 46501024.24098733, 4.5474080357350795e+20], "position_value": [311297, 438576.49952867534, 1.9256627166240016e+17], "current_position_size": [311297, 2192171.6153062386, 4.81445034752299e+18], "last_log_ret": [311297, 0.009694598357180123, 492.539853318191], "sortino_ratio": [311297, 4.9284576142557, 4707717996.196808], "rolling_pnl_sigma": [311297, 0.01702292516890502, 240.99242159967116], "portfolio_cash_ratio": [311297, 0.8837574187626742, 15923.377290255128], "free_collateral": [311297, 46992195.06575057, 4.528289893848084e+20], "mm_reqs": [311297, 37264.05712965867, 7032842995045692.0], "unrealized_pnl_0": [311297, 22.791675869629103, 934263357082.6564], "unrealized_pnl_1": [311297, 86.3360775608748, 11375267697699.049], "unrealized_pnl_2": [311297, 46471.94100976743, 1.836266237038399e+16], "unrealized_pnl_3": [311297, 75399.13191620495, 2.3664144865801037e+17], "unrealized_pnl_4": [311297, 265.09896190682895, 8119966220552.024], "unrealized_pnl_5": [311297, 11567.626773668238, 3578750711613610.0], "unrealized_pnl_6": [311297, 470.2181142938127, 23744422398701.938], "unrealized_pnl_7": [311297, 54.875633720187004, 1872446903808.3623], "unrealized_pnl_8": [311297, 59.190818946711396, 2314453950172.604], "unrealized_pnl_9": [311297, 3160.400623260987, 554856063658828.3], "margin_usage_ratio": [311297, 0.004366114717325975, 20.905735934855844]}, "pcr_min_ew": 0.993740555904933, "pcr_max_ew": 0.9997876083540229}