{"r_count": 95912.0001, "r_mean": 0.0031071417816679807, "r_var": 297.48114718727635, "tanh_k": 2.0, "feature_welford": {"unrealized_pnl": [95913, 34882.072966697204, 9626464329771532.0], "realized_pnl": [95913, 30553.484109382684, 1.5515528454531758e+16], "compounded_returns": [95913, 11513.262377433615, 10754001431575.914], "balance": [95913, 23482570.148301765, 4.058013518999884e+19], "position_value": [95913, 348466.1269500792, 3.796131881732565e+16], "current_position_size": [95913, 1741766.1640359517, 9.490813677484543e+17], "last_log_ret": [95913, 0.00871653365747198, 203.72459652219234], "sortino_ratio": [95913, 1.6882151892255675, 13167184.838302998], "rolling_pnl_sigma": [95913, 0.02421534180452573, 117.54567126927326], "portfolio_cash_ratio": [95913, 0.8279124076313814, 6832.3562498113215], "free_collateral": [95913, 23840209.358744204, 4.045387164899016e+19], "mm_reqs": [95913, 25863.71622388931, 766293824417769.1], "unrealized_pnl_0": [95913, 32.3371561942092, 585565480880.3716], "unrealized_pnl_1": [95913, 97.50305969683083, 5820274383777.424], "unrealized_pnl_2": [95913, 12895.399619415011, 954039083770020.0], "unrealized_pnl_3": [95913, 35279.92382778015, 2.0031350636389996e+16], "unrealized_pnl_4": [95913, 219.91294553066797, 7645083638156.799], "unrealized_pnl_5": [95913, 7743.954248598486, 785174644673564.1], "unrealized_pnl_6": [95913, 596.9011060997354, 11959445998460.014], "unrealized_pnl_7": [95913, 67.926397066965, 1078219763533.095], "unrealized_pnl_8": [95913, 79.23282256581292, 1092869020196.9288], "unrealized_pnl_9": [95913, 2079.207125913947, 131995677662754.05], "margin_usage_ratio": [95913, 0.006539840075316657, 9.13258471162072]}, "pcr_min_ew": 0.9784446316524364, "pcr_max_ew": 0.9993342721528294}