{"r_count": 398619.0001, "r_mean": 0.004458186385651059, "r_var": 687.7319641403685, "tanh_k": 2.0, "feature_welford": {"unrealized_pnl": [398620, 108037.4846594931, 1.7414571420829507e+17], "realized_pnl": [398620, 71064.74676389911, 2.513065349697201e+17], "compounded_returns": [398620, 27388.37812620509, 199823495873780.3], "balance": [398620, 53018003.05360266, 7.648150153481839e+20], "position_value": [398620, 486019.0616907828, 2.7762488568316547e+17], "current_position_size": [398620, 2429484.9602838852, 6.94113401434806e+18], "last_log_ret": [398620, 0.009865812203891187, 575.1334958437154], "sortino_ratio": [398620, 5.150446277776884, 17776078425.1348], "rolling_pnl_sigma": [398620, 0.016467981999310773, 279.95415726881697], "portfolio_cash_ratio": [398620, 0.8871406762599001, 19702.450640814863], "free_collateral": [398620, 53570115.15910059, 7.619678585165831e+20], "mm_reqs": [398620, 42197.24957905033, 1.079658870948154e+16], "unrealized_pnl_0": [398620, 15.974444001755327, 850233166071.2687], "unrealized_pnl_1": [398620, 52.795096568960375, 12071647595725.666], "unrealized_pnl_2": [398620, 58503.693943102844, 3.511838123717724e+16], "unrealized_pnl_3": [398620, 84231.65233476728, 3.39178585511206e+17], "unrealized_pnl_4": [398620, 252.62309731653068, 13141872154652.951], "unrealized_pnl_5": [398620, 15199.647231617171, 5173544699140045.0], "unrealized_pnl_6": [398620, 541.402318349512, 30991120015524.23], "unrealized_pnl_7": [398620, 43.814000306641375, 2284855062130.882], "unrealized_pnl_8": [398620, 59.961198480310436, 2201631236965.663], "unrealized_pnl_9": [398620, 3600.068902520439, 786935929083156.5], "margin_usage_ratio": [398620, 0.004282300318970645, 26.43163148265303]}, "pcr_min_ew": 0.9955732127738073, "pcr_max_ew": 0.9999595550161211}