{"r_count": 132576.0001, "r_mean": 0.00300681410344428, "r_var": 406.43174307523805, "tanh_k": 2.0, "feature_welford": {"unrealized_pnl": [132577, 46698.315069888784, 1.9613348533635556e+16], "realized_pnl": [132577, 36170.742826676935, 2.9260034109221416e+16], "compounded_returns": [132577, 14201.376567819376, 18673248510564.64], "balance": [132577, 28148670.250069957, 7.020590693099948e+19], "position_value": [132577, 354657.46015652275, 5.777293591773275e+16], "current_position_size": [132577, 1772643.4802747301, 1.444358926995648e+18], "last_log_ret": [132577, 0.00900115672066834, 272.3011203536945], "sortino_ratio": [132577, 2.4940404219790366, 373399414.70340854], "rolling_pnl_sigma": [132577, 0.020974261466438344, 144.44338605766092], "portfolio_cash_ratio": [132577, 0.8534638748056521, 8412.189771264757], "free_collateral": [132577, 28522804.457636848, 6.9901905845530575e+19], "mm_reqs": [132577, 27360.592507125908, 1376220484549110.8], "unrealized_pnl_0": [132577, 39.15708506051122, 689781163485.4194], "unrealized_pnl_1": [132577, 126.25421557804326, 6587317595549.243], "unrealized_pnl_2": [132577, 19318.96091654239, 2205632313674014.8], "unrealized_pnl_3": [132577, 43861.54496725202, 4.031012545191483e+16], "unrealized_pnl_4": [132577, 283.35080385792855, 6072028422735.481], "unrealized_pnl_5": [132577, 8576.798479897114, 1363177221782410.0], "unrealized_pnl_6": [132577, 505.05051373445093, 13187271357019.695], "unrealized_pnl_7": [132577, 44.51236087713163, 1093143681707.4478], "unrealized_pnl_8": [132577, 68.19026512184574, 1382345087125.2837], "unrealized_pnl_9": [132577, 2243.512779646829, 188141451481011.1], "margin_usage_ratio": [132577, 0.005477656800732503, 10.829653897037335]}, "pcr_min_ew": 0.9940086331457639, "pcr_max_ew": 1.0000000000000668}