{"r_count": 352119.0001, "r_mean": 0.004033201536928762, "r_var": 616.4380001779131, "tanh_k": 2.0, "feature_welford": {"unrealized_pnl": [352120, 98912.93637892767, 1.4637813803702083e+17], "realized_pnl": [352120, 66170.00825744068, 2.1062105968134214e+17], "compounded_returns": [352120, 25635.17331598428, 152482436177618.84], "balance": [352120, 49733371.13138145, 5.8306088331984005e+20], "position_value": [352120, 454358.2654362651, 2.304417692712216e+17], "current_position_size": [352120, 2271130.967493898, 5.761310108958041e+18], "last_log_ret": [352120, 0.009744278515528306, 524.0611184421409], "sortino_ratio": [352120, 262.2026771480888, 1162287068964447.0], "rolling_pnl_sigma": [352120, 0.01684862625714758, 264.3783858241603], "portfolio_cash_ratio": [352120, 0.8840777825398798, 18187.350249106657], "free_collateral": [352120, 50247802.67809821, 5.807182681825869e+20], "mm_reqs": [352120, 39100.8340543568, 8617547143379954.0], "unrealized_pnl_0": [352120, 4.287782217183983, 703864748859.1294], "unrealized_pnl_1": [352120, 50.1174945113853, 11250620311341.703], "unrealized_pnl_2": [352120, 52005.61700501864, 2.49035272570618e+16], "unrealized_pnl_3": [352120, 80487.23654624603, 2.9329558019504845e+17], "unrealized_pnl_4": [352120, 301.98979647485714, 10229580155593.338], "unrealized_pnl_5": [352120, 13180.15417433667, 3926340422789418.0], "unrealized_pnl_6": [352120, 505.2724226321498, 26553414844189.63], "unrealized_pnl_7": [352120, 50.098843636384814, 1702959942497.2583], "unrealized_pnl_8": [352120, 61.27914524627361, 2344715075470.4185], "unrealized_pnl_9": [352120, 3395.917918477873, 656141763347302.1], "margin_usage_ratio": [352120, 0.004250477173693237, 22.489760121219064]}, "pcr_min_ew": 0.983600415980554, "pcr_max_ew": 0.9998891280252278}