{"r_count": 91012.0001, "r_mean": 0.002923604829364649, "r_var": 310.4101074278477, "tanh_k": 2.0, "feature_welford": {"unrealized_pnl": [91013, 34802.1929113248, 9646540038527398.0], "realized_pnl": [91013, 31359.568293985485, 1.5096127513911026e+16], "compounded_returns": [91013, 11496.514636684173, 9913874362201.55], "balance": [91013, 24042922.724105842, 3.8609826733145596e+19], "position_value": [91013, 336568.69242553343, 3.6036696483544376e+16], "current_position_size": [91013, 1682286.3710600082, 9.009660676460874e+17], "last_log_ret": [91013, 0.008655545246744363, 196.9098062949269], "sortino_ratio": [91013, 1.5463215958470689, 5648260.423383546], "rolling_pnl_sigma": [91013, 0.024377582161965214, 115.7319197532834], "portfolio_cash_ratio": [91013, 0.8252106577644933, 6720.387137976972], "free_collateral": [91013, 24389249.811095476, 3.85208905190342e+19], "mm_reqs": [91013, 25224.54471541459, 724167287394078.6], "unrealized_pnl_0": [91013, 48.81566672281384, 531333268993.3902], "unrealized_pnl_1": [91013, 122.78794849079593, 6416264777771.092], "unrealized_pnl_2": [91013, 12385.012959864634, 857637629092040.6], "unrealized_pnl_3": [91013, 35620.33130655578, 2.000518530987244e+16], "unrealized_pnl_4": [91013, 259.21958876709, 4219095873383.377], "unrealized_pnl_5": [91013, 8183.241119706966, 831934777333691.1], "unrealized_pnl_6": [91013, 588.8152912166901, 11178180956644.402], "unrealized_pnl_7": [91013, 66.30860549069563, 1248565153372.0312], "unrealized_pnl_8": [91013, 72.68041246453954, 1136198147842.36], "unrealized_pnl_9": [91013, 2189.182532865642, 153423806827797.2], "margin_usage_ratio": [91013, 0.006489850344329086, 8.694840291405892]}, "pcr_min_ew": 0.9874352674191036, "pcr_max_ew": 1.0000000000000615}