{"r_count": 99677.0001, "r_mean": 0.002697856638347886, "r_var": 289.2040702751729, "tanh_k": 2.0, "feature_welford": {"unrealized_pnl": [99678, 40258.354850081414, 1.335987267935817e+16], "realized_pnl": [99678, 32723.182316990547, 1.8479939006633364e+16], "compounded_returns": [99678, 12295.380572586979, 11541654797537.143], "balance": [99678, 25201454.05447415, 4.42242648029074e+19], "position_value": [99678, 329958.1969507734, 4.06305341725255e+16], "current_position_size": [99678, 1648982.9262043075, 1.0156864494627532e+18], "last_log_ret": [99678, 0.008624778615268398, 214.38805087449623], "sortino_ratio": [99678, 1.8803656122518615, 37735545.933213405], "rolling_pnl_sigma": [99678, 0.023932031333411024, 126.58927739601748], "portfolio_cash_ratio": [99678, 0.828880892661226, 7390.9645130344425], "free_collateral": [99678, 25546426.845539294, 4.413139249409443e+19], "mm_reqs": [99678, 25375.738371878804, 895406885293885.8], "unrealized_pnl_0": [99678, 1.5491441741196708, 473595148612.9481], "unrealized_pnl_1": [99678, 91.12090708638706, 6046484852037.369], "unrealized_pnl_2": [99678, 13679.774217832417, 1131489410215758.2], "unrealized_pnl_3": [99678, 39808.15316817996, 2.528730279626298e+16], "unrealized_pnl_4": [99678, 274.31497082833295, 4278100568272.1274], "unrealized_pnl_5": [99678, 7775.354825943041, 816721698080946.5], "unrealized_pnl_6": [99678, 525.1814090264536, 11549910708796.057], "unrealized_pnl_7": [99678, 75.68074613558446, 1142165164630.5647], "unrealized_pnl_8": [99678, 83.20049296761385, 1234583644138.8716], "unrealized_pnl_9": [99678, 2470.691740088543, 155316477923263.06], "margin_usage_ratio": [99678, 0.006006359968319921, 8.168319453231742]}, "pcr_min_ew": 0.9883509513954788, "pcr_max_ew": 1.0000000000000608}