{"r_count": 183723.0001, "r_mean": 0.003065595934342409, "r_var": 433.09052499539564, "tanh_k": 2.0, "feature_welford": {"unrealized_pnl": [183724, 56014.3064022944, 3.442299662105767e+16], "realized_pnl": [183724, 44291.22925320903, 5.517619216441119e+16], "compounded_returns": [183724, 17166.69563077014, 36748144691600.91], "balance": [183724, 33821976.38614987, 1.3637907069776788e+20], "position_value": [183724, 366154.93169782334, 8.722147729350094e+16], "current_position_size": [183724, 1830258.267792641, 2.1806165351333852e+18], "last_log_ret": [183724, 0.0092882966225279, 310.5366638609698], "sortino_ratio": [183724, 28.249694874040014, 1004632792475.5553], "rolling_pnl_sigma": [183724, 0.01940309594688508, 172.07919848557722], "portfolio_cash_ratio": [183724, 0.8653151999075979, 10892.570653994251], "free_collateral": [183724, 34214836.642857715, 1.3570075876755531e+20], "mm_reqs": [183724, 29479.611657353, 2485343408214982.0], "unrealized_pnl_0": [183724, 30.337298093145932, 756997146009.5377], "unrealized_pnl_1": [183724, 64.87013537163804, 9263413059213.611], "unrealized_pnl_2": [183724, 25269.617190173274, 4178358137789931.0], "unrealized_pnl_3": [183724, 50718.56026460708, 7.308260375090704e+16], "unrealized_pnl_4": [183724, 259.801720989969, 6099563173143.255], "unrealized_pnl_5": [183724, 10286.414875682187, 1879867448417139.5], "unrealized_pnl_6": [183724, 563.9581798127249, 17684607249867.027], "unrealized_pnl_7": [183724, 60.46456485154835, 1683769601511.193], "unrealized_pnl_8": [183724, 60.31485017371428, 1582409557280.4324], "unrealized_pnl_9": [183724, 2812.775156619112, 371703544200525.06], "margin_usage_ratio": [183724, 0.005045218905246568, 14.236391070529603]}, "pcr_min_ew": 0.9900773275666577, "pcr_max_ew": 1.0000000000000098}