{"r_count": 403544.0001, "r_mean": 0.0044721890696669975, "r_var": 724.5511325897827, "tanh_k": 2.0, "feature_welford": {"unrealized_pnl": [403545, 112262.51426336003, 1.880651587753545e+17], "realized_pnl": [403545, 72533.04952471134, 2.6373943946218675e+17], "compounded_returns": [403545, 27850.71123840557, 207614178743986.6], "balance": [403545, 54032458.08160841, 7.96562459218923e+20], "position_value": [403545, 489612.32170039095, 2.839353818045359e+17], "current_position_size": [403545, 2447364.144290547, 7.098925619247635e+18], "last_log_ret": [403545, 0.009911543675407765, 585.478663987859], "sortino_ratio": [403545, 6.742402524697835, 94245268361.84618], "rolling_pnl_sigma": [403545, 0.016359688710741862, 285.2943351758979], "portfolio_cash_ratio": [403545, 0.8892081601420738, 19612.289104728407], "free_collateral": [403545, 54592126.91036336, 7.935317663010273e+20], "mm_reqs": [403545, 42496.500088777786, 1.0775378521227878e+16], "unrealized_pnl_0": [403545, 19.717965929693367, 1087429530555.0157], "unrealized_pnl_1": [403545, 35.73407695400331, 17074330177352.73], "unrealized_pnl_2": [403545, 59854.37363824853, 3.728185755446204e+16], "unrealized_pnl_3": [403545, 88443.58907032141, 3.7091548500935635e+17], "unrealized_pnl_4": [403545, 261.4505890642741, 10239918615102.93], "unrealized_pnl_5": [403545, 15333.06235262998, 5200918499161647.0], "unrealized_pnl_6": [403545, 476.55412791491466, 29486425504435.742], "unrealized_pnl_7": [403545, 49.22323783510491, 2297120059807.267], "unrealized_pnl_8": [403545, 63.76623902334491, 2106524501111.7893], "unrealized_pnl_9": [403545, 3672.7314887635052, 831095890317535.8], "margin_usage_ratio": [403545, 0.0041968678136232295, 26.289162977827985]}, "pcr_min_ew": 0.9949237764789659, "pcr_max_ew": 1.000000000000024}