{"r_count": 314647.0001, "r_mean": 0.0038586639634273874, "r_var": 643.7324565986435, "tanh_k": 2.0, "feature_welford": {"unrealized_pnl": [314648, 90406.46982051895, 1.1690211091874211e+17], "realized_pnl": [314648, 61695.48701492422, 1.7203609823365693e+17], "compounded_returns": [314648, 24100.838434456095, 121196392698865.34], "balance": [314648, 46780029.42130108, 4.64555000900455e+20], "position_value": [314648, 440120.53209866775, 1.953912358865844e+17], "current_position_size": [314648, 2199899.3490503766, 4.885077871678183e+18], "last_log_ret": [314648, 0.009702125567788685, 496.60526271352705], "sortino_ratio": [314648, 4.931842542006493, 4711883504.823761], "rolling_pnl_sigma": [314648, 0.016986485024981766, 242.6256006019416], "portfolio_cash_ratio": [314648, 0.8839888655474254, 16062.997583028495], "free_collateral": [314648, 47273359.667067915, 4.625955706912171e+20], "mm_reqs": [314648, 37400.08469005831, 7146923641140061.0], "unrealized_pnl_0": [314648, 22.634022871821916, 934367164781.8864], "unrealized_pnl_1": [314648, 85.324688489332, 11377815234748.441], "unrealized_pnl_2": [314648, 47102.25805768916, 1.9038588999366676e+16], "unrealized_pnl_3": [314648, 75784.62894131224, 2.4028943466164342e+17], "unrealized_pnl_4": [314648, 264.87645581179044, 8154062071856.607], "unrealized_pnl_5": [314648, 11635.719395531098, 3616291786807019.0], "unrealized_pnl_6": [314648, 467.77649103537004, 23853481236040.707], "unrealized_pnl_7": [314648, 54.814030830276316, 1873679513562.8694], "unrealized_pnl_8": [314648, 58.31057183293084, 2326966318600.172], "unrealized_pnl_9": [314648, 3169.0021032550753, 563026168162052.8], "margin_usage_ratio": [314648, 0.004356399425019594, 21.090522778099217]}, "pcr_min_ew": 0.9925466193236335, "pcr_max_ew": 1.0000000000000038}