{"r_count": 200478.0001, "r_mean": 0.0031177171651740553, "r_var": 454.9735862906743, "tanh_k": 2.0, "feature_welford": {"unrealized_pnl": [200479, 60514.7657959437, 4.330080135060432e+16], "realized_pnl": [200479, 47227.04466211223, 6.947081745606963e+16], "compounded_returns": [200479, 18348.79228430153, 46786871598947.67], "balance": [200479, 35993361.171692036, 1.7344238097903718e+20], "position_value": [200479, 374135.2686930029, 1.0007148850238202e+17], "current_position_size": [200479, 1870163.1340369692, 2.501885897985769e+18], "last_log_ret": [200479, 0.009365528948220656, 330.88828803082816], "sortino_ratio": [200479, 26.666635765867703, 1004959512545.3232], "rolling_pnl_sigma": [200479, 0.018957075328745077, 181.29081770491862], "portfolio_cash_ratio": [200479, 0.8688110604151612, 11598.815408332566], "free_collateral": [200479, 36397476.98645373, 1.7263110971665105e+20], "mm_reqs": [200479, 30734.278130341358, 3091394139773215.5], "unrealized_pnl_0": [200479, 28.927395846311466, 763480344430.0271], "unrealized_pnl_1": [200479, 58.42694075816325, 9779053954091.906], "unrealized_pnl_2": [200479, 27658.27556581391, 5114814728742249.0], "unrealized_pnl_3": [200479, 55249.98848580193, 9.373391792468176e+16], "unrealized_pnl_4": [200479, 266.3409277275651, 6684480245163.559], "unrealized_pnl_5": [200479, 10240.071851249766, 2036923885827385.8], "unrealized_pnl_6": [200479, 545.3075736605513, 18264761778822.797], "unrealized_pnl_7": [200479, 60.258295777797905, 1723433518183.2195], "unrealized_pnl_8": [200479, 59.099816452379564, 1626016405084.483], "unrealized_pnl_9": [200479, 2844.4679741960686, 399446428462978.06], "margin_usage_ratio": [200479, 0.004919074983219792, 15.199161606964669]}, "pcr_min_ew": 0.9926046767304534, "pcr_max_ew": 1.000000000000045}