{"r_count": 162500.0001, "r_mean": 0.003004866353982217, "r_var": 405.17690562868955, "tanh_k": 2.0, "feature_welford": {"unrealized_pnl": [162501, 50696.184060202475, 2.6312350742834052e+16], "realized_pnl": [162501, 41290.39162472218, 4.227384779985949e+16], "compounded_returns": [162501, 15932.200900919528, 28401045016864.32], "balance": [162501, 31591558.81618517, 1.0540358268177685e+20], "position_value": [162501, 356630.523642225, 7.352137497074874e+16], "current_position_size": [162501, 1782636.116361156, 1.838093449955334e+18], "last_log_ret": [162501, 0.009186855220439709, 284.60246620111997], "sortino_ratio": [162501, 7.0289615543527155, 91924768559.07785], "rolling_pnl_sigma": [162501, 0.02007186541241133, 160.07294322001093], "portfolio_cash_ratio": [162501, 0.8600068124152845, 9978.954924023237], "free_collateral": [162501, 31970805.679202482, 1.0488426361458521e+20], "mm_reqs": [162501, 28253.441948074764, 1948144615975015.5], "unrealized_pnl_0": [162501, 36.14889009278667, 682283357865.0135], "unrealized_pnl_1": [162501, 80.22553908610377, 8671493760175.054], "unrealized_pnl_2": [162501, 22213.937825711047, 3088657069493733.5], "unrealized_pnl_3": [162501, 46858.99392913091, 5.5358683177832136e+16], "unrealized_pnl_4": [162501, 264.232040273815, 5859681184104.2], "unrealized_pnl_5": [162501, 9762.957536596217, 1618710331006730.8], "unrealized_pnl_6": [162501, 570.6149369842676, 16459969419499.354], "unrealized_pnl_7": [162501, 59.78100225371037, 1559402298651.7039], "unrealized_pnl_8": [162501, 59.60416803623675, 1510728250628.1074], "unrealized_pnl_9": [162501, 2651.127428152293, 315285831603031.9], "margin_usage_ratio": [162501, 0.005236701711632368, 13.00164093181791]}, "pcr_min_ew": 0.9879807346701157, "pcr_max_ew": 0.9999999999999294}