{"r_count": 123405.0001, "r_mean": 0.0029580594418492047, "r_var": 353.48955832908604, "tanh_k": 2.0, "feature_welford": {"unrealized_pnl": [123406, 42134.38988160018, 1.5496375439534934e+16], "realized_pnl": [123406, 35881.46089897165, 2.4696737744117044e+16], "compounded_returns": [123406, 13578.013838846742, 16513009460585.57], "balance": [123406, 27454244.52551603, 6.233897541364556e+19], "position_value": [123406, 344429.634739622, 5.1379980822217896e+16], "current_position_size": [123406, 1721588.3958138162, 1.28454064232736e+18], "last_log_ret": [123406, 0.008947699488356076, 236.80965994343916], "sortino_ratio": [123406, 3.95968114370605, 6802317253.348064], "rolling_pnl_sigma": [123406, 0.02187575105666527, 136.78073938495052], "portfolio_cash_ratio": [123406, 0.8458902662222026, 8244.547239944384], "free_collateral": [123406, 27814705.67534845, 6.208847854320051e+19], "mm_reqs": [123406, 26292.617735462874, 1157711748972621.0], "unrealized_pnl_0": [123406, 36.782433905316026, 603743408637.0299], "unrealized_pnl_1": [123406, 106.16510134897374, 7445843518546.084], "unrealized_pnl_2": [123406, 16855.459718844297, 1641770415157422.5], "unrealized_pnl_3": [123406, 40209.18723592556, 3.225049433304977e+16], "unrealized_pnl_4": [123406, 263.57783079486575, 5018168921557.415], "unrealized_pnl_5": [123406, 9335.670905838306, 1239568288589534.5], "unrealized_pnl_6": [123406, 586.4325803152437, 14200270907155.123], "unrealized_pnl_7": [123406, 68.63780843705597, 1445684706383.6504], "unrealized_pnl_8": [123406, 63.25827188215756, 1311051219320.5107], "unrealized_pnl_9": [123406, 2540.621985006517, 220451577850706.16], "margin_usage_ratio": [123406, 0.0057386259122379985, 10.66543194308833]}, "pcr_min_ew": 0.9920364890113602, "pcr_max_ew": 1.0000000000000067}