{"r_count": 277280.0001, "r_mean": 0.0034994559779940805, "r_var": 521.3069783213672, "tanh_k": 2.0, "feature_welford": {"unrealized_pnl": [277281, 83032.62298131474, 9.350693920695242e+16], "realized_pnl": [277281, 57324.68329910219, 1.3739688114031246e+17], "compounded_returns": [277281, 22344.289431883208, 93124758599685.39], "balance": [277281, 43423062.03035015, 3.533291722734399e+20], "position_value": [277281, 413991.9889228557, 1.6260407800784605e+17], "current_position_size": [277281, 2069347.1854242573, 4.0652290697975685e+18], "last_log_ret": [277281, 0.009565194625606174, 431.7617215060122], "sortino_ratio": [277281, 331.54383396259345, 1162280392757516.8], "rolling_pnl_sigma": [277281, 0.01772175507161698, 227.08118647663238], "portfolio_cash_ratio": [277281, 0.8778570576206021, 15100.807571815863], "free_collateral": [277281, 43885136.202112846, 3.51853788066341e+20], "mm_reqs": [277281, 35179.61247755749, 5763218677229226.0], "unrealized_pnl_0": [277281, 4.451257185448367, 679316498473.0009], "unrealized_pnl_1": [277281, 47.512742262427835, 10254398792638.852], "unrealized_pnl_2": [277281, 41646.494322225844, 1.412131648077872e+16], "unrealized_pnl_3": [277281, 70580.99850964603, 1.9003050637442378e+17], "unrealized_pnl_4": [277281, 299.81151200130637, 9423636662228.957], "unrealized_pnl_5": [277281, 11043.644093024315, 2819294279356244.0], "unrealized_pnl_6": [277281, 482.39951758491435, 21534182247580.51], "unrealized_pnl_7": [277281, 54.92900704727911, 1610403521262.508], "unrealized_pnl_8": [277281, 68.09751797556149, 2186302810873.6233], "unrealized_pnl_9": [277281, 3121.5548318119754, 488321155116924.9], "margin_usage_ratio": [277281, 0.004454491879446961, 18.397057432495682]}, "pcr_min_ew": 0.9891788914212856, "pcr_max_ew": 0.9999999999999865}