{"r_count": 158921.0001, "r_mean": 0.003082344437125018, "r_var": 411.1333275032352, "tanh_k": 2.0, "feature_welford": {"unrealized_pnl": [158922, 51648.40513258409, 2.6498259739400164e+16], "realized_pnl": [158922, 40697.03836542267, 4.081454617806606e+16], "compounded_returns": [158922, 15679.172141004306, 26475333556297.09], "balance": [158922, 31011454.545499217, 9.901957406165603e+19], "position_value": [158922, 363160.2454942849, 7.18115001884407e+16], "current_position_size": [158922, 1815117.4852689563, 1.7953543113236995e+18], "last_log_ret": [158922, 0.009253330587537542, 284.7545459521832], "sortino_ratio": [158922, 7.385223761961475, 85692193318.77615], "rolling_pnl_sigma": [158922, 0.020230409435625374, 159.3042934270381], "portfolio_cash_ratio": [158922, 0.8625223753580956, 9477.672542342823], "free_collateral": [158922, 31397928.0207492, 9.849972952456992e+19], "mm_reqs": [158922, 28578.61557293144, 1911992119548288.0], "unrealized_pnl_0": [158922, 42.13061880927177, 891523930437.0244], "unrealized_pnl_1": [158922, 40.96435806012085, 8142404387908.652], "unrealized_pnl_2": [158922, 21629.48766159129, 2940272555832114.0], "unrealized_pnl_3": [158922, 47590.05217984938, 5.4441502320606696e+16], "unrealized_pnl_4": [158922, 248.43011453598118, 6154750760000.493], "unrealized_pnl_5": [158922, 9292.592938643984, 1538627883643415.0], "unrealized_pnl_6": [158922, 528.470283457338, 17781934737309.098], "unrealized_pnl_7": [158922, 66.61382037602628, 1639321838475.7712], "unrealized_pnl_8": [158922, 80.20880581098653, 1383660014610.537], "unrealized_pnl_9": [158922, 2791.882110099897, 303364561623704.75], "margin_usage_ratio": [158922, 0.00523763840093809, 12.874492405243455]}, "pcr_min_ew": 0.9895541836546584, "pcr_max_ew": 0.9999999999999735}