{"r_count": 93481.0001, "r_mean": 0.003025885353982492, "r_var": 354.1801456860374, "tanh_k": 2.0, "feature_welford": {"unrealized_pnl": [93482, 35144.85913702113, 9682127216686338.0], "realized_pnl": [93482, 29758.426124002006, 1.4324885572013854e+16], "compounded_returns": [93482, 11463.003216411915, 9162846723106.69], "balance": [93482, 23341539.78536154, 3.5249454907695067e+19], "position_value": [93482, 347273.7499202748, 3.7272351542701896e+16], "current_position_size": [93482, 1735765.0594686791, 9.318081065557952e+17], "last_log_ret": [93482, 0.008654783652045804, 224.0920807757484], "sortino_ratio": [93482, 1.6175783656289255, 8175074.709046365], "rolling_pnl_sigma": [93482, 0.023581360550632754, 119.66404869400345], "portfolio_cash_ratio": [93482, 0.8326750655499497, 6598.76593615441], "free_collateral": [93482, 23698424.176166266, 3.5169738807295635e+19], "mm_reqs": [93482, 25669.55039461587, 702207601689280.6], "unrealized_pnl_0": [93482, 50.94404097080278, 619103037034.6704], "unrealized_pnl_1": [93482, 131.52179339074868, 4851947064009.495], "unrealized_pnl_2": [93482, 13218.409109120492, 951149482038295.4], "unrealized_pnl_3": [93482, 35659.02103519875, 1.9693148654728964e+16], "unrealized_pnl_4": [93482, 276.6018893120937, 5010727739649.225], "unrealized_pnl_5": [93482, 6807.527236149322, 745949602428226.1], "unrealized_pnl_6": [93482, 450.609052282387, 9612744379350.959], "unrealized_pnl_7": [93482, 50.074077034586615, 1007308204033.1519], "unrealized_pnl_8": [93482, 70.97730707195302, 1103350401717.2646], "unrealized_pnl_9": [93482, 2125.6918333453496, 139362139445744.53], "margin_usage_ratio": [93482, 0.006231834309056181, 8.439054040287486]}, "pcr_min_ew": 0.9899940805518559, "pcr_max_ew": 0.9999999999999389}