{"r_count": 15291.000100000001, "r_mean": -0.0001675757735298942, "r_var": 239.09705698725446, "tanh_k": 2.0, "feature_welford": {"unrealized_pnl": [15292, 5774.574879813891, 170731297470211.9], "realized_pnl": [15292, 6217.052557025236, 317797579061920.94], "compounded_returns": [15292, 922.45523758509, 43978520973.97817], "balance": [15292, 4497817.64761402, 8.00912444260764e+17], "position_value": [15292, 270182.2096654936, 4462380841672752.5], "current_position_size": [15292, 1349791.9524697014, 1.115584832309698e+17], "last_log_ret": [15292, 0.004433818294997384, 115.46974310960212], "sortino_ratio": [15292, 0.28918921791139823, 6127.130146927204], "rolling_pnl_sigma": [15292, 0.0542965567518937, 44.376243133808444], "portfolio_cash_ratio": [15292, 0.5604232100761807, 1464.551944095743], "free_collateral": [15292, 4755596.515068581, 8.390310028930811e+17], "mm_reqs": [15292, 18280.205868844445, 38395678255413.51], "unrealized_pnl_0": [15292, 134.520267853832, 281070647294.64777], "unrealized_pnl_1": [15292, 280.582039196624, 1706568957482.9004], "unrealized_pnl_2": [15292, 1458.3737526805246, 24628277537158.902], "unrealized_pnl_3": [15292, 8173.752686460056, 342333843997146.75], "unrealized_pnl_4": [15292, 268.6484774558756, 1111605294790.9697], "unrealized_pnl_5": [15292, 878.365977855053, 72803209127644.06], "unrealized_pnl_6": [15292, 280.79492131767813, 1403440511743.7249], "unrealized_pnl_7": [15292, 74.00301323458304, 283148181100.7493], "unrealized_pnl_8": [15292, 70.5396913696724, 347343583311.4357], "unrealized_pnl_9": [15292, 782.1520668642112, 10896002382927.06], "margin_usage_ratio": [15292, 0.015529323804996721, 1.9147163038458082]}, "pcr_min_ew": 0.94366650123514, "pcr_max_ew": 1.0000000000001865}