{"r_count": 283136.0001, "r_mean": 0.003607410840223759, "r_var": 563.0334602690278, "tanh_k": 2.0, "feature_welford": {"unrealized_pnl": [283137, 82052.82117920904, 9.306307262126888e+16], "realized_pnl": [283137, 58376.90086556502, 1.410387967301168e+17], "compounded_returns": [283137, 22586.437745472158, 97474280231809.77], "balance": [283137, 44068423.054233775, 3.69861637522297e+20], "position_value": [283137, 419217.7802902509, 1.6521504398820733e+17], "current_position_size": [283137, 2095587.3441098172, 4.130581248707654e+18], "last_log_ret": [283137, 0.009630034100823892, 433.6127899733908], "sortino_ratio": [283137, 21.305587420005292, 1010742299375.6068], "rolling_pnl_sigma": [283137, 0.017524110488686677, 225.32099979264643], "portfolio_cash_ratio": [283137, 0.8797179207913148, 15032.726245575732], "free_collateral": [283137, 44534427.00343728, 3.682345547075294e+20], "mm_reqs": [283137, 35508.845520790564, 5877629710517804.0], "unrealized_pnl_0": [283137, 21.56547155012404, 851547606147.9574], "unrealized_pnl_1": [283137, 36.51832791018676, 10870730500090.867], "unrealized_pnl_2": [283137, 41867.59436346372, 1.428136063490031e+16], "unrealized_pnl_3": [283137, 69438.32398101324, 1.926811654565123e+17], "unrealized_pnl_4": [283137, 265.892106638482, 8052535240662.678], "unrealized_pnl_5": [283137, 11603.874008971987, 3132004880349491.5], "unrealized_pnl_6": [283137, 520.0666385747718, 22230268683085.844], "unrealized_pnl_7": [283137, 60.41943438572714, 2005540360501.6162], "unrealized_pnl_8": [283137, 58.01731018208916, 1787836368548.9421], "unrealized_pnl_9": [283137, 3133.512637376044, 556226785541920.44], "margin_usage_ratio": [283137, 0.004514803833200435, 19.810727701587826]}, "pcr_min_ew": 0.9872550337123097, "pcr_max_ew": 0.9999927819977482}