{"r_count": 194665.0001, "r_mean": 0.003194293330092245, "r_var": 457.0908678595342, "tanh_k": 2.0, "feature_welford": {"unrealized_pnl": [194666, 59727.87917562781, 3.989004423015013e+16], "realized_pnl": [194666, 45652.50449355423, 6.168626960470949e+16], "compounded_returns": [194666, 17808.112478340434, 41638020337327.266], "balance": [194666, 34783989.88538833, 1.5382908663358413e+20], "position_value": [194666, 377756.5231222007, 9.50450820031911e+16], "current_position_size": [194666, 1888104.511824891, 2.376229627802078e+18], "last_log_ret": [194666, 0.009403467382513837, 327.4905937804271], "sortino_ratio": [194666, 7.218439938625747, 90935242713.22618], "rolling_pnl_sigma": [194666, 0.01910853765017331, 178.92045437693272], "portfolio_cash_ratio": [194666, 0.8704611213339898, 10990.199501361398], "free_collateral": [194666, 35191258.90484911, 1.5303016509133718e+20], "mm_reqs": [194666, 30489.640882165844, 2830790345217359.0], "unrealized_pnl_0": [194666, 33.50136401394921, 907988226132.5007], "unrealized_pnl_1": [194666, 38.14035385015921, 9257566963829.986], "unrealized_pnl_2": [194666, 26460.902673967277, 4658638125722214.0], "unrealized_pnl_3": [194666, 54015.50304928812, 8.418504974549397e+16], "unrealized_pnl_4": [194666, 256.5605719172283, 6668011607416.206], "unrealized_pnl_5": [194666, 10120.186999924725, 2042291029883499.0], "unrealized_pnl_6": [194666, 494.1641788871147, 19446466484376.36], "unrealized_pnl_7": [194666, 60.533773729717915, 1728750612720.2769], "unrealized_pnl_8": [194666, 75.74303782341708, 1565143862777.5786], "unrealized_pnl_9": [194666, 2940.9720158383616, 376880705054808.3], "margin_usage_ratio": [194666, 0.0049346547108018385, 14.922886428988788]}, "pcr_min_ew": 0.9904205484294653, "pcr_max_ew": 1.0000000000000435}