{"r_count": 59125.000100000005, "r_mean": 0.0028299420581494135, "r_var": 236.27046734182431, "tanh_k": 2.0, "feature_welford": {"unrealized_pnl": [59126, 24179.67482176561, 3805391586749146.0], "realized_pnl": [59126, 24357.130050651955, 6785993558663533.0], "compounded_returns": [59126, 8266.67260060721, 4300443700640.036], "balance": [59126, 18573410.14838261, 1.811273683156074e+19], "position_value": [59126, 335066.85612757877, 2.1463172498747044e+16], "current_position_size": [59126, 1674541.4118865016, 5.365932141247556e+17], "last_log_ret": [59126, 0.00802548579817178, 171.57680743910265], "sortino_ratio": [59126, 1.158650358993339, 5014860.995224368], "rolling_pnl_sigma": [59126, 0.029869967595531476, 100.35440671419947], "portfolio_cash_ratio": [59126, 0.7842364457628235, 4999.265697511001], "free_collateral": [59126, 18909111.572440032, 1.8142488617793796e+19], "mm_reqs": [59126, 23837.219583159935, 324869466188959.06], "unrealized_pnl_0": [59126, 18.74847890805922, 381192980947.3363], "unrealized_pnl_1": [59126, 257.05917002024677, 4983108225791.159], "unrealized_pnl_2": [59126, 6301.783796392567, 303457359936114.94], "unrealized_pnl_3": [59126, 27494.38346103332, 8426396468854713.0], "unrealized_pnl_4": [59126, 192.4889654796021, 2655744393642.347], "unrealized_pnl_5": [59126, 6472.681581860487, 455265924410272.0], "unrealized_pnl_6": [59126, 539.2495282551733, 6587063759221.868], "unrealized_pnl_7": [59126, 93.81837201752047, 829549049911.8944], "unrealized_pnl_8": [59126, 104.9642926123416, 908463607802.6542], "unrealized_pnl_9": [59126, 2193.0619269392273, 90247816070900.3], "margin_usage_ratio": [59126, 0.007849270519041513, 6.171017672658558]}, "pcr_min_ew": 0.986813802898995, "pcr_max_ew": 1.0000000000000333}