{"r_count": 364255.0001, "r_mean": 0.004193496851074628, "r_var": 686.5287952701118, "tanh_k": 2.0, "feature_welford": {"unrealized_pnl": [364256, 100486.43349429731, 1.4830327162279552e+17], "realized_pnl": [364256, 67208.36880600122, 2.1470728556956534e+17], "compounded_returns": [364256, 26038.01013793431, 163309695570239.12], "balance": [364256, 50528142.04942074, 6.238044206066047e+20], "position_value": [364256, 463684.570485303, 2.4028181787404035e+17], "current_position_size": [364256, 2317766.6004539486, 6.007324682032049e+18], "last_log_ret": [364256, 0.009813234495707066, 535.1368210300027], "sortino_ratio": [364256, 5.866349592795076, 38651944077.828026], "rolling_pnl_sigma": [364256, 0.01669226790955142, 265.4786372988989], "portfolio_cash_ratio": [364256, 0.8853166822391231, 18496.119416814916], "free_collateral": [364256, 51052816.44369008, 6.2131983440129e+20], "mm_reqs": [364256, 39723.45737204211, 9016637923884658.0], "unrealized_pnl_0": [364256, 18.893415706891602, 1216157770139.9253], "unrealized_pnl_1": [364256, 64.13736534094328, 11224344651698.723], "unrealized_pnl_2": [364256, 53584.14691246299, 2.733405358546984e+16], "unrealized_pnl_3": [364256, 81208.23101815007, 2.996849307000501e+17], "unrealized_pnl_4": [364256, 246.99925653511835, 9974376244510.463], "unrealized_pnl_5": [364256, 13696.442010442095, 4219301869926967.5], "unrealized_pnl_6": [364256, 489.20938036563723, 28977095758613.918], "unrealized_pnl_7": [364256, 47.398686370360146, 1664105234508.7356], "unrealized_pnl_8": [364256, 64.68462594201556, 1580336040669.8884], "unrealized_pnl_9": [364256, 3424.1471399651036, 706221549705245.6], "margin_usage_ratio": [364256, 0.004267250302726282, 23.846078286516097]}, "pcr_min_ew": 0.9880440114458419, "pcr_max_ew": 0.9999999999999951}