{"r_count": 172985.0001, "r_mean": 0.0031577950142143304, "r_var": 398.979663534425, "tanh_k": 2.0, "feature_welford": {"unrealized_pnl": [172986, 52328.06475970268, 2.9141134378061384e+16], "realized_pnl": [172986, 41869.041457628344, 4.82572791082729e+16], "compounded_returns": [172986, 16373.452335021211, 32657036202506.582], "balance": [172986, 32026570.62764427, 1.2059095435895606e+20], "position_value": [172986, 367798.9631560372, 8.046577585486451e+16], "current_position_size": [172986, 1838475.6497920896, 2.0117503599530952e+18], "last_log_ret": [172986, 0.00924103685658413, 297.7128570797403], "sortino_ratio": [172986, 4.024025690506059, 12623074277.197098], "rolling_pnl_sigma": [172986, 0.01989743162285486, 164.14939463968625], "portfolio_cash_ratio": [172986, 0.8618945987042712, 10337.427521249883], "free_collateral": [172986, 32417611.789285097, 1.1996697091386162e+20], "mm_reqs": [172986, 29261.96050340239, 2243130561288213.0], "unrealized_pnl_0": [172986, 23.56065270178586, 703036790098.2753], "unrealized_pnl_1": [172986, 68.35188105605506, 7410994832853.989], "unrealized_pnl_2": [172986, 23691.95749241141, 3673675315536849.0], "unrealized_pnl_3": [172986, 47804.66371525804, 6.151033105821896e+16], "unrealized_pnl_4": [172986, 250.81408977634973, 9500363373778.531], "unrealized_pnl_5": [172986, 9134.869881237735, 1582782367269409.8], "unrealized_pnl_6": [172986, 610.9193206482631, 19061244337030.484], "unrealized_pnl_7": [172986, 61.156525641849605, 1440331642260.6333], "unrealized_pnl_8": [172986, 77.81095850355344, 1614559009891.9097], "unrealized_pnl_9": [172986, 2744.9339370705725, 301502295511571.44], "margin_usage_ratio": [172986, 0.005261828149091789, 13.870019446198283]}, "pcr_min_ew": 0.9874604170062637, "pcr_max_ew": 1.000000000000052}