{"r_count": 403161.0001, "r_mean": 0.0044300487457450384, "r_var": 682.458510537113, "tanh_k": 2.0, "feature_welford": {"unrealized_pnl": [403162, 112176.0525454897, 1.8992929171237536e+17], "realized_pnl": [403162, 72690.01425687493, 2.693530364614111e+17], "compounded_returns": [403162, 27999.68926544746, 210621946185669.4], "balance": [403162, 54303770.07027624, 8.059938704421934e+20], "position_value": [403162, 488158.6059969816, 2.8745225934451034e+17], "current_position_size": [403162, 2440152.692204083, 7.186800342559674e+18], "last_log_ret": [403162, 0.009868225760817403, 595.0694508771276], "sortino_ratio": [403162, 4.80666775973262, 5212040691.667182], "rolling_pnl_sigma": [403162, 0.01643894481410002, 292.8025619664422], "portfolio_cash_ratio": [403162, 0.8874815409201161, 20005.018596157955], "free_collateral": [403162, 54861777.229945526, 8.029984403128222e+20], "mm_reqs": [403162, 42638.2275021499, 1.1297728732778566e+16], "unrealized_pnl_0": [403162, 13.961254396487778, 820609749245.984], "unrealized_pnl_1": [403162, 70.8327313204251, 15989821060522.936], "unrealized_pnl_2": [403162, 60827.152306912416, 3.842934794593179e+16], "unrealized_pnl_3": [403162, 87246.38670562163, 3.710907160891039e+17], "unrealized_pnl_4": [403162, 276.0179260076444, 14545267002936.115], "unrealized_pnl_5": [403162, 15478.805079513768, 5500071886903195.0], "unrealized_pnl_6": [403162, 511.5190466726105, 27369674919108.344], "unrealized_pnl_7": [403162, 45.72097344431949, 2128146805149.6848], "unrealized_pnl_8": [403162, 64.89557678897356, 2104785450829.7676], "unrealized_pnl_9": [403162, 3625.995767845002, 755028903356433.9], "margin_usage_ratio": [403162, 0.004212619544194457, 26.109810860938577]}, "pcr_min_ew": 0.9945520272853862, "pcr_max_ew": 0.9998640474246636}