{"r_count": 337258.0001, "r_mean": 0.003991612250922746, "r_var": 600.5266532164998, "tanh_k": 2.0, "feature_welford": {"unrealized_pnl": [337259, 94916.02550834249, 1.3218825893972854e+17], "realized_pnl": [337259, 65072.765380456745, 1.986648134782394e+17], "compounded_returns": [337259, 25139.42988356599, 143207460732214.7], "balance": [337259, 48878236.74372131, 5.485711129642219e+20], "position_value": [337259, 449903.91538513434, 2.152793057293703e+17], "current_position_size": [337259, 2248907.4255464496, 5.382328801611182e+18], "last_log_ret": [337259, 0.009741594269434934, 514.741764892324], "sortino_ratio": [337259, 4.4529521192428, 4270184769.112674], "rolling_pnl_sigma": [337259, 0.017017689432380658, 261.28780631619935], "portfolio_cash_ratio": [337259, 0.8838517472474415, 17270.845359849023], "free_collateral": [337259, 49385069.052171946, 5.463603883320855e+20], "mm_reqs": [337259, 38291.65214602688, 8066419041646069.0], "unrealized_pnl_0": [337259, 15.248628562774273, 769413929599.2217], "unrealized_pnl_1": [337259, 87.94056702187856, 13315262705928.008], "unrealized_pnl_2": [337259, 50256.36427888377, 2.2221489819084176e+16], "unrealized_pnl_3": [337259, 77998.01658113833, 2.7356603915676323e+17], "unrealized_pnl_4": [337259, 278.8125400220442, 13744188410457.889], "unrealized_pnl_5": [337259, 13143.068210720648, 4125228947601238.5], "unrealized_pnl_6": [337259, 527.1734958601312, 25042061813595.242], "unrealized_pnl_7": [337259, 49.54257607516338, 1940660878958.8037], "unrealized_pnl_8": [337259, 67.69334285255859, 1992930795085.4392], "unrealized_pnl_9": [337259, 3316.9135499018057, 576664847834287.5], "margin_usage_ratio": [337259, 0.004339166416673953, 22.50379934022875]}, "pcr_min_ew": 0.9934990789762538, "pcr_max_ew": 0.9999999999999998}