{"r_count": 61699.000100000005, "r_mean": 0.002468593753060906, "r_var": 237.8625118769623, "tanh_k": 2.0, "feature_welford": {"unrealized_pnl": [61700, 28556.359790743256, 5975571336496613.0], "realized_pnl": [61700, 26100.002495107103, 8921031745457391.0], "compounded_returns": [61700, 9157.849822105738, 5092419003964.729], "balance": [61700, 20158201.269553166, 2.125754165765347e+19], "position_value": [61700, 314404.8476709397, 2.3455975327501936e+16], "current_position_size": [61700, 1571033.9320663463, 5.862997150830779e+17], "last_log_ret": [61700, 0.00797729041360667, 166.73133692652664], "sortino_ratio": [61700, 1.0476320111688102, 796693.5871999213], "rolling_pnl_sigma": [61700, 0.029219683963362452, 98.55582922692133], "portfolio_cash_ratio": [61700, 0.7845446984325214, 5400.81486466005], "free_collateral": [61700, 20477883.820264462, 2.129495227712047e+19], "mm_reqs": [61700, 23445.022583132333, 424669267787144.4], "unrealized_pnl_0": [61700, -9.167751555155977, 377146856736.71783], "unrealized_pnl_1": [61700, 124.57649316534315, 3846130151238.35], "unrealized_pnl_2": [61700, 6933.159790903914, 346443554474600.25], "unrealized_pnl_3": [61700, 31818.2455897349, 1.1350846379224396e+16], "unrealized_pnl_4": [61700, 238.08607699077785, 2753613735751.83], "unrealized_pnl_5": [61700, 6452.878914846937, 483784502610807.8], "unrealized_pnl_6": [61700, 490.05432260754145, 7878599638649.681], "unrealized_pnl_7": [61700, 62.903975857849446, 929215016958.8383], "unrealized_pnl_8": [61700, 92.45053973947665, 1054612583843.2247], "unrealized_pnl_9": [61700, 2012.3059274156997, 86472324019382.53], "margin_usage_ratio": [61700, 0.007378322932431281, 5.710467155613111]}, "pcr_min_ew": 0.9917347648260186, "pcr_max_ew": 1.0000000000001015}