{"r_count": 301703.0001, "r_mean": 0.0037535167605150456, "r_var": 607.8436903312088, "tanh_k": 2.0, "feature_welford": {"unrealized_pnl": [301704, 86226.24394980993, 1.017962114237209e+17], "realized_pnl": [301704, 60145.6303972774, 1.5338858922517965e+17], "compounded_returns": [301704, 23378.289309585547, 110932172973701.95], "balance": [301704, 45471867.96937333, 4.2325151425279754e+20], "position_value": [301704, 430803.4086519259, 1.8231708688350768e+17], "current_position_size": [301704, 2153396.146206764, 4.5581108858997094e+18], "last_log_ret": [301704, 0.009685407998138228, 458.4363899185599], "sortino_ratio": [301704, 5.665669988396664, 38237210405.69216], "rolling_pnl_sigma": [301704, 0.01734093008507753, 234.7814853334752], "portfolio_cash_ratio": [301704, 0.8809429132021958, 15892.570499359337], "free_collateral": [301704, 45952624.39640066, 4.2153049083098975e+20], "mm_reqs": [301704, 36486.49621433041, 6570871611396053.0], "unrealized_pnl_0": [301704, 21.624217948736216, 1162673196444.1206], "unrealized_pnl_1": [301704, 74.69001919373183, 9241545971889.67], "unrealized_pnl_2": [301704, 44714.50632175234, 1.66477057089574e+16], "unrealized_pnl_3": [301704, 72893.21549686299, 2.1357292979633027e+17], "unrealized_pnl_4": [301704, 238.38513583510226, 8888473215328.883], "unrealized_pnl_5": [301704, 11576.902472683021, 3204421872394933.0], "unrealized_pnl_6": [301704, 487.94019176538393, 25278446435188.18], "unrealized_pnl_7": [301704, 49.75350615087242, 1572138495393.189], "unrealized_pnl_8": [301704, 68.08906003401385, 1464981441922.3403], "unrealized_pnl_9": [301704, 3184.1398716247727, 571967999697261.4], "margin_usage_ratio": [301704, 0.004420820399333621, 20.379745258607098]}, "pcr_min_ew": 0.9901540080339631, "pcr_max_ew": 0.9996426238690828}