{"r_count": 174176.0001, "r_mean": 0.0030582767574294364, "r_var": 389.4269284369961, "tanh_k": 2.0, "feature_welford": {"unrealized_pnl": [174177, 54482.91215853142, 3.103107486969322e+16], "realized_pnl": [174177, 42389.54030729061, 4.9603696687639096e+16], "compounded_returns": [174177, 16502.6666136951, 32623985398325.293], "balance": [174177, 32494557.275984228, 1.2162757553309103e+20], "position_value": [174177, 364385.4604135124, 8.14247032975863e+16], "current_position_size": [174177, 1821294.4677812015, 2.0357119769819218e+18], "last_log_ret": [174177, 0.009210694532034143, 313.5487524980718], "sortino_ratio": [174177, 3.4771710403597096, 3343252125.1700006], "rolling_pnl_sigma": [174177, 0.01992380495358069, 175.60123474093766], "portfolio_cash_ratio": [174177, 0.8625243115058107, 10506.76769992986], "free_collateral": [174177, 32884686.294923168, 1.2103867358518786e+20], "mm_reqs": [174177, 28998.303664775325, 2322778586690126.0], "unrealized_pnl_0": [174177, 16.589216388951055, 646411353225.6881], "unrealized_pnl_1": [174177, 124.65954100551036, 9128135773305.83], "unrealized_pnl_2": [174177, 24730.280951888286, 3878749237734447.5], "unrealized_pnl_3": [174177, 48470.523271676444, 6.556244596981964e+16], "unrealized_pnl_4": [174177, 299.29735252413167, 11832783415697.236], "unrealized_pnl_5": [174177, 10244.450257219181, 1894233174313009.5], "unrealized_pnl_6": [174177, 577.6235101453148, 16412640672229.725], "unrealized_pnl_7": [174177, 56.738544931464745, 1533903510675.4058], "unrealized_pnl_8": [174177, 84.62352926508248, 1479276260424.6917], "unrealized_pnl_9": [174177, 2713.6871662208596, 275694907423023.44], "margin_usage_ratio": [174177, 0.0051071919572693155, 13.419090004442694]}, "pcr_min_ew": 0.9854873439252426, "pcr_max_ew": 0.9999999999999433}