{"r_count": 193165.0001, "r_mean": 0.0031284222659216545, "r_var": 413.8650939546618, "tanh_k": 2.0, "feature_welford": {"unrealized_pnl": [193166, 58732.173567753074, 3.902097883835602e+16], "realized_pnl": [193166, 45228.05979188885, 6.2995496450656776e+16], "compounded_returns": [193166, 17688.252104610114, 41622199045617.266], "balance": [193166, 34618510.23679671, 1.5423722216537522e+20], "position_value": [193166, 372970.1886775988, 9.431884783927528e+16], "current_position_size": [193166, 1864228.0930593372, 2.3580873215581204e+18], "last_log_ret": [193166, 0.009299360290763852, 336.28411546855074], "sortino_ratio": [193166, 3.703154125210372, 3534290565.8355746], "rolling_pnl_sigma": [193166, 0.019354835699797672, 186.04459130172572], "portfolio_cash_ratio": [193166, 0.8667414953674835, 11319.77407215944], "free_collateral": [193166, 35020336.03754693, 1.5350714210960602e+20], "mm_reqs": [193166, 30133.41008143191, 2851249351207708.5], "unrealized_pnl_0": [193166, 15.600495630516544, 654578327523.3975], "unrealized_pnl_1": [193166, 112.96498641215203, 9455809623858.48], "unrealized_pnl_2": [193166, 27083.94812912387, 4806083114586624.0], "unrealized_pnl_3": [193166, 52267.861339490555, 8.349624547900918e+16], "unrealized_pnl_4": [193166, 290.29866341165786, 12018078830668.84], "unrealized_pnl_5": [193166, 10428.43444193046, 2100636370675859.0], "unrealized_pnl_6": [193166, 562.192919488497, 17161727932168.14], "unrealized_pnl_7": [193166, 56.46145300509178, 1588659134065.758], "unrealized_pnl_8": [193166, 82.4508822320249, 1612183886695.5002], "unrealized_pnl_9": [193166, 2859.634342005826, 313686650729345.7], "margin_usage_ratio": [193166, 0.004958612022221925, 14.511069482598272]}, "pcr_min_ew": 0.9904640931140463, "pcr_max_ew": 0.9999602148719609}