{"r_count": 285605.0001, "r_mean": 0.0036633826003507775, "r_var": 606.3818107660024, "tanh_k": 2.0, "feature_welford": {"unrealized_pnl": [285606, 84147.7547075249, 9.769447234103518e+16], "realized_pnl": [285606, 58120.57841929254, 1.4525650464936035e+17], "compounded_returns": [285606, 22755.849665675007, 98678238465278.0], "balance": [285606, 44170353.41236102, 3.765772153247761e+20], "position_value": [285606, 425140.95093102136, 1.6961329717614915e+17], "current_position_size": [285606, 2124959.7812888566, 4.2405827014430515e+18], "last_log_ret": [285606, 0.009631167365709827, 460.4873466955065], "sortino_ratio": [285606, 4.903341506767326, 4646716555.842798], "rolling_pnl_sigma": [285606, 0.017314736006363674, 227.9442897068382], "portfolio_cash_ratio": [285606, 0.8816332216842795, 14875.8967997951], "free_collateral": [285606, 44643975.37955553, 3.749629536388058e+20], "mm_reqs": [285606, 35858.704624680206, 5986299526875228.0], "unrealized_pnl_0": [285606, 24.745213854202067, 928385765860.02], "unrealized_pnl_1": [285606, 86.38585438198083, 10825603829202.826], "unrealized_pnl_2": [285606, 42939.72351096222, 1.5133317704871876e+16], "unrealized_pnl_3": [285606, 71813.44811059222, 2.0391755633206205e+17], "unrealized_pnl_4": [285606, 270.1585413308831, 7910111281498.814], "unrealized_pnl_5": [285606, 10922.092282252004, 3272197169177187.5], "unrealized_pnl_6": [285606, 467.4522785802411, 22318015757192.45], "unrealized_pnl_7": [285606, 57.210166007593706, 1836511832206.179], "unrealized_pnl_8": [285606, 59.124170575607074, 2164389939141.157], "unrealized_pnl_9": [285606, 3068.559475178042, 505344400445013.2], "margin_usage_ratio": [285606, 0.0044456432318451195, 19.509872407862314]}, "pcr_min_ew": 0.9877448737458696, "pcr_max_ew": 0.9999276306278394}