{"r_count": 329779.0001, "r_mean": 0.0038718694574212662, "r_var": 588.181691298954, "tanh_k": 2.0, "feature_welford": {"unrealized_pnl": [329780, 94079.88232162729, 1.2896969534992138e+17], "realized_pnl": [329780, 63598.75670397319, 1.877743646811095e+17], "compounded_returns": [329780, 24695.018906206267, 133118989801698.4], "balance": [329780, 47923527.653653175, 5.080438177220247e+20], "position_value": [329780, 442020.38584555674, 2.0871932313877254e+17], "current_position_size": [329780, 2209462.7330204686, 5.218190510611614e+18], "last_log_ret": [329780, 0.009696255322044506, 496.46832974192785], "sortino_ratio": [329780, 279.5934753705941, 1162285437962609.0], "rolling_pnl_sigma": [329780, 0.017073472978313745, 253.36971565835245], "portfolio_cash_ratio": [329780, 0.8825485709001972, 17260.322881143544], "free_collateral": [329780, 48422030.96961534, 5.0596390547082104e+20], "mm_reqs": [329780, 37843.714678927085, 7686035853044556.0], "unrealized_pnl_0": [329780, 3.9958243372008413, 700078533258.6879], "unrealized_pnl_1": [329780, 45.21646289151742, 10453029987485.291], "unrealized_pnl_2": [329780, 48922.046115422236, 2.119891428239446e+16], "unrealized_pnl_3": [329780, 77592.92501876525, 2.6099148263732e+17], "unrealized_pnl_4": [329780, 304.26727570119033, 10015266404613.637], "unrealized_pnl_5": [329780, 12511.859620003093, 3556880256562940.0], "unrealized_pnl_6": [329780, 492.21498319791846, 24643962157366.43], "unrealized_pnl_7": [329780, 51.32976734321084, 1676102238343.847], "unrealized_pnl_8": [329780, 62.50371492452017, 2278672962895.126], "unrealized_pnl_9": [329780, 3284.82343543459, 593091153751172.2], "margin_usage_ratio": [329780, 0.004300167897378574, 21.262801029408244]}, "pcr_min_ew": 0.9872525056920335, "pcr_max_ew": 0.9999486536005472}