{"r_count": 213000.0001, "r_mean": 0.0032302899467076948, "r_var": 511.80545390728963, "tanh_k": 2.0, "feature_welford": {"unrealized_pnl": [213001, 65523.28267219929, 5.032915352384974e+16], "realized_pnl": [213001, 48337.604174645, 7.764613633683043e+16], "compounded_returns": [213001, 19105.059657256515, 53177242567418.65], "balance": [213001, 37140533.37318269, 1.9929343020407747e+20], "position_value": [213001, 386652.36921584327, 1.1143205539966285e+17], "current_position_size": [213001, 1932584.0564701213, 2.7858995692427935e+18], "last_log_ret": [213001, 0.009407645822587437, 370.32684797086205], "sortino_ratio": [213001, 3.8362031003503674, 1116829864.5442648], "rolling_pnl_sigma": [213001, 0.018450157634720785, 189.69163981343254], "portfolio_cash_ratio": [213001, 0.873063849291963, 11887.113240673583], "free_collateral": [213001, 37560848.881900154, 1.9839223139218486e+20], "mm_reqs": [213001, 32032.401674239318, 3642584977669391.0], "unrealized_pnl_0": [213001, 30.617419516622856, 882366160267.984], "unrealized_pnl_1": [213001, 98.21131974160795, 7902044327421.429], "unrealized_pnl_2": [213001, 30577.316793394446, 6412111228077573.0], "unrealized_pnl_3": [213001, 58991.25497166517, 1.0784632933121208e+17], "unrealized_pnl_4": [213001, 285.18174571707505, 7146275128309.59], "unrealized_pnl_5": [213001, 10165.093953475063, 2427885320674492.5], "unrealized_pnl_6": [213001, 484.60694168260136, 19202918904624.78], "unrealized_pnl_7": [213001, 52.4320082153518, 1290158237852.4067], "unrealized_pnl_8": [213001, 60.957008563376206, 1760875742537.243], "unrealized_pnl_9": [213001, 2846.664188449274, 352788120581919.5], "margin_usage_ratio": [213001, 0.004771662984690336, 15.548231296521724]}, "pcr_min_ew": 0.990504013516809, "pcr_max_ew": 0.9999050401351142}