{"r_count": 206495.0001, "r_mean": 0.003277062134228047, "r_var": 442.6150122143069, "tanh_k": 2.0, "feature_welford": {"unrealized_pnl": [206496, 60309.40778221298, 4.302208072637895e+16], "realized_pnl": [206496, 46720.6344173313, 7.101968619326918e+16], "compounded_returns": [206496, 18296.947011825683, 47785868745245.45], "balance": [206496, 35575941.82161491, 1.7719998962680657e+20], "position_value": [206496, 384153.86221703544, 1.037359436411531e+17], "current_position_size": [206496, 1920208.4440523984, 2.593544973956822e+18], "last_log_ret": [206496, 0.009383641793428762, 338.4675619751752], "sortino_ratio": [206496, 4.038683581455791, 12651227702.602428], "rolling_pnl_sigma": [206496, 0.018980698494502644, 182.72257027850384], "portfolio_cash_ratio": [206496, 0.8690542065778795, 11741.328726691456], "free_collateral": [206496, 35989451.43713179, 1.7633440948441573e+20], "mm_reqs": [206496, 31135.881978076184, 3144375164572788.5], "unrealized_pnl_0": [206496, 19.356178819091593, 720154339595.0977], "unrealized_pnl_1": [206496, 83.20672754795201, 8500350862611.106], "unrealized_pnl_2": [206496, 28355.134725790642, 5533658168230766.0], "unrealized_pnl_3": [206496, 54099.44136394087, 9.236393805262026e+16], "unrealized_pnl_4": [206496, 237.39529571329848, 10093590282141.984], "unrealized_pnl_5": [206496, 9911.187081463484, 2008983791686650.8], "unrealized_pnl_6": [206496, 582.0969889936694, 20792055529368.066], "unrealized_pnl_7": [206496, 56.81500207860834, 1527441783823.174], "unrealized_pnl_8": [206496, 70.37698197367331, 1710384421897.026], "unrealized_pnl_9": [206496, 2900.08810325191, 364713868789677.75], "margin_usage_ratio": [206496, 0.004985476441894367, 15.765946922363936]}, "pcr_min_ew": 0.987288833021701, "pcr_max_ew": 0.9999999999999913}