{"r_count": 167400.0001, "r_mean": 0.0031471544636053565, "r_var": 391.7029966867289, "tanh_k": 2.0, "feature_welford": {"unrealized_pnl": [167401, 51089.00989586137, 2.7224528676166548e+16], "realized_pnl": [167401, 40971.16644067317, 4.493148368156516e+16], "compounded_returns": [167401, 16003.869651058812, 30197576293302.766], "balance": [167401, 31355135.661786083, 1.1154800122090471e+20], "position_value": [167401, 365926.29003094696, 7.67749915038597e+16], "current_position_size": [167401, 1829134.2414285752, 1.9194710091247076e+18], "last_log_ret": [167401, 0.009212856838010017, 290.96904644425433], "sortino_ratio": [167401, 4.047400244092837, 12619365117.981812], "rolling_pnl_sigma": [167401, 0.02008618205140798, 160.9818583078816], "portfolio_cash_ratio": [167401, 0.8604364562089529, 10098.944402532497], "free_collateral": [167401, 31743449.375221465, 1.1096952116325068e+20], "mm_reqs": [167401, 28874.430740075706, 2052335100546794.5], "unrealized_pnl_0": [167401, 24.101534327083627, 702519801576.3428], "unrealized_pnl_1": [167401, 70.95799124888734, 7348614538744.801], "unrealized_pnl_2": [167401, 22924.99881445767, 3430397701844134.5], "unrealized_pnl_3": [167401, 46729.96111641534, 5.720440032541294e+16], "unrealized_pnl_4": [167401, 240.57875116740885, 8784070252850.097], "unrealized_pnl_5": [167401, 9123.573037695543, 1525176603867178.2], "unrealized_pnl_6": [167401, 612.4059841418829, 18430014309234.84], "unrealized_pnl_7": [167401, 60.01410691381038, 1422806296706.2375], "unrealized_pnl_8": [167401, 77.36679601917976, 1569265308034.4148], "unrealized_pnl_9": [167401, 2738.845138352634, 294864316848932.5], "margin_usage_ratio": [167401, 0.0053170207950213695, 13.541587179570806]}, "pcr_min_ew": 0.979379247657704, "pcr_max_ew": 0.9999999999999425}