{"r_count": 295855.0001, "r_mean": 0.0037848284022391123, "r_var": 558.4867620192938, "tanh_k": 2.0, "feature_welford": {"unrealized_pnl": [295856, 82785.64668218564, 9.202351250716875e+16], "realized_pnl": [295856, 58706.681645530065, 1.4274112123636698e+17], "compounded_returns": [295856, 22829.82046478403, 103966474868616.31], "balance": [295856, 44256973.806479126, 3.948526160318737e+20], "position_value": [295856, 431120.57117560843, 1.7491047743723498e+17], "current_position_size": [295856, 2155062.9578317273, 4.373044352363648e+18], "last_log_ret": [295856, 0.009655458795550255, 448.9240448225718], "sortino_ratio": [295856, 4.584436448317062, 14098534264.124878], "rolling_pnl_sigma": [295856, 0.017475075812550384, 229.75112200390532], "portfolio_cash_ratio": [295856, 0.8803233322345294, 15446.047429352999], "free_collateral": [295856, 44735035.99537885, 3.9316347790710525e+20], "mm_reqs": [295856, 36061.981394599825, 6095627545957602.0], "unrealized_pnl_0": [295856, 17.285775899589378, 812681494591.3165], "unrealized_pnl_1": [295856, 67.8327675094392, 10386054026605.082], "unrealized_pnl_2": [295856, 43761.30168118259, 1.6124146431010292e+16], "unrealized_pnl_3": [295856, 68845.22222929749, 1.9103093343458694e+17], "unrealized_pnl_4": [295856, 251.5492663255654, 11962983433699.357], "unrealized_pnl_5": [295856, 11679.64908648862, 3151205953196709.5], "unrealized_pnl_6": [295856, 547.2168388538524, 24806823312783.734], "unrealized_pnl_7": [295856, 51.10704675788965, 1647940975446.2188], "unrealized_pnl_8": [295856, 61.11329686922436, 1942292463449.801], "unrealized_pnl_9": [295856, 3136.3673530446913, 517228494858008.25], "margin_usage_ratio": [295856, 0.004543492980148659, 20.746384284865673]}, "pcr_min_ew": 0.9897238543852087, "pcr_max_ew": 0.9999999999999817}