{"r_count": 371811.0001, "r_mean": 0.004292106751020899, "r_var": 654.4401039713894, "tanh_k": 2.0, "feature_welford": {"unrealized_pnl": [371812, 100520.09447477157, 1.4910814501698666e+17], "realized_pnl": [371812, 67995.10040860341, 2.19691691435576e+17], "compounded_returns": [371812, 26234.345076235233, 171099471043415.16], "balance": [371812, 50811902.201088056, 6.54481911026004e+20], "position_value": [371812, 470007.57431020914, 2.46326541190301e+17], "current_position_size": [371812, 2349447.549477677, 6.158581697109818e+18], "last_log_ret": [371812, 0.009817703383879842, 542.4149233152286], "sortino_ratio": [371812, 4.903177242124191, 16031295456.13111], "rolling_pnl_sigma": [371812, 0.016684595327668212, 267.1918818751398], "portfolio_cash_ratio": [371812, 0.8857712964926538, 18587.211004523277], "free_collateral": [371812, 51342583.65895177, 6.518901449143678e+20], "mm_reqs": [371812, 40098.300824585174, 9213097651292466.0], "unrealized_pnl_0": [371812, 16.320531517736793, 843510974556.2621], "unrealized_pnl_1": [371812, 55.695585376966264, 12020020697945.758], "unrealized_pnl_2": [371812, 54741.600421076844, 2.9086524480678516e+16], "unrealized_pnl_3": [371812, 79827.5824042326, 2.977838710120686e+17], "unrealized_pnl_4": [371812, 250.85819669985102, 12861016485901.8], "unrealized_pnl_5": [371812, 14142.403988056423, 4537616355949333.0], "unrealized_pnl_6": [371812, 548.0523861200437, 29718754318345.6], "unrealized_pnl_7": [371812, 44.56262900644035, 1929435476160.4805], "unrealized_pnl_8": [371812, 59.59816419536315, 2165330895252.792], "unrealized_pnl_9": [371812, 3461.698435285243, 719147288036739.2], "margin_usage_ratio": [371812, 0.004329942294328899, 24.92522126179966]}, "pcr_min_ew": 0.9925076270043923, "pcr_max_ew": 0.9997427999946388}