{"r_count": 211420.0001, "r_mean": 0.0032547885162182936, "r_var": 479.46837588194353, "tanh_k": 2.0, "feature_welford": {"unrealized_pnl": [211421, 63939.02743271036, 4.744020203470415e+16], "realized_pnl": [211421, 48130.35683151015, 7.466008139676437e+16], "compounded_returns": [211421, 18758.03091134465, 50079646154266.55], "balance": [211421, 36617596.78247118, 1.869195550456126e+20], "position_value": [211421, 385026.1225052791, 1.0664217934835722e+17], "current_position_size": [211421, 1924458.8804238653, 2.6661774314030833e+18], "last_log_ret": [211421, 0.009465010433388606, 348.51255428329085], "sortino_ratio": [211421, 7.057979007313666, 91005312791.42767], "rolling_pnl_sigma": [211421, 0.01872685822461372, 188.38080958100073], "portfolio_cash_ratio": [211421, 0.8733393185131677, 11680.428256852616], "free_collateral": [211421, 37035445.28760822, 1.8597785480954908e+20], "mm_reqs": [211421, 31389.132353798403, 3310893771230444.5], "unrealized_pnl_0": [211421, 31.962392403866367, 917801927385.3743], "unrealized_pnl_1": [211421, 16.64521227461702, 10350219376316.223], "unrealized_pnl_2": [211421, 29186.227290539864, 5854820541457646.0], "unrealized_pnl_3": [211421, 57357.12504877908, 1.015595004329199e+17], "unrealized_pnl_4": [211421, 258.96675003528867, 6863329152230.899], "unrealized_pnl_5": [211421, 10350.738761400695, 2222239675635359.0], "unrealized_pnl_6": [211421, 489.40158198402094, 20161482886989.816], "unrealized_pnl_7": [211421, 65.65658321303067, 1897993517123.7207], "unrealized_pnl_8": [211421, 76.81911503244729, 1631124696659.086], "unrealized_pnl_9": [211421, 2953.3991376191248, 407004808305883.56], "margin_usage_ratio": [211421, 0.004820859291103747, 15.8514201658538]}, "pcr_min_ew": 0.9883077842010976, "pcr_max_ew": 0.99986753009124}