{"r_count": 27668.0001, "r_mean": 0.0013789896808350697, "r_var": 214.09001662771135, "tanh_k": 2.0, "feature_welford": {"unrealized_pnl": [27669, 13665.77310343893, 1196665056324484.2], "realized_pnl": [27669, 14180.003570607627, 1682454037307341.0], "compounded_returns": [27669, 3512.4132894162685, 598300722481.3008], "balance": [27669, 10603671.881881345, 4.5019684163661563e+18], "position_value": [27669, 293095.83128529886, 9348680697913370.0], "current_position_size": [27669, 1464498.4983356625, 2.336312996394828e+17], "last_log_ret": [27669, 0.006241770288670663, 122.3504977155314], "sortino_ratio": [27669, 0.4977252480556931, 27752.234936333003], "rolling_pnl_sigma": [27669, 0.04284034433788472, 64.90288741879326], "portfolio_cash_ratio": [27669, 0.6626224244669651, 2907.669997841162], "free_collateral": [27669, 10889497.737697938, 4.5752073676864676e+18], "mm_reqs": [27669, 21015.396665943794, 115929426099586.34], "unrealized_pnl_0": [27669, 15.462138237254736, 315290593285.36005], "unrealized_pnl_1": [27669, 260.3091867417438, 2204461321335.3755], "unrealized_pnl_2": [27669, 2098.5894204875995, 86451792227336.34], "unrealized_pnl_3": [27669, 16115.539940981755, 1918760947404095.8], "unrealized_pnl_4": [27669, 225.46542479343233, 1738217085910.325], "unrealized_pnl_5": [27669, 4489.227605714575, 200526596418456.16], "unrealized_pnl_6": [27669, 314.93289765514754, 4443758875530.182], "unrealized_pnl_7": [27669, 91.41248773753583, 747050169259.0419], "unrealized_pnl_8": [27669, 55.941004126932405, 434501073239.94684], "unrealized_pnl_9": [27669, 1642.1428375470502, 39774386458275.336], "margin_usage_ratio": [27669, 0.011767588483788468, 3.3871357559327886]}, "pcr_min_ew": 0.9805737184922994, "pcr_max_ew": 0.9999999999998389}