{"r_count": 397576.0001, "r_mean": 0.004396484193276633, "r_var": 675.3744786482862, "tanh_k": 2.0, "feature_welford": {"unrealized_pnl": [397577, 110389.55194039295, 1.827300309612556e+17], "realized_pnl": [397577, 72030.68713607245, 2.6079287834867818e+17], "compounded_returns": [397577, 27753.00464871558, 204034212965829.22], "balance": [397577, 53818358.42746602, 7.798981720938865e+20], "position_value": [397577, 484463.7991932913, 2.8007724398931456e+17], "current_position_size": [397577, 2421689.0815624637, 7.002406184898635e+18], "last_log_ret": [397577, 0.009858117519515163, 588.0999600191011], "sortino_ratio": [397577, 4.818048143607487, 5208875154.367734], "rolling_pnl_sigma": [397577, 0.016478832397044122, 290.06323973702246], "portfolio_cash_ratio": [397577, 0.8872317135789095, 19775.664023450412], "free_collateral": [397577, 54371388.157558694, 7.769517475540908e+20], "mm_reqs": [397577, 42130.96195668408, 1.0912920830652212e+16], "unrealized_pnl_0": [397577, 14.388946380012479, 817793524545.3116], "unrealized_pnl_1": [397577, 71.58700652960744, 15961482057759.848], "unrealized_pnl_2": [397577, 59969.10409775562, 3.691342732841811e+16], "unrealized_pnl_3": [397577, 86170.90046095513, 3.5845763845800934e+17], "unrealized_pnl_4": [397577, 275.75238914694, 14498276286333.738], "unrealized_pnl_5": [397577, 15253.06166528485, 5315599841812267.0], "unrealized_pnl_6": [397577, 515.968831617663, 27336204413995.71], "unrealized_pnl_7": [397577, 45.77342901026168, 2125398321999.0864], "unrealized_pnl_8": [397577, 64.87881865455144, 2094354352273.2483], "unrealized_pnl_9": [397577, 3606.062928446328, 741398343584216.8], "margin_usage_ratio": [397577, 0.004219964124616925, 25.799098310782398]}, "pcr_min_ew": 0.9933087388196039, "pcr_max_ew": 0.9999999999999964}