{"r_count": 190425.0001, "r_mean": 0.0030880719744742343, "r_var": 441.7643213268271, "tanh_k": 2.0, "feature_welford": {"unrealized_pnl": [190426, 57730.48319019077, 3.777019677921376e+16], "realized_pnl": [190426, 45504.492912629124, 6.043745414205253e+16], "compounded_returns": [190426, 17660.230263589303, 40844663209466.67], "balance": [190426, 34716812.818100415, 1.512564763246413e+20], "position_value": [190426, 369271.0388717939, 9.22011595764439e+16], "current_position_size": [190426, 1845836.9085419015, 2.3051170528962893e+18], "last_log_ret": [190426, 0.00932046041277093, 318.5925013179925], "sortino_ratio": [190426, 27.35410780013408, 1004638208825.6216], "rolling_pnl_sigma": [190426, 0.019214540935664336, 175.74601140395677], "portfolio_cash_ratio": [190426, 0.8667931588916096, 11177.741477484346], "free_collateral": [190426, 35114026.288231656, 1.505226926590751e+20], "mm_reqs": [190426, 29957.83830091838, 2698707741446975.0], "unrealized_pnl_0": [190426, 29.586401413651764, 758846437605.7373], "unrealized_pnl_1": [190426, 58.94909879983818, 9484263738231.596], "unrealized_pnl_2": [190426, 26175.337450927032, 4546659634307511.0], "unrealized_pnl_3": [190426, 52565.314245670845, 8.090922954410102e+16], "unrealized_pnl_4": [190426, 264.38443564442287, 6221943030416.16], "unrealized_pnl_5": [190426, 10320.243957412942, 1950588085593726.2], "unrealized_pnl_6": [190426, 555.6666425730914, 17961256584782.59], "unrealized_pnl_7": [190426, 59.96266936092297, 1710368316542.6729], "unrealized_pnl_8": [190426, 59.808808660068756, 1592833010031.888], "unrealized_pnl_9": [190426, 2834.9266829616063, 386322458505960.9], "margin_usage_ratio": [190426, 0.004991556897130816, 14.619234913123917]}, "pcr_min_ew": 0.9921714233850683, "pcr_max_ew": 0.9999999999999799}