{"r_count": 307099.0001, "r_mean": 0.0037903421901490726, "r_var": 561.6149467646845, "tanh_k": 2.0, "feature_welford": {"unrealized_pnl": [307100, 87657.9999561133, 1.0593678971451358e+17], "realized_pnl": [307100, 61124.489836596236, 1.6153004773531334e+17], "compounded_returns": [307100, 23703.89857229547, 116178592495606.17], "balance": [307100, 46055984.89539128, 4.41502413852195e+20], "position_value": [307100, 434801.32083175774, 1.8700383563634723e+17], "current_position_size": [307100, 2173428.499351141, 4.675375772689038e+18], "last_log_ret": [307100, 0.00967087923074075, 476.94383976718535], "sortino_ratio": [307100, 4.358769870416729, 4168744768.3475494], "rolling_pnl_sigma": [307100, 0.017345194489598093, 246.00087233306672], "portfolio_cash_ratio": [307100, 0.8815047632337917, 16032.610721046542], "free_collateral": [307100, 46542134.824912585, 4.396848253545534e+20], "mm_reqs": [307100, 36612.30883466541, 6758785237592053.0], "unrealized_pnl_0": [307100, 16.655280366226005, 755820149524.4031], "unrealized_pnl_1": [307100, 92.10377261537694, 12350470208451.346], "unrealized_pnl_2": [307100, 46080.370010840576, 1.776841027959841e+16], "unrealized_pnl_3": [307100, 72350.843570287, 2.190430612899491e+17], "unrealized_pnl_4": [307100, 283.7338467349025, 13475212219908.477], "unrealized_pnl_5": [307100, 12536.61684225365, 3660922379752472.0], "unrealized_pnl_6": [307100, 523.7006000409951, 23049834942631.27], "unrealized_pnl_7": [307100, 51.16558840525707, 1840525881343.6753], "unrealized_pnl_8": [307100, 70.5010228951179, 1939250970748.0688], "unrealized_pnl_9": [307100, 3166.1307502958525, 508160184660800.0], "margin_usage_ratio": [307100, 0.004421948363354454, 20.82488083425373]}, "pcr_min_ew": 0.9866819264145701, "pcr_max_ew": 0.9997186156092779}