{"r_count": 236457.0001, "r_mean": 0.0033560995802221364, "r_var": 542.6770597162074, "tanh_k": 2.0, "feature_welford": {"unrealized_pnl": [236458, 71282.65024858662, 6.432361164105138e+16], "realized_pnl": [236458, 51717.55876606861, 9.891894949727563e+16], "compounded_returns": [236458, 20358.886365774288, 66442607271545.66], "balance": [236458, 39560056.8170659, 2.5103896612573577e+20], "position_value": [236458, 398684.0126724644, 1.2961667239139829e+17], "current_position_size": [236458, 1992705.0974178684, 3.240561097057949e+18], "last_log_ret": [236458, 0.009490044252329475, 399.5359885007932], "sortino_ratio": [236458, 4.347975196974977, 1909603624.8754935], "rolling_pnl_sigma": [236458, 0.018024376010306903, 202.4179395285481], "portfolio_cash_ratio": [236458, 0.8764120487159767, 12859.004309734439], "free_collateral": [236458, 39996871.54424375, 2.4992434780964897e+20], "mm_reqs": [236458, 33336.10841487652, 4435440252170915.5], "unrealized_pnl_0": [236458, 27.928521972005953, 889534645375.6519], "unrealized_pnl_1": [236458, 84.72833491687568, 8314640065154.166], "unrealized_pnl_2": [236458, 34383.05457201809, 8565404861582422.0], "unrealized_pnl_3": [236458, 63614.41326801691, 1.3904377939461818e+17], "unrealized_pnl_4": [236458, 275.2544038083693, 7496644717800.065], "unrealized_pnl_5": [236458, 10203.403223386826, 2698551133697660.5], "unrealized_pnl_6": [236458, 490.46566062084656, 20720073727637.336], "unrealized_pnl_7": [236458, 54.899869505830395, 1367773944677.9624], "unrealized_pnl_8": [236458, 62.215493891912914, 1927442599224.956], "unrealized_pnl_9": [236458, 2990.594929796717, 414061421890362.44], "margin_usage_ratio": [236458, 0.004645916525475351, 16.851976963944953]}, "pcr_min_ew": 0.9928436070705403, "pcr_max_ew": 0.9999999999999929}