{"r_count": 401970.0001, "r_mean": 0.004478903422759422, "r_var": 691.8601592812666, "tanh_k": 2.0, "feature_welford": {"unrealized_pnl": [401971, 109080.60688722614, 1.774970847809962e+17], "realized_pnl": [401971, 71473.10928923351, 2.5539788055271786e+17], "compounded_returns": [401971, 27545.243955902297, 203956945302316.4], "balance": [401971, 53316220.17497874, 7.804590159250634e+20], "position_value": [401971, 488238.22308976715, 2.8181404674456205e+17], "current_position_size": [401971, 2440572.556573744, 7.045880379831945e+18], "last_log_ret": [401971, 0.009871828114674276, 579.2111864247461], "sortino_ratio": [401971, 5.154785905373342, 17780260744.86791], "rolling_pnl_sigma": [401971, 0.016443304895117798, 281.50150878588283], "portfolio_cash_ratio": [401971, 0.8872965706580743, 19839.930833442115], "free_collateral": [401971, 53871328.81826485, 7.775849961958079e+20], "mm_reqs": [401971, 42463.63377835312, 1.0989795297076462e+16], "unrealized_pnl_0": [401971, 15.757163335127196, 853655767338.947], "unrealized_pnl_1": [401971, 52.31752454937963, 12074263834202.723], "unrealized_pnl_2": [401971, 59015.45512153059, 3.594658380650248e+16], "unrealized_pnl_3": [401971, 84839.34598170496, 3.447818540822735e+17], "unrealized_pnl_4": [401971, 252.61445095515006, 13161412330718.639], "unrealized_pnl_5": [401971, 15374.389197439212, 5279622834092523.0], "unrealized_pnl_6": [401971, 542.2201589128563, 31247243026969.984], "unrealized_pnl_7": [401971, 43.81715573059888, 2286505664538.655], "unrealized_pnl_8": [401971, 60.07288026254302, 2205346521142.165], "unrealized_pnl_9": [401971, 3614.508474089464, 796657543494379.1], "margin_usage_ratio": [401971, 0.004276787873573917, 26.61235085012028]}, "pcr_min_ew": 0.9942984284704393, "pcr_max_ew": 0.9999945422141491}