{"r_count": 67133.0001, "r_mean": 0.0029058114969215706, "r_var": 300.4969822853633, "tanh_k": 2.0, "feature_welford": {"unrealized_pnl": [67134, 26870.082781314635, 5589248786403773.0], "realized_pnl": [67134, 25164.553775485612, 7593052942147629.0], "compounded_returns": [67134, 9000.835357977812, 4924062363096.515], "balance": [67134, 19742671.151665527, 2.0285272920930288e+19], "position_value": [67134, 329702.0526300208, 2.5036141086074144e+16], "current_position_size": [67134, 1647782.6456428876, 6.258917645987584e+17], "last_log_ret": [67134, 0.008343973764270816, 170.0928780585638], "sortino_ratio": [67134, 1.2018789184324083, 3144162.6446040394], "rolling_pnl_sigma": [67134, 0.02785731342674675, 99.2535464073818], "portfolio_cash_ratio": [67134, 0.7978255930169238, 5552.665028746141], "free_collateral": [67134, 20075467.471115362, 2.031977282843867e+19], "mm_reqs": [67134, 23885.140912124505, 389860910562156.94], "unrealized_pnl_0": [67134, 44.287898340398876, 576945744377.7615], "unrealized_pnl_1": [67134, 143.38185995285716, 4012140843646.0054], "unrealized_pnl_2": [67134, 8649.148655997113, 416031578292793.8], "unrealized_pnl_3": [67134, 28167.17271693186, 1.0834859637613096e+16], "unrealized_pnl_4": [67134, 199.23784587314503, 3261280598709.5713], "unrealized_pnl_5": [67134, 7608.983986163053, 576718762013354.5], "unrealized_pnl_6": [67134, 440.36982525722823, 9372353887206.908], "unrealized_pnl_7": [67134, 65.25082080156531, 857655372212.6718], "unrealized_pnl_8": [67134, 106.05014574300903, 655574727604.6157], "unrealized_pnl_9": [67134, 1923.535285443323, 105408331881593.16], "margin_usage_ratio": [67134, 0.007276879357137052, 6.658608466171454]}, "pcr_min_ew": 0.9795600759502676, "pcr_max_ew": 0.9999709984514443}