{"r_count": 80537.0001, "r_mean": 0.0029163935395173837, "r_var": 318.37737590307233, "tanh_k": 2.0, "feature_welford": {"unrealized_pnl": [80538, 31853.4386654448, 8013304330038917.0], "realized_pnl": [80538, 28435.006323519025, 1.0982468423593076e+16], "compounded_returns": [80538, 10521.734550921563, 7644807483847.791], "balance": [80538, 22199410.758284293, 2.9504426494690787e+19], "position_value": [80538, 331635.40993604687, 3.111654862458901e+16], "current_position_size": [80538, 1657521.9485734096, 7.779046050885624e+17], "last_log_ret": [80538, 0.008571421221526373, 186.6084872859472], "sortino_ratio": [80538, 1.3519988058840073, 3756256.2764159185], "rolling_pnl_sigma": [80538, 0.025736000816037757, 109.12847258478062], "portfolio_cash_ratio": [80538, 0.814781576967703, 6272.056143308374], "free_collateral": [80538, 22538535.37469839, 2.949209229851275e+19], "mm_reqs": [80538, 24471.427442659187, 577021911339249.8], "unrealized_pnl_0": [80538, 36.22937559481199, 646530692972.729], "unrealized_pnl_1": [80538, 128.46740558721277, 4338756645118.579], "unrealized_pnl_2": [80538, 10826.601916914868, 625286904140280.9], "unrealized_pnl_3": [80538, 32438.2984512986, 1.5671950131058434e+16], "unrealized_pnl_4": [80538, 191.0144579651167, 3700090203994.6196], "unrealized_pnl_5": [80538, 8171.98767195802, 737196341090776.0], "unrealized_pnl_6": [80538, 439.92149881186714, 10908024173175.107], "unrealized_pnl_7": [80538, 63.15357555594317, 917712313422.866], "unrealized_pnl_8": [80538, 100.21662379547524, 843708274022.2673], "unrealized_pnl_9": [80538, 2204.0236495810427, 128388087925732.84], "margin_usage_ratio": [80538, 0.006688841360963314, 7.564730388327824]}, "pcr_min_ew": 0.9795831486509734, "pcr_max_ew": 0.999999999999968}