{"r_count": 360641.0001, "r_mean": 0.0042129373116307585, "r_var": 640.7091874846901, "tanh_k": 2.0, "feature_welford": {"unrealized_pnl": [360642, 97883.4143153075, 1.4089689743695835e+17], "realized_pnl": [360642, 66630.23088033483, 2.0868565787529363e+17], "compounded_returns": [360642, 25730.264352987793, 159464792814682.3], "balance": [360642, 49863425.49219129, 6.105752345875107e+20], "position_value": [360642, 463927.37107425724, 2.3518738029173952e+17], "current_position_size": [360642, 2319052.6543749147, 5.880075370656356e+18], "last_log_ret": [360642, 0.009795981499402771, 528.9352481830163], "sortino_ratio": [360642, 4.719907876358102, 14255431776.843107], "rolling_pnl_sigma": [360642, 0.01678114139483987, 261.88050550112223], "portfolio_cash_ratio": [360642, 0.8851581462445515, 18126.047946280156], "free_collateral": [360642, 50386035.56821304, 6.081130634378062e+20], "mm_reqs": [360642, 39452.467550161025, 8733345075622838.0], "unrealized_pnl_0": [360642, 16.620619576661444, 843079867976.9934], "unrealized_pnl_1": [360642, 57.14704215044761, 11970503879333.996], "unrealized_pnl_2": [360642, 53131.830567943485, 2.6905339109349988e+16], "unrealized_pnl_3": [360642, 78366.34343524755, 2.8422094575839696e+17], "unrealized_pnl_4": [360642, 250.3446882109461, 12790339157759.4], "unrealized_pnl_5": [360642, 13704.042058622816, 4372420439642324.0], "unrealized_pnl_6": [360642, 552.2984461551812, 29002591667503.887], "unrealized_pnl_7": [360642, 46.76551243483171, 1877615487724.8855], "unrealized_pnl_8": [360642, 59.93150255205197, 2139825639959.6733], "unrealized_pnl_9": [360642, 3411.3082332195063, 686674143707373.2], "margin_usage_ratio": [360642, 0.004354078979327182, 24.31768735647248]}, "pcr_min_ew": 0.9922255447869753, "pcr_max_ew": 0.999764395592849}