{"r_count": 9720.000100000001, "r_mean": -0.0036050986274372768, "r_var": 146.7338565403736, "tanh_k": 2.0, "feature_welford": {"unrealized_pnl": [9721, 529.9721923565926, 685107084727.9084], "realized_pnl": [9721, 28.14068142952204, 839945933214.1223], "compounded_returns": [9721, 5.163187217344529, 1177914.079322098], "balance": [9721, 57775.69707106423, 254205459917093.25], "position_value": [9721, 49217.590047475736, 107457816240413.73], "current_position_size": [9721, 245632.52987234644, 2679903447446412.0], "last_log_ret": [9721, 0.0012663380224348763, 81.42302949992369], "sortino_ratio": [9721, 0.18436079125631205, 2194.0522251567386], "rolling_pnl_sigma": [9721, 0.07322431335226862, 27.09692184250526], "portfolio_cash_ratio": [9721, 0.3616702044368027, 351.8176307644625], "free_collateral": [9721, 104985.77031881642, 576576458125008.0], "mm_reqs": [9721, 2554.92564178896, 347037918066.3801], "unrealized_pnl_0": [9721, 79.2289522116878, 76499996078.9572], "unrealized_pnl_1": [9721, 68.82193874535625, 105604112500.20605], "unrealized_pnl_2": [9721, -47.21268294238743, 148713449439.68304], "unrealized_pnl_3": [9721, 368.55264072984374, 547667291369.3508], "unrealized_pnl_4": [9721, 79.23419136842328, 159398640976.31128], "unrealized_pnl_5": [9721, 102.51931729953044, 313403685427.4354], "unrealized_pnl_6": [9721, 89.50746470335032, 141185490485.3891], "unrealized_pnl_7": [9721, -27.48665926283667, 110928988634.30118], "unrealized_pnl_8": [9721, -27.324137828764524, 64853544045.24129], "unrealized_pnl_9": [9721, 82.2647560388152, 193986824657.0241], "margin_usage_ratio": [9721, 0.020568913988720038, 0.6634470006827451]}, "pcr_min_ew": 0.41149547041024565, "pcr_max_ew": 0.8963347344334652}