{"r_count": 2769.0001, "r_mean": -0.01355659715570026, "r_var": 127.89814360683006, "tanh_k": 2.0, "feature_welford": {"unrealized_pnl": [2770, 3.6763743316481916, 9461140.18254888], "realized_pnl": [2770, 0.6577655804437547, 11226324.72126537], "compounded_returns": [2770, 0.523000411807825, 819.0195602443271], "balance": [2770, 281.71861271301447, 202141338.60467437], "position_value": [2770, 560.34598976672, 554565991.445378], "current_position_size": [2770, 2799.0040492082326, 13880631244.885239], "last_log_ret": [2770, -0.0032338708685708288, 21.325845873372547], "sortino_ratio": [2770, 0.057814757433429446, 332.7718008843994], "rolling_pnl_sigma": [2770, 0.0718133454258126, 6.373867729895544], "portfolio_cash_ratio": [2770, 0.3387391080465607, 83.98767422435796], "free_collateral": [2770, 830.6571549160453, 1033008359.7850648], "mm_reqs": [2770, 15.300268944245111, 435387.5522031772], "unrealized_pnl_0": [2770, -1.4292589289988484, 4762850.749014317], "unrealized_pnl_1": [2770, 0.6266863056546551, 1929661.1119902167], "unrealized_pnl_2": [2770, 0.2780486896414773, 874812.7301547258], "unrealized_pnl_3": [2770, 1.1542668153448679, 3786833.4105780153], "unrealized_pnl_4": [2770, 0.32282814775260127, 1688080.7839490185], "unrealized_pnl_5": [2770, 1.5189819700571343, 2055733.4489232292], "unrealized_pnl_6": [2770, -0.07893588403796503, 2002341.7985491662], "unrealized_pnl_7": [2770, 0.8797441850785357, 1860409.9814812911], "unrealized_pnl_8": [2770, 1.180679065571849, 2273680.1125550023], "unrealized_pnl_9": [2770, -0.3264337912021186, 2962176.2936264863], "margin_usage_ratio": [2770, 0.017975300673164548, 0.07078367081415463]}, "pcr_min_ew": 0.15877323179933084, "pcr_max_ew": 0.6728461618235572}