{"r_count": 319115.0001, "r_mean": 0.0038864369190642106, "r_var": 649.5561059793739, "tanh_k": 2.0, "feature_welford": {"unrealized_pnl": [319116, 91451.00111981832, 1.2059531752046413e+17], "realized_pnl": [319116, 62305.808995547966, 1.7776858735167776e+17], "compounded_returns": [319116, 24320.3379577727, 125265063046692.84], "balance": [319116, 47217885.523410805, 4.809454084507737e+20], "position_value": [319116, 442420.05841358047, 1.9992819378448666e+17], "current_position_size": [319116, 2211400.693558401, 4.998511735913335e+18], "last_log_ret": [319116, 0.00971277635937229, 502.24734991234084], "sortino_ratio": [319116, 4.920327131275215, 4713387063.500111], "rolling_pnl_sigma": [319116, 0.016939891959051417, 244.91005735674148], "portfolio_cash_ratio": [319116, 0.8843302796793491, 16242.873522517159], "free_collateral": [319116, 47714261.060769305, 4.789345149457076e+20], "mm_reqs": [319116, 37696.93118707736, 7393889554163874.0], "unrealized_pnl_0": [319116, 22.303305126259925, 934988204492.3469], "unrealized_pnl_1": [319116, 85.28232761222979, 11420803800665.879], "unrealized_pnl_2": [319116, 47662.542643025066, 1.9677228584626228e+16], "unrealized_pnl_3": [319116, 76583.15769070141, 2.4837404165473894e+17], "unrealized_pnl_4": [319116, 264.491916802039, 8201268675034.178], "unrealized_pnl_5": [319116, 11789.257802379401, 3683830555170556.5], "unrealized_pnl_6": [319116, 464.91269468379176, 23905713987279.934], "unrealized_pnl_7": [319116, 54.78869112004112, 1875299981835.8044], "unrealized_pnl_8": [319116, 58.262758973058595, 2339369633424.577], "unrealized_pnl_9": [319116, 3181.8843244727614, 572593968955201.4], "margin_usage_ratio": [319116, 0.004344119702499719, 21.336244950708107]}, "pcr_min_ew": 0.9911546083092498, "pcr_max_ew": 0.9999999999999646}