{"r_count": 86544.0001, "r_mean": 0.0029191740858225982, "r_var": 304.370987337621, "tanh_k": 2.0, "feature_welford": {"unrealized_pnl": [86545, 33544.390831375116, 8985775911814468.0], "realized_pnl": [86545, 30700.758022356422, 1.4016587931486202e+16], "compounded_returns": [86545, 11121.40913055698, 9015566164371.307], "balance": [86545, 23422056.856606588, 3.5363985266483773e+19], "position_value": [86545, 336086.5774891012, 3.4056249233892412e+16], "current_position_size": [86545, 1679896.7770332862, 8.514494607617112e+17], "last_log_ret": [86545, 0.0085986787414535, 191.31862648634265], "sortino_ratio": [86545, 1.4714848955743605, 3333883.7882594136], "rolling_pnl_sigma": [86545, 0.02485628773775461, 112.59466972116806], "portfolio_cash_ratio": [86545, 0.8211988975259291, 6503.036025193967], "free_collateral": [86545, 23766785.76277864, 3.5296316855532286e+19], "mm_reqs": [86545, 25073.744544519115, 663824662733991.2], "unrealized_pnl_0": [86545, 54.221133823594556, 514414695758.76215], "unrealized_pnl_1": [86545, 102.43349377582494, 6067162503035.293], "unrealized_pnl_2": [86545, 11676.208281139943, 774078578165284.2], "unrealized_pnl_3": [86545, 34442.20004484237, 1.833593473733876e+16], "unrealized_pnl_4": [86545, 256.3643949040973, 4117027161830.077], "unrealized_pnl_5": [86545, 8184.7279648968115, 807202689349220.6], "unrealized_pnl_6": [86545, 606.9544591716815, 11077163895925.719], "unrealized_pnl_7": [86545, 66.15717636368457, 1222050375240.1848], "unrealized_pnl_8": [86545, 75.31194327442003, 1133833280812.8186], "unrealized_pnl_9": [86545, 2158.0627291245314, 142297639948549.84], "margin_usage_ratio": [86545, 0.006635913981757677, 8.415369623619176]}, "pcr_min_ew": 0.9909739920456578, "pcr_max_ew": 0.9999999999999942}