{"r_count": 199793.0001, "r_mean": 0.0032555194340280337, "r_var": 433.6503239812807, "tanh_k": 2.0, "feature_welford": {"unrealized_pnl": [199794, 58516.21949039617, 3.968723750902968e+16], "realized_pnl": [199794, 45638.63341278019, 6.543027452937589e+16], "compounded_returns": [199794, 17892.53658375939, 44191054223333.64], "balance": [199794, 34792058.752876505, 1.6320848336263774e+20], "position_value": [199794, 381116.5540617511, 9.900255140026197e+16], "current_position_size": [199794, 1905011.5912483276, 2.475203061573058e+18], "last_log_ret": [199794, 0.009355971257604219, 330.06022673950173], "sortino_ratio": [199794, 3.9989979603499886, 12643646584.646112], "rolling_pnl_sigma": [199794, 0.019140978676843223, 178.95914222519937], "portfolio_cash_ratio": [199794, 0.8677465451235364, 11468.160505564816], "free_collateral": [199794, 35201123.19160405, 1.6239505877488973e+20], "mm_reqs": [199794, 30749.106251465695, 2946361934311380.0], "unrealized_pnl_0": [199794, 20.75162634556291, 711985183729.9719], "unrealized_pnl_1": [199794, 82.234601316466, 8361841937397.591], "unrealized_pnl_2": [199794, 27389.61389923641, 5108960549414232.0], "unrealized_pnl_3": [199794, 52701.36344202162, 8.521928288174278e+16], "unrealized_pnl_4": [199794, 239.8379429494484, 10049677293734.887], "unrealized_pnl_5": [199794, 9677.922657827887, 1898564613828276.5], "unrealized_pnl_6": [199794, 593.8806608056517, 20462953091701.945], "unrealized_pnl_7": [199794, 57.42459998261416, 1519556776409.6482], "unrealized_pnl_8": [199794, 71.94658917578269, 1700520445734.2148], "unrealized_pnl_9": [199794, 2843.191170293388, 345720313694139.8], "margin_usage_ratio": [199794, 0.005036639652355385, 15.395468313200347]}, "pcr_min_ew": 0.988605300997222, "pcr_max_ew": 0.9999999999999886}