{"r_count": 57502.000100000005, "r_mean": 0.0028201312022278777, "r_var": 264.76988200777447, "tanh_k": 2.0, "feature_welford": {"unrealized_pnl": [57503, 23337.809138002664, 3929955994951979.0], "realized_pnl": [57503, 24462.311367172668, 6644314651912092.0], "compounded_returns": [57503, 8057.351348698669, 3908071888173.9863], "balance": [57503, 18445365.63694692, 1.7160705849097419e+19], "position_value": [57503, 332329.2864837873, 2.1342141106487436e+16], "current_position_size": [57503, 1661067.8048232438, 5.335883588905926e+17], "last_log_ret": [57503, 0.008053910407008062, 154.5288403492515], "sortino_ratio": [57503, 1.115256050457827, 1192714.6343653952], "rolling_pnl_sigma": [57503, 0.02954742365641162, 90.4079276246756], "portfolio_cash_ratio": [57503, 0.781412761095915, 4930.574192427292], "free_collateral": [57503, 18777130.43773964, 1.7197544362639817e+19], "mm_reqs": [57503, 24104.7556672966, 334936206932898.06], "unrealized_pnl_0": [57503, 60.63573662629337, 443264778957.8898], "unrealized_pnl_1": [57503, 83.47845809097977, 5089192647228.965], "unrealized_pnl_2": [57503, 6671.263427349394, 300435397258000.44], "unrealized_pnl_3": [57503, 26837.307008510965, 8235479811357218.0], "unrealized_pnl_4": [57503, 257.1514387267961, 3334246154202.036], "unrealized_pnl_5": [57503, 6366.173471649566, 435991607022291.1], "unrealized_pnl_6": [57503, 582.4895486621787, 8189774902289.46], "unrealized_pnl_7": [57503, 79.57976448644308, 1145191240855.311], "unrealized_pnl_8": [57503, 91.14756454776331, 952207380943.7473], "unrealized_pnl_9": [57503, 1748.1414114895563, 83296972296213.34], "margin_usage_ratio": [57503, 0.008063151981248214, 6.376381635121845]}, "pcr_min_ew": 0.9922668751765003, "pcr_max_ew": 0.9999999999999893}