{"r_count": 31389.0001, "r_mean": 0.0021072609374172065, "r_var": 249.16892700491204, "tanh_k": 2.0, "feature_welford": {"unrealized_pnl": [31390, 16335.508512021403, 1323043958471444.8], "realized_pnl": [31390, 15472.332948149173, 2113275851105069.2], "compounded_returns": [31390, 4260.477648384673, 940615794956.1411], "balance": [31390, 12346228.841952715, 6.09249466792552e+18], "position_value": [31390, 306809.7596245453, 1.1296015903363262e+16], "current_position_size": [31390, 1532927.1137932544, 2.8236850124824342e+17], "last_log_ret": [31390, 0.007064117138497934, 121.75076888414681], "sortino_ratio": [31390, 0.5296999351083511, 74280.86796640001], "rolling_pnl_sigma": [31390, 0.039668821011203885, 65.23364733449617], "portfolio_cash_ratio": [31390, 0.6905980095073498, 3285.673542732276], "free_collateral": [31390, 12647405.768506717, 6.165711352540324e+18], "mm_reqs": [31390, 22087.44457910758, 144821141503162.06], "unrealized_pnl_0": [31390, 86.49688284514852, 355101418809.8624], "unrealized_pnl_1": [31390, 233.29048338106475, 2374617006124.9526], "unrealized_pnl_2": [31390, 3353.479088241131, 106322040932660.69], "unrealized_pnl_3": [31390, 19692.366276149543, 3169044882281345.0], "unrealized_pnl_4": [31390, 194.4831206411779, 2170236731907.6208], "unrealized_pnl_5": [31390, 4595.54189635045, 237445058266196.7], "unrealized_pnl_6": [31390, 542.7736848745134, 6478940234798.319], "unrealized_pnl_7": [31390, 101.45502413341508, 669191181904.2611], "unrealized_pnl_8": [31390, 119.09794177546297, 383314128352.80383], "unrealized_pnl_9": [31390, 1629.3947671567428, 37267943707621.805], "margin_usage_ratio": [31390, 0.010772592202809033, 3.8329275083488756]}, "pcr_min_ew": 0.9827116689238246, "pcr_max_ew": 1.0000000000000382}