{"r_count": 183038.0001, "r_mean": 0.003196261926444754, "r_var": 411.7576379400257, "tanh_k": 2.0, "feature_welford": {"unrealized_pnl": [183039, 54325.960452915366, 3.2120601459207004e+16], "realized_pnl": [183039, 43203.98256854571, 5.345404358335871e+16], "compounded_returns": [183039, 16923.933685544056, 36547108311510.266], "balance": [183039, 32991566.282451216, 1.3452828891448125e+20], "position_value": [183039, 373042.76307870256, 8.718581099951829e+16], "current_position_size": [183039, 1864689.7767552526, 2.1797672249812718e+18], "last_log_ret": [183039, 0.009285356801421746, 309.607280486269], "sortino_ratio": [183039, 4.004179275928686, 12627960988.311089], "rolling_pnl_sigma": [183039, 0.019585539337371644, 169.60842846084026], "portfolio_cash_ratio": [183039, 0.864256901961959, 10766.614229093599], "free_collateral": [183039, 33389319.51426895, 1.3384221192253037e+20], "mm_reqs": [183039, 29795.977433645876, 2486689783638582.5], "unrealized_pnl_0": [183039, 22.557627344727706, 704588290514.0626], "unrealized_pnl_1": [183039, 66.22506615373017, 7533846577830.403], "unrealized_pnl_2": [183039, 24982.780779941542, 4158937407406439.0], "unrealized_pnl_3": [183039, 49148.94403219987, 6.8311059199143784e+16], "unrealized_pnl_4": [183039, 249.6362364820729, 9579140608546.195], "unrealized_pnl_5": [183039, 9605.332819484596, 1744969869583383.5], "unrealized_pnl_6": [183039, 595.1688230934128, 19412477811343.504], "unrealized_pnl_7": [183039, 58.81710145026318, 1486954949315.431], "unrealized_pnl_8": [183039, 76.28003147422322, 1640242530125.251], "unrealized_pnl_9": [183039, 2764.6365898985405, 318640355601205.2], "margin_usage_ratio": [183039, 0.005169029623243469, 14.436472584511456]}, "pcr_min_ew": 0.993885073687834, "pcr_max_ew": 0.9999999999999681}