{"r_count": 1117.0001, "r_mean": -0.002929387687490589, "r_var": 8.076060029856949, "tanh_k": 2.0, "feature_welford": {"unrealized_pnl": [1118, 7.43695544922182, 3084002.429109037], "realized_pnl": [1118, 1.0851420825630416, 2897618.9620437752], "compounded_returns": [1118, 0.20395623229281296, 52.41636543218443], "balance": [1118, 301.1706959220971, 82241480.79745466], "position_value": [1118, 605.3615997143249, 175956408.65676913], "current_position_size": [1118, 3020.119133502803, 4413339723.159533], "last_log_ret": [1118, -0.00044199084023200486, 7.065939491165199], "sortino_ratio": [1118, 0.09478685943658136, 65.0783323669434], "rolling_pnl_sigma": [1118, 0.07025914311022467, 1.7346425288644327], "portfolio_cash_ratio": [1118, 0.3318418936966873, 37.06390332662786], "free_collateral": [1118, 897.6733007945554, 291138180.7976619], "mm_reqs": [1118, 16.48246819939932, 136663.36679039567], "unrealized_pnl_0": [1118, -0.6869854793072961, 899507.4012082384], "unrealized_pnl_1": [1118, -0.12525027931968483, 384554.8725189774], "unrealized_pnl_2": [1118, 0.3064754741740927, 380184.44654001825], "unrealized_pnl_3": [1118, 1.3746902476054705, 2094475.072381406], "unrealized_pnl_4": [1118, 1.370518363636441, 726013.1785637968], "unrealized_pnl_5": [1118, 0.49731878247593864, 551503.9196672743], "unrealized_pnl_6": [1118, 1.9162991666296911, 549822.2598318419], "unrealized_pnl_7": [1118, 0.3278984110117055, 686567.7405673779], "unrealized_pnl_8": [1118, 1.5684250035840193, 962360.2552111554], "unrealized_pnl_9": [1118, 1.5644125417767085, 518915.5987367937], "margin_usage_ratio": [1118, 0.01796233160554423, 0.029570005999303643]}, "pcr_min_ew": 0.14837068597945044, "pcr_max_ew": 0.7444893059691234}