{"r_count": 202947.0001, "r_mean": 0.003187805143176614, "r_var": 498.6022571860359, "tanh_k": 2.0, "feature_welford": {"unrealized_pnl": [202948, 62920.68621817775, 4.581356618225197e+16], "realized_pnl": [202948, 46622.69216341359, 7.001399603761796e+16], "compounded_returns": [202948, 18471.235633821434, 47072196529913.43], "balance": [202948, 35936381.99486726, 1.7608222178022857e+20], "position_value": [202948, 381195.93709164736, 1.0343443179358888e+17], "current_position_size": [202948, 1905297.7246080807, 2.5859497943101164e+18], "last_log_ret": [202948, 0.00936638178866197, 357.93466474730104], "sortino_ratio": [202948, 3.5683325751245576, 984164197.8599045], "rolling_pnl_sigma": [202948, 0.018660502655169168, 184.24981163159796], "portfolio_cash_ratio": [202948, 0.8714094741782061, 11471.334398119823], "free_collateral": [202948, 36349365.708710015, 1.7525812928094352e+20], "mm_reqs": [202948, 31302.06439797764, 3258981888153987.5], "unrealized_pnl_0": [202948, 32.98616030395451, 840822396424.1849], "unrealized_pnl_1": [202948, 105.59443427329886, 7783913457558.164], "unrealized_pnl_2": [202948, 28944.894747984945, 5620097826006008.0], "unrealized_pnl_3": [202948, 56786.55560198647, 9.733294520165824e+16], "unrealized_pnl_4": [202948, 284.9923561929333, 7049713896030.597], "unrealized_pnl_5": [202948, 10007.055809681995, 2322941022154136.5], "unrealized_pnl_6": [202948, 493.51972168481643, 18806220472585.84], "unrealized_pnl_7": [202948, 53.02477180539623, 1238601259217.676], "unrealized_pnl_8": [202948, 60.942508234107414, 1699578912185.57], "unrealized_pnl_9": [202948, 2795.007469508276, 332725870126500.9], "margin_usage_ratio": [202948, 0.004833918934158242, 14.995456716527075]}, "pcr_min_ew": 0.9908850039604615, "pcr_max_ew": 0.9999262503340907}