{"r_count": 246707.0001, "r_mean": 0.0034844460573980164, "r_var": 495.2322118557628, "tanh_k": 2.0, "feature_welford": {"unrealized_pnl": [246708, 70677.52586029893, 6.326909142188083e+16], "realized_pnl": [246708, 52328.156950653836, 1.0000019918146795e+17], "compounded_returns": [246708, 20417.932347429476, 70123518566859.43], "balance": [246708, 39634393.353992924, 2.6357419015628784e+20], "position_value": [246708, 405694.1368762873, 1.3483595185656232e+17], "current_position_size": [246708, 2027924.4622929404, 3.3710917266224476e+18], "last_log_ret": [246708, 0.00952099867290752, 388.29920462730195], "sortino_ratio": [246708, 4.425057117656711, 12904383845.43642], "rolling_pnl_sigma": [246708, 0.01818553537315981, 204.4818049043683], "portfolio_cash_ratio": [246708, 0.8751056190057349, 13408.309528241352], "free_collateral": [246708, 40077474.903194316, 2.62379247939182e+20], "mm_reqs": [246708, 33494.21574288098, 4450578788625223.0], "unrealized_pnl_0": [246708, 19.20475644367274, 752774417987.0972], "unrealized_pnl_1": [246708, 76.67411417277883, 9154231486376.95], "unrealized_pnl_2": [246708, 35293.194619209324, 9529706132793190.0], "unrealized_pnl_3": [246708, 61592.28034803674, 1.3382668453327069e+17], "unrealized_pnl_4": [246708, 235.44284633256245, 10556804140796.496], "unrealized_pnl_5": [246708, 10579.239007650967, 2475462063695371.5], "unrealized_pnl_6": [246708, 567.2594350740374, 22651784612046.0], "unrealized_pnl_7": [246708, 53.06860022909144, 1580790582938.3604], "unrealized_pnl_8": [246708, 66.64711470245545, 1793233853062.098], "unrealized_pnl_9": [246708, 2996.118644503268, 434909304539403.2], "margin_usage_ratio": [246708, 0.00475219773737221, 18.045855650737913]}, "pcr_min_ew": 0.9889412171971056, "pcr_max_ew": 1.0000000000000422}