{"r_count": 147557.0001, "r_mean": 0.003021271803349751, "r_var": 406.58306728412515, "tanh_k": 2.0, "feature_welford": {"unrealized_pnl": [147558, 47586.49187229995, 2.1638363812176548e+16], "realized_pnl": [147558, 37941.05405767507, 3.370010937669254e+16], "compounded_returns": [147558, 14844.658033139323, 22503677044652.105], "balance": [147558, 29388329.29605502, 8.286324128876962e+19], "position_value": [147558, 353479.2586443775, 6.560022020569746e+16], "current_position_size": [147558, 1766839.4051839202, 1.6400352486571062e+18], "last_log_ret": [147558, 0.009122709128569632, 268.2506436085914], "sortino_ratio": [147558, 5.124991219958274, 36324858317.93618], "rolling_pnl_sigma": [147558, 0.02074532478726378, 151.4060511437061], "portfolio_cash_ratio": [147558, 0.854731419837254, 9421.890355986157], "free_collateral": [147558, 29761744.499741867, 8.252566900911717e+19], "mm_reqs": [147558, 27811.367720751306, 1671940673565648.2], "unrealized_pnl_0": [147558, 21.326656840806887, 770246318916.2262], "unrealized_pnl_1": [147558, 105.05583986517648, 6463298275759.195], "unrealized_pnl_2": [147558, 20476.41616885475, 2580527648392571.5], "unrealized_pnl_3": [147558, 44348.126928947226, 4.512343354848023e+16], "unrealized_pnl_4": [147558, 216.22436098128654, 6487514028932.583], "unrealized_pnl_5": [147558, 8778.17500743184, 1397082396284803.2], "unrealized_pnl_6": [147558, 493.595090712743, 17371437499144.836], "unrealized_pnl_7": [147558, 56.05547183505135, 1280719858614.2434], "unrealized_pnl_8": [147558, 93.87374662136037, 1124798365729.4238], "unrealized_pnl_9": [147558, 2507.857102377495, 246667089379496.44], "margin_usage_ratio": [147558, 0.005341182005727188, 11.690609086732348]}, "pcr_min_ew": 0.989085602090856, "pcr_max_ew": 1.00000000000006}