{"r_count": 19759.0001, "r_mean": 0.0009707344699615576, "r_var": 247.87381343877595, "tanh_k": 2.0, "feature_welford": {"unrealized_pnl": [19760, 8751.073731461178, 318109090790782.7], "realized_pnl": [19760, 9942.323570892593, 655455617853789.9], "compounded_returns": [19760, 2026.8003860675474, 196570204113.19547], "balance": [19760, 6970171.231248491, 1.7815467480334026e+18], "position_value": [19760, 300768.08224384295, 6416126184039244.0], "current_position_size": [19760, 1502699.7462511696, 1.6040127104496064e+17], "last_log_ret": [19760, 0.005479596662188293, 124.00649746073259], "sortino_ratio": [19760, 0.3709002260911002, 13262.651177562544], "rolling_pnl_sigma": [19760, 0.04783996785127016, 51.99539499303624], "portfolio_cash_ratio": [19760, 0.6175267567292753, 2012.7878073923778], "free_collateral": [19760, 7259310.430883949, 1.8338599263707154e+18], "mm_reqs": [19760, 20494.18125627229, 58344855298930.39], "unrealized_pnl_0": [19760, 130.70939249964601, 334740216209.6219], "unrealized_pnl_1": [19760, 231.60893099409776, 2012963422847.289], "unrealized_pnl_2": [19760, 2479.4069560115076, 46149677799613.33], "unrealized_pnl_3": [19760, 11376.3570035879, 733515791738079.5], "unrealized_pnl_4": [19760, 296.89015911729405, 1904795305650.6362], "unrealized_pnl_5": [19760, 1651.5719254130768, 115780971103402.03], "unrealized_pnl_6": [19760, 257.10264055211445, 1833955670767.6885], "unrealized_pnl_7": [19760, 86.13165277213675, 328738507661.27576], "unrealized_pnl_8": [19760, 47.71227829297524, 437680148492.8324], "unrealized_pnl_9": [19760, 1367.6929731013822, 19340205709806.37], "margin_usage_ratio": [19760, 0.013678500006780343, 2.581460407679365]}, "pcr_min_ew": 0.9592730849912733, "pcr_max_ew": 0.998106923114496}