{"r_count": 192048.0001, "r_mean": 0.003123010488566508, "r_var": 412.4474224451314, "tanh_k": 2.0, "feature_welford": {"unrealized_pnl": [192049, 58586.2101722076, 3.8590661140979e+16], "realized_pnl": [192049, 45049.80205334802, 6.224738002227289e+16], "compounded_returns": [192049, 17620.558608846415, 41074609949880.375], "balance": [192049, 34498246.25559042, 1.5228758077050074e+20], "position_value": [192049, 372492.5774758001, 9.368210175448976e+16], "current_position_size": [192049, 1861845.2634353782, 2.3421646542926746e+18], "last_log_ret": [192049, 0.009294319043715069, 334.9593508404655], "sortino_ratio": [192049, 3.706765992012423, 3534205436.093959], "rolling_pnl_sigma": [192049, 0.01938626551827647, 185.43519614277923], "portfolio_cash_ratio": [192049, 0.8665112672759225, 11270.728221650827], "free_collateral": [192049, 34899494.01376929, 1.5156417617183595e+20], "mm_reqs": [192049, 30088.359844112336, 2832742511549567.0], "unrealized_pnl_0": [192049, 15.5720368668248, 654540833781.5905], "unrealized_pnl_1": [192049, 112.96344351727538, 9448525348630.086], "unrealized_pnl_2": [192049, 27012.846485316302, 4772048700781083.0], "unrealized_pnl_3": [192049, 52079.68428272119, 8.242659659359822e+16], "unrealized_pnl_4": [192049, 289.81050221887716, 12004056342394.215], "unrealized_pnl_5": [192049, 10410.052396134924, 2086097389678633.5], "unrealized_pnl_6": [192049, 562.6729480426292, 17142533765149.193], "unrealized_pnl_7": [192049, 56.71579708173243, 1573849983882.5947], "unrealized_pnl_8": [192049, 82.88852292071522, 1573011224869.1228], "unrealized_pnl_9": [192049, 2855.40710984592, 311970274801912.5], "margin_usage_ratio": [192049, 0.004967094954678533, 14.448722677540998]}, "pcr_min_ew": 0.9931563707402103, "pcr_max_ew": 1.000000000000029}