{"r_count": 60168.000100000005, "r_mean": 0.003089536606967711, "r_var": 249.58611449820063, "tanh_k": 2.0, "feature_welford": {"unrealized_pnl": [60169, 24619.88305674409, 4204423573347654.5], "realized_pnl": [60169, 23270.08254366876, 6732095610616347.0], "compounded_returns": [60169, 8115.029173099773, 4397802021193.6455], "balance": [60169, 17850395.904305883, 1.80478476033428e+19], "position_value": [60169, 347327.21046365245, 2.2164573996379012e+16], "current_position_size": [60169, 1735939.6097923834, 5.54146629047764e+17], "last_log_ret": [60169, 0.008157565231114137, 159.2559355205666], "sortino_ratio": [60169, 1.1419917554551187, 5396191.873469352], "rolling_pnl_sigma": [60169, 0.02953886153088191, 91.30830580663589], "portfolio_cash_ratio": [60169, 0.7846123241944898, 4958.943238307918], "free_collateral": [60169, 18198089.430624593, 1.8051403339195976e+19], "mm_reqs": [60169, 24428.601601590653, 334306643354957.8], "unrealized_pnl_0": [60169, 40.687123940718486, 513574317572.7988], "unrealized_pnl_1": [60169, 171.25479612731306, 4204644375288.3647], "unrealized_pnl_2": [60169, 6879.441232440546, 319469645971485.5], "unrealized_pnl_3": [60169, 26996.813613154398, 8782097518582324.0], "unrealized_pnl_4": [60169, 184.34321728969377, 4024794934289.336], "unrealized_pnl_5": [60169, 7210.101692132883, 448556643205913.6], "unrealized_pnl_6": [60169, 580.2621236647542, 8111885644014.32], "unrealized_pnl_7": [60169, 88.51026532323954, 931502646188.4839], "unrealized_pnl_8": [60169, 97.27033544639349, 982101860986.7059], "unrealized_pnl_9": [60169, 1660.026560379468, 69245411950255.43], "margin_usage_ratio": [60169, 0.008169481725834956, 6.69095204314207]}, "pcr_min_ew": 0.9842594981236844, "pcr_max_ew": 0.9999867149884343}45}