{"r_count": 165429.0001, "r_mean": 0.0030375748808631623, "r_var": 430.22263038002166, "tanh_k": 2.0, "feature_welford": {"unrealized_pnl": [165430, 52054.66503909455, 2.7759637762363576e+16], "realized_pnl": [165430, 40851.99635260291, 4.4330230462299544e+16], "compounded_returns": [165430, 16037.322743856792, 29494234156247.93], "balance": [165430, 31555633.288084798, 1.0863260087243393e+20], "position_value": [165430, 360288.0793959832, 7.728967105059206e+16], "current_position_size": [165430, 1800874.437039148, 1.9322775847243203e+18], "last_log_ret": [165430, 0.009220484803995482, 290.091140534649], "sortino_ratio": [165430, 5.100547115581903, 36768046181.89459], "rolling_pnl_sigma": [165430, 0.02005226345336224, 161.7398150841521], "portfolio_cash_ratio": [165430, 0.8600382192194918, 10213.134160251317], "free_collateral": [165430, 31939129.832725365, 1.0815212749479374e+20], "mm_reqs": [165430, 29006.255131421633, 2187413499749964.2], "unrealized_pnl_0": [165430, 20.643694241828804, 787973366188.7618], "unrealized_pnl_1": [165430, 101.77029250355173, 7445874290604.589], "unrealized_pnl_2": [165430, 22824.54099718404, 3293081007540464.0], "unrealized_pnl_3": [165430, 48296.79397858854, 5.928944631249288e+16], "unrealized_pnl_4": [165430, 225.0619309856618, 6766036282460.031], "unrealized_pnl_5": [165430, 9043.567266877453, 1663520638831683.0], "unrealized_pnl_6": [165430, 478.7718171776755, 18152421311762.188], "unrealized_pnl_7": [165430, 54.57731962520811, 1316327323061.6553], "unrealized_pnl_8": [165430, 88.80496152432987, 1148844769753.2388], "unrealized_pnl_9": [165430, 2682.5479147128353, 292516437696011.9], "margin_usage_ratio": [165430, 0.005162688338287801, 12.791118692033072]}, "pcr_min_ew": 0.993136611926615, "pcr_max_ew": 0.9999999999999516}