{"r_count": 290073.0001, "r_mean": 0.003697071076532749, "r_var": 612.1222267432461, "tanh_k": 2.0, "feature_welford": {"unrealized_pnl": [290074, 84893.542896714, 9.909139490460602e+16], "realized_pnl": [290074, 58614.86262683394, 1.4751585931939293e+17], "compounded_returns": [290074, 22934.943078808992, 101420147729008.78], "balance": [290074, 44515455.59116126, 3.8723509535105594e+20], "position_value": [290074, 427442.2618476929, 1.7294410753074064e+17], "current_position_size": [290074, 2136457.9865716593, 4.3238632462173153e+18], "last_log_ret": [290074, 0.0096419453280216, 466.04363041245824], "sortino_ratio": [290074, 4.87451898560417, 4647280459.145629], "rolling_pnl_sigma": [290074, 0.01726377686264345, 230.19408082353903], "portfolio_cash_ratio": [290074, 0.8820058338088907, 15062.898034131924], "free_collateral": [290074, 44991987.22653595, 3.8557357612403805e+20], "mm_reqs": [290074, 35997.0915950779, 6091394548545121.0], "unrealized_pnl_0": [290074, 24.464053534665023, 928734632275.8102], "unrealized_pnl_1": [290074, 85.24660699621272, 10855433806548.727], "unrealized_pnl_2": [290074, 43645.058697908156, 1.5660931676745682e+16], "unrealized_pnl_3": [290074, 72009.0723438988, 2.0646081900630915e+17], "unrealized_pnl_4": [290074, 269.8942509099945, 7949696919716.131], "unrealized_pnl_5": [290074, 11062.911754812547, 3320379101574882.5], "unrealized_pnl_6": [290074, 465.1124144904687, 22508445192061.008], "unrealized_pnl_7": [290074, 57.16439631563748, 1840844267243.156], "unrealized_pnl_8": [290074, 58.36425749225623, 2193956223238.7349], "unrealized_pnl_9": [290074, 3084.962413552582, 514818247272499.9], "margin_usage_ratio": [290074, 0.004430547823099242, 19.7474677441604]}, "pcr_min_ew": 0.9917177274203957, "pcr_max_ew": 0.9997511437610249}