{"r_count": 334753.0001, "r_mean": 0.0039920453759903374, "r_var": 669.563202342913, "tanh_k": 2.0, "feature_welford": {"unrealized_pnl": [334754, 95127.97483116627, 1.3180864224319546e+17], "realized_pnl": [334754, 64289.07700954713, 1.9245689562429738e+17], "compounded_returns": [334754, 25033.927491974737, 139111307107253.4], "balance": [334754, 48611608.740574814, 5.353721053388298e+20], "position_value": [334754, 450732.51214049186, 2.1541215082187766e+17], "current_position_size": [334754, 2252955.977052491, 5.385657813499128e+18], "last_log_ret": [334754, 0.009747553187614387, 521.7319390290199], "sortino_ratio": [334754, 4.885395806629857, 4718886926.281314], "rolling_pnl_sigma": [334754, 0.01678889672616664, 252.7654274055043], "portfolio_cash_ratio": [334754, 0.8854043798912509, 16890.56149172919], "free_collateral": [334754, 49119106.35671373, 5.3316940732158876e+20], "mm_reqs": [334754, 38567.952453328624, 8080836350117784.0], "unrealized_pnl_0": [334754, 21.594266342872398, 935632480329.6353], "unrealized_pnl_1": [334754, 79.51855756573855, 11540221103875.62], "unrealized_pnl_2": [334754, 49897.53324105078, 2.2207736274844816e+16], "unrealized_pnl_3": [334754, 78855.07438265525, 2.693771295541121e+17], "unrealized_pnl_4": [334754, 262.01632714748064, 8408196878048.997], "unrealized_pnl_5": [334754, 12343.537571313986, 3953612902418008.5], "unrealized_pnl_6": [334754, 476.3378529669636, 25082582540407.387], "unrealized_pnl_7": [334754, 54.5471091548891, 1884018914886.795], "unrealized_pnl_8": [334754, 59.64729348186027, 2402242112924.6914], "unrealized_pnl_9": [334754, 3258.8334265739754, 609863558416344.2], "margin_usage_ratio": [334754, 0.004304962644714935, 22.21056323536311]}, "pcr_min_ew": 0.9915940406240124, "pcr_max_ew": 0.9998645116903612}