{"r_count": 36051.000100000005, "r_mean": 0.002563273438953895, "r_var": 244.95546694612284, "tanh_k": 2.0, "feature_welford": {"unrealized_pnl": [36052, 20079.27352210223, 2021949328998858.0], "realized_pnl": [36052, 19139.20813965555, 2960815725019919.0], "compounded_returns": [36052, 5412.51209967607, 1652984536843.8965], "balance": [36052, 14238443.795373896, 9.187485575479977e+18], "position_value": [36052, 344670.2345466094, 1.2769890671254002e+16], "current_position_size": [36052, 1722222.6879628825, 3.192705470269088e+17], "last_log_ret": [36052, 0.00762513929706313, 130.21560980245624], "sortino_ratio": [36052, 0.7847131233749057, 15078324.046252934], "rolling_pnl_sigma": [36052, 0.036806755621276034, 71.40553655789508], "portfolio_cash_ratio": [36052, 0.7318275979151077, 3352.051111338947], "free_collateral": [36052, 14579513.523242146, 9.217036508942552e+18], "mm_reqs": [36052, 24176.368216214865, 183552218722086.25], "unrealized_pnl_0": [36052, 140.92393168498955, 610250928881.3666], "unrealized_pnl_1": [36052, 56.03027806008063, 2770827682405.353], "unrealized_pnl_2": [36052, 2853.9305667374947, 113311889315520.94], "unrealized_pnl_3": [36052, 23847.684275499225, 3744716771779689.0], "unrealized_pnl_4": [36052, 229.53183637028772, 2548524270808.731], "unrealized_pnl_5": [36052, 5154.479151810322, 233026079039732.47], "unrealized_pnl_6": [36052, 485.0464648622826, 5496097988719.51], "unrealized_pnl_7": [36052, 137.38125703609472, 828433964967.2958], "unrealized_pnl_8": [36052, 142.49850097851174, 592128409509.9437], "unrealized_pnl_9": [36052, 1914.462785944542, 54744714598043.67], "margin_usage_ratio": [36052, 0.010153316340271256, 4.72544493122364]}, "pcr_min_ew": 0.9665495592560349, "pcr_max_ew": 1.000000000000085}