{"r_count": 175676.0001, "r_mean": 0.0031229096349624074, "r_var": 432.6708924350221, "tanh_k": 2.0, "feature_welford": {"unrealized_pnl": [175677, 55378.95660328366, 3.2012376838853812e+16], "realized_pnl": [175677, 42973.01098427022, 4.954823941139821e+16], "compounded_returns": [175677, 16644.223468840228, 32703399550075.137], "balance": [175677, 32692998.234465223, 1.21354192715202e+20], "position_value": [175677, 369509.5325322228, 8.232124342858304e+16], "current_position_size": [175677, 1846865.2954740569, 2.0581243213225772e+18], "last_log_ret": [175677, 0.00932633101281833, 304.7312366765871], "sortino_ratio": [175677, 7.130893441898879, 85748097199.97685], "rolling_pnl_sigma": [175677, 0.01964490039402992, 168.51196333607115], "portfolio_cash_ratio": [175677, 0.8665884889137183, 10195.26414150136], "free_collateral": [175677, 33088736.630447682, 1.2070221866902852e+20], "mm_reqs": [175677, 29409.86311663331, 2311920881914112.5], "unrealized_pnl_0": [175677, 37.460562013859736, 900706901324.9594], "unrealized_pnl_1": [175677, 34.50624614663517, 8698524213679.145], "unrealized_pnl_2": [175677, 23954.295959229228, 3660196245913675.0], "unrealized_pnl_3": [175677, 50268.97850961921, 6.665664071735606e+16], "unrealized_pnl_4": [175677, 247.03624062846416, 6380295090279.334], "unrealized_pnl_5": [175677, 9775.128180820255, 1784679141955102.0], "unrealized_pnl_6": [175677, 506.64986423984874, 18431011046814.26], "unrealized_pnl_7": [175677, 61.63821182035931, 1698221856607.7214], "unrealized_pnl_8": [175677, 78.26949123821267, 1522088972789.711], "unrealized_pnl_9": [175677, 2868.829406109928, 341478191116518.0], "margin_usage_ratio": [175677, 0.0050813579561851206, 13.842073673044977]}, "pcr_min_ew": 0.9906306246465005, "pcr_max_ew": 1.000000000000078}