{"r_count": 341652.0001, "r_mean": 0.004088485240061503, "r_var": 616.8905996193176, "tanh_k": 2.0, "feature_welford": {"unrealized_pnl": [341653, 93148.44929415883, 1.2490469281367629e+17], "realized_pnl": [341653, 64173.03313171393, 1.8736927241743824e+17], "compounded_returns": [341653, 24826.792325772498, 140151389094227.28], "balance": [341653, 48129814.124790184, 5.363919659300419e+20], "position_value": [341653, 453808.6250113805, 2.162605689437642e+17], "current_position_size": [341653, 2268483.248507956, 5.40687690527336e+18], "last_log_ret": [341653, 0.0097564395872387, 505.6530334981757], "sortino_ratio": [341653, 4.612245464807169, 14175497491.894007], "rolling_pnl_sigma": [341653, 0.016962349346319523, 252.7160891979588], "portfolio_cash_ratio": [341653, 0.8839593637852906, 17333.691928969078], "free_collateral": [341653, 48638662.76168873, 5.341655110507389e+20], "mm_reqs": [341653, 38354.93388238218, 7902928002572740.0], "unrealized_pnl_0": [341653, 16.5132462915317, 831747247932.3267], "unrealized_pnl_1": [341653, 59.784733736660904, 11892972136640.766], "unrealized_pnl_2": [341653, 50066.6527836706, 2.258582157057259e+16], "unrealized_pnl_3": [341653, 75616.28814180657, 2.546972201091723e+17], "unrealized_pnl_4": [341653, 250.11520459391545, 12666205724530.645], "unrealized_pnl_5": [341653, 13048.088028467184, 3992805648144336.5], "unrealized_pnl_6": [341653, 555.7994021089116, 28026018892113.23], "unrealized_pnl_7": [341653, 47.621332093475964, 1848228363273.1833], "unrealized_pnl_8": [341653, 60.62475043466001, 2114497882746.2915], "unrealized_pnl_9": [341653, 3319.714183998309, 634757294762325.6], "margin_usage_ratio": [341653, 0.0044012309014148715, 23.274756006715148]}, "pcr_min_ew": 0.993061762973759, "pcr_max_ew": 1.0000000000000107}