{"r_count": 46838.000100000005, "r_mean": 0.0026969141577016633, "r_var": 219.23933895847117, "tanh_k": 2.0, "feature_welford": {"unrealized_pnl": [46839, 19985.695212405313, 2351966003083280.5], "realized_pnl": [46839, 20839.496673931008, 4384386157341097.0], "compounded_returns": [46839, 6566.634277792104, 2508501135795.1113], "balance": [46839, 15921453.198725855, 1.2033534810938946e+19], "position_value": [46839, 333376.4316951256, 1.6818034036157204e+16], "current_position_size": [46839, 1665990.801228538, 4.204614812117101e+17], "last_log_ret": [46839, 0.00762672971846244, 155.66254662724936], "sortino_ratio": [46839, 0.853576652948377, 758923.1669856025], "rolling_pnl_sigma": [46839, 0.03331881707634741, 89.31588410335614], "portfolio_cash_ratio": [46839, 0.7551193595762652, 4264.804489711642], "free_collateral": [46839, 16251688.955567522, 1.2086953863894667e+19], "mm_reqs": [46839, 23436.946659129248, 230549420716830.56], "unrealized_pnl_0": [46839, 16.863480346703287, 348484302040.9504], "unrealized_pnl_1": [46839, 286.51342988475307, 4500936742730.96], "unrealized_pnl_2": [46839, 4137.680359582317, 172719870906196.47], "unrealized_pnl_3": [46839, 24468.72615852953, 5639044458053527.0], "unrealized_pnl_4": [46839, 185.65380492117288, 2408420842373.926], "unrealized_pnl_5": [46839, 5726.665247563243, 353992586183947.75], "unrealized_pnl_6": [46839, 590.7098333370243, 5837911163224.08], "unrealized_pnl_7": [46839, 98.37418227908323, 746814152970.263], "unrealized_pnl_8": [46839, 118.84814102120197, 809890173205.4458], "unrealized_pnl_9": [46839, 2056.5416403870972, 68053678731011.91], "margin_usage_ratio": [46839, 0.00885536285505855, 5.244514621984078]}, "pcr_min_ew": 0.9855224710816014, "pcr_max_ew": 1.0000000000000289}