{"r_count": 141709.0001, "r_mean": 0.003108400422267708, "r_var": 358.0733676452234, "tanh_k": 2.0, "feature_welford": {"unrealized_pnl": [141710, 45902.75056671336, 2.028364813991969e+16], "realized_pnl": [141710, 37128.38274109446, 3.2063509887430324e+16], "compounded_returns": [141710, 14411.403134673874, 21209676666686.01], "balance": [141710, 28493962.000103384, 7.866728249639995e+19], "position_value": [141710, 357916.3704210105, 6.17429106156515e+16], "current_position_size": [141710, 1789037.090043851, 1.5436521409022154e+18], "last_log_ret": [141710, 0.009072244582739282, 259.79110713963496], "sortino_ratio": [141710, 3.194086321017373, 452635699.8005813], "rolling_pnl_sigma": [141710, 0.02112299619877652, 146.1471839384649], "portfolio_cash_ratio": [141710, 0.8522764432492334, 8980.850945187758], "free_collateral": [141710, 28870204.3706067, 7.828394846461454e+19], "mm_reqs": [141710, 27729.57155715805, 1522679892536765.8], "unrealized_pnl_0": [141710, 26.474040927121568, 684720414376.7145], "unrealized_pnl_1": [141710, 73.52994066207783, 6757892956655.0625], "unrealized_pnl_2": [141710, 18989.12278636234, 2285591792706332.0], "unrealized_pnl_3": [141710, 43015.432199236784, 4.117218721061873e+16], "unrealized_pnl_4": [141710, 233.89750053436475, 8477535965814.176], "unrealized_pnl_5": [141710, 8998.756224583478, 1253246823556898.0], "unrealized_pnl_6": [141710, 605.5019445065913, 16573873889456.678], "unrealized_pnl_7": [141710, 58.89014784639903, 1334634134319.0798], "unrealized_pnl_8": [141710, 83.30786938927777, 1488469059761.128], "unrealized_pnl_9": [141710, 2551.5719320262633, 239366392386784.47], "margin_usage_ratio": [141710, 0.0056248744659348135, 12.017498195484091]}, "pcr_min_ew": 0.9919699343311403, "pcr_max_ew": 0.9998897560449044}