{"r_count": 307439.0001, "r_mean": 0.0037104764019888683, "r_var": 559.7296174196077, "tanh_k": 2.0, "feature_welford": {"unrealized_pnl": [307440, 89465.59569136263, 1.1282431388892635e+17], "realized_pnl": [307440, 61181.305492089705, 1.6526081332115898e+17], "compounded_returns": [307440, 23791.46051756746, 116631840377564.84], "balance": [307440, 46178004.759281866, 4.434671147808338e+20], "position_value": [307440, 430709.25796244835, 1.8921537284174803e+17], "current_position_size": [307440, 2152942.118299483, 4.730550833962872e+18], "last_log_ret": [307440, 0.009645845406628734, 468.7969597455065], "sortino_ratio": [307440, 299.52158079469814, 1162283542036980.8], "rolling_pnl_sigma": [307440, 0.01732647215044896, 242.21185080541932], "portfolio_cash_ratio": [307440, 0.8807332867478342, 16343.74852860088], "free_collateral": [307440, 46661578.04760065, 4.416519964831947e+20], "mm_reqs": [307440, 36843.2597790256, 6889351936615542.0], "unrealized_pnl_0": [307440, 3.6827448750993743, 694959987554.6498], "unrealized_pnl_1": [307440, 45.863870480674656, 10401540607336.006], "unrealized_pnl_2": [307440, 45926.01339825216, 1.7995670113994694e+16], "unrealized_pnl_3": [307440, 74663.35193543005, 2.27931805585546e+17], "unrealized_pnl_4": [307440, 300.0384773492356, 9754038191707.332], "unrealized_pnl_5": [307440, 11840.663944647107, 3198856846530869.0], "unrealized_pnl_6": [307440, 492.705848338431, 22860319781846.367], "unrealized_pnl_7": [307440, 52.584855571501876, 1631468915150.1335], "unrealized_pnl_8": [307440, 63.75779263812536, 2243421614612.8813], "unrealized_pnl_9": [307440, 3163.8807662298423, 540444384652123.56], "margin_usage_ratio": [307440, 0.004360191949274013, 20.041609269904658]}, "pcr_min_ew": 0.9922392354041526, "pcr_max_ew": 1.0000000000000053}