{"r_count": 75806.0001, "r_mean": 0.0030908882247415617, "r_var": 271.3147722876077, "tanh_k": 2.0, "feature_welford": {"unrealized_pnl": [75807, 29391.029981381587, 6604872843440000.0], "realized_pnl": [75807, 27001.160134458016, 1.0795195639287892e+16], "compounded_returns": [75807, 9812.427907307667, 6959433560598.478], "balance": [75807, 20755719.239612903, 2.744114648930609e+19], "position_value": [75807, 346855.08960284863, 2.889456118112839e+16], "current_position_size": [75807, 1733692.4828952984, 7.223988146994712e+17], "last_log_ret": [75807, 0.008461290674000473, 179.50413994642545], "sortino_ratio": [75807, 1.4061931782237624, 7712088.640111375], "rolling_pnl_sigma": [75807, 0.026698860769743822, 103.91417418891899], "portfolio_cash_ratio": [75807, 0.8084607510337932, 5811.250534400691], "free_collateral": [75807, 21106967.07075036, 2.739538030594086e+19], "mm_reqs": [75807, 25154.79997956664, 517609067040764.6], "unrealized_pnl_0": [75807, 36.557392229996154, 536599307473.9995], "unrealized_pnl_1": [75807, 124.06306891835465, 5331884968664.092], "unrealized_pnl_2": [75807, 9356.127966900263, 524320654100589.2], "unrealized_pnl_3": [75807, 31514.970628981955, 1.4054407669185904e+16], "unrealized_pnl_4": [75807, 164.50592730934775, 4691513217182.352], "unrealized_pnl_5": [75807, 7343.3611762739065, 595309944033598.4], "unrealized_pnl_6": [75807, 591.9460461314744, 9442000616159.125], "unrealized_pnl_7": [75807, 69.14029279468159, 1020608395333.015], "unrealized_pnl_8": [75807, 81.63067911205468, 1055471335853.1818], "unrealized_pnl_9": [75807, 1884.7727234107635, 101190100390372.06], "margin_usage_ratio": [75807, 0.007274291126041618, 7.805003392619259]}, "pcr_min_ew": 0.9880028494026271, "pcr_max_ew": 0.999999999999913}