{"r_count": 321546.0001, "r_mean": 0.003953352043547063, "r_var": 591.2539726227658, "tanh_k": 2.0, "feature_welford": {"unrealized_pnl": [321547, 88499.80796274809, 1.101202166513717e+17], "realized_pnl": [321547, 61848.446201461666, 1.6823132930361917e+17], "compounded_returns": [321547, 23992.811796317448, 123891803153295.44], "balance": [321547, 46503419.554122336, 4.723725636616483e+20], "position_value": [321547, 443499.9094327406, 1.972457881589943e+17], "current_position_size": [321547, 2216970.4585918584, 4.931474330319484e+18], "last_log_ret": [321547, 0.009714780586234088, 480.66253392102095], "sortino_ratio": [321547, 4.572006720542682, 14114993341.886446], "rolling_pnl_sigma": [321547, 0.01716683013778706, 242.587852521349], "portfolio_cash_ratio": [321547, 0.8825232158466286, 16506.46391183134], "free_collateral": [321547, 46998357.73122963, 4.703836151897619e+20], "mm_reqs": [321547, 37289.427990066186, 7029014574112592.0], "unrealized_pnl_0": [321547, 16.637219588786277, 829453317321.4083], "unrealized_pnl_1": [321547, 58.05759904801499, 11547560637017.543], "unrealized_pnl_2": [321547, 47179.10755394523, 1.9326737552386164e+16], "unrealized_pnl_3": [321547, 72771.43078786589, 2.2724653155141085e+17], "unrealized_pnl_4": [321547, 249.9157073996073, 12338082229178.645], "unrealized_pnl_5": [321547, 12465.156523997099, 3684215858094599.5], "unrealized_pnl_6": [321547, 558.1944469974017, 26978813446069.516], "unrealized_pnl_7": [321547, 49.07749906881141, 1752494167589.5354], "unrealized_pnl_8": [321547, 61.4736790317503, 2060592417687.4023], "unrealized_pnl_9": [321547, 3235.32182776637, 584429046789442.9], "margin_usage_ratio": [321547, 0.004457494521379449, 22.159760614591868]}, "pcr_min_ew": 0.9895614443675279, "pcr_max_ew": 1.000000000000044}