{"r_count": 204718.0001, "r_mean": 0.003230844594552448, "r_var": 470.49231750321275, "tanh_k": 2.0, "feature_welford": {"unrealized_pnl": [204719, 62531.381774067275, 4.488390896501533e+16], "realized_pnl": [204719, 47083.37508062588, 6.95352661364487e+16], "compounded_returns": [204719, 18359.340347659396, 46390505754616.25], "balance": [204719, 35842399.79336787, 1.723312451886032e+20], "position_value": [204719, 381916.3333862563, 1.0179490281346795e+17], "current_position_size": [204719, 1908909.68149257, 2.5449847259024046e+18], "last_log_ret": [204719, 0.00944030974089867, 340.07450578490636], "sortino_ratio": [204719, 7.199797583780886, 91004728160.80135], "rolling_pnl_sigma": [204719, 0.018873188336755057, 184.61011571393556], "portfolio_cash_ratio": [204719, 0.8722316779344865, 11402.293713811969], "free_collateral": [204719, 36256131.68613021, 1.7144988690236093e+20], "mm_reqs": [204719, 30987.72759768394, 3103045904817126.5], "unrealized_pnl_0": [204719, 33.21855626674642, 913523356686.2188], "unrealized_pnl_1": [204719, 39.29474080137273, 9423340466373.818], "unrealized_pnl_2": [204719, 28115.68551768648, 5328982686272417.0], "unrealized_pnl_3": [204719, 56288.25600825348, 9.565973838370494e+16], "unrealized_pnl_4": [204719, 257.5421592609625, 6743459040617.2295], "unrealized_pnl_5": [204719, 10244.122314371183, 2128487496303160.2], "unrealized_pnl_6": [204719, 485.1397855591582, 19855146047185.95], "unrealized_pnl_7": [204719, 66.68075525082327, 1893029235903.02], "unrealized_pnl_8": [204719, 74.98470295106466, 1585162451960.5627], "unrealized_pnl_9": [204719, 2958.1706507105228, 395713920907707.7], "margin_usage_ratio": [204719, 0.004863143006353391, 15.472486064992198]}, "pcr_min_ew": 0.9922724199875307, "pcr_max_ew": 0.9999999999999898}