{"r_count": 1754.0001, "r_mean": -0.010580462232559956, "r_var": 46.09481230988718, "tanh_k": 2.0, "feature_welford": {"unrealized_pnl": [1755, 0.8709027330608861, 9381184.199161347], "realized_pnl": [1755, 1.8116846340192574, 6189062.275861623], "compounded_returns": [1755, 0.3530229420563943, 370.37780744743526], "balance": [1755, 260.59404115379914, 126621558.1953327], "position_value": [1755, 506.35496932356, 300347697.9673234], "current_position_size": [1755, 2526.2979712284696, 7521481756.209848], "last_log_ret": [1755, -0.003281815249142518, 14.349412209864836], "sortino_ratio": [1755, 0.11583496644373878, 219.83453078928488], "rolling_pnl_sigma": [1755, 0.0747503037031134, 4.262570189271788], "portfolio_cash_ratio": [1755, 0.3425757769585221, 57.23938402909203], "free_collateral": [1755, 754.1555394813987, 568372698.9866058], "mm_reqs": [1755, 13.859874250324246, 231059.0361225122], "unrealized_pnl_0": [1755, -0.07777500316084535, 1378522.2362212455], "unrealized_pnl_1": [1755, 1.318536962538495, 1319674.8889913678], "unrealized_pnl_2": [1755, 0.1974817991983042, 368384.4316247481], "unrealized_pnl_3": [1755, -2.998953264042289, 4065756.0917700254], "unrealized_pnl_4": [1755, -0.06268651755364259, 865346.7076962556], "unrealized_pnl_5": [1755, 1.0498726112005097, 802986.2445267484], "unrealized_pnl_6": [1755, 0.046836924710681176, 1095893.6262390756], "unrealized_pnl_7": [1755, 0.5569587946540273, 982375.068790392], "unrealized_pnl_8": [1755, 1.8216258310867521, 2704650.342946928], "unrealized_pnl_9": [1755, -1.2442343210538644, 1667230.9781872707], "margin_usage_ratio": [1755, 0.01804420065368488, 0.04334774075573832]}, "pcr_min_ew": 0.10997287422537272, "pcr_max_ew": 0.6973920343042589}