{"r_count": 283371.0001, "r_mean": 0.003648428824862481, "r_var": 603.5126127311679, "tanh_k": 2.0, "feature_welford": {"unrealized_pnl": [283372, 83727.98638609258, 9.623503824925107e+16], "realized_pnl": [283372, 57842.455100732834, 1.4306176127056717e+17], "compounded_returns": [283372, 22657.3643954377, 97132344413103.9], "balance": [283372, 43982728.72142865, 3.7059731840307515e+20], "position_value": [283372, 423904.82296823483, 1.6778278722265232e+17], "current_position_size": [283372, 2118779.152721862, 4.1948130357365207e+18], "last_log_ret": [283372, 0.009625536572488446, 457.7299376137566], "sortino_ratio": [283372, 4.864711921365844, 4410877149.13596], "rolling_pnl_sigma": [283372, 0.017342383142928772, 226.7960901925516], "portfolio_cash_ratio": [283372, 0.881426547044124, 14786.97382807286], "free_collateral": [283372, 44454817.8779779, 3.69001219101401e+20], "mm_reqs": [283372, 35734.72841213719, 5909821851626330.0], "unrealized_pnl_0": [283372, 24.84302210769808, 928320791771.9323], "unrealized_pnl_1": [283372, 86.57749589064669, 10821744495906.43], "unrealized_pnl_2": [283372, 42634.909594608835, 1.489505797469689e+16], "unrealized_pnl_3": [283372, 71615.63561413354, 2.0082258247701834e+17], "unrealized_pnl_4": [283372, 270.13254299617694, 7895284575850.002], "unrealized_pnl_5": [283372, 10868.84953606858, 3239974532106936.5], "unrealized_pnl_6": [283372, 468.62039235163314, 22285550096775.418], "unrealized_pnl_7": [283372, 57.10810010786272, 1834350990449.0916], "unrealized_pnl_8": [283372, 58.584814586785306, 2157448379051.6174], "unrealized_pnl_9": [283372, 3052.8912277244713, 499372160679488.56], "margin_usage_ratio": [283372, 0.0044525030450893845, 19.383773606449548]}, "pcr_min_ew": 0.9922536021880118, "pcr_max_ew": 1.000000000000011}