{"r_count": 391991.0001, "r_mean": 0.004362486767716765, "r_var": 668.3937548001442, "tanh_k": 2.0, "feature_welford": {"unrealized_pnl": [391992, 108900.72621149763, 1.7789715691941e+17], "realized_pnl": [391992, 71544.38047052218, 2.5547401293761245e+17], "compounded_returns": [391992, 27565.190917939803, 199076521491600.3], "balance": [391992, 53456768.957791656, 7.605490596848916e+20], "position_value": [391992, 481057.99224540207, 2.7347896052779533e+17], "current_position_size": [391992, 2404656.6143328324, 6.837434210797766e+18], "last_log_ret": [391992, 0.009849425663696527, 581.2190574566916], "sortino_ratio": [391992, 4.771968499809047, 5172322716.421946], "rolling_pnl_sigma": [391992, 0.01652149542529432, 287.37834379427943], "portfolio_cash_ratio": [391992, 0.8869639121494789, 19545.838766176596], "free_collateral": [391992, 54005284.41848066, 7.57667671566724e+20], "mm_reqs": [391992, 41752.80373319955, 1.061010177235563e+16], "unrealized_pnl_0": [391992, 14.36224091012529, 813837280844.3881], "unrealized_pnl_1": [391992, 72.16105467440998, 15345816975166.068], "unrealized_pnl_2": [391992, 59039.12870922269, 3.530740390233421e+16], "unrealized_pnl_3": [391992, 85465.55388693517, 3.510618446472776e+17], "unrealized_pnl_4": [391992, 276.6748633385991, 14455554472175.885], "unrealized_pnl_5": [391992, 15108.450813534211, 5198091743295888.0], "unrealized_pnl_6": [391992, 515.805018808785, 27051909293982.438], "unrealized_pnl_7": [391992, 46.13537459623005, 2123217793882.123], "unrealized_pnl_8": [391992, 64.98950999950978, 2089587287837.1057], "unrealized_pnl_9": [391992, 3571.183512063004, 723202264667324.9], "margin_usage_ratio": [391992, 0.004228592972187804, 25.485010020038885]}, "pcr_min_ew": 0.9880962213309767, "pcr_max_ew": 0.9990036436952044}