{"r_count": 97486.0001, "r_mean": 0.0030422808281714247, "r_var": 330.049294003927, "tanh_k": 2.0, "feature_welford": {"unrealized_pnl": [97487, 37873.99811279997, 1.1216895708242066e+16], "realized_pnl": [97487, 32315.56564392825, 1.727058175561454e+16], "compounded_returns": [97487, 11982.862200503998, 11020198612079.34], "balance": [97487, 24698003.22413904, 4.268664147612818e+19], "position_value": [97487, 346692.6142495846, 3.808486193524688e+16], "current_position_size": [97487, 1732646.0569843343, 9.521482190319014e+17], "last_log_ret": [97487, 0.00887017709842434, 209.71931342847157], "sortino_ratio": [97487, 8.430310690512556, 78451130372.00581], "rolling_pnl_sigma": [97487, 0.023773444571441458, 121.69948987011932], "portfolio_cash_ratio": [97487, 0.8363750892715723, 6685.9803225217265], "free_collateral": [97487, 25057254.050552618, 4.251993675336233e+19], "mm_reqs": [97487, 25588.648455797775, 774496997066876.2], "unrealized_pnl_0": [97487, 62.26011901468549, 767906424033.5573], "unrealized_pnl_1": [97487, 92.46645223162784, 5895229245713.319], "unrealized_pnl_2": [97487, 13015.362644516854, 921774911581885.6], "unrealized_pnl_3": [97487, 38067.440737769684, 2.253370955041398e+16], "unrealized_pnl_4": [97487, 213.0905097604167, 4876020823147.99], "unrealized_pnl_5": [97487, 8314.619123062857, 874142239124126.6], "unrealized_pnl_6": [97487, 467.00366761732687, 10755961214117.248], "unrealized_pnl_7": [97487, 76.29135917257298, 1136575604283.342], "unrealized_pnl_8": [97487, 96.07624049455731, 1116752475768.7358], "unrealized_pnl_9": [97487, 2217.284488095456, 169775017995126.1], "margin_usage_ratio": [97487, 0.006219842705904302, 9.132094861153135]}, "pcr_min_ew": 0.9873349986533899, "pcr_max_ew": 0.9998405727528817}