{"r_count": 24176.0001, "r_mean": -0.27889967212537026, "r_var": 2438.9711163990087, "tanh_k": 2.0, "feature_welford": {"unrealized_pnl": [24177, 15.380519207960463, 32674295957.85352], "realized_pnl": [24177, 8.428584913105077, 28267187237.94808], "compounded_returns": [24177, 0.5523859673959033, 126551.75163515657], "balance": [24177, 795.9776301971795, 487133341323.8058], "position_value": [24177, 2173.357456700828, 2011477589076.9397], "current_position_size": [24177, 10858.378305027238, 50287602100338.32], "last_log_ret": [24177, -0.0032838097973075246, 684.948539454598], "sortino_ratio": [24177, 0.10677020703565206, 3173.300269085603], "rolling_pnl_sigma": [24177, 0.0872529620701391, 136.05792568322647], "portfolio_cash_ratio": [24177, 0.26256811989995976, 1136.4321863687635], "free_collateral": [24177, 2906.437194140886, 3493610961743.1904], "mm_reqs": [24177, 79.26305437478007, 7709277268.178346], "unrealized_pnl_0": [24177, 0.4143467803467788, 9056368803.989874], "unrealized_pnl_1": [24177, 4.9700634478733, 4762504339.812154], "unrealized_pnl_2": [24177, 3.149931558944208, 642798499.9525762], "unrealized_pnl_3": [24177, 5.579478784081149, 13312306922.515638], "unrealized_pnl_4": [24177, 1.1088552251707857, 7065947852.626711], "unrealized_pnl_5": [24177, 3.644192609380689, 1587158475.7742417], "unrealized_pnl_6": [24177, 0.04038082198129787, 2234735151.2709937], "unrealized_pnl_7": [24177, 3.4411478147010226, 8326554344.902437], "unrealized_pnl_8": [24177, -0.24741455469618653, 4676171244.396803], "unrealized_pnl_9": [24177, -2.854761283215498, 21120639165.445396], "margin_usage_ratio": [24177, 0.02025816666991266, 1.4713162947796925]}, "pcr_min_ew": 0.02087720601922158, "pcr_max_ew": 0.717108678707464}