{"r_count": 45488.000100000005, "r_mean": -0.25431784927217943, "r_var": 3228.771785716772, "tanh_k": 2.0, "feature_welford": {"unrealized_pnl": [45489, 180.47339510760426, 1758482434977.0642], "realized_pnl": [45489, 39.242044535707194, 3875998936556.8877], "compounded_returns": [45489, 3.1751445363457362, 5632832.801302017], "balance": [45489, 23894.60777479624, 785013394220674.8], "position_value": [45489, 19291.547381081044, 236079659959588.22], "current_position_size": [45489, 96382.30247451561, 5901762262029039.0], "last_log_ret": [45489, -0.0004100376377376207, 882.6149556126943], "sortino_ratio": [45489, 0.15484322991131916, 7692.606997672283], "rolling_pnl_sigma": [45489, 0.0808322667503855, 214.795264605902], "portfolio_cash_ratio": [45489, 0.2775297136647841, 2283.627020506354], "free_collateral": [45489, 42350.940181738624, 1477916898463378.0], "mm_reqs": [45489, 1023.228264938603, 919980732403.4514], "unrealized_pnl_0": [45489, -2.498095546675155, 100370117427.12881], "unrealized_pnl_1": [45489, 21.205582654313627, 276157895941.3495], "unrealized_pnl_2": [45489, -20.570493327055303, 448114451533.4178], "unrealized_pnl_3": [45489, 20.783001692062907, 1467605902506.586], "unrealized_pnl_4": [45489, 62.43028193907514, 405399986892.9623], "unrealized_pnl_5": [45489, 44.813017705606704, 1397069833408.5544], "unrealized_pnl_6": [45489, 47.9977908595658, 490832890067.39813], "unrealized_pnl_7": [45489, 4.21425864010465, 102738930038.08867], "unrealized_pnl_8": [45489, -1.5897004148829497, 57650891425.63968], "unrealized_pnl_9": [45489, 34.544697570852755, 697486819623.1501], "margin_usage_ratio": [45489, 0.021548938404268986, 4.107580048149626]}, "pcr_min_ew": 0.05482592873827862, "pcr_max_ew": 0.8560022120886177}