{"r_count": 27606.0001, "r_mean": -0.2650569270553825, "r_var": 2233.6075281516487, "tanh_k": 2.0, "feature_welford": {"unrealized_pnl": [27607, 59.791229071509335, 321591362062.4429], "realized_pnl": [27607, 19.31221079456862, 664814252072.0157], "compounded_returns": [27607, 1.0907006209382033, 908004.181064776], "balance": [27607, 4299.003226014206, 14143036426707.428], "position_value": [27607, 8089.593326026424, 23973223030525.715], "current_position_size": [27607, 40393.70488918365, 598517584590607.1], "last_log_ret": [27607, -0.0030415652818439084, 668.3486410205134], "sortino_ratio": [27607, 0.1090235563130137, 4681.183999438316], "rolling_pnl_sigma": [27607, 0.08317172634725606, 124.20485954010077], "portfolio_cash_ratio": [27607, 0.2670785427798429, 1319.9698845659711], "free_collateral": [27607, 12050.075374244283, 56335588583928.586], "mm_reqs": [27607, 401.511598183792, 84556863279.11815], "unrealized_pnl_0": [27607, 5.266171421089649, 25663989573.652992], "unrealized_pnl_1": [27607, -0.8670997616506249, 58169823570.67105], "unrealized_pnl_2": [27607, 0.19028460032673306, 19436831117.67353], "unrealized_pnl_3": [27607, 33.3412529104105, 297511832075.3603], "unrealized_pnl_4": [27607, 8.690337068629976, 42003569140.53269], "unrealized_pnl_5": [27607, 35.62551329311511, 59729284875.06944], "unrealized_pnl_6": [27607, 5.9911553935873965, 40283514491.05977], "unrealized_pnl_7": [27607, 8.219812189484454, 17530632717.35226], "unrealized_pnl_8": [27607, -1.5268875329370342, 15460791608.90594], "unrealized_pnl_9": [27607, -4.413978506537136, 52835978814.72345], "margin_usage_ratio": [27607, 0.02109198678934175, 2.2417894187531813]}, "pcr_min_ew": 0.06058345633067584, "pcr_max_ew": 0.7440932981693985}