{"r_count": 16984.0001, "r_mean": -0.2712568650274707, "r_var": 707.4932827202009, "tanh_k": 2.0, "feature_welford": {"unrealized_pnl": [16985, 13.070231192087158, 6466092648.227104], "realized_pnl": [16985, 13.190787373277132, 13694384889.795227], "compounded_returns": [16985, 0.45840743896932334, 7252.891936219886], "balance": [16985, 1016.5444563855951, 281741773087.53033], "position_value": [16985, 2790.5268882770156, 1147565267867.0723], "current_position_size": [16985, 13940.715509079082, 28682728476269.52], "last_log_ret": [16985, -0.0019524487516543111, 192.25403628833286], "sortino_ratio": [16985, 0.09759013538984543, 2150.9650230857615], "rolling_pnl_sigma": [16985, 0.08654332111386999, 60.21716743077426], "portfolio_cash_ratio": [16985, 0.2602868023472692, 806.9588993486724], "free_collateral": [16985, 3718.8247574065113, 1934328827562.145], "mm_reqs": [16985, 102.39176691263775, 2752359084.872385], "unrealized_pnl_0": [16985, 3.9919576345029477, 2621407171.339911], "unrealized_pnl_1": [16985, -0.6606136586865496, 1949544059.8410819], "unrealized_pnl_2": [16985, -0.07151682643220353, 719151041.6721658], "unrealized_pnl_3": [16985, 4.020640406194846, 2818419937.6788344], "unrealized_pnl_4": [16985, -1.7389421902915094, 2075714654.6140082], "unrealized_pnl_5": [16985, 1.002331544266067, 1826000952.7564068], "unrealized_pnl_6": [16985, 3.237604886514125, 2502889061.658491], "unrealized_pnl_7": [16985, 1.6288738526555102, 1657205622.0713623], "unrealized_pnl_8": [16985, 2.3336891940497173, 1814824758.1250582], "unrealized_pnl_9": [16985, 2.858904881607299, 3610035523.2241626], "margin_usage_ratio": [16985, 0.020608160586664714, 1.1369713673361161]}, "pcr_min_ew": 0.014916136207879575, "pcr_max_ew": 0.8496441560006679}