{"r_count": 17104.0001, "r_mean": -0.2737957917412272, "r_var": 2170.386804709804, "tanh_k": 2.0, "feature_welford": {"unrealized_pnl": [17105, 39.3770918118104, 72487365275.56773], "realized_pnl": [17105, 21.923310774055455, 120840413844.81792], "compounded_returns": [17105, 0.8617488347616222, 102003.85234010327], "balance": [17105, 2364.499655927856, 2146152141689.4622], "position_value": [17105, 6265.454101517971, 10035937217080.21], "current_position_size": [17105, 31316.216989571552, 250903976328876.56], "last_log_ret": [17105, -0.004039598978035346, 672.3608120036258], "sortino_ratio": [17105, 0.1067105083325786, 2308.654909478405], "rolling_pnl_sigma": [17105, 0.08649853429256447, 101.9477386318381], "portfolio_cash_ratio": [17105, 0.26227553098562706, 1368.8156786420122], "free_collateral": [17105, 8375.223302390896, 16684881274056.104], "mm_reqs": [17105, 296.63036741986645, 38428126563.26028], "unrealized_pnl_0": [17105, 13.370219913493038, 16480761454.061464], "unrealized_pnl_1": [17105, 7.5646345287824825, 12937709499.928864], "unrealized_pnl_2": [17105, 2.370088527766209, 7647161159.817902], "unrealized_pnl_3": [17105, 5.362003994206699, 36533149126.83239], "unrealized_pnl_4": [17105, -15.416025661330492, 41302751539.27707], "unrealized_pnl_5": [17105, 15.640678284290765, 29706240929.22819], "unrealized_pnl_6": [17105, -10.747752068095686, 50266266885.69125], "unrealized_pnl_7": [17105, -6.934369574281405, 12712560118.861917], "unrealized_pnl_8": [17105, 4.086671945276328, 7220004479.849907], "unrealized_pnl_9": [17105, 11.74712267202883, 52078298578.13461], "margin_usage_ratio": [17105, 0.021213446543541934, 1.3936920720207926]}, "pcr_min_ew": 0.017679434437839772, "pcr_max_ew": 0.6650223519148819}