{"r_count": 1415.0001, "r_mean": -0.26478148179107974, "r_var": 82.32599880680027, "tanh_k": 2.0, "feature_welford": {"unrealized_pnl": [1416, 1.8410943717601522, 1820607.864067144], "realized_pnl": [1416, -0.9209207030074785, 4449296.294185883], "compounded_returns": [1416, 0.29483267247210887, 225.35674357527134], "balance": [1416, 149.03052748431023, 53949700.23761918], "position_value": [1416, 418.3020435392145, 175097367.8425917], "current_position_size": [1416, 2087.395761904943, 4377310127.074897], "last_log_ret": [1416, -0.004706675193992799, 14.921201766035827], "sortino_ratio": [1416, 0.04744253277142213, 121.59078662210776], "rolling_pnl_sigma": [1416, 0.08176399484976574, 5.22733047481709], "portfolio_cash_ratio": [1416, 0.2615699216801578, 71.21736474019062], "free_collateral": [1416, 557.9894169713579, 252708105.54257828], "mm_reqs": [1416, 11.363825120779365, 144881.99167858827], "unrealized_pnl_0": [1416, 0.6139876478526993, 988038.8150321657], "unrealized_pnl_1": [1416, 1.08185427673176, 1176638.4476902836], "unrealized_pnl_2": [1416, 0.43130319129686395, 182359.63622881335], "unrealized_pnl_3": [1416, -0.06552016470131455, 1975832.1430902972], "unrealized_pnl_4": [1416, 0.8227762182370206, 457544.8885882015], "unrealized_pnl_5": [1416, 0.4146414025188595, 534340.3110109605], "unrealized_pnl_6": [1416, 0.45302416745207225, 263172.1007086719], "unrealized_pnl_7": [1416, -0.6988939638158087, 1080979.2964272937], "unrealized_pnl_8": [1416, -0.4351319326562634, 901945.8209075435], "unrealized_pnl_9": [1416, -1.1428362668675143, 657737.7078261105], "margin_usage_ratio": [1416, 0.020055094336939968, 0.08242982737370244]}, "pcr_min_ew": 0.007877364152230512, "pcr_max_ew": 0.692619467802918}