{"r_count": 24758.0001, "r_mean": -0.2653825186805769, "r_var": 2147.811600369393, "tanh_k": 2.0, "feature_welford": {"unrealized_pnl": [24759, 14.856413982553445, 34576171897.231606], "realized_pnl": [24759, 7.861071538714269, 80858752383.51166], "compounded_returns": [24759, 0.714867312211934, 88874.11587346192], "balance": [24759, 1661.0182428735272, 2086174482131.362], "position_value": [24759, 4318.240056276112, 8314550818779.23], "current_position_size": [24759, 21584.186659078878, 207869094044780.75], "last_log_ret": [24759, -0.0034411847272685075, 636.544559077805], "sortino_ratio": [24759, 0.09820275616242971, 3804.1954199490965], "rolling_pnl_sigma": [24759, 0.0833382277541362, 112.60158210903798], "portfolio_cash_ratio": [24759, 0.26370797980767363, 1172.1796572335559], "free_collateral": [24759, 5803.338164895775, 14217710297836.375], "mm_reqs": [24759, 192.38957744491432, 28486171700.67054], "unrealized_pnl_0": [24759, 3.3827226525025536, 14190334853.374407], "unrealized_pnl_1": [24759, -1.4282034484958384, 13306077684.45896], "unrealized_pnl_2": [24759, -2.431704636910409, 5644879927.328085], "unrealized_pnl_3": [24759, 1.5044939732802995, 25189055548.678196], "unrealized_pnl_4": [24759, 8.742575862787836, 13430571510.788572], "unrealized_pnl_5": [24759, 6.404077818531653, 13618563348.29193], "unrealized_pnl_6": [24759, 5.245205217709177, 14311170541.225555], "unrealized_pnl_7": [24759, 4.114383391773948, 7884386378.208831], "unrealized_pnl_8": [24759, 1.107068312610971, 6250583523.872689], "unrealized_pnl_9": [24759, -5.264575655547463, 16503348615.863861], "margin_usage_ratio": [24759, 0.020631259855028325, 1.7191179959462204]}, "pcr_min_ew": 0.033615515851186044, "pcr_max_ew": 0.6898691207912849}