{"r_count": 38370.000100000005, "r_mean": -0.26198916701632213, "r_var": 2796.883959001875, "tanh_k": 2.0, "feature_welford": {"unrealized_pnl": [38371, 28.851279164559372, 92579237121.77654], "realized_pnl": [38371, 6.690402794790055, 185715406730.38998], "compounded_returns": [38371, 0.9036329943338219, 1020799.9779407197], "balance": [38371, 3131.6264818659924, 12709874631639.459], "position_value": [38371, 5779.189088951037, 20355366106313.336], "current_position_size": [38371, 28857.173896288034, 508761826166922.75], "last_log_ret": [38371, -0.002321288834726169, 800.5503600802713], "sortino_ratio": [38371, 0.13117628510565346, 5784.9229832702395], "rolling_pnl_sigma": [38371, 0.08335592475681011, 203.69908776217747], "portfolio_cash_ratio": [38371, 0.26427522010523385, 1807.3731933837953], "free_collateral": [38371, 8678.426008668841, 49238572521954.28], "mm_reqs": [38371, 263.5266334104292, 69918920284.55371], "unrealized_pnl_0": [38371, 16.30505465669649, 21171742854.067944], "unrealized_pnl_1": [38371, -0.09166679850036875, 33703068875.016655], "unrealized_pnl_2": [38371, -0.24733830510827992, 16424324568.262375], "unrealized_pnl_3": [38371, 0.6277885405336047, 73978403498.98022], "unrealized_pnl_4": [38371, 3.2822275493688027, 30032947330.564243], "unrealized_pnl_5": [38371, 14.43726092983379, 41181377015.13924], "unrealized_pnl_6": [38371, 11.938635251843767, 39483708337.916275], "unrealized_pnl_7": [38371, -0.13927513715495662, 34866625638.15245], "unrealized_pnl_8": [38371, 8.781149645170164, 22874505648.47637], "unrealized_pnl_9": [38371, 5.429292692453984, 72155800037.1879], "margin_usage_ratio": [38371, 0.02081480554385712, 2.8164141187980447]}, "pcr_min_ew": 0.05936341936516065, "pcr_max_ew": 0.7795424379719933}