{"r_count": 69164.0001, "r_mean": -0.23533776297708384, "r_var": 2575.70826744959, "tanh_k": 2.0, "feature_welford": {"unrealized_pnl": [69165, 417.0335824575326, 13362951869755.18], "realized_pnl": [69165, -18874.56670428351, 1.759324571066306e+18], "compounded_returns": [69165, 26.57292774832973, 1703631259.8219218], "balance": [69165, 160670.39979318518, 2.9892995137928096e+16], "position_value": [69165, 49319.055542263835, 1490681304800505.0], "current_position_size": [69165, 246164.85397478624, 3.722905426357192e+16], "last_log_ret": [69165, 0.002161402714146044, 658.8454280191359], "sortino_ratio": [69165, 0.22327757969039794, 18851.088461577798], "rolling_pnl_sigma": [69165, 0.0751325681803769, 250.52002789795839], "portfolio_cash_ratio": [69165, 0.3110157942433319, 4494.856336284445], "free_collateral": [69165, 207730.3970677848, 3.660875830267502e+16], "mm_reqs": [69165, 2695.801386842694, 5999409395040.732], "unrealized_pnl_0": [69165, 24.150298558337983, 309392884775.02783], "unrealized_pnl_1": [69165, 61.41226194388741, 1184220673169.4104], "unrealized_pnl_2": [69165, 62.84919821015753, 3653918574762.803], "unrealized_pnl_3": [69165, 176.46632999464035, 19551125526648.77], "unrealized_pnl_4": [69165, 36.35873483070683, 1061622812985.579], "unrealized_pnl_5": [69165, 41.45005472367562, 10324584892882.79], "unrealized_pnl_6": [69165, 47.8780363849525, 1575127022460.6345], "unrealized_pnl_7": [69165, 0.23908491318061864, 337502553197.6987], "unrealized_pnl_8": [69165, 26.617290273356975, 296301271613.1955], "unrealized_pnl_9": [69165, 251.97552809990768, 6826050952030.884], "margin_usage_ratio": [69165, 0.022161280812259296, 8.473571395897554]}, "pcr_min_ew": 0.3722028087176897, "pcr_max_ew": 0.9867089973061913}