{"r_count": 24973.0001, "r_mean": -0.2696576396573094, "r_var": 1364.5070458853781, "tanh_k": 2.0, "feature_welford": {"unrealized_pnl": [24974, 11.098582501548355, 50802834906.82592], "realized_pnl": [24974, 3.838658673414281, 93675215880.18858], "compounded_returns": [24974, 0.838071865144281, 404132.62092171906], "balance": [24974, 1892.7019098880623, 1362024939000.6147], "position_value": [24974, 5039.7780189941495, 5658581593276.17], "current_position_size": [24974, 25182.752742762197, 141469340453955.97], "last_log_ret": [24974, -0.002757166138311241, 337.0873086327455], "sortino_ratio": [24974, 0.11188876487754264, 4321.147914338682], "rolling_pnl_sigma": [24974, 0.08508380508063619, 103.53663114960548], "portfolio_cash_ratio": [24974, 0.2617088636680282, 1169.506588005411], "free_collateral": [24974, 6734.952325665739, 9413617623011.418], "mm_reqs": [24974, 210.8492757825899, 16669999322.160366], "unrealized_pnl_0": [24974, 6.883555209084958, 19371869191.684074], "unrealized_pnl_1": [24974, 4.403896518020849, 27800547345.591335], "unrealized_pnl_2": [24974, -2.0930208419017027, 5133142833.027359], "unrealized_pnl_3": [24974, 4.975299863282419, 66681650113.69776], "unrealized_pnl_4": [24974, 10.365206843787483, 21351394361.782364], "unrealized_pnl_5": [24974, 3.16602833910067, 13593832268.074226], "unrealized_pnl_6": [24974, 5.579706632938153, 8391548450.984533], "unrealized_pnl_7": [24974, -9.273811880432625, 29858694127.26342], "unrealized_pnl_8": [24974, -0.2959128179269023, 9746489402.289055], "unrealized_pnl_9": [24974, -3.8690507553344355, 19965919370.565163], "margin_usage_ratio": [24974, 0.0211448200986892, 1.917983660544354]}, "pcr_min_ew": 0.022690021176329393, "pcr_max_ew": 0.7387539396440802}