{"r_count": 48216.000100000005, "r_mean": -0.2510553105361681, "r_var": 1884.0794293398906, "tanh_k": 2.0, "feature_welford": {"unrealized_pnl": [48217, 75.78014354490976, 2961381799794.722], "realized_pnl": [48217, 110.84933709471258, 6447285711407.425], "compounded_returns": [48217, 11.924195435005506, 328566692.249761], "balance": [48217, 63055.74690568174, 1.186531225033042e+16], "position_value": [48217, 16542.827118758705, 359294443316839.06], "current_position_size": [48217, 82629.4713902988, 8981020446875510.0], "last_log_ret": [48217, -0.00017750653745475766, 502.7444083139861], "sortino_ratio": [48217, 0.15119754616030454, 8779.743262976242], "rolling_pnl_sigma": [48217, 0.07955754000602093, 186.2729648880202], "portfolio_cash_ratio": [48217, 0.2742422381155757, 2469.2503596899123], "free_collateral": [48217, 78822.21635405511, 1.3867904833122128e+16], "mm_reqs": [48217, 858.1127705263558, 1558743658788.4565], "unrealized_pnl_0": [48217, 18.086871747081148, 69957766224.2079], "unrealized_pnl_1": [48217, 12.779627447557408, 185110413136.546], "unrealized_pnl_2": [48217, 43.94825815875931, 997231071930.2498], "unrealized_pnl_3": [48217, 84.0100339032323, 2572431949870.913], "unrealized_pnl_4": [48217, 14.844954855054157, 289628979226.2255], "unrealized_pnl_5": [48217, -18.366841188765356, 2389828459519.693], "unrealized_pnl_6": [48217, 3.3710752339704473, 255438894218.22702], "unrealized_pnl_7": [48217, 4.626075974691702, 67916628573.66943], "unrealized_pnl_8": [48217, 0.0901359449368618, 43686522540.746895], "unrealized_pnl_9": [48217, 34.57247274510244, 434326642439.3772], "margin_usage_ratio": [48217, 0.021522749092928437, 4.370462929964003]}, "pcr_min_ew": 0.02669712572215417, "pcr_max_ew": 0.6768906862922082}