{"r_count": 34886.000100000005, "r_mean": -0.2625287485244897, "r_var": 1445.881125752958, "tanh_k": 2.0, "feature_welford": {"unrealized_pnl": [34887, 12.673405158381982, 110206071608.75043], "realized_pnl": [34887, -18277651.62083574, 4.0497592673788484e+23], "compounded_returns": [34887, 0.8402352674050244, 611045.6152769286], "balance": [34887, 2532.192527387284, 9259303667962.02], "position_value": [34887, 5540.587612166855, 12931343320775.277], "current_position_size": [34887, 27678.642539841163, 323256271829159.94], "last_log_ret": [34887, -0.0010920634204223032, 378.70747478812507], "sortino_ratio": [34887, 0.12637199687459297, 8458.852278224838], "rolling_pnl_sigma": [34887, 0.08311656844066839, 125.18256780315463], "portfolio_cash_ratio": [34887, 0.2634310440210712, 1624.3665098127199], "free_collateral": [34887, 7850.953421333066, 34581980288516.84], "mm_reqs": [34887, 236.66362524055907, 49939848586.106224], "unrealized_pnl_0": [34887, 10.562872178049204, 26810396077.369698], "unrealized_pnl_1": [34887, -2.7959370975938866, 18474527520.652363], "unrealized_pnl_2": [34887, -1.260794943491028, 10283452096.591026], "unrealized_pnl_3": [34887, 14.500618278025696, 154408332320.47208], "unrealized_pnl_4": [34887, -4.418091122272465, 44330521972.96237], "unrealized_pnl_5": [34887, 12.152117284173086, 28216549584.495018], "unrealized_pnl_6": [34887, -3.619358772541941, 29147394220.96135], "unrealized_pnl_7": [34887, 1.2590357374134826, 18640920150.905983], "unrealized_pnl_8": [34887, -2.677829755141536, 19285600734.430305], "unrealized_pnl_9": [34887, -1.1079391217788808, 79137193957.70335], "margin_usage_ratio": [34887, 0.021113768953399056, 2.6139575262715624]}, "pcr_min_ew": -0.005281839139334019, "pcr_max_ew": 0.5963947919123256}