{"r_count": 48607.000100000005, "r_mean": -0.25360387534860196, "r_var": 3424.8444629126802, "tanh_k": 2.0, "feature_welford": {"unrealized_pnl": [48608, 191.2523891605412, 1841530857426.3713], "realized_pnl": [48608, 50.65366689065195, 4094580464705.4307], "compounded_returns": [48608, 0.7787761229066443, 88502663.91013524], "balance": [48608, 24262.35051958966, 798773423631711.4], "position_value": [48608, 20674.210981794608, 252208714959833.4], "current_position_size": [48608, 103262.14695574822, 6304777956198255.0], "last_log_ret": [48608, -4.834269226921051e-05, 930.1470956757588], "sortino_ratio": [48608, 0.16728633040317298, 8598.19706347639], "rolling_pnl_sigma": [48608, 0.08052522973589671, 242.78039127402243], "portfolio_cash_ratio": [48608, 0.27857269934427176, 2451.9251729153198], "free_collateral": [48608, 44037.473290733884, 1521212254716218.5], "mm_reqs": [48608, 1098.4321305106232, 977964627922.6748], "unrealized_pnl_0": [48608, 1.4517011472031838, 115871515709.07857], "unrealized_pnl_1": [48608, 20.066836638364048, 322263892222.8162], "unrealized_pnl_2": [48608, -18.150495482817647, 472452985250.2325], "unrealized_pnl_3": [48608, 27.678935438853202, 1520828265508.9294], "unrealized_pnl_4": [48608, 61.218812881284734, 445556558007.0769], "unrealized_pnl_5": [48608, 40.13919790922446, 1449865331999.3347], "unrealized_pnl_6": [48608, 45.21163847822692, 521751216254.0709], "unrealized_pnl_7": [48608, 7.399732371256801, 118908884210.74759], "unrealized_pnl_8": [48608, 4.411904727880904, 76758620590.06384], "unrealized_pnl_9": [48608, 43.043421607678795, 734774853055.364], "margin_usage_ratio": [48608, 0.02173975196833502, 4.5616959971214515]}, "pcr_min_ew": 0.18195822079838492, "pcr_max_ew": 0.8835645978722806}