{"r_count": 59411.000100000005, "r_mean": -0.24745596994623584, "r_var": 2692.481399057861, "tanh_k": 2.0, "feature_welford": {"unrealized_pnl": [59412, 139.89440257227366, 3781052350931.6514], "realized_pnl": [59412, 109.88015784645805, 7625508297324.078], "compounded_returns": [59412, 38.706065555570305, 5156227398.280923], "balance": [59412, 46695.68701535894, 6244345333468809.0], "position_value": [59412, 20584.675086147203, 369005004812081.94], "current_position_size": [59412, 102742.43322627388, 9217308609838472.0], "last_log_ret": [59412, 0.000566915325841583, 673.4557878069469], "sortino_ratio": [59412, 0.17678196514020475, 12296.486178354786], "rolling_pnl_sigma": [59412, 0.07863014299558027, 287.25158560931294], "portfolio_cash_ratio": [59412, 0.2754465546457703, 3046.042256886662], "free_collateral": [59412, 66369.72147097258, 7915752149582310.0], "mm_reqs": [59412, 1058.0709439490302, 1543566643464.8835], "unrealized_pnl_0": [59412, 21.59023406686515, 142929542304.20166], "unrealized_pnl_1": [59412, 17.55973877357028, 290560583175.98016], "unrealized_pnl_2": [59412, 19.052408382574544, 671775274955.3682], "unrealized_pnl_3": [59412, 0.6017540825200044, 4823991368939.563], "unrealized_pnl_4": [59412, 7.242945536130626, 334943096488.24585], "unrealized_pnl_5": [59412, 113.97686321083881, 2144605727252.9683], "unrealized_pnl_6": [59412, -20.261397782063494, 400170835068.08923], "unrealized_pnl_7": [59412, 8.17940170123543, 117197031838.42886], "unrealized_pnl_8": [59412, 15.843591828704843, 77907938870.93135], "unrealized_pnl_9": [59412, 48.10680917136801, 922443825609.7247], "margin_usage_ratio": [59412, 0.02222191846252893, 5.990714253491387]}, "pcr_min_ew": 0.05501603395681677, "pcr_max_ew": 0.8908494391003847}