{"r_count": 27748.0001, "r_mean": -0.262729831414754, "r_var": 2564.7587048521486, "tanh_k": 2.0, "feature_welford": {"unrealized_pnl": [27749, 25.081180685608803, 76238961850.70447], "realized_pnl": [27749, 19.294347874657507, 131506886265.67302], "compounded_returns": [27749, 0.8669065850041038, 121891.67618656678], "balance": [27749, 2052.05267970193, 2291209897448.3755], "position_value": [27749, 5472.124859189484, 10656341244896.531], "current_position_size": [27749, 27349.99362356441, 266414027042770.5], "last_log_ret": [27749, -0.0030672769308662646, 773.7635222262095], "sortino_ratio": [27749, 0.11177245449265645, 4190.970191985642], "rolling_pnl_sigma": [27749, 0.08357181274215215, 135.92626486540402], "portfolio_cash_ratio": [27749, 0.2622814775252341, 1852.4726952754668], "free_collateral": [27749, 7313.320572553647, 17700146595012.812], "mm_reqs": [27749, 238.11477202178452, 39710376759.183914], "unrealized_pnl_0": [27749, 9.883001065919883, 17888510402.19501], "unrealized_pnl_1": [27749, 6.168540596669335, 14413543330.609127], "unrealized_pnl_2": [27749, 2.1138063059260825, 8232236208.915848], "unrealized_pnl_3": [27749, 0.607671677924396, 38789239966.28175], "unrealized_pnl_4": [27749, -6.626498219707417, 43476272620.364006], "unrealized_pnl_5": [27749, 7.653545463703605, 31110823515.011448], "unrealized_pnl_6": [27749, -11.66693601619957, 51871182075.67435], "unrealized_pnl_7": [27749, -4.4930393033444345, 14372294192.650705], "unrealized_pnl_8": [27749, 5.230744866173488, 8533939219.002988], "unrealized_pnl_9": [27749, 10.71146475177327, 54467610815.62863], "margin_usage_ratio": [27749, 0.02115355076215114, 2.130744958838589]}, "pcr_min_ew": 0.010761009363921109, "pcr_max_ew": 0.7633103806909248}