{"r_count": 55952.000100000005, "r_mean": -0.24964360914661857, "r_var": 5022.827900763939, "tanh_k": 2.0, "feature_welford": {"unrealized_pnl": [55953, 178.94671804247525, 2269757129203.0674], "realized_pnl": [55953, 84.4010362822013, 5740171663793.007], "compounded_returns": [55953, 5.150736806822811, 24531406.837038286], "balance": [55953, 23221.55274117357, 576055206724303.2], "position_value": [55953, 24914.910916383928, 306076980620795.3], "current_position_size": [55953, 124396.38705146195, 7647998841186488.0], "last_log_ret": [55953, -0.0007602608644375166, 1652.4744091913226], "sortino_ratio": [55953, 0.16828017945554258, 12117.646501847761], "rolling_pnl_sigma": [55953, 0.07902641578595875, 260.1459321351617], "portfolio_cash_ratio": [55953, 0.2842491636245266, 82880.41864081855], "free_collateral": [55953, 46980.78967230944, 1332046458784117.0], "mm_reqs": [55953, 1344.5640095969372, 1206512243952.1716], "unrealized_pnl_0": [55953, 24.906677337204297, 181819219421.87976], "unrealized_pnl_1": [55953, 54.71157362460368, 600084672356.4581], "unrealized_pnl_2": [55953, -2.489304452602734, 374422134241.694], "unrealized_pnl_3": [55953, 49.62201172047977, 1799067143651.1292], "unrealized_pnl_4": [55953, -7.617213392025055, 729494360886.512], "unrealized_pnl_5": [55953, 51.32706964818029, 1292042470165.769], "unrealized_pnl_6": [55953, 35.32380682886577, 569846885604.1375], "unrealized_pnl_7": [55953, 1.7679392702835472, 145892230895.06735], "unrealized_pnl_8": [55953, -5.243953695670677, 161506355506.8367], "unrealized_pnl_9": [55953, 21.910612166976005, 1304979886581.0984], "margin_usage_ratio": [55953, 0.022466160271940965, 6.058969742240401]}, "pcr_min_ew": 0.07443400136774217, "pcr_max_ew": 0.924887815237907}