{"r_count": 51896.000100000005, "r_mean": -0.25519380975359857, "r_var": 2940.107390777311, "tanh_k": 2.0, "feature_welford": {"unrealized_pnl": [51897, 152.50043625663673, 2442765393700.755], "realized_pnl": [51897, 71.04772748637188, 8818917446775.627], "compounded_returns": [51897, 4.468634211980434, 17926560.564992364], "balance": [51897, 30945.36374587725, 1628237162741927.0], "position_value": [51897, 25524.696573141173, 374915123175116.4], "current_position_size": [51897, 127501.77264406036, 9371132182953514.0], "last_log_ret": [51897, -3.83705286653179e-05, 888.2101055638494], "sortino_ratio": [51897, 0.16565376547229954, 10856.763203461756], "rolling_pnl_sigma": [51897, 0.08011549949316955, 211.6443249228143], "portfolio_cash_ratio": [51897, 0.2814729335341779, 2646.0394813840553], "free_collateral": [51897, 55280.46604081904, 2815227416468561.0], "mm_reqs": [51897, 1352.7573223953318, 1483106574916.1738], "unrealized_pnl_0": [51897, 11.040906094927383, 133363126734.40588], "unrealized_pnl_1": [51897, 16.057688689420367, 321368594219.12115], "unrealized_pnl_2": [51897, -2.2414908436210825, 898680583160.8868], "unrealized_pnl_3": [51897, 46.55220263861077, 3208847588082.778], "unrealized_pnl_4": [51897, 27.174997249713424, 367786320343.8152], "unrealized_pnl_5": [51897, 80.81483080842462, 2953593217038.5405], "unrealized_pnl_6": [51897, 9.415119374601531, 440170174070.5386], "unrealized_pnl_7": [51897, 22.16058793486068, 147852363896.719], "unrealized_pnl_8": [51897, 11.253049551181155, 109437573896.59456], "unrealized_pnl_9": [51897, 8.218274250570929, 786944833058.7119], "margin_usage_ratio": [51897, 0.022551554196550902, 5.713502912540823]}, "pcr_min_ew": 0.023391387703151585, "pcr_max_ew": 0.7588194707824761}