{"r_count": 27502.0001, "r_mean": -0.2672456422867884, "r_var": 1433.345840261432, "tanh_k": 2.0, "feature_welford": {"unrealized_pnl": [27503, 14.650974012616768, 55587775177.025055], "realized_pnl": [27503, 1.2266370399322013, 103023352319.13269], "compounded_returns": [27503, 0.8548416266085205, 413509.07162492344], "balance": [27503, 1887.6358790104116, 1444695035050.4785], "position_value": [27503, 5031.264686585403, 6021623196163.037], "current_position_size": [27503, 25138.793131117556, 150545914913275.22], "last_log_ret": [27503, -0.0026775584043610677, 360.82019832450675], "sortino_ratio": [27503, 0.10933100103016785, 4644.788814194938], "rolling_pnl_sigma": [27503, 0.08429961667309752, 112.05962021284813], "portfolio_cash_ratio": [27503, 0.26157262635013634, 1280.0910363523471], "free_collateral": [27503, 6727.008037375823, 10017593424487.65], "mm_reqs": [27503, 208.6893848313555, 17405476787.973827], "unrealized_pnl_0": [27503, 7.840532191447375, 22343214012.664], "unrealized_pnl_1": [27503, 5.837757841693872, 28497048668.556965], "unrealized_pnl_2": [27503, -1.468299605189722, 5331959907.225491], "unrealized_pnl_3": [27503, 7.581641521337407, 70616766858.22752], "unrealized_pnl_4": [27503, 11.938527263080442, 24162405012.441795], "unrealized_pnl_5": [27503, 5.789619567058445, 15031110680.53446], "unrealized_pnl_6": [27503, 0.12861773159937176, 9723100077.711916], "unrealized_pnl_7": [27503, -7.535489741865944, 31380268647.437977], "unrealized_pnl_8": [27503, -2.9574052449183745, 12355719806.686451], "unrealized_pnl_9": [27503, -2.3666873785395968, 21388011511.68544], "margin_usage_ratio": [27503, 0.02116125485662581, 2.0899873299908607]}, "pcr_min_ew": 0.033395198433361174, "pcr_max_ew": 0.6238110574903636}