{"r_count": 34914.000100000005, "r_mean": -0.25934305178132117, "r_var": 2691.8069120425916, "tanh_k": 2.0, "feature_welford": {"unrealized_pnl": [34915, 72.44359559586599, 537940349297.0288], "realized_pnl": [34915, 28.200283110038338, 1351728057350.4053], "compounded_returns": [34915, 2.0479438460988275, 1543373.6149981043], "balance": [34915, 16379.639858706705, 272798569442373.5], "position_value": [34915, 15825.703011283187, 111723716282517.75], "current_position_size": [34915, 79036.03628105375, 2792294226321941.5], "last_log_ret": [34915, -0.0012028675417988222, 789.1674438929442], "sortino_ratio": [34915, 0.14129831928312175, 6212.693115332272], "rolling_pnl_sigma": [34915, 0.08300803139345381, 173.6812152485267], "portfolio_cash_ratio": [34915, 0.27564766277042696, 4028.7629840501627], "free_collateral": [34915, 31462.02871543253, 561519216743786.0], "mm_reqs": [34915, 822.8908992227183, 400555439439.0328], "unrealized_pnl_0": [34915, 9.920200013804994, 99949375555.34373], "unrealized_pnl_1": [34915, 33.42035315947938, 161548575088.2], "unrealized_pnl_2": [34915, 4.199641331045229, 100943612635.72949], "unrealized_pnl_3": [34915, 54.162587790458126, 470648796287.60315], "unrealized_pnl_4": [34915, -11.066615723984897, 110602499865.05933], "unrealized_pnl_5": [34915, 16.258651366927232, 503848341830.6389], "unrealized_pnl_6": [34915, 12.256847103131165, 207832655607.1192], "unrealized_pnl_7": [34915, -10.384578818681279, 51172846223.30472], "unrealized_pnl_8": [34915, -0.35923349436162083, 66520327442.22322], "unrealized_pnl_9": [34915, 8.08106120667961, 347246191989.94275], "margin_usage_ratio": [34915, 0.021638570657041487, 3.2852182998590753]}, "pcr_min_ew": 0.06279406575302447, "pcr_max_ew": 0.7472891928237833}