{"r_count": 15373.000100000001, "r_mean": -0.2618463986518891, "r_var": 610.1654974440303, "tanh_k": 2.0, "feature_welford": {"unrealized_pnl": [15374, 13.385777360403129, 2525256162.300899], "realized_pnl": [15374, 0.8386482475770212, 3429184323.0786033], "compounded_returns": [15374, 0.48259126743438074, 15465.08937655824], "balance": [15374, 591.9649661351826, 46931777276.61567], "position_value": [15374, 1663.5372016617678, 216673698493.5138], "current_position_size": [15374, 8310.403876531622, 5416641016857.727], "last_log_ret": [15374, -0.0024417592646624377, 153.09186260756366], "sortino_ratio": [15374, 0.08136847675663672, 1850.3704953500896], "rolling_pnl_sigma": [15374, 0.08283638249709781, 45.959006792612286], "portfolio_cash_ratio": [15374, 0.2617689510987199, 719.0381627853649], "free_collateral": [15374, 2219.2355049057114, 358923642387.83734], "mm_reqs": [15374, 50.41017595117234, 373781447.2640637], "unrealized_pnl_0": [15374, 5.221725766183443, 1079638132.3852088], "unrealized_pnl_1": [15374, -2.7616517003187355, 6071108558.223336], "unrealized_pnl_2": [15374, -0.6983051831350138, 176281877.37697908], "unrealized_pnl_3": [15374, 0.44272305974812887, 696979807.7573532], "unrealized_pnl_4": [15374, 1.6446425833768215, 692234631.2954634], "unrealized_pnl_5": [15374, 3.182121169837297, 325169375.67138547], "unrealized_pnl_6": [15374, -2.0580144986898814, 983199153.3560106], "unrealized_pnl_7": [15374, 2.6089771672355733, 608875666.9890991], "unrealized_pnl_8": [15374, -0.4573373905987559, 457791860.36737937], "unrealized_pnl_9": [15374, 6.271126600330549, 1903683203.3871233], "margin_usage_ratio": [15374, 0.02020076337662996, 0.893019532612789]}, "pcr_min_ew": 0.01399671671968544, "pcr_max_ew": 0.6915724138094242}