{"r_count": 40604.000100000005, "r_mean": -0.26164116427329887, "r_var": 2886.123253787847, "tanh_k": 2.0, "feature_welford": {"unrealized_pnl": [40605, 28.2290562022996, 92823152591.178], "realized_pnl": [40605, 7.0295524262280065, 186361565026.35693], "compounded_returns": [40605, 0.8337876325960998, 1042197.918714472], "balance": [40605, 3001.5939592679947, 12726295287650.139], "position_value": [40605, 5580.669678281054, 20402242506102.344], "current_position_size": [40605, 27863.841477976322, 509925950167722.44], "last_log_ret": [40605, -0.002204700918014014, 824.8691440043904], "sortino_ratio": [40605, 0.131095475008379, 6064.685220012172], "rolling_pnl_sigma": [40605, 0.08299438171290592, 214.96503613037768], "portfolio_cash_ratio": [40605, 0.2639549029277231, 1904.8506656808454], "free_collateral": [40605, 8360.20386794341, 49340695392099.67], "mm_reqs": [40605, 252.51273244064976, 70028375790.33823], "unrealized_pnl_0": [40605, 15.592678748129908, 21238834820.476627], "unrealized_pnl_1": [40605, -0.02022416858731883, 33834022648.47671], "unrealized_pnl_2": [40605, 0.05859152525908163, 16459549557.437653], "unrealized_pnl_3": [40605, 0.8702657625591352, 74176809764.31912], "unrealized_pnl_4": [40605, 3.420600566727081, 30099609001.524536], "unrealized_pnl_5": [40605, 13.938195505418088, 41237505062.71618], "unrealized_pnl_6": [40605, 11.406431865955094, 39573337899.27467], "unrealized_pnl_7": [40605, 0.005844673736696439, 34910498477.05772], "unrealized_pnl_8": [40605, 8.256695623181443, 22933074304.274773], "unrealized_pnl_9": [40605, 5.698557782439115, 72264874421.68718], "margin_usage_ratio": [40605, 0.020781282316836923, 2.9347586101196916]}, "pcr_min_ew": -0.015556976649335159, "pcr_max_ew": 0.6362288635587273}