{"r_count": 10687.000100000001, "r_mean": -0.2805011628724719, "r_var": 543.6021231227392, "tanh_k": 2.0, "feature_welford": {"unrealized_pnl": [10688, 14.850470941169185, 5242188904.389354], "realized_pnl": [10688, 16.353560183665312, 10316061979.04328], "compounded_returns": [10688, 0.46317993767319965, 3955.892735460623], "balance": [10688, 1196.8124255120786, 257540768920.1572], "position_value": [10688, 3231.9232783066186, 1032293540381.2075], "current_position_size": [10688, 16147.477007404139, 25801871815612.066], "last_log_ret": [10688, -0.002341349603370894, 134.69186747283499], "sortino_ratio": [10688, 0.09907386601940889, 1444.7147380640977], "rolling_pnl_sigma": [10688, 0.08966356748471037, 44.07368845580473], "portfolio_cash_ratio": [10688, 0.26132975972021555, 523.0290597681384], "free_collateral": [10688, 4319.442468471385, 1747059023672.6387], "mm_reqs": [10688, 125.40345742771062, 2567794801.0368814], "unrealized_pnl_0": [10688, 4.484082441200609, 1577561520.9572568], "unrealized_pnl_1": [10688, -0.6037393202342389, 1412672704.9848368], "unrealized_pnl_2": [10688, -0.2872255487124247, 680070260.4873235], "unrealized_pnl_3": [10688, 7.849601186519571, 2406025851.3272657], "unrealized_pnl_4": [10688, -2.9046036435060616, 1518548382.942988], "unrealized_pnl_5": [10688, -1.820991559994625, 1361124824.666236], "unrealized_pnl_6": [10688, 6.088770030835565, 2284871642.436037], "unrealized_pnl_7": [10688, 1.8586216819510897, 1450729614.1326861], "unrealized_pnl_8": [10688, 3.159211659837774, 1367205370.7785497], "unrealized_pnl_9": [10688, 1.2936544597214399, 2747887824.009505], "margin_usage_ratio": [10688, 0.020704119352440042, 0.7600586582263951]}, "pcr_min_ew": 0.0623200977068821, "pcr_max_ew": 0.7122531314418966}