{"r_count": 75614.0001, "r_mean": -0.22774565290728796, "r_var": 3548.962449277868, "tanh_k": 2.0, "feature_welford": {"unrealized_pnl": [75615, 593.8642779450041, 36321848548032.25], "realized_pnl": [75615, 648.115018947334, 83577466297853.64], "compounded_returns": [75615, 233.0993966159318, 212382081305.1643], "balance": [75615, 384224.8647114715, 1.6730882891616877e+17], "position_value": [75615, 69875.82185146371, 2801351051015437.5], "current_position_size": [75615, 348734.4227684045, 6.996723653183369e+16], "last_log_ret": [75615, 0.002610534735451319, 905.5096070481918], "sortino_ratio": [75615, 0.2801357234985431, 89628.78054184219], "rolling_pnl_sigma": [75615, 0.07274235099392617, 271.20878816733017], "portfolio_cash_ratio": [75615, 0.3386140255378397, 5675.953239874563], "free_collateral": [75615, 450693.12366620684, 1.810910121074002e+17], "mm_reqs": [75615, 4029.414037515737, 14837245366653.34], "unrealized_pnl_0": [75615, 70.8298072812221, 539649073760.9392], "unrealized_pnl_1": [75615, 92.99508517561523, 2275837210681.95], "unrealized_pnl_2": [75615, 37.027497465470276, 8139107475720.096], "unrealized_pnl_3": [75615, 303.17247769391406, 49625888564174.086], "unrealized_pnl_4": [75615, 43.209093462688514, 1964456074278.957], "unrealized_pnl_5": [75615, 259.9045027443604, 28835720283247.203], "unrealized_pnl_6": [75615, 65.41397459176625, 2146362860573.5627], "unrealized_pnl_7": [75615, 24.424033963162692, 526770637689.86896], "unrealized_pnl_8": [75615, 28.244441065580943, 465929192361.07983], "unrealized_pnl_9": [75615, 261.0642285522499, 8894055109226.72], "margin_usage_ratio": [75615, 0.022068690530906102, 10.613226042094848]}, "pcr_min_ew": 0.8554897376643579, "pcr_max_ew": 0.9968740868212514}