{"r_count": 44701.000100000005, "r_mean": -0.25546166869742887, "r_var": 1962.8812897955693, "tanh_k": 2.0, "feature_welford": {"unrealized_pnl": [44702, 38.342072393483534, 232520543313.65372], "realized_pnl": [44702, 12.792024780173907, 470280581864.7736], "compounded_returns": [44702, 1.970099766319172, 5892731.46987621], "balance": [44702, 4468.062999041622, 18168616863474.098], "position_value": [44702, 9271.192573814731, 37148167488374.71], "current_position_size": [44702, 46286.37224519034, 927619502604409.8], "last_log_ret": [44702, -0.0008520527788499404, 493.8622705499671], "sortino_ratio": [44702, 0.13009295585017164, 7166.527982858137], "rolling_pnl_sigma": [44702, 0.08120623667740333, 188.28921519273783], "portfolio_cash_ratio": [44702, 0.2645109979956671, 2057.001191952941], "free_collateral": [44702, 13345.211805329627, 81394115625885.73], "mm_reqs": [44702, 436.2261361128497, 128832284658.58842], "unrealized_pnl_0": [44702, 14.222911135643841, 83428644445.60576], "unrealized_pnl_1": [44702, -7.029176536983425, 90220592033.63239], "unrealized_pnl_2": [44702, 6.00243378404703, 28420081958.93423], "unrealized_pnl_3": [44702, 12.780845119773119, 250414323366.57407], "unrealized_pnl_4": [44702, 10.85812843697702, 98631005002.65196], "unrealized_pnl_5": [44702, -0.31462325291119636, 76532448788.75818], "unrealized_pnl_6": [44702, -9.250672625525933, 111065262545.50262], "unrealized_pnl_7": [44702, 7.941688221607041, 55361089568.690765], "unrealized_pnl_8": [44702, 11.472364883928842, 36285659319.783806], "unrealized_pnl_9": [44702, 17.756386955078643, 69676614316.73299], "margin_usage_ratio": [44702, 0.021719020462547957, 3.824879260036173]}, "pcr_min_ew": 0.04386180350914954, "pcr_max_ew": 0.8914277024636827}