{"r_count": 2733.0001, "r_mean": -0.2788942501124481, "r_var": 103.5803502759738, "tanh_k": 2.0, "feature_welford": {"unrealized_pnl": [2734, -3.6955022714922117, 44723970.11784532], "realized_pnl": [2734, 1.8036178205856896, 154719292.3394928], "compounded_returns": [2734, 0.41895616176398237, 1122.516276239513], "balance": [2734, 352.7147150054688, 1106939650.721885], "position_value": [2734, 1008.0286453879615, 5171005744.569083], "current_position_size": [2734, 5033.356728111562, 129286164444.4924], "last_log_ret": [2734, -0.0028326824554674767, 31.692672333151283], "sortino_ratio": [2734, 0.0980157091540087, 391.8465167462426], "rolling_pnl_sigma": [2734, 0.08954515400354227, 10.133583875214544], "portfolio_cash_ratio": [2734, 0.2580641133320785, 125.71289008776203], "free_collateral": [2734, 1329.5954963048798, 7810324822.686786], "mm_reqs": [2734, 27.8544505355231, 4620003.853284937], "unrealized_pnl_0": [2734, -0.8034966131555918, 9478850.875029853], "unrealized_pnl_1": [2734, 0.44527052632638336, 27121277.776752856], "unrealized_pnl_2": [2734, -0.16572956078255535, 8550378.709255848], "unrealized_pnl_3": [2734, -3.0641770125405596, 44993266.45150114], "unrealized_pnl_4": [2734, -2.5917352982960082, 38372441.63591612], "unrealized_pnl_5": [2734, -0.6654755282193515, 6850556.605408373], "unrealized_pnl_6": [2734, 0.28138864997806096, 34631852.67315395], "unrealized_pnl_7": [2734, -2.7795555237530274, 46316377.363465235], "unrealized_pnl_8": [2734, -0.175512313957861, 16516817.616875703], "unrealized_pnl_9": [2734, 3.4189415954061078, 26491354.877573673], "margin_usage_ratio": [2734, 0.020349508157670514, 0.16306614911882183]}, "pcr_min_ew": 0.0037198784372348497, "pcr_max_ew": 0.74575027587833}