{"r_count": 51862.000100000005, "r_mean": -0.2480134787750017, "r_var": 1954.631221323131, "tanh_k": 2.0, "feature_welford": {"unrealized_pnl": [51863, 127.41067120468358, 3736876956808.784], "realized_pnl": [51863, 143.58077177034403, 8672297064617.638], "compounded_returns": [51863, 11.894323309137196, 329088528.56341916], "balance": [51863, 75357.76078489884, 1.2678665996547548e+16], "position_value": [51863, 23163.040612362827, 496845176707292.2], "current_position_size": [51863, 115724.689390459, 1.2420108417911624e+16], "last_log_ret": [51863, 0.00022214584656740438, 526.1444642844317], "sortino_ratio": [51863, 0.1614196130845853, 9702.318518830782], "rolling_pnl_sigma": [51863, 0.07866627350671627, 193.46445011746064], "portfolio_cash_ratio": [51863, 0.28253011712897935, 2817.457468088041], "free_collateral": [51863, 97443.62166176339, 1.5154750025512638e+16], "mm_reqs": [51863, 1213.335028280473, 2005550560461.6184], "unrealized_pnl_0": [51863, 20.070400038376928, 91732841662.49359], "unrealized_pnl_1": [51863, 33.38038644191441, 264044555917.54556], "unrealized_pnl_2": [51863, 42.08795831940158, 1202451743444.5352], "unrealized_pnl_3": [51863, 97.23628237184163, 3498169072738.7773], "unrealized_pnl_4": [51863, 21.218855352261595, 465014849758.1029], "unrealized_pnl_5": [51863, 0.10886523605064291, 2917142652911.1943], "unrealized_pnl_6": [51863, 3.0998711264744863, 362007683734.95544], "unrealized_pnl_7": [51863, -6.2910627362466025, 110055811157.17964], "unrealized_pnl_8": [51863, -2.3178206352646558, 64431707640.59973], "unrealized_pnl_9": [51863, 64.40988888403122, 695234417285.2161], "margin_usage_ratio": [51863, 0.02168692022591715, 5.099692078797598]}, "pcr_min_ew": 0.4114675347993609, "pcr_max_ew": 0.982582271426322}