{"r_count": 45193.000100000005, "r_mean": -0.253758307979655, "r_var": 3696.8637147116056, "tanh_k": 2.0, "feature_welford": {"unrealized_pnl": [45194, 124.12045758979609, 1419210932954.6802], "realized_pnl": [45194, 83.0121089858079, 3983028061106.935], "compounded_returns": [45194, 3.6866851816272255, 10739684.506261447], "balance": [45194, 20321.27644748693, 453722732840035.8], "position_value": [45194, 20420.530792446243, 205023327014149.94], "current_position_size": [45194, 102000.12655142143, 5123336370272662.0], "last_log_ret": [45194, -0.0016987191410443591, 1216.2670031763391], "sortino_ratio": [45194, 0.13567349168418605, 8162.008320836105], "rolling_pnl_sigma": [45194, 0.08017198490440194, 195.07479043251297], "portfolio_cash_ratio": [45194, 0.2839373676819737, 82338.74572385712], "free_collateral": [45194, 39782.98166063366, 991553410573540.1], "mm_reqs": [45194, 1090.9032501325044, 783954767753.171], "unrealized_pnl_0": [45194, 14.756766126109838, 121477152804.74376], "unrealized_pnl_1": [45194, 42.208387150115016, 290538910032.4458], "unrealized_pnl_2": [45194, -1.2732379653934713, 240189322446.80984], "unrealized_pnl_3": [45194, 30.184877389523223, 1311026507200.0747], "unrealized_pnl_4": [45194, -4.2009879591969685, 627903789655.8723], "unrealized_pnl_5": [45194, 43.84443477472119, 998226192058.3436], "unrealized_pnl_6": [45194, 37.84701764057061, 325870521856.39435], "unrealized_pnl_7": [45194, 5.96024389269521, 76444074506.01526], "unrealized_pnl_8": [45194, -0.4616722164579097, 48127501599.61771], "unrealized_pnl_9": [45194, 20.94344689487337, 628210806768.5057], "margin_usage_ratio": [45194, 0.021946316604495638, 4.405679935860763]}, "pcr_min_ew": 0.10240486423503904, "pcr_max_ew": 0.9336280856535961}