{"r_count": 42273.000100000005, "r_mean": -0.2538069424270372, "r_var": 1687.5163002394906, "tanh_k": 2.0, "feature_welford": {"unrealized_pnl": [42274, 75.87820120978043, 2956749462724.225], "realized_pnl": [42274, 126.4683944901687, 6425332026414.567], "compounded_returns": [42274, 13.200109985726295, 327849835.73629075], "balance": [42274, 71588.66128509879, 1.1840198105941956e+16], "position_value": [42274, 17934.405213497892, 357999143653300.8], "current_position_size": [42274, 89595.81147499947, 8948642056106923.0], "last_log_ret": [42274, -0.0006506452355969881, 449.3101112174165], "sortino_ratio": [42274, 0.14102421987394786, 7770.693091254744], "rolling_pnl_sigma": [42274, 0.08020411781227416, 167.31367985711776], "portfolio_cash_ratio": [42274, 0.2769362012825139, 2211.520556640082], "free_collateral": [42274, 88659.51794524277, 1.3833683687333994e+16], "mm_reqs": [42274, 945.8550247781362, 1554753078975.9468], "unrealized_pnl_0": [42274, 18.66020480420509, 67599261442.13176], "unrealized_pnl_1": [42274, 13.258446813388474, 183728058235.66705], "unrealized_pnl_2": [42274, 49.07734328839835, 996700052534.6991], "unrealized_pnl_3": [42274, 93.25640119451482, 2570318871486.8022], "unrealized_pnl_4": [42274, 14.87941862497679, 288078292160.51697], "unrealized_pnl_5": [42274, -22.52614741066565, 2388370683084.0654], "unrealized_pnl_6": [42274, 4.934230176112947, 252914930091.4013], "unrealized_pnl_7": [42274, 3.440733530292735, 65973100372.97477], "unrealized_pnl_8": [42274, 0.47274533606103397, 41443836430.393974], "unrealized_pnl_9": [42274, 34.47695065352819, 429817580212.2164], "margin_usage_ratio": [42274, 0.021482959964743302, 3.930485090504873]}, "pcr_min_ew": -0.004466835268436669, "pcr_max_ew": 0.6496553265431302}