{"r_count": 55061.000100000005, "r_mean": -0.24511462814539783, "r_var": 2214.6273277548253, "tanh_k": 2.0, "feature_welford": {"unrealized_pnl": [55062, 196.47129296198327, 5453428448209.062], "realized_pnl": [55062, -11698439.195332063, 4.050222484033635e+23], "compounded_returns": [55062, 14.501608784946935, 336391906.54458815], "balance": [55062, 101925.05895275484, 2.3984318576324228e+16], "position_value": [55062, 25512.441527796982, 639884865701679.1], "current_position_size": [55062, 127454.55524529374, 1.5996573723604756e+16], "last_log_ret": [55062, 0.0007110524317965047, 557.5783309058655], "sortino_ratio": [55062, 0.18067049688134318, 15282.742631306208], "rolling_pnl_sigma": [55062, 0.07832390116913387, 183.32238775045894], "portfolio_cash_ratio": [55062, 0.2841402879504543, 3069.3329762120507], "free_collateral": [55062, 126292.1175529856, 2.7059088907999656e+16], "mm_reqs": [55062, 1352.019830829814, 2514748288139.84], "unrealized_pnl_0": [55062, 11.369377926752554, 127945800087.516], "unrealized_pnl_1": [55062, 33.691129418895855, 604183444695.8744], "unrealized_pnl_2": [55062, 24.168339493131974, 1824156465779.0198], "unrealized_pnl_3": [55062, 69.13272961536812, 4853271923333.765], "unrealized_pnl_4": [55062, 22.39890004648939, 290940352818.427], "unrealized_pnl_5": [55062, 81.78287450254541, 4767114364815.924], "unrealized_pnl_6": [55062, 11.364059554063534, 424205065769.28375], "unrealized_pnl_7": [55062, 9.872384009074228, 142035567578.38162], "unrealized_pnl_8": [55062, -3.029364517558484, 106132860565.72833], "unrealized_pnl_9": [55062, 108.60580959133856, 2618740942879.1533], "margin_usage_ratio": [55062, 0.021678068904296487, 5.500672848361867]}, "pcr_min_ew": 0.1087053295142948, "pcr_max_ew": 0.8568168691681491}