{"r_count": 30581.0001, "r_mean": -0.27039205960036194, "r_var": 1546.9053353495358, "tanh_k": 2.0, "feature_welford": {"unrealized_pnl": [30582, 19.92877605559917, 59763885325.45924], "realized_pnl": [30582, 1.264869426267966, 125657900727.72594], "compounded_returns": [30582, 2.1093922480898355, 5749951.733118702], "balance": [30582, 2184.5292818979237, 1780705181328.3413], "position_value": [30582, 5806.806862579814, 7828684540914.861], "current_position_size": [30582, 28991.358466861886, 195266446795980.3], "last_log_ret": [30582, -0.0021667182599381402, 388.8203698789221], "sortino_ratio": [30582, 0.10985322224548599, 4746.085140925508], "rolling_pnl_sigma": [30582, 0.08507958124965743, 157.7866203362344], "portfolio_cash_ratio": [30582, 0.26232795618991417, 1418.7028928433588], "free_collateral": [30582, 7769.028612012376, 13066964487310.086], "mm_reqs": [30582, 244.76722210360418, 21393239563.904453], "unrealized_pnl_0": [30582, 11.79102029148535, 28207959952.66349], "unrealized_pnl_1": [30582, -1.7323679584680807, 35733997962.26692], "unrealized_pnl_2": [30582, 4.9498865735092155, 5670130264.884283], "unrealized_pnl_3": [30582, -0.2073691614751782, 26643324056.598595], "unrealized_pnl_4": [30582, 2.6250331640083937, 28199619243.450493], "unrealized_pnl_5": [30582, 2.1537794557699854, 18638013436.719524], "unrealized_pnl_6": [30582, -1.742146099664905, 55327050433.44541], "unrealized_pnl_7": [30582, -0.48781097802513507, 19811616921.379063], "unrealized_pnl_8": [30582, 9.786785047769435, 19733943651.212], "unrealized_pnl_9": [30582, 4.201215236872501, 25449104282.1507], "margin_usage_ratio": [30582, 0.02136361154913491, 2.4200800154841056]}, "pcr_min_ew": -0.0018374196365890045, "pcr_max_ew": 0.6710983178037928}