{"r_count": 42074.000100000005, "r_mean": -0.25778224166286046, "r_var": 3115.212394371655, "tanh_k": 2.0, "feature_welford": {"unrealized_pnl": [42075, 183.43033400929303, 1699750122896.8625], "realized_pnl": [42075, 34.9994785906075, 3660523440122.919], "compounded_returns": [42075, 3.0391997172674174, 5484468.3568020975], "balance": [42075, 23039.249757841928, 760969244110145.4], "position_value": [42075, 17477.152430524216, 219020066131633.5], "current_position_size": [42075, 87331.35945486782, 5475410262394750.0], "last_log_ret": [42075, -0.0008979359049672487, 859.1533417991132], "sortino_ratio": [42075, 0.14632006247596116, 6922.277654802883], "rolling_pnl_sigma": [42075, 0.08165950167005535, 208.3753290323412], "portfolio_cash_ratio": [42075, 0.2755640820589965, 2102.172201185019], "free_collateral": [42075, 39769.58797371913, 1417258388851925.5], "mm_reqs": [42075, 937.0177991663743, 867721810252.3867], "unrealized_pnl_0": [42075, -3.7383839080069308, 94176670034.99687], "unrealized_pnl_1": [42075, 25.407215497674365, 252611000905.71072], "unrealized_pnl_2": [42075, -28.65156294135434, 425897762457.9727], "unrealized_pnl_3": [42075, 27.36462153740387, 1426831779942.6313], "unrealized_pnl_4": [42075, 63.378435172026236, 366414976947.7506], "unrealized_pnl_5": [42075, 53.053710817454444, 1318395327407.3542], "unrealized_pnl_6": [42075, 49.31316312962554, 467318495968.54474], "unrealized_pnl_7": [42075, -0.413668314634718, 89641915665.41805], "unrealized_pnl_8": [42075, -3.959875377217685, 50751182437.45161], "unrealized_pnl_9": [42075, 43.419391099617414, 666128523407.8782], "margin_usage_ratio": [42075, 0.021277244344881235, 3.565118585529095]}, "pcr_min_ew": 0.010917108349965107, "pcr_max_ew": 0.5565757707255492}