{"r_count": 49628.000100000005, "r_mean": -0.25011123820415093, "r_var": 1917.865039018994, "tanh_k": 2.0, "feature_welford": {"unrealized_pnl": [49629, 78.09552061491821, 2965140135441.612], "realized_pnl": [49629, 108.07472871577673, 6456117535226.855], "compounded_returns": [49629, 11.682532429804292, 328699706.1809174], "balance": [49629, 61428.84662306003, 1.1869907073186762e+16], "position_value": [49629, 16498.8718987202, 359625507039647.25], "current_position_size": [49629, 82407.82808150232, 8989299839959321.0], "last_log_ret": [49629, -4.1131427587317e-05, 512.3693115248442], "sortino_ratio": [49629, 0.15370027657307828, 9141.92473204483], "rolling_pnl_sigma": [49629, 0.0792964075113072, 188.8106068960306], "portfolio_cash_ratio": [49629, 0.27408128289034916, 2531.3090820142725], "free_collateral": [49629, 77161.0792566435, 1.387311679426882e+16], "mm_reqs": [49629, 850.7077290705734, 1559565286479.5557], "unrealized_pnl_0": [49629, 18.209372394814316, 70754989758.86708], "unrealized_pnl_1": [49629, 12.448340164752938, 186142854286.9615], "unrealized_pnl_2": [49629, 42.351691725197234, 997568079876.4843], "unrealized_pnl_3": [49629, 81.47399006815876, 2574425148700.215], "unrealized_pnl_4": [49629, 15.313595292282397, 290567239710.5144], "unrealized_pnl_5": [49629, -15.443431952519793, 2392669879242.078], "unrealized_pnl_6": [49629, 4.54439110206919, 257334342095.4756], "unrealized_pnl_7": [49629, 5.144123501874483, 68207163167.63864], "unrealized_pnl_8": [49629, 1.5968508185011965, 44694901309.37592], "unrealized_pnl_9": [49629, 32.58711172935353, 436235747693.23486], "margin_usage_ratio": [49629, 0.021605670346101773, 4.539875135935945]}, "pcr_min_ew": -0.01986542844713563, "pcr_max_ew": 0.7119461152874532}