{"r_count": 73496.0001, "r_mean": -0.23112325529945577, "r_var": 4463.326839577777, "tanh_k": 2.0, "feature_welford": {"unrealized_pnl": [73497, 954.6849021639426, 50483786801511.484], "realized_pnl": [73497, 674.3665027133685, 79697803639403.62], "compounded_returns": [73497, 173.00222546241488, 63100465799.88339], "balance": [73497, 482818.2034663321, 2.5728024777956186e+17], "position_value": [73497, 57434.83027084783, 2705623107578831.0], "current_position_size": [73497, 286754.5833073436, 6.760387565416829e+16], "last_log_ret": [73497, 0.0025183884168997776, 1140.7794971984233], "sortino_ratio": [73497, 0.29182266241813387, 92760.32116581374], "rolling_pnl_sigma": [73497, 0.07350644615545184, 360.21631983658244], "portfolio_cash_ratio": [73497, 0.3287998995853559, 5539.973626398797], "free_collateral": [73497, 537787.6887673169, 2.7371057998925994e+17], "mm_reqs": [73497, 3441.562661080032, 16349753333500.838], "unrealized_pnl_0": [73497, 21.59992661898687, 226094215991.63327], "unrealized_pnl_1": [73497, 36.23445831652417, 1109117808923.533], "unrealized_pnl_2": [73497, 1.1587519904976187, 9688034465795.139], "unrealized_pnl_3": [73497, 499.0454527246006, 40494866306947.82], "unrealized_pnl_4": [73497, 70.067174250222, 1325195648730.5725], "unrealized_pnl_5": [73497, 355.6653441032003, 26582204319565.234], "unrealized_pnl_6": [73497, 70.95519873448902, 1345597083468.6248], "unrealized_pnl_7": [73497, 18.040217705358717, 319129232876.26385], "unrealized_pnl_8": [73497, 18.030103001329966, 318580683157.9797], "unrealized_pnl_9": [73497, 342.6489709545765, 19110847532305.703], "margin_usage_ratio": [73497, 0.02165114761116663, 9.626311996074977]}, "pcr_min_ew": 0.7198837749777178, "pcr_max_ew": 0.9944357084066342}