{"r_count": 7393.0001, "r_mean": -0.2811733494777801, "r_var": 1233.090122732121, "tanh_k": 2.0, "feature_welford": {"unrealized_pnl": [7394, 1.323626367494701, 45997582.84123434], "realized_pnl": [7394, 0.9316855969587917, 170185628.80948502], "compounded_returns": [7394, 0.3987421131620435, 2349.263840641867], "balance": [7394, 349.84157308875007, 1892742431.6228135], "position_value": [7394, 979.7036097360549, 6643817694.147096], "current_position_size": [7394, 4893.778244785612, 166215320752.87463], "last_log_ret": [7394, -0.005210247680121439, 426.0188339911799], "sortino_ratio": [7394, 0.10552613633047819, 1137.6925231478115], "rolling_pnl_sigma": [7394, 0.08887705939497223, 50.30824709567055], "portfolio_cash_ratio": [7394, 0.26316108706298985, 362.6271400904714], "free_collateral": [7394, 1304.7277053423995, 9915319193.192097], "mm_reqs": [7394, 26.56516228831789, 5435907.908158942], "unrealized_pnl_0": [7394, 0.8142161144284589, 30996468.86325418], "unrealized_pnl_1": [7394, 0.18174429415528917, 29268268.21032996], "unrealized_pnl_2": [7394, 0.6316404641578661, 7253777.655495454], "unrealized_pnl_3": [7394, 0.9953653420199018, 47050948.58614065], "unrealized_pnl_4": [7394, 0.5354887657930628, 35805459.208854795], "unrealized_pnl_5": [7394, 0.7950005750483052, 15496129.07052554], "unrealized_pnl_6": [7394, 0.2552738215001082, 26135035.982754406], "unrealized_pnl_7": [7394, 1.0660152891825447, 25730276.00525182], "unrealized_pnl_8": [7394, -0.9754440906779954, 20397742.669013698], "unrealized_pnl_9": [7394, -0.2844631276707187, 22738863.991287056], "margin_usage_ratio": [7394, 0.019942602343701026, 0.41798862443946044]}, "pcr_min_ew": 0.016304851458660712, "pcr_max_ew": 0.8051344914970101}