{"r_count": 37346.000100000005, "r_mean": -0.26281186465529854, "r_var": 1738.6293120573932, "tanh_k": 2.0, "feature_welford": {"unrealized_pnl": [37347, 18.20884066879243, 61664908644.82799], "realized_pnl": [37347, 3.359699015446787, 128735831014.66312], "compounded_returns": [37347, 1.8875730325866655, 5774515.435580055], "balance": [37347, 1995.9846618363415, 1834830356893.0415], "position_value": [37347, 5318.866907723318, 8060186090328.36], "current_position_size": [37347, 26553.269529593363, 201046430505015.3], "last_log_ret": [37347, -0.0016228476614179477, 441.1421871901938], "sortino_ratio": [37347, 0.1156639831070328, 5743.884471445284], "rolling_pnl_sigma": [37347, 0.08312647224639075, 173.09288735807712], "portfolio_cash_ratio": [37347, 0.26184291932360576, 1714.9517532414973], "free_collateral": [37347, 7117.122797148848, 13450736452109.896], "mm_reqs": [37347, 218.2868501545764, 21807301635.036495], "unrealized_pnl_0": [37347, 12.91174793324964, 29594060089.716656], "unrealized_pnl_1": [37347, -1.0307163416441816, 36563916440.09355], "unrealized_pnl_2": [37347, 4.199052740143208, 5895217786.505488], "unrealized_pnl_3": [37347, -0.018319547711150987, 27324285008.465393], "unrealized_pnl_4": [37347, 2.58478654064619, 28901645127.235527], "unrealized_pnl_5": [37347, 2.3733870848627774, 19078584003.1424], "unrealized_pnl_6": [37347, -1.454298701301684, 56022664424.405136], "unrealized_pnl_7": [37347, -0.9425834864967984, 20465354252.051662], "unrealized_pnl_8": [37347, 7.389912199609348, 20390953564.67478], "unrealized_pnl_9": [37347, 4.6691915065936325, 26623687194.51271], "margin_usage_ratio": [37347, 0.021233625897316075, 2.823859343661924]}, "pcr_min_ew": 0.06180296880422593, "pcr_max_ew": 0.8653583319696249}