{"r_count": 5422.0001, "r_mean": -0.27543930767262076, "r_var": 307.31529681534874, "tanh_k": 2.0, "feature_welford": {"unrealized_pnl": [5423, -1.3507296345945952, 153927175.44448614], "realized_pnl": [5423, 0.8092262871931756, 557527385.1138115], "compounded_returns": [5423, 0.42539256199109704, 1653.9764261044618], "balance": [5423, 358.9885531469667, 2976013859.0187554], "position_value": [5423, 993.9094249415322, 12527137022.91345], "current_position_size": [5423, 4967.995662320644, 313236685113.3563], "last_log_ret": [5423, -0.004316366411388008, 62.511610855799944], "sortino_ratio": [5423, 0.07748584309922027, 661.4790760981448], "rolling_pnl_sigma": [5423, 0.08624626682491116, 21.343747961045366], "portfolio_cash_ratio": [5423, 0.261640654202673, 265.82056359962905], "free_collateral": [5423, 1324.2317474761014, 20233132136.562164], "mm_reqs": [5423, 27.636899485195112, 13698022.109626194], "unrealized_pnl_0": [5423, -0.789818619993546, 58853101.315154456], "unrealized_pnl_1": [5423, 0.2948981345070983, 104590657.7675882], "unrealized_pnl_2": [5423, 0.47383620669332194, 9143616.759682363], "unrealized_pnl_3": [5423, -1.9529265752122673, 740333323.8030568], "unrealized_pnl_4": [5423, 2.3144396547573325, 100562408.93687016], "unrealized_pnl_5": [5423, -1.4263430616554353, 21990301.790263098], "unrealized_pnl_6": [5423, -0.4964785418201247, 29682318.47287449], "unrealized_pnl_7": [5423, 1.965844480463306, 68355133.95342304], "unrealized_pnl_8": [5423, -0.9764098916174094, 60283399.42529088], "unrealized_pnl_9": [5423, -0.669933923390173, 91949286.46845596], "margin_usage_ratio": [5423, 0.02004863587288289, 0.3067391452923862]}, "pcr_min_ew": -0.008156550925784907, "pcr_max_ew": 0.7383264318233411}