{"r_count": 44629.000100000005, "r_mean": -0.2508542764460916, "r_var": 3071.4553007954974, "tanh_k": 2.0, "feature_welford": {"unrealized_pnl": [44630, 103.84773529851988, 728133230485.5549], "realized_pnl": [44630, 48.83484905019348, 1754247803700.175], "compounded_returns": [44630, 2.4181603439923505, 2123780.9324536095], "balance": [44630, 16342.112253839996, 302348376372211.8], "position_value": [44630, 18125.17921426147, 142615999880287.5], "current_position_size": [44630, 90480.54430007898, 3563577928424123.5], "last_log_ret": [44630, 0.0001507212872093657, 864.6946431880665], "sortino_ratio": [44630, 0.17022145367633434, 8646.468771536787], "rolling_pnl_sigma": [44630, 0.08078019484592089, 196.18410755655324], "portfolio_cash_ratio": [44630, 0.2743728116303061, 4480.305674966141], "free_collateral": [44630, 33636.11958297819, 647944456320938.4], "mm_reqs": [44630, 942.7181139051287, 517179283883.34924], "unrealized_pnl_0": [44630, 10.004273887083924, 151785327327.46814], "unrealized_pnl_1": [44630, 35.2539245054672, 197587077047.53177], "unrealized_pnl_2": [44630, 0.30156690597275243, 131479104592.39664], "unrealized_pnl_3": [44630, 48.93276395683833, 568936213050.4581], "unrealized_pnl_4": [44630, 10.901597097780256, 229029405803.4684], "unrealized_pnl_5": [44630, 24.420347907523663, 559219591268.2571], "unrealized_pnl_6": [44630, 13.462016035010793, 308639941752.1975], "unrealized_pnl_7": [44630, -1.3108147574124889, 92315870425.14912], "unrealized_pnl_8": [44630, 0.18561711785366114, 93786496261.67787], "unrealized_pnl_9": [44630, 27.182893383790013, 447543433257.7162], "margin_usage_ratio": [44630, 0.022169898624937668, 4.5532651215970485]}, "pcr_min_ew": 0.020370919312227467, "pcr_max_ew": 0.6101073053018394}