{"r_count": 12400.000100000001, "r_mean": -0.2649019858378852, "r_var": 557.4820389646513, "tanh_k": 2.0, "feature_welford": {"unrealized_pnl": [12401, 15.31718481391951, 2360040185.2391906], "realized_pnl": [12401, 0.9773791469093918, 3015689117.874083], "compounded_returns": [12401, 0.4718928042788041, 13518.609323600735], "balance": [12401, 598.8252237610757, 43675590325.010895], "position_value": [12401, 1676.5821616205644, 202503280565.40247], "current_position_size": [12401, 8376.83210531507, 5063001982230.278], "last_log_ret": [12401, -0.0025618113100051186, 128.77993544551833], "sortino_ratio": [12401, 0.07999276791336438, 1534.125585309749], "rolling_pnl_sigma": [12401, 0.08370672830484646, 40.19157726149716], "portfolio_cash_ratio": [12401, 0.2615957837673225, 583.2899910956085], "free_collateral": [12401, 2239.832257026492, 336757973655.45874], "mm_reqs": [12401, 51.6875752804655, 360084834.24553335], "unrealized_pnl_0": [12401, 6.31566339498979, 981689772.9202361], "unrealized_pnl_1": [12401, -4.16556774082626, 5944931204.522483], "unrealized_pnl_2": [12401, -0.36479574213529165, 162374318.4526452], "unrealized_pnl_3": [12401, 0.7331356247071007, 603027956.0123552], "unrealized_pnl_4": [12401, 1.2449549356033318, 638002360.9862506], "unrealized_pnl_5": [12401, 3.383790928756824, 270535626.78600997], "unrealized_pnl_6": [12401, -3.104814880352208, 943314413.1857026], "unrealized_pnl_7": [12401, 4.151769683396619, 569046132.3518258], "unrealized_pnl_8": [12401, -1.2342202892026108, 424964469.0412423], "unrealized_pnl_9": [12401, 7.710562259342344, 1804848838.4947932], "margin_usage_ratio": [12401, 0.020209344238612648, 0.7284419612774735]}, "pcr_min_ew": 0.023371258438402223, "pcr_max_ew": 0.6042147413124244}