{"r_count": 35014.000100000005, "r_mean": -0.2662632979170596, "r_var": 2920.576799363383, "tanh_k": 2.0, "feature_welford": {"unrealized_pnl": [35015, 77.72277884674723, 437204983810.80927], "realized_pnl": [35015, 10.399242418372557, 512686117373.53986], "compounded_returns": [35015, 1.8942728581052082, 2705221.9630961814], "balance": [35015, 5333.397777836348, 48661419691048.984], "position_value": [35015, 7349.354523691907, 51086722281331.55], "current_position_size": [35015, 36720.36122854913, 1277132208703696.0], "last_log_ret": [35015, -0.0020530650127109527, 809.613749771962], "sortino_ratio": [35015, 0.1268157730541049, 5308.686343576428], "rolling_pnl_sigma": [35015, 0.08393939573931614, 194.29084917529192], "portfolio_cash_ratio": [35015, 0.26665052961774216, 1648.6849133809014], "free_collateral": [35015, 12392.686462223162, 157159053253975.9], "mm_reqs": [35015, 370.45856608173733, 195888320913.51126], "unrealized_pnl_0": [35015, 2.418739324749388, 37645062339.299644], "unrealized_pnl_1": [35015, 25.93678616951325, 81674051269.232], "unrealized_pnl_2": [35015, -10.348674232146571, 39547567657.57024], "unrealized_pnl_3": [35015, 29.428552285981088, 217544519067.8739], "unrealized_pnl_4": [35015, 14.900123341099377, 96832727638.30515], "unrealized_pnl_5": [35015, 11.191911004398841, 206801504786.62234], "unrealized_pnl_6": [35015, 36.22048996878645, 329330760978.71136], "unrealized_pnl_7": [35015, 2.6734116493331843, 38472613450.275185], "unrealized_pnl_8": [35015, 1.8793982392557043, 17749156247.228565], "unrealized_pnl_9": [35015, 3.2412163316950897, 135957605603.40959], "margin_usage_ratio": [35015, 0.02069706619083626, 2.395855117191974]}, "pcr_min_ew": -0.01582941201297858, "pcr_max_ew": 0.8458855854286497}