{"r_count": 69260.0001, "r_mean": -0.23543674598931758, "r_var": 4344.926789218184, "tanh_k": 2.0, "feature_welford": {"unrealized_pnl": [69261, 810.4370709044119, 42157319031183.07], "realized_pnl": [69261, 539.9203953421938, 60376220575271.02], "compounded_returns": [69261, 165.89998057353412, 62325722301.598305], "balance": [69261, 418407.45243513386, 2.28684900038007e+17], "position_value": [69261, 47656.23090120138, 2062799406202166.0], "current_position_size": [69261, 237971.83162507793, 5.156595054594407e+16], "last_log_ret": [69261, 0.002102791609738902, 1121.8493420290697], "sortino_ratio": [69261, 0.2757863278319317, 88141.04920025969], "rolling_pnl_sigma": [69261, 0.07485579451007864, 351.318616882483], "portfolio_cash_ratio": [69261, 0.3165165372322522, 4872.686017071625], "free_collateral": [69261, 464032.62975597155, 2.4202854053040534e+17], "mm_reqs": [69261, 2859.575242462431, 13159240232101.416], "unrealized_pnl_0": [69261, 19.67171629784029, 205228817056.3755], "unrealized_pnl_1": [69261, 29.69070711957773, 901920814892.8744], "unrealized_pnl_2": [69261, 25.182130948397724, 6333411124381.191], "unrealized_pnl_3": [69261, 401.5894667790213, 30396079304998.363], "unrealized_pnl_4": [69261, 72.11153744860168, 1018548419379.399], "unrealized_pnl_5": [69261, 260.8458927567909, 22156225150436.867], "unrealized_pnl_6": [69261, 60.717953878513065, 1023684199221.2721], "unrealized_pnl_7": [69261, 16.666382038755028, 295579377452.22577], "unrealized_pnl_8": [69261, 16.975398737700523, 271536273875.26242], "unrealized_pnl_9": [69261, 316.61422551599645, 16665100683653.408], "margin_usage_ratio": [69261, 0.02181434743079639, 8.71692296802123]}, "pcr_min_ew": 0.30819451580484586, "pcr_max_ew": 0.888823233153943}