{"r_count": 14455.000100000001, "r_mean": -0.27620029601352386, "r_var": 639.0987483381393, "tanh_k": 2.0, "feature_welford": {"unrealized_pnl": [14456, 11.684285899962475, 5332080190.021456], "realized_pnl": [14456, 14.867628807128773, 10791003232.305853], "compounded_returns": [14456, 0.4559639905925587, 6027.8407889228], "balance": [14456, 1011.8802344321194, 261877488340.883], "position_value": [14456, 2761.314243266264, 1054020292520.6941], "current_position_size": [14456, 13796.818337449631, 26344706675351.605], "last_log_ret": [14456, -0.0021400073598563944, 170.8486647109141], "sortino_ratio": [14456, 0.09919976223097177, 1917.7938618120086], "rolling_pnl_sigma": [14456, 0.08802417164792667, 53.908921360333466], "portfolio_cash_ratio": [14456, 0.26036973019103615, 689.2466924886384], "free_collateral": [14456, 3682.96557869499, 1783028169702.9177], "mm_reqs": [14456, 102.99492648893924, 2599620738.2168202], "unrealized_pnl_0": [14456, 4.197512142428594, 1618174062.2281775], "unrealized_pnl_1": [14456, -1.5813247136860311, 1549305391.8666162], "unrealized_pnl_2": [14456, 0.15562577897463512, 688399138.4974881], "unrealized_pnl_3": [14456, 5.904720173148949, 2542773514.2488604], "unrealized_pnl_4": [14456, -2.989574491905208, 1606348150.7414396], "unrealized_pnl_5": [14456, -0.983554760037158, 1398105611.091938], "unrealized_pnl_6": [14456, 4.56956832278976, 2326814829.0349545], "unrealized_pnl_7": [14456, 1.2268795754159736, 1491942540.3634884], "unrealized_pnl_8": [14456, 3.0063750302446453, 1422051349.801956], "unrealized_pnl_9": [14456, 1.9938004597448982, 2801099628.1471987], "margin_usage_ratio": [14456, 0.020594504894399013, 0.9712683573354766]}, "pcr_min_ew": -0.02822647589534085, "pcr_max_ew": 0.838105290569245}