{"r_count": 66348.0001, "r_mean": -0.24677548284374026, "r_var": 4516.341798396936, "tanh_k": 2.0, "feature_welford": {"unrealized_pnl": [66349, 245.82062163085797, 5392902110736.097], "realized_pnl": [66349, 121.37876941806154, 16602181975535.525], "compounded_returns": [66349, 35.78585644666189, 3487312192.4400105], "balance": [66349, 55506.88935570312, 4646663354141134.0], "position_value": [66349, 36092.12345277507, 713903456880684.6], "current_position_size": [66349, 180143.68053739602, 1.7830543158354958e+16], "last_log_ret": [66349, 0.001207052852328128, 1395.9872820033677], "sortino_ratio": [66349, 0.21119779852151818, 16528.421131701525], "rolling_pnl_sigma": [66349, 0.07788547970600145, 305.03695317060794], "portfolio_cash_ratio": [66349, 0.2917618333372488, 3629.222105209625], "free_collateral": [66349, 89921.04350833544, 7144644434268808.0], "mm_reqs": [66349, 1938.928784373296, 2791115138490.054], "unrealized_pnl_0": [66349, 16.30246663392164, 211079203011.95114], "unrealized_pnl_1": [66349, 41.24988240581474, 735613396218.7211], "unrealized_pnl_2": [66349, 19.807278265079702, 1783049237647.3613], "unrealized_pnl_3": [66349, 78.93360400471171, 5917257695082.869], "unrealized_pnl_4": [66349, 37.43511684744106, 2293801908867.2466], "unrealized_pnl_5": [66349, 77.95749315983049, 4424754737331.101], "unrealized_pnl_6": [66349, 14.221036771042465, 739740910859.9463], "unrealized_pnl_7": [66349, 25.823105022987335, 271642886407.9071], "unrealized_pnl_8": [66349, 18.703490505171306, 210421063362.52246], "unrealized_pnl_9": [66349, 65.68380881301552, 1765585790039.988], "margin_usage_ratio": [66349, 0.023014653232022272, 8.107786381071703]}, "pcr_min_ew": 0.03157539154123323, "pcr_max_ew": 0.6937836020949272}