{"r_count": 7055.0001, "r_mean": -0.2752740632089136, "r_var": 1108.8617691214856, "tanh_k": 2.0, "feature_welford": {"unrealized_pnl": [7056, 9.999162455462805, 1614447585.8031976], "realized_pnl": [7056, -0.0696787981379306, 6169951770.464721], "compounded_returns": [7056, 0.7198396819160375, 34926.12566862738], "balance": [7056, 853.1474707685825, 70326991801.34117], "position_value": [7056, 2281.2945116136575, 297681072799.4841], "current_position_size": [7056, 11395.659200509703, 7441394058686.9375], "last_log_ret": [7056, -0.00516376844976089, 371.28684007956366], "sortino_ratio": [7056, 0.10574601015861472, 1131.9279322824761], "rolling_pnl_sigma": [7056, 0.08788550195528103, 47.4571531710342], "portfolio_cash_ratio": [7056, 0.262438764695497, 348.49965412475814], "free_collateral": [7056, 3065.876178605971, 499441249084.18164], "mm_reqs": [7056, 79.54546161360385, 627591101.6603742], "unrealized_pnl_0": [7056, 3.784393447534197, 668115467.4407015], "unrealized_pnl_1": [7056, -0.7692194927094234, 921836081.6796473], "unrealized_pnl_2": [7056, 0.2225969381304663, 198428464.6433087], "unrealized_pnl_3": [7056, 2.7826040960904073, 1724070642.140856], "unrealized_pnl_4": [7056, 2.015919390228067, 1733969281.3062577], "unrealized_pnl_5": [7056, 4.154630480089378, 446126686.6031637], "unrealized_pnl_6": [7056, -1.5276631347979943, 860396106.5362512], "unrealized_pnl_7": [7056, 9.268995046580827, 1370026875.8702397], "unrealized_pnl_8": [7056, 4.400217820879294, 844930303.8004539], "unrealized_pnl_9": [7056, -2.7361844419812456, 3390931816.8875384], "margin_usage_ratio": [7056, 0.020393613175304384, 0.46503551956713185]}, "pcr_min_ew": 0.02256160321396855, "pcr_max_ew": 0.6828916923022383}