{"r_count": 41582.000100000005, "r_mean": -0.2587676747171857, "r_var": 1865.2337953064875, "tanh_k": 2.0, "feature_welford": {"unrealized_pnl": [41583, 20.343472524173368, 65189490400.280426], "realized_pnl": [41583, 2.6906233190690165, 137604643021.12878], "compounded_returns": [41583, 1.8325923952481489, 5817331.834136106], "balance": [41583, 2025.6031445231527, 1942742099810.4229], "position_value": [41583, 5416.399535092629, 8488070307944.19], "current_position_size": [41583, 27040.613747630818, 211737987092881.94], "last_log_ret": [41583, -0.0012965224533444497, 472.62324346230986], "sortino_ratio": [41583, 0.12045374504450618, 6435.4454952891365], "rolling_pnl_sigma": [41583, 0.08202985981210784, 182.495041126896], "portfolio_cash_ratio": [41583, 0.26176688489066036, 1896.100615262411], "free_collateral": [41583, 7245.87792314477, 14168334918979.195], "mm_reqs": [41583, 218.8930601497583, 22591350189.014828], "unrealized_pnl_0": [41583, 12.127907362975042, 30627151209.62826], "unrealized_pnl_1": [41583, -1.0344726690129913, 38292578306.836205], "unrealized_pnl_2": [41583, 4.053066786878251, 6257254251.736665], "unrealized_pnl_3": [41583, 1.738699201876191, 29593200152.03728], "unrealized_pnl_4": [41583, 1.2576009592497208, 30163138735.12534], "unrealized_pnl_5": [41583, 4.953957463458511, 19844185386.812115], "unrealized_pnl_6": [41583, -1.276174439397393, 57323386658.82612], "unrealized_pnl_7": [41583, 0.6021524593348607, 21791452020.679085], "unrealized_pnl_8": [41583, 7.0514064627643265, 21688178315.761166], "unrealized_pnl_9": [41583, 5.8622164299119675, 27662473545.13112], "margin_usage_ratio": [41583, 0.021285831829783733, 3.1399579117611145]}, "pcr_min_ew": 0.025900842353014836, "pcr_max_ew": 0.6117530930487818}