{"r_count": 34902.000100000005, "r_mean": -0.266713555525538, "r_var": 1820.6938490964715, "tanh_k": 2.0, "feature_welford": {"unrealized_pnl": [34903, 40.56578814410365, 139118357368.77164], "realized_pnl": [34903, 1.5757940052148218, 278811755095.1542], "compounded_returns": [34903, 5.908676132338736, 89905847.61964191], "balance": [34903, 2825.8786170505746, 4603116894715.948], "position_value": [34903, 7101.3619933114005, 17078127001240.867], "current_position_size": [34903, 35483.22280372659, 426957849541719.5], "last_log_ret": [34903, -0.002404719284535637, 483.9654083088561], "sortino_ratio": [34903, 0.11393983134528869, 5875.204477420153], "rolling_pnl_sigma": [34903, 0.08365234317645935, 181.8736474330202], "portfolio_cash_ratio": [34903, 0.2619631501507068, 1609.4385922237345], "free_collateral": [34903, 9649.062718717338, 29663119043136.48], "mm_reqs": [34903, 321.9472948845527, 56029969726.26063], "unrealized_pnl_0": [34903, 11.032706403269659, 40065139355.796486], "unrealized_pnl_1": [34903, 11.675949965028856, 43254499809.37889], "unrealized_pnl_2": [34903, -2.3875845445659887, 11355935297.497824], "unrealized_pnl_3": [34903, 14.493095698573033, 110571203410.23938], "unrealized_pnl_4": [34903, 9.74318029870395, 41119253556.416336], "unrealized_pnl_5": [34903, 13.039221825290976, 33227981885.36214], "unrealized_pnl_6": [34903, -0.9453746849308758, 38855432670.86885], "unrealized_pnl_7": [34903, -3.341571975147686, 52025200100.44388], "unrealized_pnl_8": [34903, -3.6729993174879074, 19959052753.311623], "unrealized_pnl_9": [34903, 2.0886480342334823, 71118612726.85626], "margin_usage_ratio": [34903, 0.02144607002360402, 2.9031864770995885]}, "pcr_min_ew": 0.015510916687710052, "pcr_max_ew": 0.7251512433092278}