{"r_count": 52548.000100000005, "r_mean": -0.2501463650828507, "r_var": 3521.5247121812527, "tanh_k": 2.0, "feature_welford": {"unrealized_pnl": [52549, 208.8193285351509, 2232700450840.067], "realized_pnl": [52549, 53.39860358548458, 4729619384750.694], "compounded_returns": [52549, 1.6937600639988024, 90929608.40062168], "balance": [52549, 28082.240345770035, 950279494106807.9], "position_value": [52549, 24504.514131197848, 303572566867243.94], "current_position_size": [52549, 122387.55442945717, 7588375390863349.0], "last_log_ret": [52549, 0.0003233746359616719, 956.7598072363044], "sortino_ratio": [52549, 0.17784321319684868, 10032.409222856028], "rolling_pnl_sigma": [52549, 0.079614158402431, 250.53853784019375], "portfolio_cash_ratio": [52549, 0.2808767623185988, 2683.400072534247], "free_collateral": [52549, 51503.426845970025, 1805033156190532.5], "mm_reqs": [52549, 1301.92501399903, 1164327320081.1707], "unrealized_pnl_0": [52549, 7.268195971388307, 147227695284.15128], "unrealized_pnl_1": [52549, 15.734440288359824, 401592083816.83374], "unrealized_pnl_2": [52549, -15.590585936662608, 504656100821.79675], "unrealized_pnl_3": [52549, 41.21193205536679, 1912813456475.9702], "unrealized_pnl_4": [52549, 83.72624107923191, 581788741453.244], "unrealized_pnl_5": [52549, 43.99244965337672, 1590453068480.093], "unrealized_pnl_6": [52549, 49.93533409627359, 630658885806.0955], "unrealized_pnl_7": [52549, 8.97536565028462, 209943220538.26834], "unrealized_pnl_8": [52549, 1.2120988873086722, 121898711528.30728], "unrealized_pnl_9": [52549, 20.319631062641072, 909619776027.9153], "margin_usage_ratio": [52549, 0.022195790390957953, 5.4598933888683]}, "pcr_min_ew": -0.03598261840669173, "pcr_max_ew": 0.6231262450159226}