{"r_count": 69352.0001, "r_mean": -0.2446225197046099, "r_var": 6361.627795853306, "tanh_k": 2.0, "feature_welford": {"unrealized_pnl": [69353, 295.69072030332086, 6475294005917.086], "realized_pnl": [69353, 201.14937487316791, 15413316625429.543], "compounded_returns": [69353, -23.92847065868156, 34634971829.50756], "balance": [69353, 100170.22568810287, 2.896611834481254e+16], "position_value": [69353, 31952.12006368259, 716893723802049.4], "current_position_size": [69353, 159469.65875823706, 1.7910152257300966e+16], "last_log_ret": [69353, 0.0008077551397305469, 2015.4715894798264], "sortino_ratio": [69353, 0.21359085508577427, 16120.967960578188], "rolling_pnl_sigma": [69353, 0.07710317089285174, 389.2224943392329], "portfolio_cash_ratio": [69353, 0.28926201335293805, 3913.3623225595043], "free_collateral": [69353, 130754.95478987157, 3.2452556370022304e+16], "mm_reqs": [69353, 1679.4360339808568, 2969631791118.5815], "unrealized_pnl_0": [69353, 29.001441018934127, 233641413032.60028], "unrealized_pnl_1": [69353, 20.372471390337587, 474379024292.4501], "unrealized_pnl_2": [69353, 42.31453801404342, 1953119185564.1738], "unrealized_pnl_3": [69353, 129.15060911030503, 7195774944770.651], "unrealized_pnl_4": [69353, 19.951038489839238, 1028019316637.8623], "unrealized_pnl_5": [69353, 120.95445605181709, 5624441985846.914], "unrealized_pnl_6": [69353, 20.126255849813774, 680914334230.7483], "unrealized_pnl_7": [69353, -4.044414127375049, 249909915119.36014], "unrealized_pnl_8": [69353, 17.729684644650295, 200799772648.62424], "unrealized_pnl_9": [69353, 105.46745040432162, 2106071654995.3083], "margin_usage_ratio": [69353, 0.02265511125373071, 8.066190102130648]}, "pcr_min_ew": 0.4715645998130972, "pcr_max_ew": 0.9939938456679592}