{"r_count": 44076.000100000005, "r_mean": -0.25530418748771666, "r_var": 3187.9850756718884, "tanh_k": 2.0, "feature_welford": {"unrealized_pnl": [44077, 184.56520236872382, 1754744236696.333], "realized_pnl": [44077, 38.768353235720376, 3868426699081.0444], "compounded_returns": [44077, 3.232815074837044, 5624980.734220687], "balance": [44077, 24340.841012466048, 784299512520730.5], "position_value": [44077, 19218.550204503495, 235172484034281.12], "current_position_size": [44077, 96020.35927074526, 5879060668337170.0], "last_log_ret": [44077, -0.0005476857347709164, 871.7829706982471], "sortino_ratio": [44077, 0.15175029531122083, 7389.991385427473], "rolling_pnl_sigma": [44077, 0.08108330213244573, 211.49832894706012], "portfolio_cash_ratio": [44077, 0.27752355952002883, 2219.157000381712], "free_collateral": [44077, 42724.50180638531, 1475982836204590.5], "mm_reqs": [44077, 1026.9619386197865, 917670248894.0004], "unrealized_pnl_0": [44077, -3.1679894602629632, 99310335014.62415], "unrealized_pnl_1": [44077, 21.94410687425842, 273563484586.07138], "unrealized_pnl_2": [44077, -20.92076104438847, 447431658027.4394], "unrealized_pnl_3": [44077, 21.700074393983375, 1466020319721.5837], "unrealized_pnl_4": [44077, 63.64335112150961, 403804421211.1792], "unrealized_pnl_5": [44077, 45.144410743194314, 1394541634511.8206], "unrealized_pnl_6": [44077, 48.533495229094726, 489208211946.5998], "unrealized_pnl_7": [44077, 3.9035355270844, 101602237093.9105], "unrealized_pnl_8": [44077, -0.6148620642438507, 56578817132.411575], "unrealized_pnl_9": [44077, 35.24865350440785, 695639670675.4098], "margin_usage_ratio": [44077, 0.021437629226061825, 3.9174491493319272]}, "pcr_min_ew": 0.04547298653866474, "pcr_max_ew": 0.9179224253484811}