{"r_count": 11304.000100000001, "r_mean": -0.27250850477189603, "r_var": 1403.1623451863377, "tanh_k": 2.0, "feature_welford": {"unrealized_pnl": [11305, 7.873672131299894, 1780521875.1051445], "realized_pnl": [11305, -0.026202607662189785, 6593952251.554481], "compounded_returns": [11305, 0.6656864382922189, 37129.60989091495], "balance": [11305, 678.0673789891405, 75488603142.37927], "position_value": [11305, 1823.592783074123, 314479589428.2655], "current_position_size": [11305, 9105.287342263537, 7860833162549.961], "last_log_ret": [11305, -0.004594888329673976, 442.9620815533074], "sortino_ratio": [11305, 0.10722678877968482, 1680.4035388529596], "rolling_pnl_sigma": [11305, 0.08732002558930567, 62.59875489571354], "portfolio_cash_ratio": [11305, 0.2619546252866994, 547.3103448302178], "free_collateral": [11305, 2449.4711434717083, 529273953277.17505], "mm_reqs": [11305, 60.87466566722307, 648802204.090121], "unrealized_pnl_0": [11305, 2.73487139195453, 704813783.5094447], "unrealized_pnl_1": [11305, 0.9502570543021543, 983818338.4330382], "unrealized_pnl_2": [11305, 0.05578820096628208, 213721527.10636652], "unrealized_pnl_3": [11305, 0.8362013359192935, 1840661524.001222], "unrealized_pnl_4": [11305, 0.9759008361277683, 1791250541.514458], "unrealized_pnl_5": [11305, 2.920895891451665, 457494265.91534203], "unrealized_pnl_6": [11305, -0.8916527536707898, 895773231.4607432], "unrealized_pnl_7": [11305, 6.672899018554267, 1507221658.814145], "unrealized_pnl_8": [11305, 3.6006488009493345, 899948335.4032812], "unrealized_pnl_9": [11305, -1.0306221749581004, 3496154900.1890616], "margin_usage_ratio": [11305, 0.02027821407810426, 0.6997934796057151]}, "pcr_min_ew": 0.05738102972592316, "pcr_max_ew": 0.5890187254412685}