{"r_count": 20583.0001, "r_mean": -0.28537901240526853, "r_var": 2336.9860276646796, "tanh_k": 2.0, "feature_welford": {"unrealized_pnl": [20584, 16.957008045839665, 32567494580.750874], "realized_pnl": [20584, 9.124331292611714, 27959671752.18279], "compounded_returns": [20584, 0.5726575242451494, 124595.80266026894], "balance": [20584, 802.3824054589487, 482098606333.4174], "position_value": [20584, 2195.734847949337, 1993404211836.5962], "current_position_size": [20584, 10971.224053968206, 49835403952901.71], "last_log_ret": [20584, -0.0036190504010231743, 653.9505455168961], "sortino_ratio": [20584, 0.10648588262670503, 2729.816616254043], "rolling_pnl_sigma": [20584, 0.08913493215722122, 125.73749887500072], "portfolio_cash_ratio": [20584, 0.2620126489689589, 965.590444415617], "free_collateral": [20584, 2932.861402258319, 3464912892676.519], "mm_reqs": [20584, 83.18343769444161, 7690025382.421505], "unrealized_pnl_0": [20584, 0.3468365383414625, 9019378271.394438], "unrealized_pnl_1": [20584, 5.261858758079956, 4726690987.481883], "unrealized_pnl_2": [20584, 3.262798716619854, 620314094.3856399], "unrealized_pnl_3": [20584, 6.123614304206446, 13211604689.84449], "unrealized_pnl_4": [20584, 1.3454241376802745, 6987057904.131615], "unrealized_pnl_5": [20584, 4.3966796359424425, 1552752718.6672099], "unrealized_pnl_6": [20584, 0.6503094796102535, 2181729639.042749], "unrealized_pnl_7": [20584, 4.224376186676294, 8293205916.105077], "unrealized_pnl_8": [20584, -0.7496985597604454, 4627814996.127608], "unrealized_pnl_9": [20584, -3.37949688194518, 21037593155.396187], "margin_usage_ratio": [20584, 0.02030667789255763, 1.2683054112552348]}, "pcr_min_ew": 0.014259167113588959, "pcr_max_ew": 0.6207890461264625}