{"r_count": 34623.000100000005, "r_mean": -0.26223228034051754, "r_var": 1485.2478548188685, "tanh_k": 2.0, "feature_welford": {"unrealized_pnl": [34624, 21.64945802465539, 162878373782.26016], "realized_pnl": [34624, 17.363552230131393, 421346481705.6301], "compounded_returns": [34624, 1.4307331431532702, 874270.1082735822], "balance": [34624, 5890.855994050636, 37254600251467.28], "position_value": [34624, 9235.924954847422, 40612316914677.49], "current_position_size": [34624, 46126.164158182284, 1014154367725314.5], "last_log_ret": [34624, -0.0014184208244351528, 393.09074212578], "sortino_ratio": [34624, 0.12442425848901137, 5983.14308559289], "rolling_pnl_sigma": [34624, 0.0825657972885164, 147.9050413262738], "portfolio_cash_ratio": [34624, 0.266307642130214, 1620.0013667481494], "free_collateral": [34624, 14698.994193133982, 115996638854106.56], "mm_reqs": [34624, 453.437281268026, 151297871800.11884], "unrealized_pnl_0": [34624, 23.155010232834936, 47649464776.39342], "unrealized_pnl_1": [34624, 5.429454393911999, 66754071900.52202], "unrealized_pnl_2": [34624, -3.004023347942815, 23580216989.961525], "unrealized_pnl_3": [34624, 24.027860849191928, 115920012114.0431], "unrealized_pnl_4": [34624, 2.549660421183451, 103549677098.53572], "unrealized_pnl_5": [34624, 4.571577365584448, 84930814251.23262], "unrealized_pnl_6": [34624, -6.1646439750682225, 100547993604.20091], "unrealized_pnl_7": [34624, 3.912508498045247, 38708250015.69466], "unrealized_pnl_8": [34624, -0.06648638633758948, 24751650103.388447], "unrealized_pnl_9": [34624, 5.447129461426482, 106037955067.16641], "margin_usage_ratio": [34624, 0.02132659873091925, 2.818325075722893]}, "pcr_min_ew": 0.03172903789026926, "pcr_max_ew": 0.7910427102283546}