{"r_count": 55904.000100000005, "r_mean": -0.24912598699676688, "r_var": 5132.980524205461, "tanh_k": 2.0, "feature_welford": {"unrealized_pnl": [55905, 110.55000421680573, 1624888284663.3472], "realized_pnl": [55905, 46.42766870856906, 4336836674941.8896], "compounded_returns": [55905, 3.7892907986439988, 17959644.39267305], "balance": [55905, 20844.822279123342, 679124511028121.8], "position_value": [55905, 20061.060692016967, 235717061054386.6], "current_position_size": [55905, 100143.55978016397, 5888460373206949.0], "last_log_ret": [55905, -0.0008449716623567234, 1625.482968021367], "sortino_ratio": [55905, 0.1732799009233562, 10769.76486545508], "rolling_pnl_sigma": [55905, 0.07949834580231416, 299.1673998593047], "portfolio_cash_ratio": [55905, 0.2753872646539975, 2788.0343508443666], "free_collateral": [55905, 39962.92415659675, 1334731065271740.5], "mm_reqs": [55905, 1061.3869962618503, 897602851396.8921], "unrealized_pnl_0": [55905, 24.70667650869611, 144792053604.71924], "unrealized_pnl_1": [55905, 35.315595540144386, 499449919065.4592], "unrealized_pnl_2": [55905, -10.936633616354644, 274404516014.55524], "unrealized_pnl_3": [55905, 12.704037268265441, 1536277556430.5864], "unrealized_pnl_4": [55905, 7.494544420338174, 495789469377.19727], "unrealized_pnl_5": [55905, 40.25569177197767, 918261385756.7681], "unrealized_pnl_6": [55905, 30.387283132462834, 331531549803.3471], "unrealized_pnl_7": [55905, -4.120903524313857, 182802491778.51678], "unrealized_pnl_8": [55905, 13.744711754180456, 157613711881.18546], "unrealized_pnl_9": [55905, 24.72318111480116, 872344797019.9666], "margin_usage_ratio": [55905, 0.021985389870488776, 5.689245958462066]}, "pcr_min_ew": 0.030422144604885286, "pcr_max_ew": 0.8295912457560665}