{"r_count": 59297.000100000005, "r_mean": -0.24234416662771924, "r_var": 2360.8995799650497, "tanh_k": 2.0, "feature_welford": {"unrealized_pnl": [59298, 272.4047905041602, 8059231710619.541], "realized_pnl": [59298, -10862682.230919883, 4.050227867987225e+23], "compounded_returns": [59298, 56.87787239929297, 10060943930.836298], "balance": [59298, 133725.75994346687, 2.87376437560538e+16], "position_value": [59298, 35556.495237511335, 970285050494936.6], "current_position_size": [59298, 177618.04448661572, 2.425191253769742e+16], "last_log_ret": [59298, 0.001174292152983335, 594.1117247856729], "sortino_ratio": [59298, 0.19166062614059848, 16361.73381955645], "rolling_pnl_sigma": [59298, 0.07748457339710388, 200.77822893267123], "portfolio_cash_ratio": [59298, 0.29490812631583146, 3559.8564301017564], "free_collateral": [59298, 167644.39009490595, 3.315439760634692e+16], "mm_reqs": [59298, 1924.3165414975952, 3708255010776.088], "unrealized_pnl_0": [59298, 20.227138513317325, 192376362571.44138], "unrealized_pnl_1": [59298, 51.74281650035459, 815702392005.4575], "unrealized_pnl_2": [59298, 25.942721250546796, 2926917470146.745], "unrealized_pnl_3": [59298, 124.91882035732057, 7587803934559.33], "unrealized_pnl_4": [59298, 20.863972754175755, 515821401138.8302], "unrealized_pnl_5": [59298, 98.67931015659396, 7311745680098.579], "unrealized_pnl_6": [59298, 9.393150347101836, 699071172717.4093], "unrealized_pnl_7": [59298, 14.297213401242441, 201871944135.34488], "unrealized_pnl_8": [59298, 2.507039805000016, 172742880477.44516], "unrealized_pnl_9": [59298, 140.46785993581835, 3085217507497.4077], "margin_usage_ratio": [59298, 0.021808535931578835, 6.502807327915616]}, "pcr_min_ew": 0.6215163803621198, "pcr_max_ew": 0.9999994525163785}