{"r_count": 21863.0001, "r_mean": -0.2756246857377502, "r_var": 2327.4877192244817, "tanh_k": 2.0, "feature_welford": {"unrealized_pnl": [21864, 13.99058256842369, 75242744685.27008], "realized_pnl": [21864, -0.328541614065145, 202387794621.10095], "compounded_returns": [21864, 0.6714592048015967, 58391.32561906097], "balance": [21864, 1758.6596572605238, 3227540880000.8643], "position_value": [21864, 4184.466851801217, 9441918132896.84], "current_position_size": [21864, 20895.289864240513, 236025060961020.62], "last_log_ret": [21864, -0.00308664073028363, 681.2055731830135], "sortino_ratio": [21864, 0.11613407836752196, 3136.068633370727], "rolling_pnl_sigma": [21864, 0.08824428766111342, 137.6916078748524], "portfolio_cash_ratio": [21864, 0.2652720686587307, 3310.705877697923], "free_collateral": [21864, 5767.230078413883, 18118812072455.086], "mm_reqs": [21864, 191.70010855549356, 37846711628.51981], "unrealized_pnl_0": [21864, -11.115772652240885, 53531899778.09843], "unrealized_pnl_1": [21864, 12.657638388739088, 51050539267.75879], "unrealized_pnl_2": [21864, -0.455885017597927, 7542103058.31355], "unrealized_pnl_3": [21864, 19.477281287412193, 91915237466.78575], "unrealized_pnl_4": [21864, -12.535583885406652, 36324608269.554794], "unrealized_pnl_5": [21864, -5.220978850805664, 42229476009.703255], "unrealized_pnl_6": [21864, 8.262256478684973, 92401226939.49669], "unrealized_pnl_7": [21864, -3.802067345180915, 14300853864.577503], "unrealized_pnl_8": [21864, 0.17935653323385586, 38410577113.47993], "unrealized_pnl_9": [21864, 7.743767333277809, 135977414938.3584], "margin_usage_ratio": [21864, 0.020662438203612576, 1.5561814444883943]}, "pcr_min_ew": 0.022186774601352387, "pcr_max_ew": 0.7756784456533873}