{"r_count": 8662.000100000001, "r_mean": -0.2779921409805713, "r_var": 417.58564306653386, "tanh_k": 2.0, "feature_welford": {"unrealized_pnl": [8663, 0.7492547071765788, 327341029.87226504], "realized_pnl": [8663, 0.8893338815243902, 1174782988.5302672], "compounded_returns": [8663, 0.4526091716080916, 3334.6335066564247], "balance": [8663, 415.49840157480764, 6592449729.005785], "position_value": [8663, 1151.330181727497, 29231810705.365784], "current_position_size": [8663, 5755.487175360073, 730885389975.6543], "last_log_ret": [8663, -0.003996230366423873, 98.22718644489883], "sortino_ratio": [8663, 0.08559072930293687, 1195.6808914301143], "rolling_pnl_sigma": [8663, 0.08714373838104814, 30.332048900949253], "portfolio_cash_ratio": [8663, 0.26175483772948305, 420.36138926689665], "free_collateral": [8663, 1535.5738447240512, 47351125927.63687], "mm_reqs": [8663, 32.39109255664756, 33173098.9765921], "unrealized_pnl_0": [8663, -4.096983159283186, 176562666.38546124], "unrealized_pnl_1": [8663, 0.47299233604155655, 168057757.77693033], "unrealized_pnl_2": [8663, 0.6190911148385148, 18808265.260858756], "unrealized_pnl_3": [8663, -1.4242809473215896, 936927111.976837], "unrealized_pnl_4": [8663, 1.4436953840411235, 192617668.41830355], "unrealized_pnl_5": [8663, 0.18455156717072818, 77999284.3332531], "unrealized_pnl_6": [8663, 0.12284339293740561, 135905654.7254286], "unrealized_pnl_7": [8663, 2.355100906144206, 142466183.4025453], "unrealized_pnl_8": [8663, -1.0301753244118292, 124406881.79131536], "unrealized_pnl_9": [8663, 0.9097771577347554, 146014220.76730826], "margin_usage_ratio": [8663, 0.020080420013119972, 0.4894793691189947]}, "pcr_min_ew": -0.10594873045725928, "pcr_max_ew": 0.6715387786619541}