{"r_count": 67350.0001, "r_mean": -0.24618854781811209, "r_var": 6270.853075951284, "tanh_k": 2.0, "feature_welford": {"unrealized_pnl": [67351, 267.74623021238887, 6205984663241.35], "realized_pnl": [67351, 189.79867609281217, 14101216645725.82], "compounded_returns": [67351, -22.372109535259955, 34598872840.37559], "balance": [67351, 95688.63837990476, 2.860767626030421e+16], "position_value": [67351, 29444.929077862853, 642893577352582.6], "current_position_size": [67351, 146973.12702679483, 1.6062160960331362e+16], "last_log_ret": [67351, 0.00050698853531425, 2001.9317737729161], "sortino_ratio": [67351, 0.2052344325491597, 15143.019829932377], "rolling_pnl_sigma": [67351, 0.07753563749318347, 383.7111046661037], "portfolio_cash_ratio": [67351, 0.2861444944892535, 3719.8205966281917], "free_collateral": [67351, 123867.00762754524, 3.1851225208400212e+16], "mm_reqs": [67351, 1549.6082216341804, 2735108624653.789], "unrealized_pnl_0": [67351, 26.675955082099083, 212690091905.91107], "unrealized_pnl_1": [67351, 18.60354177544252, 430855581896.86444], "unrealized_pnl_2": [67351, 29.602190253004057, 1724094448917.1655], "unrealized_pnl_3": [67351, 121.64596889110025, 6749349718921.737], "unrealized_pnl_4": [67351, 16.318242141396432, 992037878727.1863], "unrealized_pnl_5": [67351, 127.25645839321234, 5321142259745.931], "unrealized_pnl_6": [67351, 21.025915784062455, 623101781899.1267], "unrealized_pnl_7": [67351, -5.0161472889476615, 235544702596.02545], "unrealized_pnl_8": [67351, 18.833508426648834, 179313239486.04437], "unrealized_pnl_9": [67351, 102.04814363360954, 1944374449123.192], "margin_usage_ratio": [67351, 0.02266736589939506, 7.759302743570753]}, "pcr_min_ew": 0.11378251932602826, "pcr_max_ew": 0.7581457428866962}