{"r_count": 3660.0001, "r_mean": -0.26090017537790666, "r_var": 201.3363431203188, "tanh_k": 2.0, "feature_welford": {"unrealized_pnl": [3661, 20.943093077605653, 4430261438.947037], "realized_pnl": [3661, 38.23774318377454, 9107431622.576775], "compounded_returns": [3661, 0.5811392192028023, 1665.6104510047394], "balance": [3661, 2523.6778861519797, 236800285142.04178], "position_value": [3661, 6709.28510820737, 917169615098.7653], "current_position_size": [3661, 33514.60625486578, 22927423910877.23], "last_log_ret": [3661, -0.00240876642128807, 42.24952214114011], "sortino_ratio": [3661, 0.0788477330182924, 414.26549267991845], "rolling_pnl_sigma": [3661, 0.08406663508116545, 14.415151072476585], "portfolio_cash_ratio": [3661, 0.26283751448664994, 182.53973717621741], "free_collateral": [3661, 8969.989356977558, 1551861094847.3462], "mm_reqs": [3661, 286.4870342414938, 2351067876.124261], "unrealized_pnl_0": [3661, 2.87537884678509, 1105791955.0232217], "unrealized_pnl_1": [3661, 4.970165610512392, 985068554.891062], "unrealized_pnl_2": [3661, -0.8484781084906069, 648076567.5867578], "unrealized_pnl_3": [3661, 15.769905979419786, 1944410505.0244923], "unrealized_pnl_4": [3661, -13.605870219725876, 1298122542.2104795], "unrealized_pnl_5": [3661, -7.634411652340435, 1283481257.9953163], "unrealized_pnl_6": [3661, 9.062311447907161, 2056717399.953872], "unrealized_pnl_7": [3661, 4.307535439251853, 1230910591.1539116], "unrealized_pnl_8": [3661, 11.110310986589473, 1233119856.541606], "unrealized_pnl_9": [3661, 2.426576584401243, 2611917364.6423326], "margin_usage_ratio": [3661, 0.0218861350585264, 0.3523839694461218]}, "pcr_min_ew": 0.011176689589468918, "pcr_max_ew": 0.6194561315500172}