{"r_count": 62336.000100000005, "r_mean": -0.2406339669577483, "r_var": 2325.477433321976, "tanh_k": 2.0, "feature_welford": {"unrealized_pnl": [62337, 323.6311489535264, 9524316896495.447], "realized_pnl": [62337, 232.79371800834926, 25240295386998.555], "compounded_returns": [62337, 11.78082450995178, 821046657.4850202], "balance": [62337, 132681.82535740072, 2.576930987459538e+16], "position_value": [62337, 38160.67848667712, 1074493804440172.1], "current_position_size": [62337, 190479.62611295856, 2.683129145401915e+16], "last_log_ret": [62337, 0.0013469241910611528, 611.2795195907083], "sortino_ratio": [62337, 0.19574961044998643, 15246.033898826727], "rolling_pnl_sigma": [62337, 0.07659146574937677, 230.48876918171158], "portfolio_cash_ratio": [62337, 0.2979261259587084, 3764.8636461569686], "free_collateral": [62337, 169104.94522778035, 3.0975221986555216e+16], "mm_reqs": [62337, 2076.509821123392, 4552401544046.323], "unrealized_pnl_0": [62337, 29.95861653416114, 174181162884.61655], "unrealized_pnl_1": [62337, 47.93085513822958, 699153619933.5825], "unrealized_pnl_2": [62337, 38.349373366743, 2679100147486.5425], "unrealized_pnl_3": [62337, 133.98559199621647, 15216423648952.152], "unrealized_pnl_4": [62337, 39.55466162832284, 897109122477.7285], "unrealized_pnl_5": [62337, 32.59149796461158, 6998046591085.956], "unrealized_pnl_6": [62337, 41.63224157462896, 1105242270529.5593], "unrealized_pnl_7": [62337, -1.2165716318541826, 237424457993.82837], "unrealized_pnl_8": [62337, 13.052843267836852, 179822666356.89236], "unrealized_pnl_9": [62337, 179.72272150924485, 4189873809155.553], "margin_usage_ratio": [62337, 0.022183353142127497, 7.270490517127878]}, "pcr_min_ew": 0.7317818866925366, "pcr_max_ew": 0.9946095947837685}