{"r_count": 72363.0001, "r_mean": -0.2309791043454879, "r_var": 2807.7043555107302, "tanh_k": 2.0, "feature_welford": {"unrealized_pnl": [72364, 531.2034768197719, 18434172585490.715], "realized_pnl": [72364, -9060621.200027186, 4.0515707425097895e+23], "compounded_returns": [72364, 68.20399249326292, 10642462503.910994], "balance": [72364, 236500.49807889728, 5.237885767733866e+16], "position_value": [72364, 60922.09854687134, 2084703296562721.5], "current_position_size": [72364, 303992.89952331805, 5.200085322065305e+16], "last_log_ret": [72364, 0.002674774231061048, 673.7650961492476], "sortino_ratio": [72364, 0.24829879042454608, 30844.375720451964], "rolling_pnl_sigma": [72364, 0.07411856159681536, 234.75488022846844], "portfolio_cash_ratio": [72364, 0.32557587586764847, 5185.695736823523], "free_collateral": [72364, 294606.9226311182, 6.114813557522285e+16], "mm_reqs": [72364, 3371.8186333214962, 8083052979391.264], "unrealized_pnl_0": [72364, 32.58089492214181, 401849623814.108], "unrealized_pnl_1": [72364, 59.865716014043635, 1699424832083.0837], "unrealized_pnl_2": [72364, 13.057603168737039, 5565185044602.72], "unrealized_pnl_3": [72364, 238.16814097330573, 21267495525384.465], "unrealized_pnl_4": [72364, 70.36461021862792, 1739980128032.5906], "unrealized_pnl_5": [72364, 211.02288198162591, 17097071837721.84], "unrealized_pnl_6": [72364, 46.569701144134996, 1798800735305.1643], "unrealized_pnl_7": [72364, 25.30061123486133, 381977004347.75934], "unrealized_pnl_8": [72364, 11.22184195700029, 328484873009.343], "unrealized_pnl_9": [72364, 251.2962982153743, 8801749134834.633], "margin_usage_ratio": [72364, 0.021659059630512085, 8.977640340819173]}, "pcr_min_ew": 0.754170800932918, "pcr_max_ew": 0.9948318968193128}