{"r_count": 71881.0001, "r_mean": -0.24069915385772958, "r_var": 6440.042785536789, "tanh_k": 2.0, "feature_welford": {"unrealized_pnl": [71882, 522.0130732762259, 33164400053648.332], "realized_pnl": [71882, 492.2004534547785, 57986806036417.375], "compounded_returns": [71882, 7.989508364158921, 38691080507.49076], "balance": [71882, 319408.6890666991, 2.7419657847247306e+17], "position_value": [71882, 37740.64778353685, 1181346609760539.8], "current_position_size": [71882, 188370.94350891965, 2.9517974574134516e+16], "last_log_ret": [71882, 0.0010888535798370357, 2024.982768889273], "sortino_ratio": [71882, 0.23644223225171032, 82669.3972690039], "rolling_pnl_sigma": [71882, 0.0757831524702748, 397.4943314305511], "portfolio_cash_ratio": [71882, 0.30313443189398886, 4599.914598207051], "free_collateral": [71882, 355566.64033257856, 2.8154423388502883e+17], "mm_reqs": [71882, 2124.4821094010454, 8427058820209.615], "unrealized_pnl_0": [71882, 29.12876472594932, 279262514200.7576], "unrealized_pnl_1": [71882, 21.899927485640788, 569590777089.9081], "unrealized_pnl_2": [71882, 82.01331719561676, 3707001106080.454], "unrealized_pnl_3": [71882, 274.25998138781034, 42182235872680.69], "unrealized_pnl_4": [71882, 17.92065133776659, 1067058063829.1475], "unrealized_pnl_5": [71882, 194.08350133250244, 10961621044682.96], "unrealized_pnl_6": [71882, 28.73282762215914, 1162509308188.5894], "unrealized_pnl_7": [71882, -3.1937000552202557, 260015427648.5447], "unrealized_pnl_8": [71882, 15.819196536991189, 214874156053.0061], "unrealized_pnl_9": [71882, 178.89003840379007, 4556909868046.446], "margin_usage_ratio": [71882, 0.02227964193775978, 8.765747927158]}, "pcr_min_ew": 0.8345724998112828, "pcr_max_ew": 0.9974975297647026}