{"r_count": 20399.0001, "r_mean": -0.2639185503500565, "r_var": 1992.4101384981916, "tanh_k": 2.0, "feature_welford": {"unrealized_pnl": [20400, 13.647309202670911, 11315395374.590923], "realized_pnl": [20400, 9.650101486007188, 11207140133.001108], "compounded_returns": [20400, 0.545292069953402, 46184.30296682981], "balance": [20400, 761.9749924509908, 220840419286.69635], "position_value": [20400, 2133.822994795849, 975852452695.4257], "current_position_size": [20400, 10663.93581295156, 24397697233634.098], "last_log_ret": [20400, -0.0038015413985292685, 586.1954150421809], "sortino_ratio": [20400, 0.09031339687162425, 3090.886655192045], "rolling_pnl_sigma": [20400, 0.08323087407550031, 93.18987487679557], "portfolio_cash_ratio": [20400, 0.2625927281221555, 977.1377262146679], "free_collateral": [20400, 2836.008125987394, 1577738221052.979], "mm_reqs": [20400, 74.34332578861525, 2312055305.0780964], "unrealized_pnl_0": [20400, 1.5123070225535262, 1201351912.8405876], "unrealized_pnl_1": [20400, -1.6008429499038572, 4533167295.207007], "unrealized_pnl_2": [20400, -0.14339662920675153, 883275457.9765148], "unrealized_pnl_3": [20400, 9.982426018181872, 12620500664.255486], "unrealized_pnl_4": [20400, -1.1631255582188493, 2787513892.5263243], "unrealized_pnl_5": [20400, 1.879939562389217, 1721400128.6176252], "unrealized_pnl_6": [20400, 4.716819692109921, 1785757087.786153], "unrealized_pnl_7": [20400, 5.534859256223747, 2669043375.138359], "unrealized_pnl_8": [20400, 2.7412603440593672, 2886371732.227022], "unrealized_pnl_9": [20400, -0.7473202370769185, 2610499104.9569674], "margin_usage_ratio": [20400, 0.020282164921290795, 1.243470359901377]}, "pcr_min_ew": -0.027626477249800187, "pcr_max_ew": 0.6631285044185892}