{"r_count": 138888.0001, "r_mean": -0.09284029501548105, "r_var": 1949.0549789755212, "tanh_k": 2.0, "feature_welford": {"unrealized_pnl": [138889, 5728.6293929291605, 985781799253159.9], "realized_pnl": [138889, 10621.83460400677, 9776916547252386.0], "compounded_returns": [138889, 4361.4908811439955, 5259457056445.721], "balance": [138889, 9008024.914451638, 1.853408779707534e+19], "position_value": [138889, 125388.94924580037, 1.5870560786795538e+16], "current_position_size": [138889, 626628.5684850131, 3.967181067456606e+17], "last_log_ret": [138889, 0.006355025755051553, 627.2461372631622], "sortino_ratio": [138889, 2.0459567165614443, 201630529.13161793], "rolling_pnl_sigma": [138889, 0.04236927009413152, 350.03722941414935], "portfolio_cash_ratio": [138889, 0.6361758074921925, 19261.7493435357], "free_collateral": [138889, 9131020.993239304, 1.8494850690336424e+19], "mm_reqs": [138889, 8171.994723105582, 195754885230392.5], "unrealized_pnl_0": [138889, 21.26660119620582, 589858562306.296], "unrealized_pnl_1": [138889, 9.618083621791689, 2049621604376.8542], "unrealized_pnl_2": [138889, 1790.6630931800767, 141441877604047.47], "unrealized_pnl_3": [138889, 7666.151235153893, 2791167920435549.0], "unrealized_pnl_4": [138889, 58.81751603193466, 5705982305168.149], "unrealized_pnl_5": [138889, 1834.7420228862625, 242430780398318.1], "unrealized_pnl_6": [138889, 198.54438920201196, 7249345389097.63], "unrealized_pnl_7": [138889, 88.9705870746503, 962342550322.2595], "unrealized_pnl_8": [138889, 33.32190597625119, 839110144784.8245], "unrealized_pnl_9": [138889, 636.726661022081, 45496377596419.35], "margin_usage_ratio": [138889, 0.012695024349556862, 26.535295079237393]}, "pcr_min_ew": 0.978215631072716, "pcr_max_ew": 0.9999999999999918}