{"r_count": 152292.0001, "r_mean": -0.08790239303706368, "r_var": 2010.4537642781638, "tanh_k": 2.0, "feature_welford": {"unrealized_pnl": [152293, 6321.005002427983, 1188969952623296.0], "realized_pnl": [152293, 11738.548508891558, 1.048560084414376e+16], "compounded_returns": [152293, 5032.295587268423, 6775351591185.659], "balance": [152293, 9965386.30890596, 2.2303357939516133e+19], "position_value": [152293, 126156.4281526115, 1.782738357623927e+16], "current_position_size": [152293, 630493.7909884125, 4.456390147838737e+17], "last_log_ret": [152293, 0.006606389145287604, 639.5263025903248], "sortino_ratio": [152293, 2.292092382375627, 241059712.7081114], "rolling_pnl_sigma": [152293, 0.03994019527006362, 365.6456857914475], "portfolio_cash_ratio": [152293, 0.6560111720860186, 20858.526687475267], "free_collateral": [152293, 10089587.95544385, 2.2240700277490364e+19], "mm_reqs": [152293, 8326.031783651735, 228288403754598.12], "unrealized_pnl_0": [152293, 20.456504443269374, 592478281646.7113], "unrealized_pnl_1": [152293, 5.656490931224769, 2105522656618.9062], "unrealized_pnl_2": [152293, 2262.4806230353097, 182972950614696.62], "unrealized_pnl_3": [152293, 8508.925138918199, 3453638035468822.5], "unrealized_pnl_4": [152293, 60.79682900496637, 5789311088561.583], "unrealized_pnl_5": [152293, 1936.7705954119997, 265173454502838.5], "unrealized_pnl_6": [152293, 187.4199906309068, 7339473041864.751], "unrealized_pnl_7": [152293, 98.90221224020742, 1045238545892.4565], "unrealized_pnl_8": [152293, 32.35867881887562, 849327485240.7494], "unrealized_pnl_9": [152293, 701.5724423955933, 51385855042911.32], "margin_usage_ratio": [152293, 0.012006446022815007, 28.440712835581607]}, "pcr_min_ew": 0.9884511259408949, "pcr_max_ew": 1.0000000000000142}