{"r_count": 14370.000100000001, "r_mean": -0.19148908754090269, "r_var": 628.8302126743615, "tanh_k": 2.0, "feature_welford": {"unrealized_pnl": [14371, -25.657162771839793, 71928730335.94713], "realized_pnl": [14371, 0.5997736816145414, 273497714690.50198], "compounded_returns": [14371, 2.154492322842361, 1491538.381727031], "balance": [14371, 5143.807964717835, 12355877404939.018], "position_value": [14371, 9882.204748398906, 19837508081568.082], "current_position_size": [14371, 49391.86817863893, 495940850560333.44], "last_log_ret": [14371, -0.001605700539046535, 196.3590958379391], "sortino_ratio": [14371, 0.12256072137125547, 3044.8403153040485], "rolling_pnl_sigma": [14371, 0.08805102133673262, 81.36199974243144], "portfolio_cash_ratio": [14371, 0.2623919417334046, 708.5359300814001], "free_collateral": [14371, 14492.523103545926, 46363457839985.1], "mm_reqs": [14371, 512.1080338591584, 78415334161.89273], "unrealized_pnl_0": [14371, 15.603976891266871, 49704304980.68099], "unrealized_pnl_1": [14371, 31.604402904111687, 35820106474.39128], "unrealized_pnl_2": [14371, -22.656555620588136, 24553436958.662884], "unrealized_pnl_3": [14371, 1.6006060154162196, 57208916838.94571], "unrealized_pnl_4": [14371, 24.74814831844933, 40452618899.44221], "unrealized_pnl_5": [14371, -17.626728609817143, 21428180842.151], "unrealized_pnl_6": [14371, -4.875549069691995, 45842224118.30081], "unrealized_pnl_7": [14371, -17.788940486629443, 43052556287.06847], "unrealized_pnl_8": [14371, -25.07021885836174, 32474051321.21767], "unrealized_pnl_9": [14371, 14.86152121411878, 27377469588.878307], "margin_usage_ratio": [14371, 0.022172681072983817, 1.5531215480813452]}, "pcr_min_ew": -0.06728262119373854, "pcr_max_ew": 0.6090763309373273}