{"r_count": 65871.0001, "r_mean": -0.13253317601421394, "r_var": 2309.5641923983508, "tanh_k": 2.0, "feature_welford": {"unrealized_pnl": [65872, 1559.01307689351, 100075886569651.28], "realized_pnl": [65872, -23285612.779424243, 1.275384382033414e+24], "compounded_returns": [65872, 2539.6622724764857, 21424116353367.066], "balance": [65872, 2564189.235680023, 1.5655635585004362e+18], "position_value": [65872, 113540.59155263401, 6196276153953034.0], "current_position_size": [65872, 567195.037053297, 1.5485170835668384e+17], "last_log_ret": [65872, 0.004326001221087403, 861.3555067202498], "sortino_ratio": [65872, 0.5446466197486077, 904850.8230674106], "rolling_pnl_sigma": [65872, 0.06253421684929432, 261.4096754799944], "portfolio_cash_ratio": [65872, 0.4752829137504574, 8345.425337509654], "free_collateral": [65872, 2672504.9762649583, 1.595361825180793e+18], "mm_reqs": [65872, 6827.699625425535, 44545523785806.06], "unrealized_pnl_0": [65872, 20.083687170140774, 441234188310.8432], "unrealized_pnl_1": [65872, 45.09036115733087, 1234084843222.5369], "unrealized_pnl_2": [65872, 106.68969592314407, 36153691505724.555], "unrealized_pnl_3": [65872, 2372.3601256259535, 293316787175186.7], "unrealized_pnl_4": [65872, 45.058059940246736, 1103306012987.5251], "unrealized_pnl_5": [65872, 928.3584594789594, 82200987514074.28], "unrealized_pnl_6": [65872, 163.19901189599202, 3010939612168.97], "unrealized_pnl_7": [65872, 37.31660452137637, 556131761243.6154], "unrealized_pnl_8": [65872, 19.871913750230167, 496975573253.4386], "unrealized_pnl_9": [65872, 338.7659804525781, 13565445458139.965], "margin_usage_ratio": [65872, 0.018271373032766373, 12.963400201816158]}, "pcr_min_ew": 0.9399388653043629, "pcr_max_ew": 0.9999999999998164}