{"r_count": 129952.0001, "r_mean": -0.09652724306271733, "r_var": 1904.1617014015121, "tanh_k": 2.0, "feature_welford": {"unrealized_pnl": [129953, 5290.774682018991, 868978027366820.0], "realized_pnl": [129953, 9802.39196555356, 9274761251265314.0], "compounded_returns": [129953, 3901.2865998039856, 4356069807747.5923], "balance": [129953, 8297188.165020337, 1.6001841261998084e+19], "position_value": [129953, 124283.59155285759, 1.4459751762811008e+16], "current_position_size": [129953, 621080.0404136814, 3.614473944941988e+17], "last_log_ret": [129953, 0.006159900022719562, 618.1346312649928], "sortino_ratio": [129953, 2.008696457265403, 197321370.93884325], "rolling_pnl_sigma": [129953, 0.044185067259917145, 338.5667254712826], "portfolio_cash_ratio": [129953, 0.6214826323384977, 18123.34257727171], "free_collateral": [129953, 8418737.633084683, 1.5977420174615767e+19], "mm_reqs": [129953, 8074.236899615833, 174084889172956.0], "unrealized_pnl_0": [129953, 22.13959662747168, 589291887556.4668], "unrealized_pnl_1": [129953, 11.171388943322532, 2043696044084.0403], "unrealized_pnl_2": [129953, 1482.9346137635707, 121718167239360.95], "unrealized_pnl_3": [129953, 7103.291753143428, 2364811896446997.5], "unrealized_pnl_4": [129953, 56.58030877969888, 5682532844053.376], "unrealized_pnl_5": [129953, 1714.9442840452732, 222571877390668.47], "unrealized_pnl_6": [129953, 205.31490363063506, 7185934307894.342], "unrealized_pnl_7": [129953, 84.36556631113507, 929997328790.9392], "unrealized_pnl_8": [129953, 34.309416398136285, 837053563539.1526], "unrealized_pnl_9": [129953, 628.6820279652289, 43623397258568.516], "margin_usage_ratio": [129953, 0.01321212079316751, 25.181915896200447]}, "pcr_min_ew": 0.9917024392787812, "pcr_max_ew": 0.9999999819053496}