{"r_count": 66283.0001, "r_mean": -0.14321343001270884, "r_var": 1416.4220425309832, "tanh_k": 2.0, "feature_welford": {"unrealized_pnl": [66284, 1295.5376817749222, 53311359562924.79], "realized_pnl": [66284, 779.2211288849969, 6202728443361248.0], "compounded_returns": [66284, 284.49232226723456, 89177912464.60623], "balance": [66284, 1275214.4791863135, 7.391708472279414e+17], "position_value": [66284, 102743.73172922859, 4358791036093430.0], "current_position_size": [66284, 513168.5680488199, 1.0892131957616261e+17], "last_log_ret": [66284, 0.0034441856473143217, 525.9674867162689], "sortino_ratio": [66284, 0.4137330910750928, 411059.2633503984], "rolling_pnl_sigma": [66284, 0.06778071521472527, 210.38966051587872], "portfolio_cash_ratio": [66284, 0.41657088822129296, 7028.575275749233], "free_collateral": [66284, 1373537.451343248, 7.590491135610262e+17], "mm_reqs": [66284, 5752.170940784187, 24261996773454.285], "unrealized_pnl_0": [66284, 36.4822832297029, 551777986157.589], "unrealized_pnl_1": [66284, 8.640019078971727, 1462918982051.327], "unrealized_pnl_2": [66284, 116.67636112717825, 23142287709421.367], "unrealized_pnl_3": [66284, 1187.6991002363286, 84940167701639.25], "unrealized_pnl_4": [66284, 67.173589656773, 2808021223514.5693], "unrealized_pnl_5": [66284, 635.0726492768506, 43287096585169.03], "unrealized_pnl_6": [66284, 180.62249189385162, 4403058453768.021], "unrealized_pnl_7": [66284, 34.527823278887666, 574029882919.9287], "unrealized_pnl_8": [66284, 39.52584441476918, 640906179945.998], "unrealized_pnl_9": [66284, 297.08273756026, 12589030675586.236], "margin_usage_ratio": [66284, 0.020174647589071486, 11.674780297563002]}, "pcr_min_ew": 0.981277158731316, "pcr_max_ew": 1.0000000000002196}