{"r_count": 1713.0001, "r_mean": -0.16719405216736294, "r_var": 62.1631861986212, "tanh_k": 2.0, "feature_welford": {"unrealized_pnl": [1714, 1.2654886205821334, 276586934.89953375], "realized_pnl": [1714, 15.634291843452663, 559083528.0595422], "compounded_returns": [1714, 0.46821833744802344, 393.21153229775376], "balance": [1714, 810.5653762443781, 5637123670.258751], "position_value": [1714, 2346.6568115041546, 26793871671.168453], "current_position_size": [1714, 11729.210456447034, 669984142949.7638], "last_log_ret": [1714, -0.003046412597673175, 16.357550648209664], "sortino_ratio": [1714, 0.08409240124156736, 232.29599723406739], "rolling_pnl_sigma": [1714, 0.08042664926872967, 4.728714137722671], "portfolio_cash_ratio": [1714, 0.2672029206611074, 86.21995474638162], "free_collateral": [1714, 3085.5829581885914, 41173853645.34318], "mm_reqs": [1714, 73.93100792302643, 34515299.93168818], "unrealized_pnl_0": [1714, 0.12881409522093584, 136649180.25987783], "unrealized_pnl_1": [1714, -0.3747951627007954, 60116931.42694776], "unrealized_pnl_2": [1714, 6.239992517151424, 28117282.00324746], "unrealized_pnl_3": [1714, 3.8682480099481054, 130729905.34814693], "unrealized_pnl_4": [1714, 8.50472799133555, 113213557.21270461], "unrealized_pnl_5": [1714, -3.790837351775461, 91891345.77081645], "unrealized_pnl_6": [1714, 1.3721430879336296, 72390942.45115611], "unrealized_pnl_7": [1714, -3.0041681870237844, 129002654.0186001], "unrealized_pnl_8": [1714, -2.8180907471730476, 72512230.12791201], "unrealized_pnl_9": [1714, -8.354076788249458, 63464652.55544541], "margin_usage_ratio": [1714, 0.020950047292785646, 0.12042191706040913]}, "pcr_min_ew": -0.015014941579895913, "pcr_max_ew": 0.5299865519543328}