{"r_count": 157465.0001, "r_mean": -0.08038266561031628, "r_var": 2834.867987215865, "tanh_k": 2.0, "feature_welford": {"unrealized_pnl": [157466, 6893.113719246342, 1292130834807744.2], "realized_pnl": [157466, -9728730.335326543, 1.2754051999187684e+24], "compounded_returns": [157466, 6521.505671495932, 27678966234223.324], "balance": [157466, 10996067.097601203, 2.3314586221634224e+19], "position_value": [157466, 133543.5833865743, 2.092868651870632e+16], "current_position_size": [157466, 667495.155797404, 5.231685473892984e+17], "last_log_ret": [157466, 0.007081693905977854, 969.8157199532086], "sortino_ratio": [157466, 2.8519837628852, 408006983.7009891], "rolling_pnl_sigma": [157466, 0.03628424768622659, 398.8196578601329], "portfolio_cash_ratio": [157466, 0.6916153492416119, 20896.842814828], "free_collateral": [157466, 11127584.117837885, 2.3237242314092913e+19], "mm_reqs": [157466, 8979.216605954694, 262078689544508.53], "unrealized_pnl_0": [157466, 11.603534876465279, 473649457082.7079], "unrealized_pnl_1": [157466, 25.201174481539127, 1711458102501.9082], "unrealized_pnl_2": [157466, 2757.2064335597865, 241175725976718.12], "unrealized_pnl_3": [157466, 9347.188243176332, 3910715711391362.0], "unrealized_pnl_4": [157466, 77.18529805412919, 2004514303654.196], "unrealized_pnl_5": [157466, 2204.530685788866, 322515528216381.5], "unrealized_pnl_6": [157466, 156.86676386366966, 5147895850275.115], "unrealized_pnl_7": [157466, 116.27185787055006, 1183498439725.189], "unrealized_pnl_8": [157466, 17.314666476116784, 602717772050.9985], "unrealized_pnl_9": [157466, 708.7234254200628, 47122141518044.29], "margin_usage_ratio": [157466, 0.010798459851207823, 28.16494299003421]}, "pcr_min_ew": 0.983163374164589, "pcr_max_ew": 1.0000000000001572}