{"r_count": 32241.0001, "r_mean": -0.17448900408907791, "r_var": 791.8535815808272, "tanh_k": 2.0, "feature_welford": {"unrealized_pnl": [32242, 137.27637848619415, 1268911570498.587], "realized_pnl": [32242, 105.0717922776808, 4279226478452.436], "compounded_returns": [32242, 2.330557392778573, 11416645.116682988], "balance": [32242, 51482.229927165296, 2555539624492625.5], "position_value": [32242, 26418.86835321558, 242950208885280.0], "current_position_size": [32242, 132006.28943350932, 6073135696472017.0], "last_log_ret": [32242, -0.00022460718004289123, 344.830799626014], "sortino_ratio": [32242, 0.14702420874325575, 6067.50578739714], "rolling_pnl_sigma": [32242, 0.08284037411167296, 116.39423711749669], "portfolio_cash_ratio": [32242, 0.2799903615793961, 1804.175627570116], "free_collateral": [32242, 76723.91134253445, 3488380935729429.0], "mm_reqs": [32242, 1325.5047469238275, 776319674859.0054], "unrealized_pnl_0": [32242, 7.6738010315543255, 123278895581.68782], "unrealized_pnl_1": [32242, 23.99365159653259, 235137031729.72107], "unrealized_pnl_2": [32242, -17.534590799388447, 1000450296360.7069], "unrealized_pnl_3": [32242, 80.9546345871897, 1253853990978.7314], "unrealized_pnl_4": [32242, 22.99815937116518, 213049828933.42276], "unrealized_pnl_5": [32242, 59.234915616061635, 1068855102293.1786], "unrealized_pnl_6": [32242, 10.77764654401167, 237295022940.96667], "unrealized_pnl_7": [32242, 30.204851427320804, 178512911009.58154], "unrealized_pnl_8": [32242, 2.972268196273442, 126244266920.08252], "unrealized_pnl_9": [32242, 64.2115140712038, 564369099798.185], "margin_usage_ratio": [32242, 0.023134473045827112, 4.009976243095075]}, "pcr_min_ew": -0.01896522854049272, "pcr_max_ew": 0.6497321746672505}