{"r_count": 170164.0001, "r_mean": -0.08239736036153564, "r_var": 2083.138175790997, "tanh_k": 2.0, "feature_welford": {"unrealized_pnl": [170165, 6810.262069336571, 1392106777784134.0], "realized_pnl": [170165, 13166.612152523676, 1.152836791210664e+16], "compounded_returns": [170165, 5827.938527588269, 8889440418813.37], "balance": [170165, 11062180.430946216, 2.7327103524457525e+19], "position_value": [170165, 127194.67283747585, 2.0339925917429744e+16], "current_position_size": [170165, 635714.4691556265, 5.0845319028175885e+17], "last_log_ret": [170165, 0.006882089560012046, 655.0055682100161], "sortino_ratio": [170165, 2.903111161391407, 337177348.21217424], "rolling_pnl_sigma": [170165, 0.03721328401584439, 384.07281627668016], "portfolio_cash_ratio": [170165, 0.6782590174179958, 22824.11896775807], "free_collateral": [170165, 11187769.851695783, 2.7229890807469076e+19], "mm_reqs": [170165, 8464.32444647729, 265899070648540.94], "unrealized_pnl_0": [170165, 19.628807434986964, 603910198679.6991], "unrealized_pnl_1": [170165, 6.340884840512541, 2173618916194.4446], "unrealized_pnl_2": [170165, 2777.530276010602, 260537136349267.16], "unrealized_pnl_3": [170165, 9210.048490999117, 4155852568383848.0], "unrealized_pnl_4": [170165, 60.91995410055966, 5900405618064.592], "unrealized_pnl_5": [170165, 2071.1885644443323, 293658264559008.6], "unrealized_pnl_6": [170165, 176.98457961830715, 7600706862529.778], "unrealized_pnl_7": [170165, 117.54474123068248, 1341263994612.7192], "unrealized_pnl_8": [170165, 31.7075783550221, 853691013726.913], "unrealized_pnl_9": [170165, 716.305062323161, 56166383142649.99], "margin_usage_ratio": [170165, 0.011227579530807687, 30.763020941120466]}, "pcr_min_ew": 0.9911862996613003, "pcr_max_ew": 0.9999999967704636}