{"r_count": 37937.000100000005, "r_mean": -0.16889445218876364, "r_var": 908.6973020980344, "tanh_k": 2.0, "feature_welford": {"unrealized_pnl": [37938, 188.0427380983521, 1558778969552.36], "realized_pnl": [37938, 147.05353287496467, 5474135651101.413], "compounded_returns": [37938, 4.5215754939599115, 7999130.388353975], "balance": [37938, 42259.00728896534, 1504078005284636.5], "position_value": [37938, 31507.787594183217, 287391404874556.5], "current_position_size": [37938, 157437.8163657769, 7183344278970273.0], "last_log_ret": [37938, 0.000467897885261764, 361.0308920138256], "sortino_ratio": [37938, 0.1605360899309119, 7727.898616373377], "rolling_pnl_sigma": [37938, 0.08000573999783102, 115.1991819183194], "portfolio_cash_ratio": [37938, 0.28804308357422087, 2118.175279178051], "free_collateral": [37938, 72317.21717916652, 2377372795681872.5], "mm_reqs": [37938, 1650.2626640802787, 958014741085.2305], "unrealized_pnl_0": [37938, 28.508966098911063, 213749918688.44623], "unrealized_pnl_1": [37938, 31.94340842991136, 370949741529.5716], "unrealized_pnl_2": [37938, -20.761942463101345, 1245076811411.138], "unrealized_pnl_3": [37938, 57.83039158685534, 1758024400173.2424], "unrealized_pnl_4": [37938, 3.3497601852818764, 394899143668.0034], "unrealized_pnl_5": [37938, 53.335427938946786, 1032971519826.2817], "unrealized_pnl_6": [37938, 79.28305645939768, 578898151159.0107], "unrealized_pnl_7": [37938, 29.08386022436021, 181007956544.5638], "unrealized_pnl_8": [37938, 10.334466415602478, 146423062252.77945], "unrealized_pnl_9": [37938, 39.82065234675408, 612567233410.1937], "margin_usage_ratio": [37938, 0.02331506769233561, 4.970204901876256]}, "pcr_min_ew": 0.031932962118708004, "pcr_max_ew": 0.8756267462371914}