{"r_count": 4200.0001, "r_mean": -0.19672096254726146, "r_var": 140.28729151647505, "tanh_k": 2.0, "feature_welford": {"unrealized_pnl": [4201, -1.6067578052394693, 45406473.86317796], "realized_pnl": [4201, 1.2419970300901335, 259124141.0525498], "compounded_returns": [4201, 0.3389178507767725, 1071.7447046260465], "balance": [4201, 358.1911582356884, 1792198256.530101], "position_value": [4201, 1011.7291113689572, 6887439083.373518], "current_position_size": [4201, 5056.313819939632, 172254366637.81018], "last_log_ret": [4201, -0.003089746324071515, 55.34395077157189], "sortino_ratio": [4201, 0.09591997165459958, 712.0378510055925], "rolling_pnl_sigma": [4201, 0.0905024538054296, 19.5876807441475], "portfolio_cash_ratio": [4201, 0.2563039397200759, 198.3212424432539], "free_collateral": [4201, 1340.1140867893398, 10959971650.30005], "mm_reqs": [4201, 28.63440460498588, 6651235.250713195], "unrealized_pnl_0": [4201, 0.8203736708766368, 62977270.71945038], "unrealized_pnl_1": [4201, -0.722336752678397, 21484286.710010026], "unrealized_pnl_2": [4201, 1.1482292138799721, 7920741.20121914], "unrealized_pnl_3": [4201, 0.014012976230657843, 65465853.564316854], "unrealized_pnl_4": [4201, 1.8386670753413166, 19903787.93489422], "unrealized_pnl_5": [4201, -1.1959927340702463, 15437963.979465688], "unrealized_pnl_6": [4201, 0.39971162023692564, 24440074.404840015], "unrealized_pnl_7": [4201, 0.06507349788448201, 20243434.55946106], "unrealized_pnl_8": [4201, -1.5840308132940122, 25354317.734931473], "unrealized_pnl_9": [4201, 0.26058726924849196, 23177262.094922923], "margin_usage_ratio": [4201, 0.02071311082337229, 0.2577883659549116]}, "pcr_min_ew": -0.05033009552904054, "pcr_max_ew": 0.740729809166876}