{"r_count": 165696.0001, "r_mean": -0.08366809882546201, "r_var": 2065.6334221505494, "tanh_k": 2.0, "feature_welford": {"unrealized_pnl": [165697, 6674.87427005964, 1349795728276031.0], "realized_pnl": [165697, 12748.465531454787, 1.1204695764482004e+16], "compounded_returns": [165697, 5607.505489414023, 8212239000254.958], "balance": [165697, 10745449.000076681, 2.5658261815336006e+19], "position_value": [165697, 127123.68678725658, 1.972406027679341e+16], "current_position_size": [165697, 635352.5580340963, 4.930565176426471e+17], "last_log_ret": [165697, 0.0068158941211054445, 651.0991015233334], "sortino_ratio": [165697, 2.651393935183544, 299794210.9112701], "rolling_pnl_sigma": [165697, 0.03784170058483417, 379.61863084752366], "portfolio_cash_ratio": [165697, 0.6731833974648941, 22348.424897775065], "free_collateral": [165697, 10870849.527824119, 2.5572560976790426e+19], "mm_reqs": [165697, 8448.381840824777, 256077377222105.6], "unrealized_pnl_0": [165697, 19.27098949276256, 599235376380.8942], "unrealized_pnl_1": [165697, 6.5207124781967485, 2171913728678.408], "unrealized_pnl_2": [165697, 2610.041277326833, 246461059544009.88], "unrealized_pnl_3": [165697, 8981.701375189845, 3922691996526283.0], "unrealized_pnl_4": [165697, 60.0810011524022, 5863358616756.692], "unrealized_pnl_5": [165697, 2037.327268116494, 285961323997658.44], "unrealized_pnl_6": [165697, 175.99686904458417, 7454425468461.365], "unrealized_pnl_7": [165697, 115.0286981064602, 1305778648704.6038], "unrealized_pnl_8": [165697, 31.66740745756445, 852320195645.613], "unrealized_pnl_9": [165697, 688.0359823051006, 53349569314347.836], "margin_usage_ratio": [165697, 0.01140482278224525, 30.19532799886006]}, "pcr_min_ew": 0.9821921911538982, "pcr_max_ew": 0.9999999995418831}