{"r_count": 20597.0001, "r_mean": -0.17587073013706775, "r_var": 722.404212771707, "tanh_k": 2.0, "feature_welford": {"unrealized_pnl": [20598, 23.805798882361312, 18163589418.743988], "realized_pnl": [20598, -5.18070643817385, 225763817736.75073], "compounded_returns": [20598, 0.7510726950886636, 75287.94230332717], "balance": [20598, 1683.3053102897609, 1255027910112.3657], "position_value": [20598, 4478.479910574154, 4303312077870.412], "current_position_size": [20598, 22371.91059681622, 107542129782479.55], "last_log_ret": [20598, -0.0011603659006132363, 224.6787750284093], "sortino_ratio": [20598, 0.11265160513907992, 3158.5645771691925], "rolling_pnl_sigma": [20598, 0.08314698224642014, 73.23309548836082], "portfolio_cash_ratio": [20598, 0.25732992398970495, 984.4838424856523], "free_collateral": [20598, 6005.142574079043, 7382219815634.546], "mm_reqs": [20598, 182.6466105033396, 15276956138.238874], "unrealized_pnl_0": [20598, 4.8537915883279, 8789669922.274906], "unrealized_pnl_1": [20598, 7.898294215151485, 15439124820.944365], "unrealized_pnl_2": [20598, -0.23503334676390508, 2880884649.267009], "unrealized_pnl_3": [20598, 19.720547858267107, 115524126148.19989], "unrealized_pnl_4": [20598, 4.766741686589844, 10669837892.861912], "unrealized_pnl_5": [20598, 1.5523579063236688, 5713753951.300458], "unrealized_pnl_6": [20598, 1.9507903714769346, 6470665505.399871], "unrealized_pnl_7": [20598, 5.702110355612528, 14410121343.924938], "unrealized_pnl_8": [20598, 6.727548903669144, 6164916095.58643], "unrealized_pnl_9": [20598, 1.6541489132351193, 14307556707.439331], "margin_usage_ratio": [20598, 0.021482129165913876, 1.6269342836233245]}, "pcr_min_ew": -0.0016165373945755852, "pcr_max_ew": 0.966077796258622}