{"r_count": 104030.0001, "r_mean": -0.10318864691777793, "r_var": 1713.2505188476603, "tanh_k": 2.0, "feature_welford": {"unrealized_pnl": [104031, 4375.61649448218, 525223922292958.8], "realized_pnl": [104031, 7649.171035401282, 1636242199405081.5], "compounded_returns": [104031, 2435.230333475576, 1475895194016.3628], "balance": [104031, 6249471.8906753, 7.500915722894155e+18], "position_value": [104031, 137531.80221956642, 1.3855423812579396e+16], "current_position_size": [104031, 687282.0783933834, 3.46334006366547e+17], "last_log_ret": [104031, 0.00597586781815247, 554.3519914535794], "sortino_ratio": [104031, 2.27355045594163, 1050104072.9201941], "rolling_pnl_sigma": [104031, 0.047532065177527415, 298.6592357499191], "portfolio_cash_ratio": [104031, 0.6030245197726907, 14763.685399963477], "free_collateral": [104031, 6382404.068395762, 7.520262589029787e+18], "mm_reqs": [104031, 9038.163267259548, 132858477365314.34], "unrealized_pnl_0": [104031, 21.779931365299255, 526904220095.4717], "unrealized_pnl_1": [104031, 51.42429735272965, 1894915727836.4124], "unrealized_pnl_2": [104031, 746.8296208178673, 96867826591510.52], "unrealized_pnl_3": [104031, 5649.170831440016, 1239834472570365.8], "unrealized_pnl_4": [104031, 65.58250434111739, 1998886327637.5286], "unrealized_pnl_5": [104031, 2060.948622439594, 267546703027554.22], "unrealized_pnl_6": [104031, 200.00915739597198, 5171453524357.779], "unrealized_pnl_7": [104031, 50.68765809033968, 683754323943.7164], "unrealized_pnl_8": [104031, 1.7633254027567433, 624933293280.4944], "unrealized_pnl_9": [104031, 653.810684264667, 41275166702714.6], "margin_usage_ratio": [104031, 0.01369373988323438, 19.96188976053037]}, "pcr_min_ew": 0.9761401410546797, "pcr_max_ew": 0.999999995425604}