{"r_count": 90857.0001, "r_mean": -0.1196165593639057, "r_var": 1653.7333850172645, "tanh_k": 2.0, "feature_welford": {"unrealized_pnl": [90858, 2862.20332843721, 242398179344483.4], "realized_pnl": [90858, 4524.688340654905, 6929189165999774.0], "compounded_returns": [90858, 1432.9091644117907, 808069125951.7867], "balance": [90858, 4128720.640048738, 4.67352404909666e+18], "position_value": [90858, 118635.84632761663, 8568439958352388.0], "current_position_size": [90858, 592765.0344824976, 2.1416858517395395e+17], "last_log_ret": [90858, 0.004884136533865366, 572.3569134415644], "sortino_ratio": [90858, 0.6886358614806328, 1351238.9977693735], "rolling_pnl_sigma": [90858, 0.05579548769303926, 272.8023001942851], "portfolio_cash_ratio": [90858, 0.5238515499834756, 12144.157345347709], "free_collateral": [90858, 4242960.74073191, 4.696378462196087e+18], "mm_reqs": [90858, 7306.541147318373, 75967735813127.89], "unrealized_pnl_0": [90858, 27.315808092063914, 562011420499.6077], "unrealized_pnl_1": [90858, 14.133147033660526, 1917238953411.528], "unrealized_pnl_2": [90858, 566.0003883699807, 57407034721384.66], "unrealized_pnl_3": [90858, 3490.072222892319, 500319161222009.1], "unrealized_pnl_4": [90858, 71.1451468767, 4774318502342.594], "unrealized_pnl_5": [90858, 1099.9042095992222, 102006415280025.58], "unrealized_pnl_6": [90858, 213.65305228492605, 6221559163843.881], "unrealized_pnl_7": [90858, 44.85743686342775, 671456214055.962], "unrealized_pnl_8": [90858, 37.99061543091026, 812950526274.7578], "unrealized_pnl_9": [90858, 505.44085965092444, 33577476563917.49], "margin_usage_ratio": [90858, 0.01659558604859054, 17.94494747833912]}, "pcr_min_ew": 0.9793887734984981, "pcr_max_ew": 1.000000000000013}