{"r_count": 145590.0001, "r_mean": -0.09026645646083396, "r_var": 1980.3137435148394, "tanh_k": 2.0, "feature_welford": {"unrealized_pnl": [145591, 6092.89491230346, 1101454689497441.4], "realized_pnl": [145591, 11190.045320240044, 1.01207965230231e+16], "compounded_returns": [145591, 4711.105758241899, 6029528856280.951], "balance": [145591, 9504567.179084802, 2.0426116094958375e+19], "position_value": [145591, 125865.47061166994, 1.6865677016035222e+16], "current_position_size": [145591, 629025.729818388, 4.2159622239673754e+17], "last_log_ret": [145591, 0.006486252340195601, 633.3505006105838], "sortino_ratio": [145591, 2.1133927541024775, 203223286.89806598], "rolling_pnl_sigma": [145591, 0.04110339442414814, 358.00531630579036], "portfolio_cash_ratio": [145591, 0.6464706059072354, 20075.919613651262], "free_collateral": [145591, 9628315.379927374, 2.0375782258392556e+19], "mm_reqs": [145591, 8260.439184702982, 213296001417885.4], "unrealized_pnl_0": [145591, 20.6102165797463, 590740524183.3851], "unrealized_pnl_1": [145591, 7.406443706301828, 2093090024936.592], "unrealized_pnl_2": [145591, 2049.558726276288, 162818405749390.66], "unrealized_pnl_3": [145591, 8160.0364557451185, 3157895290434480.5], "unrealized_pnl_4": [145591, 60.17077158615828, 5763376669874.448], "unrealized_pnl_5": [145591, 1882.000448343771, 252845767419836.44], "unrealized_pnl_6": [145591, 192.5389166308945, 7302246289848.758], "unrealized_pnl_7": [145591, 92.57779230578143, 987561167863.6523], "unrealized_pnl_8": [145591, 32.99763589338861, 843900881007.2642], "unrealized_pnl_9": [145591, 655.704768697113, 47326286274745.54], "margin_usage_ratio": [145591, 0.012337192907081967, 27.505612047794795]}, "pcr_min_ew": 0.9945707335372134, "pcr_max_ew": 1.0000000000000595}