{"r_count": 136654.0001, "r_mean": -0.09371072494957633, "r_var": 1938.146954812189, "tanh_k": 2.0, "feature_welford": {"unrealized_pnl": [136655, 5619.761144344179, 951503440646190.2], "realized_pnl": [136655, 10404.666186232718, 9608409431014710.0], "compounded_returns": [136655, 4244.169385539156, 5015165989778.418], "balance": [136655, 8822474.062659001, 1.782278536987819e+19], "position_value": [136655, 125083.87213131554, 1.54495013368119e+16], "current_position_size": [136655, 625098.0142444875, 3.861914862777845e+17], "last_log_ret": [136655, 0.006307656341435161, 624.9332243912083], "sortino_ratio": [136655, 2.04024826729782, 201511727.22018507], "rolling_pnl_sigma": [136655, 0.042802037657208046, 347.2102961521447], "portfolio_cash_ratio": [136655, 0.6326878711637524, 18983.63921939854], "free_collateral": [136655, 8945094.000262419, 1.7788123724871807e+19], "mm_reqs": [136655, 8134.123742903963, 187773601216732.2], "unrealized_pnl_0": [136655, 21.561486730595316, 589546308556.2008], "unrealized_pnl_1": [136655, 10.36254298998232, 2046344455657.4731], "unrealized_pnl_2": [136655, 1711.2640381530016, 136766643376994.52], "unrealized_pnl_3": [136655, 7488.318435712363, 2622725643853270.0], "unrealized_pnl_4": [136655, 57.562684569673955, 5699198530910.964], "unrealized_pnl_5": [136655, 1818.9512927350172, 238928996885370.9], "unrealized_pnl_6": [136655, 199.45950714349462, 7235735070724.626], "unrealized_pnl_7": [136655, 87.47254577874318, 952756364655.5635], "unrealized_pnl_8": [136655, 33.60787480683643, 838669786076.8699], "unrealized_pnl_9": [136655, 637.5589353378924, 45331115295324.2], "margin_usage_ratio": [136655, 0.012817252368277703, 26.201100891080557]}, "pcr_min_ew": 0.981731173363054, "pcr_max_ew": 0.9999988444791864}