{"r_count": 167699.0001, "r_mean": -0.07874805794004698, "r_var": 1998.0371328450285, "tanh_k": 2.0, "feature_welford": {"unrealized_pnl": [167700, 7281.736915998226, 1514321241373269.2], "realized_pnl": [167700, 13342.933008422338, 5051246877184768.0], "compounded_returns": [167700, 5709.917834608854, 7935729806869.106], "balance": [167700, 11087017.983699037, 2.449124634960703e+19], "position_value": [167700, 138899.26073757932, 2.359638102511704e+16], "current_position_size": [167700, 694247.6211968368, 5.898557343916179e+17], "last_log_ret": [167700, 0.007188468726347767, 617.7305592883047], "sortino_ratio": [167700, 3.1888954036634445, 1341906406.6632857], "rolling_pnl_sigma": [167700, 0.035364583127269346, 372.4290471197561], "portfolio_cash_ratio": [167700, 0.6996281013703892, 22070.646649310158], "free_collateral": [167700, 11223907.096087605, 2.4396886341682573e+19], "mm_reqs": [167700, 9359.211282113267, 276843189685509.72], "unrealized_pnl_0": [167700, 18.648436769817323, 557279595700.8861], "unrealized_pnl_1": [167700, 29.159770825182054, 2072484081196.7812], "unrealized_pnl_2": [167700, 2800.3321273197785, 280550215829100.1], "unrealized_pnl_3": [167700, 9710.3969142474, 4212922310697195.5], "unrealized_pnl_4": [167700, 79.00410851200832, 2395073908627.1245], "unrealized_pnl_5": [167700, 2476.242844711259, 405963625000470.0], "unrealized_pnl_6": [167700, 166.04959216370568, 5917556373555.409], "unrealized_pnl_7": [167700, 104.73076951253464, 1144960664067.1882], "unrealized_pnl_8": [167700, 10.837831172649203, 695887501732.6519], "unrealized_pnl_9": [167700, 881.3460448522734, 68240397542222.47], "margin_usage_ratio": [167700, 0.010387448916283836, 28.553488308450262]}, "pcr_min_ew": 0.9909151389403743, "pcr_max_ew": 0.9999999961867968}