{"r_count": 35703.000100000005, "r_mean": -0.17114953651340478, "r_var": 883.6799663391829, "tanh_k": 2.0, "feature_welford": {"unrealized_pnl": [35704, 108.91369087246133, 887368024985.0627], "realized_pnl": [35704, 67.83503635807236, 2509732519266.1113], "compounded_returns": [35704, 2.852944808057446, 3426247.81917403], "balance": [35704, 18910.817682147685, 173215435211532.47], "position_value": [35704, 24514.228547299972, 138171547595729.52], "current_position_size": [35704, 122508.89036490145, 3454263180705035.0], "last_log_ret": [35704, 0.0002384357978588175, 347.307816318839], "sortino_ratio": [35704, 0.15601530645063671, 7257.9925875854], "rolling_pnl_sigma": [35704, 0.0809600722825841, 110.68450143296786], "portfolio_cash_ratio": [35704, 0.2801381588132194, 1868.2689562655148], "free_collateral": [35704, 42241.39840358733, 457465682540714.0], "mm_reqs": [35704, 1302.7849525504319, 533686969388.9587], "unrealized_pnl_0": [35704, 30.881889210053046, 172904897712.12317], "unrealized_pnl_1": [35704, 18.930887167034342, 290094099653.61017], "unrealized_pnl_2": [35704, -0.603446761176927, 267941388900.9959], "unrealized_pnl_3": [35704, 49.341999184762955, 1140658685345.3726], "unrealized_pnl_4": [35704, -0.22919695205847732, 334167780582.64716], "unrealized_pnl_5": [35704, 13.338429396761516, 376512472539.0293], "unrealized_pnl_6": [35704, 71.00529917678817, 371862388972.5347], "unrealized_pnl_7": [35704, 19.59950139425294, 152921014467.0074], "unrealized_pnl_8": [35704, 9.602879198147564, 92977463005.36696], "unrealized_pnl_9": [35704, 20.152292710407508, 404807771124.0086], "margin_usage_ratio": [35704, 0.023404648934340418, 4.529571370447512]}, "pcr_min_ew": 0.046455609927317745, "pcr_max_ew": 0.8933222397450485}