{"r_count": 77584.0001, "r_mean": -0.11763809930817504, "r_var": 2129.641237574943, "tanh_k": 2.0, "feature_welford": {"unrealized_pnl": [77585, 2395.10086803195, 216917720889236.25], "realized_pnl": [77585, 4771.939643220315, 787252931154195.6], "compounded_returns": [77585, 1379.9951755809075, 480251274536.58777], "balance": [77585, 3937442.369875557, 3.3358087905161595e+18], "position_value": [77585, 137202.83612751178, 8722580728951972.0], "current_position_size": [77585, 685513.3922322942, 2.180569076528044e+17], "last_log_ret": [77585, 0.004942928457980581, 769.432908741562], "sortino_ratio": [77585, 0.8088272923906604, 35993812.44821317], "rolling_pnl_sigma": [77585, 0.055192520088635615, 260.61162513699054], "portfolio_cash_ratio": [77585, 0.5377296632180303, 10455.362087748697], "free_collateral": [77585, 4068867.94245915, 3.3600897895074627e+18], "mm_reqs": [77585, 8224.990229385432, 68756579193804.6], "unrealized_pnl_0": [77585, 6.073301179565744, 509801834224.7619], "unrealized_pnl_1": [77585, 18.557559123786813, 1460616255866.085], "unrealized_pnl_2": [77585, 302.0788882595405, 59227243888602.164], "unrealized_pnl_3": [77585, 3291.6739560337915, 552631055575335.4], "unrealized_pnl_4": [77585, 50.22618289011041, 1942008523404.8096], "unrealized_pnl_5": [77585, 1458.4070234886865, 145024400224312.47], "unrealized_pnl_6": [77585, 200.82762247336655, 3445489321964.54], "unrealized_pnl_7": [77585, 13.999680213882304, 657361062623.3641], "unrealized_pnl_8": [77585, 41.65028089638649, 646445947905.0233], "unrealized_pnl_9": [77585, 439.2406464769788, 20015159356071.168], "margin_usage_ratio": [77585, 0.016336829507988794, 15.825796488503801]}, "pcr_min_ew": 0.9840636840335623, "pcr_max_ew": 0.9997589992811152}