{"r_count": 4895.0001, "r_mean": -0.19318673918142729, "r_var": 209.68573344324324, "tanh_k": 2.0, "feature_welford": {"unrealized_pnl": [4896, 5.8377180160201165, 85056803.87466086], "realized_pnl": [4896, 3.070444950513608, 315528460.9574904], "compounded_returns": [4896, 0.4183315345017763, 1424.490694924346], "balance": [4896, 369.4561794519021, 2283542576.301494], "position_value": [4896, 1039.3643609830792, 8369421595.192311], "current_position_size": [4896, 5195.076187183148, 209297173972.99222], "last_log_ret": [4896, -0.0036924991082459262, 64.10711921144782], "sortino_ratio": [4896, 0.07718936932394209, 521.1902557284302], "rolling_pnl_sigma": [4896, 0.09171420465120025, 21.11516587162147], "portfolio_cash_ratio": [4896, 0.2577563699346065, 245.42967174149024], "free_collateral": [4896, 1385.7165256912865, 13378910848.369226], "mm_reqs": [4896, 29.387955769851096, 8313171.508126214], "unrealized_pnl_0": [4896, -2.5205615720318697, 30201719.58000684], "unrealized_pnl_1": [4896, 0.14349554983836185, 35067583.19685714], "unrealized_pnl_2": [4896, 0.7149304943917957, 10113865.575554416], "unrealized_pnl_3": [4896, 0.9524732420635323, 83076725.58725259], "unrealized_pnl_4": [4896, 0.06739774542501005, 33043423.484446865], "unrealized_pnl_5": [4896, 0.7076645502364105, 14829309.103672737], "unrealized_pnl_6": [4896, 3.384906290722623, 33654185.28933418], "unrealized_pnl_7": [4896, 1.4013489820130867, 21196493.848983306], "unrealized_pnl_8": [4896, 1.2503248202721549, 75451436.5167866], "unrealized_pnl_9": [4896, 1.2504875782178115, 59471474.26182894], "margin_usage_ratio": [4896, 0.020517595923877696, 0.3050445722891764]}, "pcr_min_ew": 0.008675811238463156, "pcr_max_ew": 0.6666562571040978}