{"r_count": 151175.0001, "r_mean": -0.08829157077417027, "r_var": 2005.5096217954188, "tanh_k": 2.0, "feature_welford": {"unrealized_pnl": [151176, 6318.025384583206, 1184342117530593.8], "realized_pnl": [151176, 11643.582819326157, 1.044345460151906e+16], "compounded_returns": [151176, 4975.735243246715, 6636414900027.9375], "balance": [151176, 9887304.742467, 2.1978269392193114e+19], "position_value": [151176, 126041.46506502222, 1.7653263476800336e+16], "current_position_size": [151176, 629916.8450092549, 4.412859617198506e+17], "last_log_ret": [151176, 0.006586800343668939, 638.5448864495793], "sortino_ratio": [151176, 2.2880778712011502, 241010286.29197398], "rolling_pnl_sigma": [151176, 0.04012697493079593, 364.4125994743745], "portfolio_cash_ratio": [151176, 0.6544698903553541, 20729.76316531003], "free_collateral": [151176, 10011412.054710051, 2.191803603954304e+19], "mm_reqs": [151176, 8302.254709078363, 225418355400655.47], "unrealized_pnl_0": [151176, 20.639942803940734, 592376652128.3636], "unrealized_pnl_1": [151176, 5.869473180347167, 2104316924176.0898], "unrealized_pnl_2": [151176, 2226.9528723922167, 179614444481139.2], "unrealized_pnl_3": [151176, 8497.383645726151, 3436971534810000.5], "unrealized_pnl_4": [151176, 61.21668932182627, 5786235089232.944], "unrealized_pnl_5": [151176, 1929.536848030458, 262990190217940.56], "unrealized_pnl_6": [151176, 187.66685656349722, 7334673457334.568], "unrealized_pnl_7": [151176, 96.79875270022644, 1022657650965.165], "unrealized_pnl_8": [151176, 32.54958287491306, 848715094789.9409], "unrealized_pnl_9": [151176, 702.8100807382264, 51303433921388.31], "margin_usage_ratio": [151176, 0.012058924043046622, 28.285264764312224]}, "pcr_min_ew": 0.9948371246205462, "pcr_max_ew": 1.0000000000001228}