{"r_count": 3018.0001, "r_mean": -0.17129764168801687, "r_var": 88.61186652024391, "tanh_k": 2.0, "feature_welford": {"unrealized_pnl": [3019, 3.9111203668433494, 37000024.267448485], "realized_pnl": [3019, 4.982135680578668, 199679045.33347082], "compounded_returns": [3019, 0.35044387194483495, 559.0717420227719], "balance": [3019, 343.6556114309286, 1377855622.5157874], "position_value": [3019, 964.6463637133378, 5826840361.21552], "current_position_size": [3019, 4819.570489812719, 145743004920.0642], "last_log_ret": [3019, -0.003169388208700076, 28.929043871596946], "sortino_ratio": [3019, 0.09373101572677411, 544.9469853380411], "rolling_pnl_sigma": [3019, 0.08275529686651552, 7.974941079852796], "portfolio_cash_ratio": [3019, 0.25947714484538575, 141.4901100860531], "free_collateral": [3019, 1285.1545180930984, 9165243820.743393], "mm_reqs": [3019, 27.43108307118599, 6398869.089506671], "unrealized_pnl_0": [3019, 0.6844908634159044, 22868951.952313304], "unrealized_pnl_1": [3019, -0.5823432894430802, 13056744.90233224], "unrealized_pnl_2": [3019, -1.0516783384057227, 12010101.43531638], "unrealized_pnl_3": [3019, -1.4017534509341594, 73756395.49188344], "unrealized_pnl_4": [3019, 1.9301868674125464, 38880019.0517369], "unrealized_pnl_5": [3019, 0.37060039549606116, 8477262.416360565], "unrealized_pnl_6": [3019, -0.6182991799622203, 16812268.867233194], "unrealized_pnl_7": [3019, 1.2201373848612604, 11554653.839264289], "unrealized_pnl_8": [3019, -0.16274768554538113, 19243728.99789407], "unrealized_pnl_9": [3019, -0.7713188233396451, 31567347.168592893], "margin_usage_ratio": [3019, 0.020433549731474307, 0.18830210662749056]}, "pcr_min_ew": 0.02398063427297026, "pcr_max_ew": 0.5831333873453276}