{"r_count": 19793.0001, "r_mean": -0.18144637477477873, "r_var": 618.1123776577554, "tanh_k": 2.0, "feature_welford": {"unrealized_pnl": [19794, 75.1146562237406, 459713417218.8049], "realized_pnl": [19794, 36.87118330788645, 1350794829556.0947], "compounded_returns": [19794, 1.373891723565257, 660828.195057259], "balance": [19794, 10629.055328810828, 90826730317716.56], "position_value": [19794, 12498.608600540814, 52489293532326.875], "current_position_size": [19794, 62470.07344763357, 1312206811932476.5], "last_log_ret": [19794, -0.0013578322838775695, 212.87373936836622], "sortino_ratio": [19794, 0.1286372884196035, 3696.882731509533], "rolling_pnl_sigma": [19794, 0.08523160093454166, 67.32074494682824], "portfolio_cash_ratio": [19794, 0.26936354056197664, 985.2855538926229], "free_collateral": [19794, 22543.44280070225, 214093839483949.78], "mm_reqs": [19794, 664.7103963495779, 204862145954.0807], "unrealized_pnl_0": [19794, 8.621371804234395, 33812726652.82301], "unrealized_pnl_1": [19794, -16.50563476505165, 68908031098.53386], "unrealized_pnl_2": [19794, 7.385504786811647, 87886316087.27914], "unrealized_pnl_3": [19794, 63.51729678659653, 859744146146.3193], "unrealized_pnl_4": [19794, 11.328360239368708, 204034001993.1236], "unrealized_pnl_5": [19794, 2.4065015477146883, 199558256629.05182], "unrealized_pnl_6": [19794, 40.27817852860621, 199506392320.58865], "unrealized_pnl_7": [19794, 8.725139005601585, 38919485578.07675], "unrealized_pnl_8": [19794, 10.618688341266598, 19251143178.16887], "unrealized_pnl_9": [19794, 10.181836972820532, 158637090084.39548], "margin_usage_ratio": [19794, 0.021880836280502643, 1.8935026650636868]}, "pcr_min_ew": 0.039474200929234066, "pcr_max_ew": 0.7554190321051488}