{"r_count": 69634.0001, "r_mean": -0.13904064826693743, "r_var": 1452.7887107324125, "tanh_k": 2.0, "feature_welford": {"unrealized_pnl": [69635, 1488.8285835567153, 73325353922815.69], "realized_pnl": [69635, 1232.764900512993, 6245876543853927.0], "compounded_returns": [69635, 449.6708879695162, 148789715637.77478], "balance": [69635, 1666683.9831954192, 1.1004337455811771e+18], "position_value": [69635, 106069.20391614002, 5001097627202247.0], "current_position_size": [69635, 529820.8821993056, 1.2498029872226893e+17], "last_log_ret": [69635, 0.003692738086107004, 532.0456570533879], "sortino_ratio": [69635, 0.45087490470304226, 445257.9710719347], "rolling_pnl_sigma": [69635, 0.06569138224192055, 219.72256478805286], "portfolio_cash_ratio": [69635, 0.43554389239781266, 7832.860453168964], "free_collateral": [69635, 1768217.4276959768, 1.122674941164506e+18], "mm_reqs": [69635, 6062.45209674672, 31823543558889.164], "unrealized_pnl_0": [69635, 34.3282759834696, 553016562168.1305], "unrealized_pnl_1": [69635, 10.762011866335977, 1539824566784.0957], "unrealized_pnl_2": [69635, 222.97891464068942, 27601336312895.6], "unrealized_pnl_3": [69635, 1514.215652575294, 120329577859545.39], "unrealized_pnl_4": [69635, 60.07667956999076, 2888727121816.653], "unrealized_pnl_5": [69635, 686.8006828308215, 53027419664396.52], "unrealized_pnl_6": [69635, 185.29640380349224, 4525433632560.473], "unrealized_pnl_7": [69635, 35.735930150213825, 579167191602.8618], "unrealized_pnl_8": [69635, 36.88969134557588, 645095705578.2329], "unrealized_pnl_9": [69635, 354.3308709800775, 19589659934308.426], "margin_usage_ratio": [69635, 0.019543914788361278, 12.655071917720019]}, "pcr_min_ew": 0.9809817238561843, "pcr_max_ew": 0.9999467681776856}