{"r_count": 107381.0001, "r_mean": -0.10135731017903712, "r_var": 1732.5533818779295, "tanh_k": 2.0, "feature_welford": {"unrealized_pnl": [107382, 4662.815943495203, 586049915972750.9], "realized_pnl": [107382, 8089.034444591644, 1849882322483409.0], "compounded_returns": [107382, 2631.9204392427546, 1718287933402.9216], "balance": [107382, 6582214.395549712, 8.331135031722817e+18], "position_value": [107382, 137669.25595266905, 1.4364322231995612e+16], "current_position_size": [107382, 687981.1097518264, 3.590565212125002e+17], "last_log_ret": [107382, 0.006072849682337057, 558.4673209931204], "sortino_ratio": [107382, 2.355413768287782, 1073735085.9464811], "rolling_pnl_sigma": [107382, 0.04660677303328088, 303.7939155888796], "portfolio_cash_ratio": [107382, 0.6106516254442951, 15218.554832477386], "free_collateral": [107382, 6715556.704875889, 8.345567892078643e+18], "mm_reqs": [107382, 9052.83491126438, 140297471772197.81], "unrealized_pnl_0": [107382, 21.30247798509005, 526937813402.0388], "unrealized_pnl_1": [107382, 50.95257287135079, 1906847972776.438], "unrealized_pnl_2": [107382, 803.2152221180453, 103569702117270.45], "unrealized_pnl_3": [107382, 6125.722710605342, 1466645799211247.5], "unrealized_pnl_4": [107382, 67.88178296412966, 2021203138131.3198], "unrealized_pnl_5": [107382, 2160.448290567255, 276313982572387.84], "unrealized_pnl_6": [107382, 199.9589908877534, 5257666710307.677], "unrealized_pnl_7": [107382, 53.000044751383456, 699217873138.7875], "unrealized_pnl_8": [107382, 1.811050704262092, 625155050678.4727], "unrealized_pnl_9": [107382, 697.2975327015045, 45343226200595.01], "margin_usage_ratio": [107382, 0.013436648942695589, 20.511866673393097]}, "pcr_min_ew": 0.9796804374274314, "pcr_max_ew": 0.9999999999999731}