{"r_count": 11591.000100000001, "r_mean": -0.1759888250529328, "r_var": 449.59463434662365, "tanh_k": 2.0, "feature_welford": {"unrealized_pnl": [11592, 24.952513551291926, 14087231938.447538], "realized_pnl": [11592, 41.75321267362811, 55329903918.69059], "compounded_returns": [11592, 0.7032671021679507, 19006.540421788788], "balance": [11592, 2087.4286500327953, 999703894062.6057], "position_value": [11592, 5460.5064229246445, 3981429967461.339], "current_position_size": [11592, 27295.452106574863, 99537805209589.97], "last_log_ret": [11592, -0.0019907616484881644, 117.2797756791267], "sortino_ratio": [11592, 0.10770509439303584, 1655.8287298852456], "rolling_pnl_sigma": [11592, 0.08357564804241846, 33.406616095624784], "portfolio_cash_ratio": [11592, 0.2573548044105819, 554.6470438649839], "free_collateral": [11592, 7332.189393011936, 6523280858327.051], "mm_reqs": [11592, 242.96398265918893, 12522521563.61815], "unrealized_pnl_0": [11592, -16.621883996612222, 9443639536.14349], "unrealized_pnl_1": [11592, 5.317981287009161, 7117818433.94445], "unrealized_pnl_2": [11592, -9.30627389066333, 4745336718.675849], "unrealized_pnl_3": [11592, 22.550735989145732, 7963681665.186779], "unrealized_pnl_4": [11592, 5.031193477478122, 7235009549.115077], "unrealized_pnl_5": [11592, -0.11111005202141723, 3944745531.143473], "unrealized_pnl_6": [11592, 11.15415183697366, 6115404207.974763], "unrealized_pnl_7": [11592, 7.080274245872776, 4870060837.13518], "unrealized_pnl_8": [11592, -1.283319468355185, 3569096907.0956116], "unrealized_pnl_9": [11592, 16.177945911727416, 8252306365.011671], "margin_usage_ratio": [11592, 0.021657926608795522, 0.981936641457672]}, "pcr_min_ew": 0.03734268522046057, "pcr_max_ew": 0.8046409603900178}