{"r_count": 105378.0001, "r_mean": -0.10939373427217401, "r_var": 1759.5763981147632, "tanh_k": 2.0, "feature_welford": {"unrealized_pnl": [105379, 3882.686380215548, 453642610008789.94], "realized_pnl": [105379, 6756.947287985628, 7737604544362482.0], "compounded_returns": [105379, 2431.685229315381, 1987015647245.7915], "balance": [105379, 5919342.104936635, 8.880097871643171e+18], "position_value": [105379, 121865.37893949574, 1.087926066328753e+16], "current_position_size": [105379, 608926.0388795304, 2.7193349888942394e+17], "last_log_ret": [105379, 0.005463200641500388, 591.0695917761136], "sortino_ratio": [105379, 1.0853857995972154, 32380049.82298593], "rolling_pnl_sigma": [105379, 0.0506374986965676, 300.82005770769507], "portfolio_cash_ratio": [105379, 0.5678877914398777, 14600.695327871777], "free_collateral": [105379, 6037424.972633186, 8.890744237304575e+18], "mm_reqs": [105379, 7715.739216922473, 114381763090515.69], "unrealized_pnl_0": [105379, 25.50713921784246, 573045583538.1371], "unrealized_pnl_1": [105379, 13.75624977687926, 1967535299166.3406], "unrealized_pnl_2": [105379, 811.8779814119928, 76968520281008.16], "unrealized_pnl_3": [105379, 5060.813490112598, 1182374591670952.2], "unrealized_pnl_4": [105379, 69.50914973502692, 4856352533205.383], "unrealized_pnl_5": [105379, 1518.2767753398782, 170674851557319.34], "unrealized_pnl_6": [105379, 228.0429236369718, 6914428184844.349], "unrealized_pnl_7": [105379, 54.10403712328741, 738649823221.376], "unrealized_pnl_8": [105379, 38.05202064849654, 827830802239.104], "unrealized_pnl_9": [105379, 531.9088599132835, 36594415317992.65], "margin_usage_ratio": [105379, 0.01507747732746, 20.933034582518324]}, "pcr_min_ew": 0.9900289674256101, "pcr_max_ew": 1.0000000000000373}