{"r_count": 119487.0001, "r_mean": -0.09415590644501338, "r_var": 2676.872152381566, "tanh_k": 2.0, "feature_welford": {"unrealized_pnl": [119488, 4946.857981307063, 666918117554583.8], "realized_pnl": [119488, -12828456.976500701, 1.2754004376132881e+24], "compounded_returns": [119488, 4835.217594576362, 23952095579208.48], "balance": [119488, 8276473.503007278, 1.304481375314484e+19], "position_value": [119488, 129174.6167917733, 1.4594041316052836e+16], "current_position_size": [119488, 645593.0697998272, 3.6480107657546e+17], "last_log_ret": [119488, 0.006409766851431827, 935.2401278211942], "sortino_ratio": [119488, 2.1839621297502183, 272514145.35635155], "rolling_pnl_sigma": [119488, 0.043148811468505924, 358.26644844188246], "portfolio_cash_ratio": [119488, 0.6376418668481512, 16705.51670315806], "free_collateral": [119488, 8402139.168643937, 1.3030294830220112e+19], "mm_reqs": [119488, 8507.580694602779, 170083477523828.7], "unrealized_pnl_0": [119488, 13.888228463916215, 465825120846.3293], "unrealized_pnl_1": [119488, 26.27618717953637, 1596585719105.293], "unrealized_pnl_2": [119488, 1518.8460284863788, 129840155379139.58], "unrealized_pnl_3": [119488, 7043.042487652018, 2131439598117610.2], "unrealized_pnl_4": [119488, 60.387751894448684, 1738022204213.404], "unrealized_pnl_5": [119488, 1674.0996032386397, 195095937724406.44], "unrealized_pnl_6": [119488, 177.04291869915355, 4824979372223.888], "unrealized_pnl_7": [119488, 83.31732341356577, 827721405777.5245], "unrealized_pnl_8": [119488, 16.444827665176796, 573175222080.6207], "unrealized_pnl_9": [119488, 621.4655699396766, 34496525951835.91], "margin_usage_ratio": [119488, 0.012690911632038764, 23.171325633041914]}, "pcr_min_ew": 0.9945128472171063, "pcr_max_ew": 0.9999999892294057}