{"r_count": 59581.000100000005, "r_mean": -0.15106145677011662, "r_var": 1339.1829017710595, "tanh_k": 2.0, "feature_welford": {"unrealized_pnl": [59582, 891.7698274954761, 29657699707564.98], "realized_pnl": [59582, -104.47284144235607, 6110244321042068.0], "compounded_returns": [59582, 135.74948984392577, 32791500674.051323], "balance": [59582, 680291.8843781748, 3.0302823457789075e+17], "position_value": [59582, 87250.24738605674, 2784293840829173.0], "current_position_size": [59582, 435712.6644216718, 6.956346982027843e+16], "last_log_ret": [59582, 0.0029011715628787034, 507.17528445919316], "sortino_ratio": [59582, 0.3206524115072772, 240621.80838422876], "rolling_pnl_sigma": [59582, 0.07176382603539361, 190.79482241658334], "portfolio_cash_ratio": [59582, 0.37658542268891687, 5436.714441563515], "free_collateral": [59582, 763711.5898137175, 3.154434396365207e+17], "mm_reqs": [59582, 4754.230381570786, 13810558494715.262], "unrealized_pnl_0": [59582, 33.384660471629395, 527745332441.1015], "unrealized_pnl_1": [59582, 25.201433379506057, 1323351894989.0386], "unrealized_pnl_2": [59582, 64.8209291242969, 13295757417499.611], "unrealized_pnl_3": [59582, 706.7829989639997, 41580950852325.52], "unrealized_pnl_4": [59582, 50.921749891305524, 2437499369501.3936], "unrealized_pnl_5": [59582, 447.41457885630587, 23706108308077.125], "unrealized_pnl_6": [59582, 157.52388231270405, 3651592596104.0483], "unrealized_pnl_7": [59582, 34.11426959619325, 520337593688.8492], "unrealized_pnl_8": [59582, 36.62296890830754, 547287768489.82007], "unrealized_pnl_9": [59582, 247.62572157203294, 7436334424061.819], "margin_usage_ratio": [59582, 0.02142676703513646, 9.739309076800353]}, "pcr_min_ew": 0.9591395675812511, "pcr_max_ew": 0.9999999980980423}