{"r_count": 76636.0001, "r_mean": -0.11619797929953526, "r_var": 1547.1964060247446, "tanh_k": 2.0, "feature_welford": {"unrealized_pnl": [76637, 3106.811437605558, 209162405674338.88], "realized_pnl": [76637, 5292.442733128944, 688498076694783.5], "compounded_returns": [76637, 1318.6073116553525, 447972803126.5299], "balance": [76637, 4279096.034048218, 3.4971843704111053e+18], "position_value": [76637, 114422.1025225076, 8228426539780233.0], "current_position_size": [76637, 571660.8675928303, 2.056172889257508e+17], "last_log_ret": [76637, 0.004961432229697826, 467.9328386167074], "sortino_ratio": [76637, 0.632735735728821, 782032.5656745963], "rolling_pnl_sigma": [76637, 0.05428936642886557, 225.4895643978834], "portfolio_cash_ratio": [76637, 0.5278348803956828, 10808.383382060636], "free_collateral": [76637, 4389385.69209147, 3.5297882848924805e+18], "mm_reqs": [76637, 7283.908138221291, 68342474121924.82], "unrealized_pnl_0": [76637, 21.691388728911775, 259737566911.4288], "unrealized_pnl_1": [76637, 44.731563536072656, 1636786543997.0686], "unrealized_pnl_2": [76637, 547.3016824932197, 48694119545181.805], "unrealized_pnl_3": [76637, 3250.9509737439535, 361451695514533.7], "unrealized_pnl_4": [76637, 66.72173028781131, 1736361187006.891], "unrealized_pnl_5": [76637, 1684.4800736420816, 138274129461843.53], "unrealized_pnl_6": [76637, 141.01655204764202, 3121075679512.476], "unrealized_pnl_7": [76637, 35.24935464632378, 536111784037.22156], "unrealized_pnl_8": [76637, 35.385748857164366, 468470633167.91016], "unrealized_pnl_9": [76637, 480.09424075325893, 18442990520504.47], "margin_usage_ratio": [76637, 0.015641688638435926, 14.019943857657298]}, "pcr_min_ew": 0.9723466053968388, "pcr_max_ew": 0.9998792893485858}