{"r_count": 42405.000100000005, "r_mean": -0.16622233295371655, "r_var": 971.9331118334559, "tanh_k": 2.0, "feature_welford": {"unrealized_pnl": [42406, 207.98882295168252, 2778336131124.4893], "realized_pnl": [42406, 219.3419401303946, 13264170927911.498], "compounded_returns": [42406, 8.881277243714814, 50105052.2232436], "balance": [42406, 83506.96183519585, 4873156771428023.0], "position_value": [42406, 41847.70455895281, 538471737927507.5], "current_position_size": [42406, 209010.27678016943, 1.3431118807326574e+16], "last_log_ret": [42406, 0.0008738115811366534, 394.2746468548712], "sortino_ratio": [42406, 0.17512360798518944, 9941.80401038086], "rolling_pnl_sigma": [42406, 0.07867623975656227, 128.03754393293596], "portfolio_cash_ratio": [42406, 0.3028665686553898, 2619.1802695481824], "free_collateral": [42406, 123402.84839384975, 6791397532253506.0], "mm_reqs": [42406, 2175.447183379949, 1756128718903.0276], "unrealized_pnl_0": [42406, 35.558773164692006, 281067392916.1845], "unrealized_pnl_1": [42406, 25.092060855694175, 529670274820.2988], "unrealized_pnl_2": [42406, -31.629445011873567, 2562048223387.5977], "unrealized_pnl_3": [42406, 127.71624628584392, 5167718293787.841], "unrealized_pnl_4": [42406, -5.67709227196281, 609182452335.3832], "unrealized_pnl_5": [42406, 93.42025002141747, 2650663424597.0703], "unrealized_pnl_6": [42406, 115.07764608512282, 977503341070.3762], "unrealized_pnl_7": [42406, 24.945553529928443, 230029609673.27606], "unrealized_pnl_8": [42406, 24.91335044300347, 256052063713.04538], "unrealized_pnl_9": [42406, -2.96085687831656, 1608397130339.9683], "margin_usage_ratio": [42406, 0.023076594356981162, 5.785954908316644]}, "pcr_min_ew": 0.4467527362449592, "pcr_max_ew": 0.9999999996531989}