{"r_count": 154526.0001, "r_mean": -0.08716014514263189, "r_var": 2020.1156075016947, "tanh_k": 2.0, "feature_welford": {"unrealized_pnl": [154527, 6376.61065300221, 1208806552425330.5], "realized_pnl": [154527, 11919.606384085386, 1.0617342880162964e+16], "compounded_returns": [154527, 5135.444583323659, 7021860419155.859], "balance": [154527, 10112122.038831824, 2.291053983399657e+19], "position_value": [154527, 126330.8160588397, 1.8164452646946376e+16], "current_position_size": [154527, 631369.8988446209, 4.540658183836902e+17], "last_log_ret": [154527, 0.006644121331728989, 641.5704938770083], "sortino_ratio": [154527, 2.401728318322627, 251629561.2522693], "rolling_pnl_sigma": [154527, 0.03957110269351506, 368.1134599636192], "portfolio_cash_ratio": [154527, 0.6590521685795714, 21115.8638589444], "free_collateral": [154527, 10236539.571892103, 2.2843874777450988e+19], "mm_reqs": [154527, 8340.323272069594, 232652506764726.6], "unrealized_pnl_0": [154527, 19.849632751256163, 597476122439.888], "unrealized_pnl_1": [154527, 6.386139905498961, 2122618353558.216], "unrealized_pnl_2": [154527, 2334.1893550651744, 189535020422697.66], "unrealized_pnl_3": [154527, 8557.836914561301, 3526912374687782.5], "unrealized_pnl_4": [154527, 61.640450754379124, 5794321628703.908], "unrealized_pnl_5": [154527, 1959.25969723521, 268037672316273.97], "unrealized_pnl_6": [154527, 185.5210648282632, 7344330030893.65], "unrealized_pnl_7": [154527, 100.78269998345377, 1062118790663.1881], "unrealized_pnl_8": [154527, 32.28116127563324, 849689786354.2902], "unrealized_pnl_9": [154527, 699.5192911261626, 51519513655756.72], "margin_usage_ratio": [154527, 0.011899491744220659, 28.746455254954924]}, "pcr_min_ew": 0.9866285534532923, "pcr_max_ew": 0.9999999964828185}