{"r_count": 32352.0001, "r_mean": -0.17234902743656125, "r_var": 825.7323071797014, "tanh_k": 2.0, "feature_welford": {"unrealized_pnl": [32353, 89.44169285447268, 768052804325.7803], "realized_pnl": [32353, 45.69103251519213, 2263861946617.872], "compounded_returns": [32353, 2.4861150639380685, 1864559.7687103874], "balance": [32353, 17361.947040716488, 157690276947197.97], "position_value": [32353, 21989.888266328522, 114861464858984.16], "current_position_size": [32353, 109895.68412601331, 2871521870837634.0], "last_log_ret": [32353, -4.593127540854346e-05, 317.2595251323702], "sortino_ratio": [32353, 0.1477256793254223, 6542.913145769919], "rolling_pnl_sigma": [32353, 0.08145439407904836, 99.9762061529005], "portfolio_cash_ratio": [32353, 0.2776605429822755, 1680.7920285764535], "free_collateral": [32353, 38288.06351628086, 402609701911575.5], "mm_reqs": [32353, 1162.7220199993706, 439843593605.87354], "unrealized_pnl_0": [32353, 21.116939438218036, 145503515626.7189], "unrealized_pnl_1": [32353, 10.636545082911454, 246041451035.02347], "unrealized_pnl_2": [32353, 4.866132289064769, 195981287402.20267], "unrealized_pnl_3": [32353, 43.62029616617404, 1078012241590.8596], "unrealized_pnl_4": [32353, -0.903262438836595, 285613955743.30475], "unrealized_pnl_5": [32353, 14.404088644059927, 340341014800.7697], "unrealized_pnl_6": [32353, 61.09329003405097, 289259386638.1026], "unrealized_pnl_7": [32353, 21.891170772787934, 116517034961.15666], "unrealized_pnl_8": [32353, 6.234817346561114, 76092729600.11699], "unrealized_pnl_9": [32353, 14.394252783123626, 365151965455.11847], "margin_usage_ratio": [32353, 0.023158382945339406, 3.9411779867578023]}, "pcr_min_ew": 0.021870856179155955, "pcr_max_ew": 0.551768131176543}