{"r_count": 5114.0001, "r_mean": -0.18640587297701924, "r_var": 267.90788900213244, "tanh_k": 2.0, "feature_welford": {"unrealized_pnl": [5115, 50.15209828835989, 18775041396.439278], "realized_pnl": [5115, 13.460072548082122, 100742003139.92548], "compounded_returns": [5115, 0.8658830599439327, 71248.04857792275], "balance": [5115, 2420.8859734375587, 997642483191.401], "position_value": [5115, 5899.9948634246675, 3088356102346.273], "current_position_size": [5115, 29495.30281927551, 77210171537635.11], "last_log_ret": [5115, -0.002590073345697422, 69.37709288695896], "sortino_ratio": [5115, 0.13065792650285984, 1041.916141494443], "rolling_pnl_sigma": [5115, 0.08797453881358813, 21.39006946298601], "portfolio_cash_ratio": [5115, 0.2565789070752589, 248.687371893866], "free_collateral": [5115, 8089.386984700521, 5497892364426.897], "mm_reqs": [5115, 284.2948977856736, 13083115832.56392], "unrealized_pnl_0": [5115, 17.990104420791507, 18717553794.91744], "unrealized_pnl_1": [5115, -3.6651385849360962, 4038181145.2088175], "unrealized_pnl_2": [5115, 13.299258828959935, 1866056928.7891421], "unrealized_pnl_3": [5115, 74.60976924541822, 61532200118.75933], "unrealized_pnl_4": [5115, 6.208566905716889, 2917209521.5231433], "unrealized_pnl_5": [5115, 6.179946555419413, 13832957828.04456], "unrealized_pnl_6": [5115, 21.616445128875725, 6319375604.122169], "unrealized_pnl_7": [5115, 44.59372983139673, 12175329971.713396], "unrealized_pnl_8": [5115, 7.58099279946271, 7106774170.068322], "unrealized_pnl_9": [5115, 25.999850270699334, 14010997908.882523], "margin_usage_ratio": [5115, 0.021672238841828242, 0.49090103816651914]}, "pcr_min_ew": 0.016412243853467994, "pcr_max_ew": 0.6175479945301104}