{"r_count": 69934.0001, "r_mean": -0.12211609494834866, "r_var": 1495.5909636742915, "tanh_k": 2.0, "feature_welford": {"unrealized_pnl": [69935, 2569.071992026122, 142986387373647.22], "realized_pnl": [69935, 4552.8651596127675, 513935795406960.06], "compounded_returns": [69935, 978.0547058336659, 257943264459.1174], "balance": [69935, 3604359.062914275, 2.6246748646360243e+18], "position_value": [69935, 108551.18194256413, 7041397310680589.0], "current_position_size": [69935, 542286.2149932686, 1.759391990389217e+17], "last_log_ret": [69935, 0.004605708594135884, 456.4449337201759], "sortino_ratio": [69935, 0.5924988968884096, 734553.6174491734], "rolling_pnl_sigma": [69935, 0.057292556125303644, 211.90777619969526], "portfolio_cash_ratio": [69935, 0.5003781196107395, 9582.634513612647], "free_collateral": [69935, 3708720.8011436113, 2.6568481541478886e+18], "mm_reqs": [69935, 6800.348966288431, 53228464731776.234], "unrealized_pnl_0": [69935, 21.90405639692221, 253503031118.5536], "unrealized_pnl_1": [69935, 44.32788401082936, 1567627595586.9045], "unrealized_pnl_2": [69935, 448.4444693315555, 40250563262689.05], "unrealized_pnl_3": [69935, 2790.8052680506753, 274245217134797.22], "unrealized_pnl_4": [69935, 65.80536130042792, 1700804581072.8293], "unrealized_pnl_5": [69935, 1441.8130225628354, 109226779583137.06], "unrealized_pnl_6": [69935, 131.6436775019283, 2851150798918.9946], "unrealized_pnl_7": [69935, 33.697045373266924, 526933719236.0273], "unrealized_pnl_8": [69935, 40.27532025355568, 448396829186.7916], "unrealized_pnl_9": [69935, 452.4706154117206, 16660014209664.316], "margin_usage_ratio": [69935, 0.016491207450038414, 12.633450044958451]}, "pcr_min_ew": 0.9698422923846497, "pcr_max_ew": 0.9999999999999203}