{"r_count": 45920.000100000005, "r_mean": -0.16000729549470522, "r_var": 1897.0765157746832, "tanh_k": 2.0, "feature_welford": {"unrealized_pnl": [45921, 313.11392597969615, 12612144977547.74], "realized_pnl": [45921, 332.10071604014746, 69432536469131.59], "compounded_returns": [45921, 54.483537568131055, 2412068086.399859], "balance": [45921, 333392.23280412017, 7.254200504875893e+16], "position_value": [45921, 69265.53553474431, 1637438828475736.8], "current_position_size": [45921, 345915.1995270113, 4.09248414060348e+16], "last_log_ret": [45921, 0.0018223312486295715, 765.2105985947994], "sortino_ratio": [45921, 0.2591552990156836, 66080.51550224028], "rolling_pnl_sigma": [45921, 0.07649969816329208, 176.76118647937201], "portfolio_cash_ratio": [45921, 0.3407754497457911, 3587.81704734739], "free_collateral": [45921, 399225.04196297575, 8.055063134688128e+16], "mm_reqs": [45921, 3768.861270362031, 7215960848367.99], "unrealized_pnl_0": [45921, 35.922407896503685, 357488883794.7522], "unrealized_pnl_1": [45921, 29.021952388693585, 1093244122431.2803], "unrealized_pnl_2": [45921, -80.45123621831583, 9477033238018.268], "unrealized_pnl_3": [45921, 235.26184038418617, 26374531997447.594], "unrealized_pnl_4": [45921, 12.852306225299953, 791007365919.9106], "unrealized_pnl_5": [45921, 280.7226865565755, 14811213786099.283], "unrealized_pnl_6": [45921, 92.0114083569008, 1318973377228.6382], "unrealized_pnl_7": [45921, 12.959169339787612, 418240507482.561], "unrealized_pnl_8": [45921, 12.4421729384692, 373212059939.81055], "unrealized_pnl_9": [45921, 153.47980587580486, 5873794724710.319], "margin_usage_ratio": [45921, 0.02238481718942103, 7.1494694720876595]}, "pcr_min_ew": 0.38886504871517696, "pcr_max_ew": 0.9931021664260983}