{"r_count": 84155.0001, "r_mean": -0.12515912695045223, "r_var": 1597.9238367095566, "tanh_k": 2.0, "feature_welford": {"unrealized_pnl": [84156, 2432.431606130236, 184241657317682.8], "realized_pnl": [84156, 3605.2829410044724, 6673637407952637.0], "compounded_returns": [84156, 1060.3752310579127, 531414822457.1945], "balance": [84156, 3372474.0725290393, 3.3984509911262387e+18], "position_value": [84156, 116248.45994788664, 7549724139985360.0], "current_position_size": [84156, 580795.116828406, 1.8869979002519754e+17], "last_log_ret": [84156, 0.004566868532170326, 562.0901788596011], "sortino_ratio": [84156, 0.6194114479948285, 1132775.1826612144], "rolling_pnl_sigma": [84156, 0.058590075103016004, 258.0344545885645], "portfolio_cash_ratio": [84156, 0.49965978261740923, 10872.985271057782], "free_collateral": [84156, 3484125.7541879867, 3.4224064650954404e+18], "mm_reqs": [84156, 7077.299420252256, 62912667864611.64], "unrealized_pnl_0": [84156, 29.56229833180808, 559280110962.7328], "unrealized_pnl_1": [84156, 10.709075618315216, 1662316592544.5422], "unrealized_pnl_2": [84156, 393.0746390988777, 46091180103872.94], "unrealized_pnl_3": [84156, 2979.4623589778016, 372840103504187.56], "unrealized_pnl_4": [84156, 75.96632102252065, 4755929593638.419], "unrealized_pnl_5": [84156, 1005.6368193600174, 89667729157849.28], "unrealized_pnl_6": [84156, 193.57903467100112, 5870650349636.914], "unrealized_pnl_7": [84156, 43.40646455125257, 660954669628.6229], "unrealized_pnl_8": [84156, 36.79743395388419, 688060115924.2745], "unrealized_pnl_9": [84156, 478.0019376415834, 31078019681235.387], "margin_usage_ratio": [84156, 0.017422815037751654, 16.381313008793747]}, "pcr_min_ew": 0.9743649796732694, "pcr_max_ew": 1.0000000000001392}