{"r_count": 73285.0001, "r_mean": -0.11922357023747161, "r_var": 1521.4590359326291, "tanh_k": 2.0, "feature_welford": {"unrealized_pnl": [73286, 2828.813673737744, 164737589845192.7], "realized_pnl": [73286, 4884.228193375827, 597537928552511.8], "compounded_returns": [73286, 1106.4103066906478, 318471555921.6881], "balance": [73286, 3867940.810359883, 2.926889422645503e+18], "position_value": [73286, 113101.74934456625, 7766263809619091.0], "current_position_size": [73286, 565052.8040921037, 1.940626762807192e+17], "last_log_ret": [73286, 0.0047824999895221265, 462.8267399587786], "sortino_ratio": [73286, 0.6058201520301442, 754988.7349296932], "rolling_pnl_sigma": [73286, 0.055830768430498216, 218.684133436808], "portfolio_cash_ratio": [73286, 0.5144254226521909, 10192.897622240866], "free_collateral": [73286, 3976751.8374892767, 2.960687908175572e+18], "mm_reqs": [73286, 7163.681098478104, 62710689798280.71], "unrealized_pnl_0": [73286, 21.233729820317567, 255347104428.19177], "unrealized_pnl_1": [73286, 46.24063837339383, 1609555021341.958], "unrealized_pnl_2": [73286, 477.0791696858105, 44195117706713.73], "unrealized_pnl_3": [73286, 2957.0862160644588, 304251738243375.0], "unrealized_pnl_4": [73286, 64.6767879873602, 1715694634496.3567], "unrealized_pnl_5": [73286, 1567.321862082264, 123665370134275.25], "unrealized_pnl_6": [73286, 135.85411463349084, 2972062918811.7217], "unrealized_pnl_7": [73286, 34.80009970439204, 531703220629.6677], "unrealized_pnl_8": [73286, 38.99671315619997, 451436613766.00287], "unrealized_pnl_9": [73286, 475.0329441634329, 17662687324041.15], "margin_usage_ratio": [73286, 0.01607044709666284, 13.332256044271897]}, "pcr_min_ew": 0.9717618699685376, "pcr_max_ew": 1.000000000000164}