{"r_count": 48570.000100000005, "r_mean": -0.14619390888139194, "r_var": 1235.6238927968902, "tanh_k": 2.0, "feature_welford": {"unrealized_pnl": [48571, 1218.59758756152, 37080339713692.164], "realized_pnl": [48571, 1892.8673669697657, 141645158728331.56], "compounded_returns": [48571, 225.9729518581513, 23658923876.497417], "balance": [48571, 1373669.0081180285, 6.209716196836909e+17], "position_value": [48571, 75365.95765615597, 2957868623150430.0], "current_position_size": [48571, 376488.3077238961, 7.390801952427027e+16], "last_log_ret": [48571, 0.002608283435150689, 402.1315859049355], "sortino_ratio": [48571, 0.33835005660096634, 149524.42252342272], "rolling_pnl_sigma": [48571, 0.06931547875945439, 158.88049675019232], "portfolio_cash_ratio": [48571, 0.38549279362326055, 5123.968120009361], "free_collateral": [48571, 1445955.7352881925, 6.386925388917303e+17], "mm_reqs": [48571, 4323.865384281668, 15720919944279.756], "unrealized_pnl_0": [48571, 22.7229809043597, 229414741060.23862], "unrealized_pnl_1": [48571, 47.21918791159631, 1237357153581.5505], "unrealized_pnl_2": [48571, 260.23460904206433, 13815167664589.18], "unrealized_pnl_3": [48571, 1099.0662806688015, 67470421810397.68], "unrealized_pnl_4": [48571, 51.16661806460981, 951314042602.5663], "unrealized_pnl_5": [48571, 745.6919161520807, 37145100373686.96], "unrealized_pnl_6": [48571, 64.79355220533948, 1382255151663.6567], "unrealized_pnl_7": [48571, 33.70181285114931, 445965740390.67615], "unrealized_pnl_8": [48571, 64.92653273181602, 281904475528.8936], "unrealized_pnl_9": [48571, 312.41697424638954, 7475173513505.935], "margin_usage_ratio": [48571, 0.01983790961900456, 7.609387526646851]}, "pcr_min_ew": 0.850564886453167, "pcr_max_ew": 1.0000000000002753}