{"r_count": 45356.000100000005, "r_mean": -0.15281278908535834, "r_var": 1162.405367098185, "tanh_k": 2.0, "feature_welford": {"unrealized_pnl": [45357, 850.6230598294608, 36720851997112.15], "realized_pnl": [45357, 1475.1116108266558, 160442428417552.0], "compounded_returns": [45357, 175.57523743229683, 10873050353.201944], "balance": [45357, 1097534.9842562713, 3.548312476945827e+17], "position_value": [45357, 77311.90291476472, 3087778855057899.5], "current_position_size": [45357, 386168.5432328621, 7.716896146620437e+16], "last_log_ret": [45357, 0.0026994689770703595, 409.3558728736403], "sortino_ratio": [45357, 0.3012551426778704, 124053.96438646979], "rolling_pnl_sigma": [45357, 0.0720895083458448, 165.48432484138146], "portfolio_cash_ratio": [45357, 0.3779048999865025, 4646.726162303173], "free_collateral": [45357, 1170979.905559556, 3.744120877562634e+17], "mm_reqs": [45357, 4751.965007872376, 20981042857841.49], "unrealized_pnl_0": [45357, 28.987366618370434, 271953199518.09982], "unrealized_pnl_1": [45357, 40.61101279567202, 741479271384.7217], "unrealized_pnl_2": [45357, 67.70454286771265, 17712241112383.234], "unrealized_pnl_3": [45357, 1102.8886966565667, 82794577933851.94], "unrealized_pnl_4": [45357, 72.43469038641211, 808075276870.5061], "unrealized_pnl_5": [45357, 471.311241484927, 36222152719457.64], "unrealized_pnl_6": [45357, 42.64947069393243, 1499054544277.751], "unrealized_pnl_7": [45357, 36.29717602461545, 330372694446.12885], "unrealized_pnl_8": [45357, 28.022515749796845, 210792229063.9239], "unrealized_pnl_9": [45357, 301.45131053416696, 5868949640040.882], "margin_usage_ratio": [45357, 0.020328123512253504, 7.26496884179602]}, "pcr_min_ew": 0.8554749233911868, "pcr_max_ew": 0.9990003091732947}