{"r_count": 171050.0001, "r_mean": -0.07790811390651904, "r_var": 2009.4504779812803, "tanh_k": 2.0, "feature_welford": {"unrealized_pnl": [171051, 7375.727977255326, 1547687057692076.5], "realized_pnl": [171051, 13502.943633664458, 5160700970707485.0], "compounded_returns": [171051, 5815.634017583307, 8195448627998.605], "balance": [171051, 11223171.514754815, 2.5104604360608793e+19], "position_value": [171051, 139120.53772468315, 2.4201542995330504e+16], "current_position_size": [171051, 695358.8774013637, 6.04984876270103e+17], "last_log_ret": [171051, 0.007226317628631056, 620.6485346262411], "sortino_ratio": [171051, 3.1897625187681133, 1344239272.522475], "rolling_pnl_sigma": [171051, 0.03495756295716546, 375.3301735029432], "portfolio_cash_ratio": [171051, 0.7028019596770746, 22400.761815321966], "free_collateral": [171051, 11360375.866640745, 2.5004691274911126e+19], "mm_reqs": [171051, 9359.304718159869, 282323164425098.3], "unrealized_pnl_0": [171051, 18.39993683727718, 558526208689.316], "unrealized_pnl_1": [171051, 29.03442812044749, 2099747054272.0586], "unrealized_pnl_2": [171051, 2905.105357861969, 292829451225662.6], "unrealized_pnl_3": [171051, 9781.27983706349, 4312364625852918.0], "unrealized_pnl_4": [171051, 82.4587655815949, 2444138989253.4995], "unrealized_pnl_5": [171051, 2514.553887812506, 419403354537167.1], "unrealized_pnl_6": [171051, 163.7875975881434, 5932694199352.409], "unrealized_pnl_7": [171051, 106.36656992654653, 1161487092235.8643], "unrealized_pnl_8": [171051, 12.119043351479608, 706898684744.0319], "unrealized_pnl_9": [171051, 884.6084013612881, 69484434398979.984], "margin_usage_ratio": [171051, 0.010278954992082251, 28.940323329102846]}, "pcr_min_ew": 0.9924765213982523, "pcr_max_ew": 0.9999999988282485}