{"r_count": 62932.000100000005, "r_mean": -0.14736243951082068, "r_var": 1375.4419683061974, "tanh_k": 2.0, "feature_welford": {"unrealized_pnl": [62933, 1082.9427456258502, 43052853662237.43], "realized_pnl": [62933, 308.3713432223228, 6152813207276198.0], "compounded_returns": [62933, 182.3567066394716, 38728095784.43237], "balance": [62933, 889838.9573189502, 4.141009668778513e+17], "position_value": [62933, 97950.87116054658, 3665230824493231.5], "current_position_size": [62933, 489185.93420425866, 9.158036655758064e+16], "last_log_ret": [62933, 0.003176292120367529, 517.5733756855853], "sortino_ratio": [62933, 0.3755203389849542, 367777.7182131458], "rolling_pnl_sigma": [62933, 0.0699285547847289, 199.62601541523335], "portfolio_cash_ratio": [62933, 0.396535496742977, 6195.718620751507], "free_collateral": [62933, 983544.9219682842, 4.306573614051211e+17], "mm_reqs": [62933, 5363.213836977549, 17904535255145.633], "unrealized_pnl_0": [62933, 39.01616017905865, 548742008241.1554], "unrealized_pnl_1": [62933, 11.332303159907287, 1439522673328.7788], "unrealized_pnl_2": [62933, 71.07837405827084, 18777439638173.766], "unrealized_pnl_3": [62933, 923.7964729730958, 58848398740485.66], "unrealized_pnl_4": [62933, 63.47625830177753, 2667051581108.3804], "unrealized_pnl_5": [62933, 539.7826573963026, 34021768121286.87], "unrealized_pnl_6": [62933, 171.26363297205432, 4241631126034.52], "unrealized_pnl_7": [62933, 32.299567440093405, 551027880045.9617], "unrealized_pnl_8": [62933, 38.23808663423836, 587205549227.5094], "unrealized_pnl_9": [62933, 293.4900444026764, 11571565825875.918], "margin_usage_ratio": [62933, 0.020834160332713934, 10.661084557861797]}, "pcr_min_ew": 0.8102088331211807, "pcr_max_ew": 1.0000000000001215}