{"r_count": 137771.0001, "r_mean": -0.09327553753953824, "r_var": 1943.6701255972089, "tanh_k": 2.0, "feature_welford": {"unrealized_pnl": [137772, 5675.720828617013, 974125286300336.2], "realized_pnl": [137772, 10532.716776964951, 9728040712437670.0], "compounded_returns": [137772, 4308.013910014979, 5155090276726.749], "balance": [137772, 8926900.524875406, 1.8245220519509817e+19], "position_value": [137772, 125168.4452857218, 1.5667389062467252e+16], "current_position_size": [137772, 625523.4852425554, 3.9163871669363296e+17], "last_log_ret": [137772, 0.006331988982215568, 626.1291525941188], "sortino_ratio": [137772, 2.041401558562457, 201584058.35103402], "rolling_pnl_sigma": [137772, 0.0425850959405107, 348.6521867661086], "portfolio_cash_ratio": [137772, 0.6343831098673036, 19124.70717458567], "free_collateral": [137772, 9049640.113052666, 1.8207855854588074e+19], "mm_reqs": [137772, 8155.177551998101, 192840508668075.88], "unrealized_pnl_0": [137772, 21.441662806158046, 589566937654.6062], "unrealized_pnl_1": [137772, 10.360570894830413, 2046480578446.5454], "unrealized_pnl_2": [137772, 1731.192994161258, 137994536365705.25], "unrealized_pnl_3": [137772, 7585.440221939228, 2724441609063688.0], "unrealized_pnl_4": [137772, 58.368622983075404, 5702605492907.167], "unrealized_pnl_5": [137772, 1836.9758560388393, 241122793551503.88], "unrealized_pnl_6": [137772, 199.4160569781413, 7244878609260.76], "unrealized_pnl_7": [137772, 87.81320938901936, 954061025313.5125], "unrealized_pnl_8": [137772, 33.51691906798436, 839009175844.7806], "unrealized_pnl_9": [137772, 636.3050030856792, 45395921434181.76], "margin_usage_ratio": [137772, 0.012757476540101613, 26.367825718246948]}, "pcr_min_ew": 0.9880799723957943, "pcr_max_ew": 0.9999999989791869}