{"r_count": 17730.0001, "r_mean": -0.18086560393314943, "r_var": 571.9948631590345, "tanh_k": 2.0, "feature_welford": {"unrealized_pnl": [17731, 85.39827437957405, 457451827112.1456], "realized_pnl": [17731, 41.2937872400757, 1341714749783.654], "compounded_returns": [17731, 1.4985539504318104, 656103.0847794672], "balance": [17731, 11706.95346793811, 90594931484402.97], "position_value": [17731, 13509.964155536612, 52165754351645.13], "current_position_size": [17731, 67524.28221640253, 1304122684103280.0], "last_log_ret": [17731, -0.0013272762475184925, 188.682769058665], "sortino_ratio": [17731, 0.12908166700057774, 3124.6279254972405], "rolling_pnl_sigma": [17731, 0.08525617256122796, 58.132172555499125], "portfolio_cash_ratio": [17731, 0.2704036432859054, 883.5185778530866], "free_collateral": [17731, 24582.27248583867, 213148997031513.6], "mm_reqs": [17731, 725.8196367426268, 203903517761.60324], "unrealized_pnl_0": [17731, 7.5924474660756625, 33348633917.356182], "unrealized_pnl_1": [17731, -17.458933122990274, 68304541440.90157], "unrealized_pnl_2": [17731, 10.75486981840507, 87656603709.04358], "unrealized_pnl_3": [17731, 70.68593330289121, 855792464028.5156], "unrealized_pnl_4": [17731, 10.714879694665122, 203150632819.7349], "unrealized_pnl_5": [17731, 2.4212066173969107, 199031439176.7745], "unrealized_pnl_6": [17731, 45.03019563550119, 199078907234.57596], "unrealized_pnl_7": [17731, 10.710930687113436, 38143457218.37831], "unrealized_pnl_8": [17731, 11.969301960858138, 19029443748.89842], "unrealized_pnl_9": [17731, 10.454964476863939, 158464107213.27374], "margin_usage_ratio": [17731, 0.021929671165631902, 1.7426417633388023]}, "pcr_min_ew": 0.041658055284096975, "pcr_max_ew": 0.7961107536184514}