{"r_count": 100093.0001, "r_mean": -0.09987726598617033, "r_var": 1698.0339016303894, "tanh_k": 2.0, "feature_welford": {"unrealized_pnl": [100094, 4339.266919259361, 413275532527937.56], "realized_pnl": [100094, 8119.067631396672, 1512453426110349.5], "compounded_returns": [100094, 2689.323101026477, 1631810114111.8315], "balance": [100094, 6710513.717304185, 7.886369662089377e+18], "position_value": [100094, 121371.63614750921, 1.1824466571549644e+16], "current_position_size": [100094, 606513.9053985545, 2.9552068866814464e+17], "last_log_ret": [100094, 0.005897459219453891, 499.7266682160739], "sortino_ratio": [100094, 0.935136728805392, 3627423.7426859187], "rolling_pnl_sigma": [100094, 0.04604355936020473, 265.4306982107157], "portfolio_cash_ratio": [100094, 0.5990489490417386, 14538.52090663307], "free_collateral": [100094, 6828439.428295413, 7.9039408336699e+18], "mm_reqs": [100094, 7835.37486808799, 111698289100853.81], "unrealized_pnl_0": [100094, 17.135864835836372, 273655455381.42484], "unrealized_pnl_1": [100094, 30.08262304103429, 1780901701982.2769], "unrealized_pnl_2": [100094, 1129.337726160415, 84552238047703.0], "unrealized_pnl_3": [100094, 4979.348368901477, 931544289926277.4], "unrealized_pnl_4": [100094, 54.12938264772874, 1868676861552.1152], "unrealized_pnl_5": [100094, 2214.987600224561, 211490770811309.9], "unrealized_pnl_6": [100094, 193.06172520692817, 4273367902130.8506], "unrealized_pnl_7": [100094, 53.40968941775038, 649700353622.809], "unrealized_pnl_8": [100094, 30.6573100872112, 514734398354.418], "unrealized_pnl_9": [100094, 544.4446112181193, 23425269342010.645], "margin_usage_ratio": [100094, 0.013359611993330297, 18.24970501928531]}, "pcr_min_ew": 0.990859068095794, "pcr_max_ew": 0.9999999999999178}