{"r_count": 24880.0001, "r_mean": -0.18115456998076893, "r_var": 824.7400887772168, "tanh_k": 2.0, "feature_welford": {"unrealized_pnl": [24881, 67.50177011409461, 191857908141.60748], "realized_pnl": [24881, 37.4704366342886, 616022792653.615], "compounded_returns": [24881, 1.4716053298028682, 622533.3317741246], "balance": [24881, 6559.005995591525, 13941898254065.334], "position_value": [24881, 14685.094862424341, 33264464600161.2], "current_position_size": [24881, 73385.34076333155, 831628629216081.6], "last_log_ret": [24881, -0.000527449878645636, 293.6165449282744], "sortino_ratio": [24881, 0.15119117151899789, 5871.267307451444], "rolling_pnl_sigma": [24881, 0.0856665152586849, 98.81014437992656], "portfolio_cash_ratio": [24881, 0.26013901448921856, 1204.4753610988196], "free_collateral": [24881, 20590.480857450195, 65197550107726.62], "mm_reqs": [24881, 727.0890888751563, 128775396444.41435], "unrealized_pnl_0": [24881, 22.186231938453282, 73497725203.02237], "unrealized_pnl_1": [24881, 13.89331988864651, 61982012815.16962], "unrealized_pnl_2": [24881, -0.39505344240023754, 33908852955.65163], "unrealized_pnl_3": [24881, 28.60577650000584, 168660621553.19983], "unrealized_pnl_4": [24881, 8.910180454073416, 96880688713.73747], "unrealized_pnl_5": [24881, -1.5732710959852607, 75202023977.22702], "unrealized_pnl_6": [24881, 31.904386196507957, 153078572196.64188], "unrealized_pnl_7": [24881, 13.286386266252709, 73530706507.72502], "unrealized_pnl_8": [24881, 6.195942262067227, 43015670050.89625], "unrealized_pnl_9": [24881, 23.709825852590562, 102769995950.99042], "margin_usage_ratio": [24881, 0.023441302855238273, 2.9937151154564456]}, "pcr_min_ew": 0.01198015455708158, "pcr_max_ew": 0.739272226591702}