{"r_count": 3635.0001, "r_mean": -0.17800730174955837, "r_var": 223.6727613393333, "tanh_k": 2.0, "feature_welford": {"unrealized_pnl": [3636, 3.6732992036235674, 54648575.19696385], "realized_pnl": [3636, 0.9410982471571424, 241356541.8411634], "compounded_returns": [3636, 0.4121499353093327, 913.0910332022993], "balance": [3636, 309.7180524752273, 1043787107.9616553], "position_value": [3636, 879.9811381068453, 4096186242.673598], "current_position_size": [3636, 4375.9839488915995, 100245221991.09578], "last_log_ret": [3636, -0.0026118003910869177, 40.72014003710412], "sortino_ratio": [3636, 0.09834048758462435, 436.6627754925216], "rolling_pnl_sigma": [3636, 0.08514594055386429, 13.169031837599453], "portfolio_cash_ratio": [3636, 0.2605235602597242, 181.37167425439299], "free_collateral": [3636, 1169.3194330504853, 6500867219.424437], "mm_reqs": [3636, 24.42653508030532, 3919833.5685837693], "unrealized_pnl_0": [3636, -0.5835448138931213, 31604730.921672363], "unrealized_pnl_1": [3636, 0.5232848452409882, 15258961.197735881], "unrealized_pnl_2": [3636, 2.1476237481228315, 12913354.286252296], "unrealized_pnl_3": [3636, 3.0485799725845273, 89355430.35638525], "unrealized_pnl_4": [3636, 3.379332229718283, 24215095.584819134], "unrealized_pnl_5": [3636, -2.871931770363059, 11274652.041500013], "unrealized_pnl_6": [3636, 1.889371900101345, 22545257.205674663], "unrealized_pnl_7": [3636, 3.102606243521717, 24101009.437483538], "unrealized_pnl_8": [3636, 1.2777845349524863, 36524331.5197184], "unrealized_pnl_9": [3636, 0.5192824550121317, 22226236.039661925], "margin_usage_ratio": [3636, 0.020326016267422253, 0.2323778006079631]}, "pcr_min_ew": 0.009292153798067922, "pcr_max_ew": 0.6291703799821227}