{"r_count": 100910.0001, "r_mean": -0.11227721223761042, "r_var": 1729.2971927147223, "tanh_k": 2.0, "feature_welford": {"unrealized_pnl": [100911, 3667.706662104648, 400598036418635.3], "realized_pnl": [100911, 6138.548394171691, 7451021366685520.0], "compounded_returns": [100911, 2144.0879269953743, 1611418457334.5906], "balance": [100911, 5429483.4567998815, 7.65327444421444e+18], "position_value": [100911, 120710.07805497132, 1.0117886077180564e+16], "current_position_size": [100911, 603131.7865969946, 2.5289864538346554e+17], "last_log_ret": [100911, 0.005303213600245017, 585.6134739660695], "sortino_ratio": [100911, 1.014948628854946, 27937263.39569227], "rolling_pnl_sigma": [100911, 0.052080783634752915, 292.8334210651375], "portfolio_cash_ratio": [100911, 0.555701924429852, 13881.241372395842], "free_collateral": [100911, 5546300.992916845, 7.667652616490117e+18], "mm_reqs": [100911, 7610.266667048626, 104264628070839.56], "unrealized_pnl_0": [100911, 25.788621152020518, 569609458521.1783], "unrealized_pnl_1": [100911, 12.15198078730108, 1944116435569.5435], "unrealized_pnl_2": [100911, 755.1118130511442, 70530871870788.2], "unrealized_pnl_3": [100911, 4698.725891290827, 1032732630667286.1], "unrealized_pnl_4": [100911, 69.88569489017709, 4795412539300.146], "unrealized_pnl_5": [100911, 1397.7126179200873, 153576138916465.7], "unrealized_pnl_6": [100911, 224.52990486704098, 6776602855945.146], "unrealized_pnl_7": [100911, 52.801235267697756, 727229192910.0087], "unrealized_pnl_8": [100911, 38.270352979230026, 823025516185.0474], "unrealized_pnl_9": [100911, 542.5686212302211, 35992351960137.484], "margin_usage_ratio": [100911, 0.015498686931607355, 20.06498679725655]}, "pcr_min_ew": 0.9810856251247992, "pcr_max_ew": 1.000000000000205}