{"r_count": 103144.0001, "r_mean": -0.11081477936719093, "r_var": 1744.8347232109693, "tanh_k": 2.0, "feature_welford": {"unrealized_pnl": [103145, 3738.234403199674, 421110548577421.3], "realized_pnl": [103145, 6413.294662125229, 7561708197874003.0], "compounded_returns": [103145, 2273.5898763404984, 1754154216304.7197], "balance": [103145, 5655733.0778842205, 8.144391687057433e+18], "position_value": [103145, 121212.27699593613, 1.047303259683914e+16], "current_position_size": [103145, 605651.8476535908, 2.6177752090961027e+17], "last_log_ret": [103145, 0.0053835245666390705, 588.4617507896809], "sortino_ratio": [103145, 1.0713936993652957, 32333467.758299764], "rolling_pnl_sigma": [103145, 0.051343636654647674, 296.9667594657244], "portfolio_cash_ratio": [103145, 0.5620012605322282, 14245.612608938352], "free_collateral": [103145, 5773073.077240604, 8.157197064314981e+18], "mm_reqs": [103145, 7660.98512654978, 108262814901259.38], "unrealized_pnl_0": [103145, 25.696524820559585, 572470654352.8438], "unrealized_pnl_1": [103145, 13.383293952128044, 1955278190022.0398], "unrealized_pnl_2": [103145, 795.6000897224543, 73540368608970.55], "unrealized_pnl_3": [103145, 4917.192341779375, 1132618894597301.8], "unrealized_pnl_4": [103145, 70.5704896006253, 4855084282947.157], "unrealized_pnl_5": [103145, 1423.2406856284472, 160750183366933.03], "unrealized_pnl_6": [103145, 230.42727722422117, 6904207699566.533], "unrealized_pnl_7": [103145, 53.731872736070244, 732174528397.8059], "unrealized_pnl_8": [103145, 37.568195994244896, 823497942015.1027], "unrealized_pnl_9": [103145, 531.1092983273189, 36458614057376.04], "margin_usage_ratio": [103145, 0.015282298860909456, 20.504226774623568]}, "pcr_min_ew": 0.9829121950409023, "pcr_max_ew": 0.9999999991227879}