{"r_count": 168934.0001, "r_mean": -0.07663776370735625, "r_var": 2062.795635766996, "tanh_k": 2.0, "feature_welford": {"unrealized_pnl": [168935, 7588.8615365546175, 1545189958435401.0], "realized_pnl": [168935, 14281.558315168868, 5579828423149315.0], "compounded_returns": [168935, 6249.542018280534, 9129919133973.227], "balance": [168935, 11712714.933914265, 2.7267014032208634e+19], "position_value": [168935, 133448.31080438354, 2.3088740224415216e+16], "current_position_size": [168935, 667043.4346177145, 5.771987574653555e+17], "last_log_ret": [168935, 0.0070882318653843895, 612.348249609815], "sortino_ratio": [168935, 2.8099379118816916, 410566828.70831215], "rolling_pnl_sigma": [168935, 0.03448952745556845, 371.54144961659915], "portfolio_cash_ratio": [168935, 0.7006252005901201, 22258.185674178763], "free_collateral": [168935, 11844811.256039573, 2.7161245873478435e+19], "mm_reqs": [168935, 8992.960627658897, 296789442155305.2], "unrealized_pnl_0": [168935, 16.289744946418992, 474219006093.5875], "unrealized_pnl_1": [168935, 24.455406684562863, 2381510535121.694], "unrealized_pnl_2": [168935, 3473.207118947735, 305513941111441.5], "unrealized_pnl_3": [168935, 9135.905779476063, 4281739739130542.0], "unrealized_pnl_4": [168935, 50.74621839402458, 1943115263372.7405], "unrealized_pnl_5": [168935, 2710.1947865198676, 445478753858479.94], "unrealized_pnl_6": [168935, 168.32092364259125, 5051958014226.789], "unrealized_pnl_7": [168935, 108.69519289167604, 1054439354694.7644], "unrealized_pnl_8": [168935, 21.303501487031898, 623929614920.8591], "unrealized_pnl_9": [168935, 797.8150400644568, 61815167852938.08], "margin_usage_ratio": [168935, 0.01003530999170565, 26.591052763227825]}, "pcr_min_ew": 0.9881272367781042, "pcr_max_ew": 1.0000000000001368}