{"r_count": 45413.000100000005, "r_mean": -0.16471891820263887, "r_var": 1794.0348993410685, "tanh_k": 2.0, "feature_welford": {"unrealized_pnl": [45414, 289.7623423253232, 7995318599787.062], "realized_pnl": [45414, 462.74416945048733, 26153650106314.594], "compounded_returns": [45414, 25.03479057021133, 524929560.01775897], "balance": [45414, 194652.05996592427, 1.724768958348677e+16], "position_value": [45414, 63116.18803374667, 1168516870606133.2], "current_position_size": [45414, 315225.40339384676, 2.9200783843179284e+16], "last_log_ret": [45414, 0.0009650437145762842, 810.8071214307566], "sortino_ratio": [45414, 0.1865939289461137, 10251.368391911752], "rolling_pnl_sigma": [45414, 0.07847049350663445, 184.87375847151458], "portfolio_cash_ratio": [45414, 0.32527560011876105, 3350.726335352849], "free_collateral": [45414, 254803.85372442895, 2.205944187253653e+16], "mm_reqs": [45414, 3279.9602154211766, 4146187641166.775], "unrealized_pnl_0": [45414, 14.060176659651065, 303327196463.471], "unrealized_pnl_1": [45414, 68.88037257063708, 948345155111.4105], "unrealized_pnl_2": [45414, 25.14416889163622, 5818872577361.779], "unrealized_pnl_3": [45414, 144.07741764333883, 7624443489078.154], "unrealized_pnl_4": [45414, 30.53522575403174, 1351089962110.943], "unrealized_pnl_5": [45414, 133.0150927764444, 6562226031338.804], "unrealized_pnl_6": [45414, 40.85550579129663, 1004325317290.0292], "unrealized_pnl_7": [45414, 45.49678975410285, 469117321414.22363], "unrealized_pnl_8": [45414, 0.23987071072192936, 344397395141.06665], "unrealized_pnl_9": [45414, 178.58446145722124, 2678107771335.519], "margin_usage_ratio": [45414, 0.023090213256652115, 7.186123463244685]}, "pcr_min_ew": 0.7208711010642106, "pcr_max_ew": 0.9946124541854986}