{"r_count": 55935.000100000005, "r_mean": -0.1553079457149326, "r_var": 1279.0628669267674, "tanh_k": 2.0, "feature_welford": {"unrealized_pnl": [55936, 594.5947856918972, 16147868755867.91], "realized_pnl": [55936, -601.9644591441171, 6082754606554178.0], "compounded_returns": [55936, 56.03514873407422, 4760392688.676754], "balance": [55936, 396451.35751451104, 1.0839399229705936e+17], "position_value": [55936, 78128.00732816647, 2086898276273818.2], "current_position_size": [55936, 390143.0516152924, 5.213153297364367e+16], "last_log_ret": [55936, 0.0024929125463159273, 493.3702560595716], "sortino_ratio": [55936, 0.2759503113556471, 130727.3082143725], "rolling_pnl_sigma": [55936, 0.07383142970190809, 179.6328940261449], "portfolio_cash_ratio": [55936, 0.3556706610848426, 4617.0746132719105], "free_collateral": [55936, 471017.8064283891, 1.1730566157587104e+17], "mm_reqs": [55936, 4185.261651897483, 8722999525921.628], "unrealized_pnl_0": [55936, 31.531480513927402, 489560393499.19885], "unrealized_pnl_1": [55936, 21.381778039790753, 1152116995720.5227], "unrealized_pnl_2": [55936, 51.336847236659096, 10345214135459.426], "unrealized_pnl_3": [55936, 375.8516327255666, 25060535111240.44], "unrealized_pnl_4": [55936, 58.93041497902038, 2063119135271.3018], "unrealized_pnl_5": [55936, 287.23052844636237, 14805690544973.795], "unrealized_pnl_6": [55936, 137.3938459735251, 2912921028559.3525], "unrealized_pnl_7": [55936, 38.19234793414435, 414673842851.87537], "unrealized_pnl_8": [55936, 34.46579600180356, 519271762055.2212], "unrealized_pnl_9": [55936, 224.73718753640625, 6144495891867.525], "margin_usage_ratio": [55936, 0.022038411755536103, 8.69993787531489]}, "pcr_min_ew": 0.8085303071162943, "pcr_max_ew": 0.9999999999994776}