{"r_count": 102027.0001, "r_mean": -0.11155882589250926, "r_var": 1737.123843250757, "tanh_k": 2.0, "feature_welford": {"unrealized_pnl": [102028, 3716.2308976032655, 406149325959472.4], "realized_pnl": [102028, 6263.8939637572485, 7488995426588484.0], "compounded_returns": [102028, 2200.326383051196, 1664704998569.0137], "balance": [102028, 5533773.17841813, 7.860945958070901e+18], "position_value": [102028, 120913.1261632562, 1.0291427644955982e+16], "current_position_size": [102028, 604151.6099915428, 2.572372705436151e+17], "last_log_ret": [102028, 0.005343358114366163, 587.1573126891395], "sortino_ratio": [102028, 1.0718957056979401, 32326441.728786692], "rolling_pnl_sigma": [102028, 0.05171483458459192, 294.9656950367874], "portfolio_cash_ratio": [102028, 0.5588308412450891, 14065.904261062666], "free_collateral": [102028, 5650818.853856511, 7.874555263381481e+18], "mm_reqs": [102028, 7633.713404700369, 106024877755670.97], "unrealized_pnl_0": [102028, 26.214306439581275, 571795946343.7346], "unrealized_pnl_1": [102028, 12.396911457717096, 1944900014168.2922], "unrealized_pnl_2": [102028, 792.0012939009096, 72523264608533.42], "unrealized_pnl_3": [102028, 4746.386692322262, 1050538604601067.1], "unrealized_pnl_4": [102028, 70.79585930035597, 4825337542651.753], "unrealized_pnl_5": [102028, 1433.6505341097209, 158487613682733.06], "unrealized_pnl_6": [102028, 230.58758591279513, 6898457589574.212], "unrealized_pnl_7": [102028, 52.51497173855424, 729451141261.8508], "unrealized_pnl_8": [102028, 37.97308717020299, 823094033556.6383], "unrealized_pnl_9": [102028, 541.0633345669071, 36153001562319.53], "margin_usage_ratio": [102028, 0.015390159393366026, 20.285577963139485]}, "pcr_min_ew": 0.9867018380694226, "pcr_max_ew": 0.99999999102837}