{"r_count": 13037.000100000001, "r_mean": -0.17984775974110098, "r_var": 445.50017049397377, "tanh_k": 2.0, "feature_welford": {"unrealized_pnl": [13038, 107.90959861447685, 454136585317.054], "realized_pnl": [13038, 44.54492118996932, 1325781830461.6172], "compounded_returns": [13038, 1.8853965695103638, 643409.4510247651], "balance": [13038, 14881.213824048455, 89532161313127.53], "position_value": [13038, 15750.531203365788, 49679493545350.695], "current_position_size": [13038, 78720.05928869091, 1241972219869991.2], "last_log_ret": [13038, -0.001532999142007126, 135.6857901977375], "sortino_ratio": [13038, 0.11940599490594028, 2307.748225096488], "rolling_pnl_sigma": [13038, 0.08510553809464302, 40.19079440120558], "portfolio_cash_ratio": [13038, 0.2730313536696859, 663.2793412037681], "free_collateral": [13038, 29878.811887574015, 207924413503024.0], "mm_reqs": [13038, 867.4391097584586, 195645842397.14304], "unrealized_pnl_0": [13038, 17.154244643294856, 30969431454.327015], "unrealized_pnl_1": [13038, -22.645751495443623, 66723035315.367195], "unrealized_pnl_2": [13038, 13.187365177967207, 86516565357.00784], "unrealized_pnl_3": [13038, 93.5512712490392, 850263543234.3318], "unrealized_pnl_4": [13038, 20.652873413430306, 201316593563.7044], "unrealized_pnl_5": [13038, 8.72979518165346, 197322501560.9165], "unrealized_pnl_6": [13038, 56.84793166926477, 196925997098.26624], "unrealized_pnl_7": [13038, 12.5201966287654, 36726925572.21306], "unrealized_pnl_8": [13038, 10.102717262152995, 17853220322.796375], "unrealized_pnl_9": [13038, 6.998854684809543, 154626275602.0079], "margin_usage_ratio": [13038, 0.021943440871999037, 1.3094060756302615]}, "pcr_min_ew": 0.03199549269224516, "pcr_max_ew": 0.7402238545374498}