{"r_count": 156760.0001, "r_mean": -0.08641371230881591, "r_var": 2029.6798014398096, "tanh_k": 2.0, "feature_welford": {"unrealized_pnl": [156761, 6479.553105287453, 1244828254271149.8], "realized_pnl": [156761, 12150.978348181745, 1.0791317282032784e+16], "compounded_returns": [156761, 5255.109371939784, 7346352797552.93], "balance": [156761, 10278152.257364482, 2.3664574312995463e+19], "position_value": [156761, 126445.32476386873, 1.8460631698525504e+16], "current_position_size": [156761, 631946.4922312013, 4.614703451373312e+17], "last_log_ret": [156761, 0.006681900399654377, 643.462262473832], "sortino_ratio": [156761, 2.4055476075002167, 251785083.46484005], "rolling_pnl_sigma": [156761, 0.03920854569613519, 370.4760761936644], "portfolio_cash_ratio": [156761, 0.6620476165865253, 21365.17503109897], "free_collateral": [156761, 10402754.36436122, 2.359351023971117e+19], "mm_reqs": [156761, 8373.45189368553, 238798602661200.72], "unrealized_pnl_0": [156761, 19.560130685117105, 598285699535.805], "unrealized_pnl_1": [156761, 6.109472730934171, 2132225410592.334], "unrealized_pnl_2": [156761, 2395.4896592027903, 194575102152246.53], "unrealized_pnl_3": [156761, 8667.57701005763, 3618261723398233.0], "unrealized_pnl_4": [156761, 61.50051869359364, 5803620432780.492], "unrealized_pnl_5": [156761, 1975.4436155600517, 270699617110143.94], "unrealized_pnl_6": [156761, 184.29688008790237, 7348879364920.072], "unrealized_pnl_7": [156761, 103.93105747274467, 1108535750663.9094], "unrealized_pnl_8": [156761, 32.14672690620295, 850113763120.5564], "unrealized_pnl_9": [156761, 696.1179014604786, 51635417391540.45], "margin_usage_ratio": [156761, 0.011794651333134032, 29.038835369149183]}, "pcr_min_ew": 0.9894968163920624, "pcr_max_ew": 1.000000000000003}