{"r_count": 128835.0001, "r_mean": -0.09698902976668232, "r_var": 1898.2553753710376, "tanh_k": 2.0, "feature_welford": {"unrealized_pnl": [128836, 5147.018540086323, 828211996560294.2], "realized_pnl": [128836, 9604.243725591386, 9173246732280926.0], "compounded_returns": [128836, 3828.7756308430307, 4204136474418.833], "balance": [128836, 8157084.040223775, 1.5406064940208517e+19], "position_value": [128836, 124223.74456057945, 1.4270148890564912e+16], "current_position_size": [128836, 620777.8783444269, 3.567072958605025e+17], "last_log_ret": [128836, 0.006131614425709652, 616.739988211754], "sortino_ratio": [128836, 1.9970231220886447, 197099293.0545811], "rolling_pnl_sigma": [128836, 0.044417354949988296, 337.0041728942447], "portfolio_cash_ratio": [128836, 0.6196059638358368, 17970.507761696506], "free_collateral": [128836, 8278454.523814629, 1.5384064267116696e+19], "mm_reqs": [128836, 8049.82775237558, 168625279397100.22], "unrealized_pnl_0": [128836, 22.172953336603147, 589246827313.4319], "unrealized_pnl_1": [128836, 11.34471146461729, 2043457430532.555], "unrealized_pnl_2": [128836, 1430.3461134381855, 118094176445268.38], "unrealized_pnl_3": [128836, 6988.273929302646, 2314832568063284.0], "unrealized_pnl_4": [128836, 56.98082243688237, 5680876566237.388], "unrealized_pnl_5": [128836, 1701.2875958201153, 220754800703314.84], "unrealized_pnl_6": [128836, 206.09511005377328, 7177471679197.569], "unrealized_pnl_7": [128836, 84.36940872692335, 929169941347.8763], "unrealized_pnl_8": [128836, 34.59630746580232, 836892329122.8701], "unrealized_pnl_9": [128836, 621.2510520584342, 43283169430376.445], "margin_usage_ratio": [128836, 0.01328022965115151, 25.004525379377444]}, "pcr_min_ew": 0.9943193217803773, "pcr_max_ew": 0.9999999995795059}