{"r_count": 24664.0001, "r_mean": -0.17040169432537844, "r_var": 1387.4358778232101, "tanh_k": 2.0, "feature_welford": {"unrealized_pnl": [24665, 193.8359659905263, 1954037660647.3096], "realized_pnl": [24665, 266.41128488820544, 8179844465014.476], "compounded_returns": [24665, 12.374076086643816, 65883058.62647655], "balance": [24665, 132332.33783960945, 1.0651674553030894e+16], "position_value": [24665, 35691.86926268446, 369722364754565.7], "current_position_size": [24665, 178299.66564142733, 9239247159442236.0], "last_log_ret": [24665, -0.0006790576542237872, 526.3086497371803], "sortino_ratio": [24665, 0.15621268928308366, 5383.928201380823], "rolling_pnl_sigma": [24665, 0.0806127110178634, 107.36068990614163], "portfolio_cash_ratio": [24665, 0.2954713225813373, 1568.7592964329722], "free_collateral": [24665, 166314.563515202, 1.2173090574510164e+16], "mm_reqs": [24665, 1918.5311106176002, 1415898401172.6963], "unrealized_pnl_0": [24665, 15.103811247499133, 125525979658.72334], "unrealized_pnl_1": [24665, 67.22629694387882, 319882888558.2467], "unrealized_pnl_2": [24665, -36.27347744972812, 1826057628995.4463], "unrealized_pnl_3": [24665, 199.7626001829831, 3206574201561.47], "unrealized_pnl_4": [24665, 7.095737311660163, 194187343086.51636], "unrealized_pnl_5": [24665, 26.741816969844372, 1794951458470.804], "unrealized_pnl_6": [24665, 21.919772380025776, 422889225896.7128], "unrealized_pnl_7": [24665, 0.79811046427357, 120190754521.83388], "unrealized_pnl_8": [24665, 6.063165786939419, 100146124099.4277], "unrealized_pnl_9": [24665, 55.24959658986605, 776539251981.8541], "margin_usage_ratio": [24665, 0.022302943576250032, 3.124468413896023]}, "pcr_min_ew": 0.15417382821662606, "pcr_max_ew": 0.8583899696414211}