{"r_count": 55860.000100000005, "r_mean": -0.1494445226018296, "r_var": 1197.5667358009935, "tanh_k": 2.0, "feature_welford": {"unrealized_pnl": [55861, 639.121044045127, 27781264619170.426], "realized_pnl": [55861, 852.0312804220011, 119603170501629.25], "compounded_returns": [55861, 99.2231958399371, 7020633782.106264], "balance": [55861, 585537.4500124095, 1.421487687115161e+17], "position_value": [55861, 95716.64844454663, 3320448765357476.5], "current_position_size": [55861, 477915.779969665, 8.294707902486574e+16], "last_log_ret": [55861, 0.0028534227520288736, 473.9797501673701], "sortino_ratio": [55861, 0.24967222266063566, 23265.358500194572], "rolling_pnl_sigma": [55861, 0.0712512459910015, 182.78868513881943], "portfolio_cash_ratio": [55861, 0.3775853808677886, 5184.187329319995], "free_collateral": [55861, 676704.5296086633, 1.5832277984888195e+17], "mm_reqs": [55861, 5227.038292127256, 15047614469971.65], "unrealized_pnl_0": [55861, 26.908505515361036, 330884980348.0241], "unrealized_pnl_1": [55861, 21.44961806014206, 1189780799334.0952], "unrealized_pnl_2": [55861, -91.01168939363833, 19723291976226.695], "unrealized_pnl_3": [55861, 581.8251935084243, 47158065399809.55], "unrealized_pnl_4": [55861, 44.364872256784736, 1320431482272.0527], "unrealized_pnl_5": [55861, 465.6537224896242, 29948878207505.797], "unrealized_pnl_6": [55861, 160.0055533294947, 1903017024885.0405], "unrealized_pnl_7": [55861, -0.5667521164161466, 496819793889.2909], "unrealized_pnl_8": [55861, 30.9810299846999, 460037096790.3345], "unrealized_pnl_9": [55861, 109.95921024419688, 7908695815441.634], "margin_usage_ratio": [55861, 0.021574236346003, 9.417140077090162]}, "pcr_min_ew": 0.818927911590074, "pcr_max_ew": 1.000000000000149}