{"r_count": 90040.0001, "r_mean": -0.1059701618617673, "r_var": 1638.7486948571955, "tanh_k": 2.0, "feature_welford": {"unrealized_pnl": [90041, 3887.3720080024173, 325726889916005.4], "realized_pnl": [90041, 6962.398639513707, 1103234864468073.2], "compounded_returns": [90041, 2119.06451401488, 1061574530932.7759], "balance": [90041, 5731473.062738487, 5.884316411443717e+18], "position_value": [90041, 118902.46203105283, 1.0274937598823618e+16], "current_position_size": [90041, 594129.6011436998, 2.5678161168288688e+17], "last_log_ret": [90041, 0.00555096660381565, 486.72790214487515], "sortino_ratio": [90041, 0.8088342733569175, 1717857.702359335], "rolling_pnl_sigma": [90041, 0.04911334083114008, 249.7743532992391], "portfolio_cash_ratio": [90041, 0.5724452553125521, 13042.913540864001], "free_collateral": [90041, 5846689.7672768, 5.910257007368898e+18], "mm_reqs": [90041, 7621.656643005191, 91221128881090.78], "unrealized_pnl_0": [90041, 20.31016882191414, 264710979237.3866], "unrealized_pnl_1": [90041, 37.69215913909899, 1739226562931.4775], "unrealized_pnl_2": [90041, 984.9674639317959, 71678556907327.3], "unrealized_pnl_3": [90041, 4216.144542846095, 664649148564635.4], "unrealized_pnl_4": [90041, 61.35561468535079, 1825901426121.5796], "unrealized_pnl_5": [90041, 1926.6246409754563, 180870380564930.6], "unrealized_pnl_6": [90041, 166.97601687993048, 3686694230986.2905], "unrealized_pnl_7": [90041, 45.497339440668426, 601571754643.3862], "unrealized_pnl_8": [90041, 30.398186916889074, 502141838736.4018], "unrealized_pnl_9": [90041, 504.93088287348826, 20915263112731.48], "margin_usage_ratio": [90041, 0.014217701828052962, 16.557432639849477]}, "pcr_min_ew": 0.9837772970628111, "pcr_max_ew": 0.999999999999959}