{"r_count": 43522.000100000005, "r_mean": -0.16486836654096354, "r_var": 988.1027241494503, "tanh_k": 2.0, "feature_welford": {"unrealized_pnl": [43523, 268.9887073147224, 3891496616789.8535], "realized_pnl": [43523, 284.5052020905031, 16884967199254.717], "compounded_returns": [43523, 12.1494804057387, 80090796.34630884], "balance": [43523, 120463.75970269789, 9944165283069214.0], "position_value": [43523, 47311.2002269525, 697695155330423.2], "current_position_size": [43523, 236274.35838846312, 1.7407221380594238e+16], "last_log_ret": [43523, 0.0010546017033027622, 400.7268110102624], "sortino_ratio": [43523, 0.1801310078129629, 10496.257014998315], "rolling_pnl_sigma": [43523, 0.07802954684765777, 131.7921575128937], "portfolio_cash_ratio": [43523, 0.3110004212686949, 2853.1379583325997], "free_collateral": [43523, 165595.7117624548, 1.2626861476550864e+16], "mm_reqs": [43523, 2465.8404255505247, 2261778047333.8765], "unrealized_pnl_0": [43523, 36.90484513246535, 299713206536.3416], "unrealized_pnl_1": [43523, 24.25159884394729, 576090154289.3683], "unrealized_pnl_2": [43523, -34.924610388745926, 3191154816711.13], "unrealized_pnl_3": [43523, 157.07225781897475, 6572470570938.821], "unrealized_pnl_4": [43523, 12.953620996860913, 737386841522.8556], "unrealized_pnl_5": [43523, 143.0649656769698, 3679412272644.2266], "unrealized_pnl_6": [43523, 112.92337705948287, 1052461728023.1504], "unrealized_pnl_7": [43523, 33.770678089703544, 283075383595.4704], "unrealized_pnl_8": [43523, 26.51937688097622, 260589964353.52933], "unrealized_pnl_9": [43523, 55.16915577042386, 2225304598631.926], "margin_usage_ratio": [43523, 0.02288032647576225, 6.075572649675992]}, "pcr_min_ew": 0.8164436225125884, "pcr_max_ew": 0.9975121931469966}