{"r_count": 86689.0001, "r_mean": -0.10818567235488244, "r_var": 1617.4682633861546, "tanh_k": 2.0, "feature_welford": {"unrealized_pnl": [86690, 3736.624466683795, 298014051198538.7], "realized_pnl": [86690, 6604.748789429068, 1020261409041775.4], "compounded_returns": [86690, 1922.5933491209796, 895308020882.8668], "balance": [86690, 5354429.6968039265, 5.184487594365155e+18], "position_value": [86690, 118086.74081576393, 9810885483321248.0], "current_position_size": [86690, 590036.2014607055, 2.4518002719190506e+17], "last_log_ret": [86690, 0.005417371623794541, 481.84337492453], "sortino_ratio": [86690, 0.7872097675249626, 1662093.373941544], "rolling_pnl_sigma": [86690, 0.050255811561934906, 243.95264163236914], "portfolio_cash_ratio": [86690, 0.5624046708232626, 12516.004773069286], "free_collateral": [86690, 5468735.6445795, 5.212920762161664e+18], "mm_reqs": [86690, 7563.387360441521, 85607556026731.66], "unrealized_pnl_0": [86690, 20.716057302134153, 264554483069.14172], "unrealized_pnl_1": [86690, 40.90743731716127, 1728748550387.6467], "unrealized_pnl_2": [86690, 914.9756296056323, 65995205908200.555], "unrealized_pnl_3": [86690, 3908.519178291544, 568081180100482.2], "unrealized_pnl_4": [86690, 56.26824295457218, 1765132881201.1248], "unrealized_pnl_5": [86690, 1882.7366634281393, 171120628527923.47], "unrealized_pnl_6": [86690, 165.91505580918692, 3555677440944.9756], "unrealized_pnl_7": [86690, 43.55217475079599, 586773560238.49], "unrealized_pnl_8": [86690, 30.780185008874064, 501015664939.22797], "unrealized_pnl_9": [86690, 503.6843849386964, 20374409724799.098], "margin_usage_ratio": [86690, 0.014540684562747042, 15.957811502117792]}, "pcr_min_ew": 0.9801926702456997, "pcr_max_ew": 1.0000000000001021}