{"r_count": 134420.0001, "r_mean": -0.09461462695451782, "r_var": 1927.236618972501, "tanh_k": 2.0, "feature_welford": {"unrealized_pnl": [134421, 5508.588550108093, 919636793106561.6], "realized_pnl": [134421, 10180.660413936346, 9469075212684980.0], "compounded_returns": [134421, 4121.422187902218, 4755322848320.278], "balance": [134421, 8634391.486672949, 1.7116642995226364e+19], "position_value": [134421, 125073.11798150683, 1.515814005215788e+16], "current_position_size": [134421, 625038.9043439608, 3.7890744896214464e+17], "last_log_ret": [134421, 0.006259341415225442, 622.6935102737709], "sortino_ratio": [134421, 2.037808097928247, 201265676.31527138], "rolling_pnl_sigma": [134421, 0.04325337472096867, 344.33154011540796], "portfolio_cash_ratio": [134421, 0.6290785463266274, 18697.63206069815], "free_collateral": [134421, 8756895.611243542, 1.7086098090182304e+19], "mm_reqs": [134421, 8127.4740513297975, 182604592800212.88], "unrealized_pnl_0": [134421, 21.74423995671479, 589518041948.5669], "unrealized_pnl_1": [134421, 10.627740178653507, 2046130488883.8762], "unrealized_pnl_2": [134421, 1652.8493523889845, 132841201235883.73], "unrealized_pnl_3": [134421, 7356.93367411769, 2524947730678865.5], "unrealized_pnl_4": [134421, 56.111734820186975, 5689334026097.689], "unrealized_pnl_5": [134421, 1765.170865135236, 231747405800779.88], "unrealized_pnl_6": [134421, 201.1775916223862, 7230036878350.043], "unrealized_pnl_7": [134421, 86.80529765022641, 948288745671.1514], "unrealized_pnl_8": [134421, 33.69216235949684, 838421866730.6986], "unrealized_pnl_9": [134421, 622.7758991085857, 44532800353132.93], "margin_usage_ratio": [134421, 0.012943991874494458, 25.858321316958477]}, "pcr_min_ew": 0.9902165009049945, "pcr_max_ew": 0.9999999995270011}