{"r_count": 6047.0001, "r_mean": -0.17800349570905802, "r_var": 306.5508829489333, "tanh_k": 2.0, "feature_welford": {"unrealized_pnl": [6048, 5.315789346440503, 259194574.44822013], "realized_pnl": [6048, 4.667128531059099, 1366122145.6769698], "compounded_returns": [6048, 0.429566376112494, 1896.550298160019], "balance": [6048, 390.43847564285346, 7601441585.537149], "position_value": [6048, 1113.6476936665965, 35457334311.97748], "current_position_size": [6048, 5565.822020649627, 886555774404.4487], "last_log_ret": [6048, -0.0027596607176224486, 63.340897804516835], "sortino_ratio": [6048, 0.11194479100997329, 1046.7560534333993], "rolling_pnl_sigma": [6048, 0.084815371333789, 19.145309916228292], "portfolio_cash_ratio": [6048, 0.2590107763648854, 284.7244034540311], "free_collateral": [6048, 1475.9161710426017, 58989798514.77501], "mm_reqs": [6048, 33.94294016687775, 75605994.90915461], "unrealized_pnl_0": [6048, 1.282020233677496, 49045760.28877996], "unrealized_pnl_1": [6048, 0.6980427743550668, 40583693.53476237], "unrealized_pnl_2": [6048, 0.29177329522913026, 37261649.10893136], "unrealized_pnl_3": [6048, 2.722956280617682, 253138217.27611312], "unrealized_pnl_4": [6048, -4.533051879472141, 557669009.7073349], "unrealized_pnl_5": [6048, -0.34237062478581043, 112139104.0600725], "unrealized_pnl_6": [6048, 2.3722806374719645, 116475719.60856037], "unrealized_pnl_7": [6048, -0.786188654693822, 41072214.792318165], "unrealized_pnl_8": [6048, 1.6602136519635344, 46276998.77749137], "unrealized_pnl_9": [6048, 3.393394915069826, 221392702.90241787], "margin_usage_ratio": [6048, 0.02057812031895471, 0.38920943347545056]}, "pcr_min_ew": 0.02408210914651168, "pcr_max_ew": 0.8215699153133342}