{"r_count": 59760.000100000005, "r_mean": -0.14408681645927116, "r_var": 2141.4082034735757, "tanh_k": 2.0, "feature_welford": {"unrealized_pnl": [59761, 1190.0750828315272, 61866420806221.55], "realized_pnl": [59761, 429.1601349372498, 5133907654262231.0], "compounded_returns": [59761, 309.78872123434695, 43625985817.60871], "balance": [59761, 1390375.607434915, 7.580922206525998e+17], "position_value": [59761, 102890.82469188562, 4593610375775013.0], "current_position_size": [59761, 513950.8567348295, 1.1482200447529322e+17], "last_log_ret": [59761, 0.0034045237876874027, 827.9100665088836], "sortino_ratio": [59761, 0.3970576238312203, 234900.8146326563], "rolling_pnl_sigma": [59761, 0.06872843322998476, 221.92066102857382], "portfolio_cash_ratio": [59761, 0.41418921733883424, 6450.343155482189], "free_collateral": [59761, 1488546.2695537573, 7.81608743536993e+17], "mm_reqs": [59761, 5950.064038546235, 27022195852439.332], "unrealized_pnl_0": [59761, 30.509182653773046, 409479577936.98987], "unrealized_pnl_1": [59761, 34.80667578157175, 1374834152682.2395], "unrealized_pnl_2": [59761, 3.420912094447836, 28328773558330.06], "unrealized_pnl_3": [59761, 1184.051555214389, 110728768634112.55], "unrealized_pnl_4": [59761, 40.87704306005159, 1338501628082.6682], "unrealized_pnl_5": [59761, 803.8586421031691, 56097948540184.91], "unrealized_pnl_6": [59761, 155.4981284009159, 2565548013949.2256], "unrealized_pnl_7": [59761, 20.07987037634256, 658410525141.5454], "unrealized_pnl_8": [59761, 16.80081309454264, 541042540660.0016], "unrealized_pnl_9": [59761, 251.87420983724581, 10909802492121.861], "margin_usage_ratio": [59761, 0.020180550078222673, 10.772189300385518]}, "pcr_min_ew": 0.7769776082583773, "pcr_max_ew": 0.9926347532290388}