{"r_count": 14679.000100000001, "r_mean": -0.1852817556143694, "r_var": 558.839515546071, "tanh_k": 2.0, "feature_welford": {"unrealized_pnl": [14680, 9.358856745402964, 36070716726.06652], "realized_pnl": [14680, -4.087276598790187, 171467852726.6546], "compounded_returns": [14680, 0.9684236292072013, 226321.12849849154], "balance": [14680, 3061.5554685363973, 2350115456981.6963], "position_value": [14680, 7595.805552924243, 6970310476935.852], "current_position_size": [14680, 37971.02778932596, 174262799088778.78], "last_log_ret": [14680, -0.0019646531142880823, 172.22052277026148], "sortino_ratio": [14680, 0.11660390515102528, 2589.0691316124094], "rolling_pnl_sigma": [14680, 0.08596526199548295, 58.061518906110415], "portfolio_cash_ratio": [14680, 0.25980048129807526, 705.7242830319502], "free_collateral": [14680, 10331.124473184565, 13021584571255.125], "mm_reqs": [14680, 339.49596874315876, 24342218817.322514], "unrealized_pnl_0": [14680, 2.0703740600238025, 14424514535.63244], "unrealized_pnl_1": [14680, 6.666319913093949, 27629564332.799343], "unrealized_pnl_2": [14680, -4.6369041930980295, 5467143455.007449], "unrealized_pnl_3": [14680, 28.865722472350928, 130829189724.82274], "unrealized_pnl_4": [14680, -19.43598902572886, 114332662972.42738], "unrealized_pnl_5": [14680, 4.3117797912529365, 13183198812.124392], "unrealized_pnl_6": [14680, -14.181999170236015, 21001505269.47968], "unrealized_pnl_7": [14680, 0.7151547667409919, 33477942430.17164], "unrealized_pnl_8": [14680, 1.2938764593449847, 16027225272.216852], "unrealized_pnl_9": [14680, 23.999245270926114, 30696733612.180336], "margin_usage_ratio": [14680, 0.022287530623960574, 1.397308769849915]}, "pcr_min_ew": 0.01794512683663254, "pcr_max_ew": 0.7452425322385301}