{"r_count": 40331.000100000005, "r_mean": -0.1584461013186928, "r_var": 1083.686661942757, "tanh_k": 2.0, "feature_welford": {"unrealized_pnl": [40332, 416.433953460593, 12691857968235.387], "realized_pnl": [40332, 947.8948140919454, 57872467655054.91], "compounded_returns": [40332, 85.08246173088037, 5093659076.132095], "balance": [40332, 569353.8136501064, 1.6193587021047005e+17], "position_value": [40332, 59708.702934655805, 1459672825987525.2], "current_position_size": [40332, 298018.6383328457, 3.645555151637147e+16], "last_log_ret": [40332, 0.002021643652972353, 382.36910345693525], "sortino_ratio": [40332, 0.25404139150366795, 133042.75217489828], "rolling_pnl_sigma": [40332, 0.07518482329276616, 145.35713957862134], "portfolio_cash_ratio": [40332, 0.3428478592053373, 3400.3921055145966], "free_collateral": [40332, 626193.3492631987, 1.704467421625347e+17], "mm_reqs": [40332, 3309.940109624823, 7543619098401.59], "unrealized_pnl_0": [40332, 26.26203267542604, 181493499863.08426], "unrealized_pnl_1": [40332, 42.14290430456726, 567025052306.1727], "unrealized_pnl_2": [40332, 132.66477543339218, 8513512538587.418], "unrealized_pnl_3": [40332, 410.82099334340285, 21691693848605.113], "unrealized_pnl_4": [40332, 18.67391631668413, 329038146483.5971], "unrealized_pnl_5": [40332, 367.7751325142939, 17250902520298.041], "unrealized_pnl_6": [40332, 36.4452924673916, 998020673584.6301], "unrealized_pnl_7": [40332, 18.705181449737104, 253317846564.52335], "unrealized_pnl_8": [40332, 14.168750477025238, 135696371422.02249], "unrealized_pnl_9": [40332, 43.10446459609785, 2116513907551.4211], "margin_usage_ratio": [40332, 0.022007949061447332, 6.378433140678453]}, "pcr_min_ew": 0.1154508084818806, "pcr_max_ew": 0.7041211089638206}