{"r_count": 17749.0001, "r_mean": -0.18427048051838105, "r_var": 723.3922274671617, "tanh_k": 2.0, "feature_welford": {"unrealized_pnl": [17750, 48.40468084047791, 442147915695.37427], "realized_pnl": [17750, 37.73280791346336, 1200559455552.041], "compounded_returns": [17750, 1.5681433266637712, 360989.7760955926], "balance": [17750, 13558.824093733074, 59333007727654.47], "position_value": [17750, 18509.591263646595, 67691017039362.664], "current_position_size": [17750, 92469.85805316649, 1692106454929888.5], "last_log_ret": [17750, -0.0011203549048103166, 268.71357109182884], "sortino_ratio": [17750, 0.1449085990593066, 3643.2671357088434], "rolling_pnl_sigma": [17750, 0.08726222992032527, 73.77681877760043], "portfolio_cash_ratio": [17750, 0.27209516538190526, 928.3032159018716], "free_collateral": [17750, 31112.298275165253, 189452730067062.7], "mm_reqs": [17750, 1011.4962926005188, 267808355443.4394], "unrealized_pnl_0": [17750, 2.39826716222644, 81632662340.11678], "unrealized_pnl_1": [17750, 20.835675189400717, 116099387484.74908], "unrealized_pnl_2": [17750, 18.847237515792365, 106406603648.27573], "unrealized_pnl_3": [17750, -42.92720761606785, 465251241004.3223], "unrealized_pnl_4": [17750, -14.19208402699222, 77592636522.51683], "unrealized_pnl_5": [17750, -6.724688791399455, 298901089327.1172], "unrealized_pnl_6": [17750, 72.21492521989367, 148897685770.6349], "unrealized_pnl_7": [17750, 21.131167052805182, 74426043602.36845], "unrealized_pnl_8": [17750, 0.6551935875054913, 50729509207.20435], "unrealized_pnl_9": [17750, 0.7024730117643901, 195012688515.51874], "margin_usage_ratio": [17750, 0.022257172352175, 1.8539576456547995]}, "pcr_min_ew": 0.0627010416806208, "pcr_max_ew": 0.8443589490689459}