{"r_count": 21425.0001, "r_mean": -0.18376294873999027, "r_var": 625.9400651831128, "tanh_k": 2.0, "feature_welford": {"unrealized_pnl": [21426, 31.189791905413, 56023897271.20172], "realized_pnl": [21426, 20.46224403718359, 90499716113.95024], "compounded_returns": [21426, 0.866188735436687, 130621.5046283199], "balance": [21426, 2501.812533335676, 1924084451139.4128], "position_value": [21426, 6549.810422442861, 6717468503595.956], "current_position_size": [21426, 32731.348255675966, 167925952723944.9], "last_log_ret": [21426, -0.0016085831519872431, 249.03929626904335], "sortino_ratio": [21426, 0.12338199865865496, 3596.0147932321665], "rolling_pnl_sigma": [21426, 0.08675853910443987, 81.83818213757951], "portfolio_cash_ratio": [21426, 0.25913749644296374, 1017.4429255098486], "free_collateral": [21426, 8801.791345867801, 11653082427085.256], "mm_reqs": [21426, 284.282874038297, 22576307116.648], "unrealized_pnl_0": [21426, 0.6806152189195201, 20222453902.19094], "unrealized_pnl_1": [21426, 9.884600836335187, 32758730217.932636], "unrealized_pnl_2": [21426, -1.8496157832313558, 5514275130.233145], "unrealized_pnl_3": [21426, 0.22874117650381437, 24520534639.208523], "unrealized_pnl_4": [21426, -3.239048476346552, 9706891122.948107], "unrealized_pnl_5": [21426, 0.9739630127347304, 7043824453.597303], "unrealized_pnl_6": [21426, -4.78623302116489, 21588902604.279858], "unrealized_pnl_7": [21426, 16.45022826482664, 21771344884.21446], "unrealized_pnl_8": [21426, 10.38044711139616, 17480640069.349297], "unrealized_pnl_9": [21426, 18.824682312777007, 32705801260.268616], "margin_usage_ratio": [21426, 0.022106030030977965, 1.9514220865404694]}, "pcr_min_ew": -0.057709987899221826, "pcr_max_ew": 0.6520784825610286}