{"r_count": 1072.0001, "r_mean": -0.1914517063551509, "r_var": 53.66926616996507, "tanh_k": 2.0, "feature_welford": {"unrealized_pnl": [1073, -0.8129522545833296, 7662828.754966233], "realized_pnl": [1073, -2.253388749501904, 87183917.98260243], "compounded_returns": [1073, 0.47329504510327175, 376.96970157755993], "balance": [1073, 330.9746140310138, 270087465.3921882], "position_value": [1073, 966.6739764619235, 1136372549.6635435], "current_position_size": [1073, 4828.28748260749, 28437404997.159294], "last_log_ret": [1073, -0.0037387564304167194, 14.285991856015443], "sortino_ratio": [1073, 0.08566924584771886, 121.79442212337231], "rolling_pnl_sigma": [1073, 0.08886503155333685, 5.044815685329863], "portfolio_cash_ratio": [1073, 0.25823940463598655, 53.91040794671247], "free_collateral": [1073, 1269.8764143131025, 1528709201.4193902], "mm_reqs": [1073, 27.38475108114352, 1175959.5198608225], "unrealized_pnl_0": [1073, -2.7452047057322577, 3926023.79081072], "unrealized_pnl_1": [1073, 3.487500687070654, 20926213.518498782], "unrealized_pnl_2": [1073, 2.86943429572606, 1877233.471254155], "unrealized_pnl_3": [1073, 2.0715791632880003, 3296749.328287878], "unrealized_pnl_4": [1073, 2.933568985485811, 7182319.274526441], "unrealized_pnl_5": [1073, 1.5178032009241214, 1816200.8706376895], "unrealized_pnl_6": [1073, 3.687725533999905, 2435904.0788680795], "unrealized_pnl_7": [1073, -0.23881166424024525, 2255946.140154959], "unrealized_pnl_8": [1073, -1.2836408964339714, 4572252.137576306], "unrealized_pnl_9": [1073, -3.0700717945096976, 11020448.81423949], "margin_usage_ratio": [1073, 0.02067816221751195, 0.06821800588102403]}, "pcr_min_ew": -0.0178909583634696, "pcr_max_ew": 0.7414551511695562}