{"r_count": 59712.000100000005, "r_mean": -0.13632139015966183, "r_var": 1974.0670464481527, "tanh_k": 2.0, "feature_welford": {"unrealized_pnl": [59713, 1380.5787216197855, 108495030703999.75], "realized_pnl": [59713, 2487.6813100800496, 348101986510759.94], "compounded_returns": [59713, 526.2916356707643, 117072453310.7626], "balance": [59713, 1976772.0888327556, 1.2527611069655002e+18], "position_value": [59713, 125518.65987744911, 5297975977666424.0], "current_position_size": [59713, 626995.4226416259, 1.3243827993570304e+17], "last_log_ret": [59713, 0.0038292262737317203, 737.7983730961204], "sortino_ratio": [59713, 0.398440340275495, 238216.2197747558], "rolling_pnl_sigma": [59713, 0.06462163601892143, 219.88710490495885], "portfolio_cash_ratio": [59713, 0.4560894383945061, 7050.321247256138], "free_collateral": [59713, 2096623.182648285, 1.27426238048881e+18], "mm_reqs": [59713, 7097.356630483836, 29651985006448.42], "unrealized_pnl_0": [59713, 6.699965246131678, 490231488155.4421], "unrealized_pnl_1": [59713, 19.34984766240328, 1355692021343.0286], "unrealized_pnl_2": [59713, 87.86490737066092, 37043574418334.56], "unrealized_pnl_3": [59713, 1818.131703434908, 239520816053791.22], "unrealized_pnl_4": [59713, 59.781064992764236, 1799471556799.9392], "unrealized_pnl_5": [59713, 849.617738043049, 75256012761629.4], "unrealized_pnl_6": [59713, 127.159390389966, 2329846989331.546], "unrealized_pnl_7": [59713, 1.8025682513872505, 611221407344.3002], "unrealized_pnl_8": [59713, 36.0978152240487, 579407386086.0702], "unrealized_pnl_9": [59713, 267.5306056699266, 10798046881043.486], "margin_usage_ratio": [59713, 0.01913159518976212, 11.536838291468001]}, "pcr_min_ew": 0.9690437532599522, "pcr_max_ew": 1.0000000000000797}