{"r_count": 63063.000100000005, "r_mean": -0.13206094991317419, "r_var": 2006.123801499656, "tanh_k": 2.0, "feature_welford": {"unrealized_pnl": [63064, 1564.5027772686867, 121571875550965.23], "realized_pnl": [63064, 2939.9097603685686, 409205633602576.9], "compounded_returns": [63064, 690.7654697813036, 168448285486.5756], "balance": [63064, 2345038.1484134025, 1.551472434516287e+18], "position_value": [63064, 129104.47568063701, 5960146463806967.0], "current_position_size": [63064, 644934.138945642, 1.489936756889771e+17], "last_log_ret": [63064, 0.00408101080755493, 743.6463300884383], "sortino_ratio": [63064, 0.4549816796533556, 335528.3348128382], "rolling_pnl_sigma": [63064, 0.06248841037624858, 228.07801208943545], "portfolio_cash_ratio": [63064, 0.47499580358002985, 7751.482345792688], "free_collateral": [63064, 2468389.2964085573, 1.5744628810845217e+18], "mm_reqs": [63064, 7367.57925796613, 35380071230344.16], "unrealized_pnl_0": [63064, 6.724229949662778, 490955687030.2219], "unrealized_pnl_1": [63064, 22.097087302464924, 1372665549745.4304], "unrealized_pnl_2": [63064, 138.15163895910356, 41762005683606.44], "unrealized_pnl_3": [63064, 2011.5425189888808, 268269132013299.62], "unrealized_pnl_4": [63064, 57.73174068311823, 1842160584379.9934], "unrealized_pnl_5": [63064, 1020.0887314960687, 91444263853452.8], "unrealized_pnl_6": [63064, 136.37334784999348, 2498036444605.168], "unrealized_pnl_7": [63064, 5.496066707081934, 630747658104.5569], "unrealized_pnl_8": [63064, 39.54613006962682, 595558463894.2261], "unrealized_pnl_9": [63064, 327.7005748663094, 13327791642457.453], "margin_usage_ratio": [63064, 0.018494916285456398, 12.41308401061398]}, "pcr_min_ew": 0.967260915525534, "pcr_max_ew": 0.9997532678823455}