{"r_count": 121016.0001, "r_mean": -0.10067888671188747, "r_var": 1855.8085604681717, "tanh_k": 2.0, "feature_welford": {"unrealized_pnl": [121017, 4667.103139079689, 673879697156200.5], "realized_pnl": [121017, 8755.545844071537, 8671549898784534.0], "compounded_returns": [121017, 3369.033431515947, 3378802522338.0195], "balance": [121017, 7457804.417403084, 1.3178471541102391e+19], "position_value": [121017, 123538.19528119545, 1.3131255978060608e+16], "current_position_size": [121017, 617328.1098656232, 3.282346710149077e+17], "last_log_ret": [121017, 0.005935110455734356, 608.7579427319647], "sortino_ratio": [121017, 1.6292404904906734, 69521857.15877634], "rolling_pnl_sigma": [121017, 0.04625651625762054, 325.9977998324693], "portfolio_cash_ratio": [121017, 0.6043884287761248, 16913.92331988283], "free_collateral": [121017, 7578128.085235724, 1.3168167784682795e+19], "mm_reqs": [121017, 7931.797429790282, 148316846217160.62], "unrealized_pnl_0": [121017, 24.0604192969535, 578122387955.7819], "unrealized_pnl_1": [121017, 13.101261622201742, 2032782152365.2795], "unrealized_pnl_2": [121017, 1174.8662823921331, 100860191456711.72], "unrealized_pnl_3": [121017, 6433.219137799639, 1936450842560801.0], "unrealized_pnl_4": [121017, 60.12068736532066, 5344774586591.633], "unrealized_pnl_5": [121017, 1629.0811499601111, 199845053049309.0], "unrealized_pnl_6": [121017, 211.86301205509818, 7142824552547.957], "unrealized_pnl_7": [121017, 76.43705333844994, 884050847856.3921], "unrealized_pnl_8": [121017, 35.87055017696219, 833212664258.0037], "unrealized_pnl_9": [121017, 574.5022704646696, 40592551818798.234], "margin_usage_ratio": [121017, 0.013810243377160539, 23.735634364195686]}, "pcr_min_ew": 0.9856324387990327, "pcr_max_ew": 1.0000000000001255}