{"r_count": 142008.0001, "r_mean": -0.08643353919445626, "r_var": 1900.5372820021264, "tanh_k": 2.0, "feature_welford": {"unrealized_pnl": [142009, 6153.277874671234, 1132041114456715.0], "realized_pnl": [142009, 11127.470386372068, 3469458643532812.0], "compounded_returns": [142009, 4436.314790866043, 4656146631552.513], "balance": [142009, 9305732.472836219, 1.6550412991085773e+19], "position_value": [142009, 138412.2607400952, 1.9493027130900252e+16], "current_position_size": [142009, 691767.6347145811, 4.872716814874415e+17], "last_log_ret": [142009, 0.006814264978396489, 594.7614661895941], "sortino_ratio": [142009, 3.0962980047620436, 1315144621.8262088], "rolling_pnl_sigma": [142009, 0.03917730102294575, 347.2904914253552], "portfolio_cash_ratio": [142009, 0.6696797995201969, 19417.5492553443], "free_collateral": [142009, 9441118.718722478, 1.6512582697977072e+19], "mm_reqs": [142009, 9246.506086607338, 215057922824161.66], "unrealized_pnl_0": [142009, 20.144081762472617, 552649463668.5997], "unrealized_pnl_1": [142009, 37.22770755944101, 1984325789518.713], "unrealized_pnl_2": [142009, 1826.4686695966564, 187860741260868.66], "unrealized_pnl_3": [142009, 8177.0119133097905, 2897743870552658.0], "unrealized_pnl_4": [142009, 71.3740071193754, 2246839166826.063], "unrealized_pnl_5": [142009, 2369.359187770564, 344329272411443.25], "unrealized_pnl_6": [142009, 171.9721663940542, 5599103835104.67], "unrealized_pnl_7": [142009, 82.32040238976622, 879029779135.2618], "unrealized_pnl_8": [142009, 8.150755323408683, 663677714359.2306], "unrealized_pnl_9": [142009, 808.0438736236848, 57829878459447.91], "margin_usage_ratio": [142009, 0.011413717454449567, 25.43276187471576]}, "pcr_min_ew": 0.990536231997315, "pcr_max_ew": 0.9999999965819238}