{"r_count": 162114.0001, "r_mean": -0.08026089427381337, "r_var": 1978.270921681951, "tanh_k": 2.0, "feature_welford": {"unrealized_pnl": [162115, 7054.6234080734075, 1444640476231246.0], "realized_pnl": [162115, 12978.719557548256, 4752070354910558.0], "compounded_returns": [162115, 5450.702238367814, 7209188176396.229], "balance": [162115, 10740111.685251357, 2.284032273894997e+19], "position_value": [162115, 138593.63314578397, 2.2673502264482804e+16], "current_position_size": [162115, 692710.9165965597, 5.66783637406071e+17], "last_log_ret": [162115, 0.007116778775799997, 613.0490979594691], "sortino_ratio": [162115, 3.1946315923444226, 1341238040.1741884], "rolling_pnl_sigma": [162115, 0.036116472262769914, 367.36440282816454], "portfolio_cash_ratio": [162115, 0.6938109115808413, 21519.465581101573], "free_collateral": [162115, 10876512.45714233, 2.2757897467664216e+19], "mm_reqs": [162115, 9315.55034151106, 262387394251876.97], "unrealized_pnl_0": [162115, 18.87171681211515, 555075012259.9868], "unrealized_pnl_1": [162115, 29.584366334179116, 2065138900257.2395], "unrealized_pnl_2": [162115, 2587.3274196906327, 256813993388399.25], "unrealized_pnl_3": [162115, 9343.136051138248, 3924918570803902.0], "unrealized_pnl_4": [162115, 77.09948764372297, 2345018796868.321], "unrealized_pnl_5": [162115, 2489.782013984183, 392725829451838.75], "unrealized_pnl_6": [162115, 166.9052789787508, 5860122804177.763], "unrealized_pnl_7": [162115, 97.34837525630972, 1040522128066.6061], "unrealized_pnl_8": [162115, 9.56888022399158, 681068988821.5903], "unrealized_pnl_9": [162115, 878.5954156445334, 67259834486460.38], "margin_usage_ratio": [162115, 0.010585011016525819, 27.89604368639794]}, "pcr_min_ew": 0.9911896411232153, "pcr_max_ew": 0.9999999029345749}