{"r_count": 174401.0001, "r_mean": -0.07709061852211317, "r_var": 2020.8565797147392, "tanh_k": 2.0, "feature_welford": {"unrealized_pnl": [174402, 7489.40859392885, 1583736516302768.8], "realized_pnl": [174402, 13713.500028970098, 5313831742417777.0], "compounded_returns": [174402, 5967.70350371551, 8665139787767.657], "balance": [174402, 11435355.292757541, 2.6227512553632776e+19], "position_value": [174402, 139382.42210256378, 2.4851794349498548e+16], "current_position_size": [174402, 696672.983595559, 6.212412696189298e+17], "last_log_ret": [174402, 0.007266736503010004, 623.5570717092377], "sortino_ratio": [174402, 3.2041627594733897, 1344765410.1127458], "rolling_pnl_sigma": [174402, 0.03455723363107491, 378.2069998849796], "portfolio_cash_ratio": [174402, 0.7059298892299063, 22723.506742816582], "free_collateral": [174402, 11572912.67808472, 2.61187859073858e+19], "mm_reqs": [174402, 9381.571527610817, 292093141103558.7], "unrealized_pnl_0": [174402, 18.696111336463918, 563489948402.5275], "unrealized_pnl_1": [174402, 27.4989592561529, 2119433688102.4153], "unrealized_pnl_2": [174402, 3039.899723295762, 306464532188979.9], "unrealized_pnl_3": [174402, 9928.643767611115, 4471276737603892.5], "unrealized_pnl_4": [174402, 82.25596366163562, 2468230562094.199], "unrealized_pnl_5": [174402, 2545.403118016146, 424499293710714.1], "unrealized_pnl_6": [174402, 162.42273225191886, 5964213138497.073], "unrealized_pnl_7": [174402, 110.6728838145095, 1228861940866.1365], "unrealized_pnl_8": [174402, 12.610606807290269, 707632100945.6528], "unrealized_pnl_9": [174402, 887.489697681172, 70582394949555.42], "margin_usage_ratio": [174402, 0.010171508407317552, 29.325545937348767]}, "pcr_min_ew": 0.9965873176226608, "pcr_max_ew": 0.9999999999999502}