{"r_count": 38212.000100000005, "r_mean": -0.1662658765538234, "r_var": 926.4465848958256, "tanh_k": 2.0, "feature_welford": {"unrealized_pnl": [38213, 202.39541297237804, 8865476210777.402], "realized_pnl": [38213, 362.92477976532126, 40185610077365.17], "compounded_returns": [38213, 28.144082793415183, 479366512.4652773], "balance": [38213, 277386.5337293847, 5.391970625204833e+16], "position_value": [38213, 43606.26083486582, 1016721423745584.0], "current_position_size": [38213, 217775.34377312454, 2.54068177339547e+16], "last_log_ret": [38213, 0.001160848155926119, 366.234332504689], "sortino_ratio": [38213, 0.18007624356695554, 10070.90198004222], "rolling_pnl_sigma": [38213, 0.07916138664598198, 119.87542961783676], "portfolio_cash_ratio": [38213, 0.30961103090576864, 2699.6357743271938], "free_collateral": [38213, 318786.5639175945, 6.0293310249725576e+16], "mm_reqs": [38213, 2425.78093371747, 5592073782168.95], "unrealized_pnl_0": [38213, 11.889607130085006, 109439327119.39143], "unrealized_pnl_1": [38213, 28.62568231527008, 522458420318.78925], "unrealized_pnl_2": [38213, -97.20001398731412, 5114989137132.303], "unrealized_pnl_3": [38213, 277.5928731381618, 14762028102014.281], "unrealized_pnl_4": [38213, 8.530751448313191, 180177408093.63132], "unrealized_pnl_5": [38213, 42.48554813689273, 7591478456521.167], "unrealized_pnl_6": [38213, 23.849102542930332, 445219972925.90076], "unrealized_pnl_7": [38213, 14.802823386133603, 108211061148.62091], "unrealized_pnl_8": [38213, 8.483152004492757, 78749609326.53967], "unrealized_pnl_9": [38213, 104.9577498839669, 2224677541477.1753], "margin_usage_ratio": [38213, 0.022026130218140108, 5.01486188143027]}, "pcr_min_ew": 0.30708179490538395, "pcr_max_ew": 0.9507962725276989}