{"r_count": 121935.0001, "r_mean": -0.09389197334943998, "r_var": 1859.6192368071133, "tanh_k": 2.0, "feature_welford": {"unrealized_pnl": [121936, 5052.6430261293835, 804309093214090.5], "realized_pnl": [121936, 10267.803780209333, 2939265178170461.0], "compounded_returns": [121936, 3810.6240071793463, 3820622640433.8784], "balance": [121936, 8449037.05039102, 1.449557360047491e+19], "position_value": [121936, 128802.07711426589, 1.4327198094995368e+16], "current_position_size": [121936, 643528.0242426608, 3.580944935863387e+17], "last_log_ret": [121936, 0.006437140486978191, 578.2251791818381], "sortino_ratio": [121936, 2.1295147294438, 214980142.07990387], "rolling_pnl_sigma": [121936, 0.04287822405953163, 327.4009360725081], "portfolio_cash_ratio": [121936, 0.6367595544331731, 16996.49725158248], "free_collateral": [121936, 8574559.245378241, 1.447422683308437e+19], "mm_reqs": [121936, 8389.634184464176, 169568440311980.97], "unrealized_pnl_0": [121936, 14.985791068114677, 517823611835.18353], "unrealized_pnl_1": [121936, 27.38645420999051, 1953522179038.7834], "unrealized_pnl_2": [121936, 1656.168909077889, 123646805122131.5], "unrealized_pnl_3": [121936, 7106.267904341728, 2175862589182845.5], "unrealized_pnl_4": [121936, 34.11516952937918, 2176551601615.6807], "unrealized_pnl_5": [121936, 2027.700264301756, 223984098912044.62], "unrealized_pnl_6": [121936, 171.72529671408995, 6206511313906.779], "unrealized_pnl_7": [121936, 81.51030789149529, 797162088378.2562], "unrealized_pnl_8": [121936, 29.248980613100166, 635035568766.5225], "unrealized_pnl_9": [121936, 602.0146572107317, 38132168171476.37], "margin_usage_ratio": [121936, 0.012770633382681225, 23.756486510352683]}, "pcr_min_ew": 0.9914317339269986, "pcr_max_ew": 0.9999999987908326}