{"r_count": 107791.0001, "r_mean": -0.1020954684730826, "r_var": 2528.80385878142, "tanh_k": 2.0, "feature_welford": {"unrealized_pnl": [107792, 3920.973577360592, 440163659433788.4], "realized_pnl": [107792, 7845.014695624229, 6962557281647452.0], "compounded_returns": [107792, 3070.4306670100714, 2336524076093.594], "balance": [107792, 6944805.151715701, 1.0049654744827552e+19], "position_value": [107792, 126116.90979791297, 1.2313697174427042e+16], "current_position_size": [107792, 630236.7764556194, 3.0782295563126214e+17], "last_log_ret": [107792, 0.0058504595138489665, 901.1605848042473], "sortino_ratio": [107792, 1.1191450166780035, 9567409.983458197], "rolling_pnl_sigma": [107792, 0.04737388581329276, 324.2771827843347], "portfolio_cash_ratio": [107792, 0.5994891053774225, 15193.529333229553], "free_collateral": [107792, 7066753.725088485, 1.0054967723104684e+19], "mm_reqs": [107792, 8141.1021845074, 127274536945838.02], "unrealized_pnl_0": [107792, 17.454985559582415, 461431181434.31854], "unrealized_pnl_1": [107792, 19.058562210750935, 1712325261839.0989], "unrealized_pnl_2": [107792, 1009.1258370151168, 99963589618103.3], "unrealized_pnl_3": [107792, 5332.909289578682, 1285592174884140.2], "unrealized_pnl_4": [107792, 58.036522164670316, 2078611506136.8315], "unrealized_pnl_5": [107792, 1775.7093276901155, 186705419482390.2], "unrealized_pnl_6": [107792, 194.03478712010417, 4141091447505.204], "unrealized_pnl_7": [107792, 43.80310908368462, 792517753899.0061], "unrealized_pnl_8": [107792, 20.6028860210051, 737654962833.1431], "unrealized_pnl_9": [107792, 563.4891022622807, 32986822361430.75], "margin_usage_ratio": [107792, 0.013933913337558229, 21.3431325231141]}, "pcr_min_ew": 0.9802432103178026, "pcr_max_ew": 0.9999999994416288}