{"r_count": 49465.000100000005, "r_mean": -0.15929792917595653, "r_var": 1133.8139556337567, "tanh_k": 2.0, "feature_welford": {"unrealized_pnl": [49466, 398.2128675085317, 9804281673429.469], "realized_pnl": [49466, -955.4688629594485, 6065414836891055.0], "compounded_returns": [49466, 52.64850781816783, 3323872359.4531937], "balance": [49466, 295238.96295983205, 7.654853655186109e+16], "position_value": [49466, 63962.00065140405, 1415050984769149.0], "current_position_size": [49466, 319430.4012099309, 3.5339571773493268e+16], "last_log_ret": [49466, 0.001920160961500592, 440.223380838913], "sortino_ratio": [49466, 0.22742434326064292, 34452.49271128309], "rolling_pnl_sigma": [49466, 0.07568448782655916, 150.71927958071367], "portfolio_cash_ratio": [49466, 0.33576419450348444, 3738.6740806212074], "free_collateral": [49466, 356195.5612299364, 8.305289118166325e+16], "mm_reqs": [49466, 3427.4389563314544, 6181554457158.989], "unrealized_pnl_0": [49466, 36.09023487400833, 382993473307.419], "unrealized_pnl_1": [49466, 26.26830896850338, 943977755935.3062], "unrealized_pnl_2": [49466, 69.55185218479608, 6057475842766.89], "unrealized_pnl_3": [49466, 239.53811881230715, 20025406242725.523], "unrealized_pnl_4": [49466, 24.36506376427056, 1163006108159.7168], "unrealized_pnl_5": [49466, 128.71471234511583, 9929844543054.217], "unrealized_pnl_6": [49466, 127.49715466874208, 1852163560707.9219], "unrealized_pnl_7": [49466, 37.942658900875614, 328950852503.21906], "unrealized_pnl_8": [49466, 32.984742282494246, 354888470218.1659], "unrealized_pnl_9": [49466, 159.68283888473954, 4345547765371.9707], "margin_usage_ratio": [49466, 0.02237267288997202, 7.308298643457062]}, "pcr_min_ew": 0.4221960387113586, "pcr_max_ew": 0.9999999999995081}