{"r_count": 112080.0001, "r_mean": -0.10537264266003522, "r_var": 1803.0079273757185, "tanh_k": 2.0, "feature_welford": {"unrealized_pnl": [112081, 4237.070896423488, 546219837504463.2], "realized_pnl": [112081, 7701.5655697018765, 8104687274593217.0], "compounded_returns": [112081, 2871.328307770567, 2638371751893.4487], "balance": [112081, 6643590.20958326, 1.0879252505552527e+19], "position_value": [112081, 122364.60027445504, 1.1808794090687504e+16], "current_position_size": [112081, 611436.7989151586, 2.951722334981511e+17], "last_log_ret": [112081, 0.005682473492155544, 598.7206345753254], "sortino_ratio": [112081, 1.2528559497344307, 42190129.13030102], "rolling_pnl_sigma": [112081, 0.04861130986077326, 312.18331241628687], "portfolio_cash_ratio": [112081, 0.5845956512734886, 15630.457728375546], "free_collateral": [112081, 6762435.813905738, 1.0879961161207792e+19], "mm_reqs": [112081, 7806.9562021217325, 128634466699088.31], "unrealized_pnl_0": [112081, 25.745531295563445, 577438449621.1385], "unrealized_pnl_1": [112081, 15.099765955509609, 2000663817571.0107], "unrealized_pnl_2": [112081, 931.1963216694139, 84418318525732.84], "unrealized_pnl_3": [112081, 5785.846554198494, 1520283246153773.8], "unrealized_pnl_4": [112081, 64.1042186957676, 5295265849349.758], "unrealized_pnl_5": [112081, 1577.1666090588992, 182434831441903.44], "unrealized_pnl_6": [112081, 225.09057821366898, 7035586677706.781], "unrealized_pnl_7": [112081, 62.71114344874591, 779168821491.7961], "unrealized_pnl_8": [112081, 37.09276528876447, 832037098491.6696], "unrealized_pnl_9": [112081, 555.5194646550354, 38095545386353.33], "margin_usage_ratio": [112081, 0.014497626358433912, 22.17624902205642]}, "pcr_min_ew": 0.986149692682698, "pcr_max_ew": 0.9999999958346919}