{"r_count": 73580.0001, "r_mean": -0.12280064621850757, "r_var": 1886.1362113557564, "tanh_k": 2.0, "feature_welford": {"unrealized_pnl": [73581, 1906.419316560908, 156415664533528.6], "realized_pnl": [73581, -10365455.92706771, 5.8217636051414544e+23], "compounded_returns": [73581, 921.42282761969, 300949387772.16644], "balance": [73581, 3263924.691082924, 2.4795251194220836e+18], "position_value": [73581, 122241.47399053026, 7873061541825577.0], "current_position_size": [73581, 610663.5534630172, 1.9674574791793245e+17], "last_log_ret": [73581, 0.004672732262638701, 627.6903542037004], "sortino_ratio": [73581, 0.696063609019083, 2009164.3877851262], "rolling_pnl_sigma": [73581, 0.057984101791541544, 231.98299064311843], "portfolio_cash_ratio": [73581, 0.5023873997547083, 9759.294618874581], "free_collateral": [73581, 3380624.6117004743, 2.5124746606995907e+18], "mm_reqs": [73581, 7496.20721180574, 59299163239501.52], "unrealized_pnl_0": [73581, 34.58143441374961, 416634868628.7135], "unrealized_pnl_1": [73581, 18.86371685509802, 1205256539377.9543], "unrealized_pnl_2": [73581, 356.57141983448884, 59374747784680.06], "unrealized_pnl_3": [73581, 2592.492117603711, 357779193597421.1], "unrealized_pnl_4": [73581, 46.72823849930736, 2161055305415.797], "unrealized_pnl_5": [73581, 1239.2670253243987, 104035157569019.61], "unrealized_pnl_6": [73581, 157.12636245861643, 2918019934102.1943], "unrealized_pnl_7": [73581, 4.224821572137356, 557871714114.9631], "unrealized_pnl_8": [73581, 5.119258991313081, 622032230907.5975], "unrealized_pnl_9": [73581, 458.8856090215685, 21182469308835.027], "margin_usage_ratio": [73581, 0.01689566443312686, 13.765226533806882]}, "pcr_min_ew": 0.9676127660550077, "pcr_max_ew": 1.0000000000000933}