{"r_count": 87506.0001, "r_mean": -0.1222710449849268, "r_var": 1626.6546623457034, "tanh_k": 2.0, "feature_welford": {"unrealized_pnl": [87507, 2647.0707077432257, 214386059727828.94], "realized_pnl": [87507, 4156.081675470923, 6832615241199169.0], "compounded_returns": [87507, 1281.619662596663, 713928675729.2603], "balance": [87507, 3832294.834523697, 4.2591847439317796e+18], "position_value": [87507, 117345.4284936361, 8050441393139207.0], "current_position_size": [87507, 586297.0840138585, 2.012181348221558e+17], "last_log_ret": [87507, 0.004736072693083887, 567.2291812444686], "sortino_ratio": [87507, 0.6506542760246905, 1180548.330576724], "rolling_pnl_sigma": [87507, 0.05712901784414199, 265.6669269146931], "portfolio_cash_ratio": [87507, 0.5121768457086692, 11524.309423047931], "free_collateral": [87507, 3945132.33692119, 4.281931161254323e+18], "mm_reqs": [87507, 7203.442084564201, 69957645052498.58], "unrealized_pnl_0": [87507, 28.4945337071866, 561652591025.1296], "unrealized_pnl_1": [87507, 14.712093997721333, 1795846745731.9502], "unrealized_pnl_2": [87507, 502.90253545466277, 52137670299277.03], "unrealized_pnl_3": [87507, 3327.5461593797972, 459422464442237.94], "unrealized_pnl_4": [87507, 74.01346834485031, 4762598685475.417], "unrealized_pnl_5": [87507, 1027.9920254738104, 95809085415107.36], "unrealized_pnl_6": [87507, 202.11239667129456, 6010210163337.824], "unrealized_pnl_7": [87507, 43.21735613089566, 664446281771.7493], "unrealized_pnl_8": [87507, 43.0410711463348, 767953194938.344], "unrealized_pnl_9": [87507, 500.7555600397586, 32847147443176.395], "margin_usage_ratio": [87507, 0.01699201461019973, 17.175178807976515]}, "pcr_min_ew": 0.9786693887730966, "pcr_max_ew": 1.0000000000001026}