{"r_count": 60698.000100000005, "r_mean": -0.14963275010213178, "r_var": 1352.380835476981, "tanh_k": 2.0, "feature_welford": {"unrealized_pnl": [60699, 974.7900749457457, 36673834120299.164], "realized_pnl": [60699, 112.83292195891211, 6130759355276321.0], "compounded_returns": [60699, 167.28322686559568, 37854897824.1675], "balance": [60699, 802315.4273138958, 3.8622185473182016e+17], "position_value": [60699, 90031.66830316113, 3070891619584753.5], "current_position_size": [60699, 449629.6799693529, 7.672930714368067e+16], "last_log_ret": [60699, 0.003004075097656518, 510.27615716520165], "sortino_ratio": [60699, 0.3691723966303478, 365265.4472097766], "rolling_pnl_sigma": [60699, 0.07104699997102872, 194.11345171720262], "portfolio_cash_ratio": [60699, 0.38401912206062877, 5724.648538474746], "free_collateral": [60699, 888426.509646047, 4.0033202281590835e+17], "mm_reqs": [60699, 4927.920695734564, 15519881989347.049], "unrealized_pnl_0": [60699, 33.49855647629418, 528507135907.25006], "unrealized_pnl_1": [60699, 24.46966145982265, 1324873962698.4353], "unrealized_pnl_2": [60699, 23.46666364853401, 15457304013379.045], "unrealized_pnl_3": [60699, 811.478716743834, 52143579702140.03], "unrealized_pnl_4": [60699, 51.9508448650039, 2446797882290.4307], "unrealized_pnl_5": [60699, 505.1908086773925, 27317089919742.31], "unrealized_pnl_6": [60699, 168.90041705976418, 4020364077741.6763], "unrealized_pnl_7": [60699, 35.86237863751725, 535747335494.47473], "unrealized_pnl_8": [60699, 36.16016784847518, 548921304852.3613], "unrealized_pnl_9": [60699, 282.136650926182, 9620281368811.086], "margin_usage_ratio": [60699, 0.02119003061773194, 10.082626511578747]}, "pcr_min_ew": 0.9501583319413061, "pcr_max_ew": 0.9999999999997562}