{"r_count": 91743.0001, "r_mean": -0.11081689917632799, "r_var": 1636.2861197170726, "tanh_k": 2.0, "feature_welford": {"unrealized_pnl": [91744, 3793.613730478129, 414342404586741.94], "realized_pnl": [91744, 6332.767127672788, 1221233899808208.8], "compounded_returns": [91744, 1777.3720211580605, 844437986506.2528], "balance": [91744, 5102027.292496494, 5.190858655915432e+18], "position_value": [91744, 136615.62832267678, 1.1981592245092346e+16], "current_position_size": [91744, 682650.7296359349, 2.994878556680658e+17], "last_log_ret": [91744, 0.005575187685848778, 538.2088354947333], "sortino_ratio": [91744, 2.072673389696544, 931409262.0083997], "rolling_pnl_sigma": [91744, 0.05133365141317222, 278.5368501897417], "portfolio_cash_ratio": [91744, 0.571635394470742, 12972.349852494115], "free_collateral": [91744, 5233589.414772938, 5.222242575697746e+18], "mm_reqs": [91744, 8909.534573994311, 108933568845253.23], "unrealized_pnl_0": [91744, 25.22976120333798, 497843473617.5793], "unrealized_pnl_1": [91744, 54.2330366596814, 1865682993941.3928], "unrealized_pnl_2": [91744, 555.8554569738966, 81522178695828.17], "unrealized_pnl_3": [91744, 4769.206642372947, 913042591001002.0], "unrealized_pnl_4": [91744, 67.4966175751556, 1891267658616.9124], "unrealized_pnl_5": [91744, 1692.9126513701876, 200191294975233.3], "unrealized_pnl_6": [91744, 168.1659240135541, 4463974312679.191], "unrealized_pnl_7": [91744, 39.79880179752082, 645549891905.081], "unrealized_pnl_8": [91744, 0.715735584561108, 613856583930.0573], "unrealized_pnl_9": [91744, 631.0041535889502, 34362920157699.68], "margin_usage_ratio": [91744, 0.01474503956434659, 17.799546107357425]}, "pcr_min_ew": 0.9710736430299799, "pcr_max_ew": 0.9995234443160833}