{"r_count": 169047.0001, "r_mean": -0.0827002630020863, "r_var": 2078.8376152742803, "tanh_k": 2.0, "feature_welford": {"unrealized_pnl": [169048, 6770.4896619330375, 1379702598308440.2], "realized_pnl": [169048, 13041.368676273625, 1.1413472204445636e+16], "compounded_returns": [169048, 5766.951967723369, 8689934993233.662], "balance": [169048, 10970096.481044339, 2.681213740370097e+19], "position_value": [169048, 127242.83091256084, 2.0185462157427504e+16], "current_position_size": [169048, 635953.548896146, 5.045916174142535e+17], "last_log_ret": [169048, 0.006865357190051949, 653.9811108823391], "sortino_ratio": [169048, 2.7387827385089167, 311036563.5624027], "rolling_pnl_sigma": [169048, 0.037364171549259154, 382.9528522165896], "portfolio_cash_ratio": [169048, 0.6770098287580352, 22705.353750453545], "free_collateral": [169048, 11095695.840219554, 2.671825916995157e+19], "mm_reqs": [169048, 8461.647287368703, 263366003090290.03], "unrealized_pnl_0": [169048, 19.66891719296226, 603894089378.5052], "unrealized_pnl_1": [169048, 6.345319235497639, 2173551764735.1848], "unrealized_pnl_2": [169048, 2732.3712292069763, 255947004099123.47], "unrealized_pnl_3": [169048, 9166.078891513784, 4093736290373422.5], "unrealized_pnl_4": [169048, 60.05368392320319, 5874627891953.77], "unrealized_pnl_5": [169048, 2057.8591503291927, 290441106424631.1], "unrealized_pnl_6": [169048, 172.84322522450412, 7473389161666.634], "unrealized_pnl_7": [169048, 116.50306414721453, 1328327750465.486], "unrealized_pnl_8": [169048, 31.869552387438706, 853661396986.6355], "unrealized_pnl_9": [169048, 715.6697002080963, 56058990101705.125], "margin_usage_ratio": [169048, 0.011271125406729657, 30.621352129084258]}, "pcr_min_ew": 0.9896592249981, "pcr_max_ew": 0.9999999996003004}