{"r_count": 935798.0001000001, "r_mean": 0.005662599109922311, "r_var": 1939.9478831319477, "tanh_k": 2.0, "feature_welford": {"unrealized_pnl": [935800, 121260.47679469873, 4.7459704495664544e+17], "realized_pnl": [935800, 51527.71242232459, 3.422087264669567e+17], "compounded_returns": [935800, 22938.51521095459, 252368377621565.22], "balance": [935800, 41835479.69284482, 8.433918026313324e+20], "position_value": [935800, 251089.00511161727, 4.9466965548734e+17], "current_position_size": [935800, 1255384.9353802614, 1.236671273972135e+19], "last_log_ret": [935800, 0.009670411751797683, 1646.6852608800225], "sortino_ratio": [935800, 7.117108999123295, 278860044649.3439], "rolling_pnl_sigma": [935800, 0.014017061504723717, 645.7295556604704], "portfolio_cash_ratio": [935800, 0.8950774433192544, 47600.70596495136], "free_collateral": [935800, 42180129.756317295, 8.338180219454249e+20], "mm_reqs": [935800, 27737.8728807813, 2.3806246538137796e+16], "unrealized_pnl_0": [935800, 4.275017776664013, 478848235661.52747], "unrealized_pnl_1": [935800, -6.086924376409661, 2513608317384.9155], "unrealized_pnl_2": [935800, 50190.45916211202, 7.654200395054074e+16], "unrealized_pnl_3": [935800, 98055.58046552895, 6.807851739648745e+17], "unrealized_pnl_4": [935800, 184.73150596450924, 8711735986978.565], "unrealized_pnl_5": [935800, 6396.3810677404945, 3174036825269175.5], "unrealized_pnl_6": [935800, 115.64403643801992, 9506550670181.041], "unrealized_pnl_7": [935800, 89.73870570284308, 2333449168409.3706], "unrealized_pnl_8": [935800, 67.4428028446896, 1420724892395.8303], "unrealized_pnl_9": [935800, 1526.6896344962852, 499747639109620.06], "margin_usage_ratio": [935800, 0.0039691327093310845, 72.61855231407944]}, "pcr_min_ew": 0.9964485227340545, "pcr_max_ew": 0.9999999724244857}