{"r_count": 484530.0001, "r_mean": 0.004642251838952077, "r_var": 1444.307306926777, "tanh_k": 2.0, "feature_welford": {"unrealized_pnl": [484532, 88375.99784842611, 1.538166135382878e+17], "realized_pnl": [484532, 42656.344549637186, 1.176617062459436e+17], "compounded_returns": [484532, 18622.33002123779, 98120664534373.25], "balance": [484532, 34396500.34321782, 3.206413496203276e+20], "position_value": [484532, 217285.9481710559, 2.02174687433748e+17], "current_position_size": [484532, 1086375.6845539876, 5.054336929882152e+18], "last_log_ret": [484532, 0.009346808177047836, 1153.2776392884705], "sortino_ratio": [484532, 6.877906754061157, 197994392359.07962], "rolling_pnl_sigma": [484532, 0.01659283720431453, 469.4648456296735], "portfolio_cash_ratio": [484532, 0.8781243701981818, 29702.789042404573], "free_collateral": [484532, 34679054.29046986, 3.175628829180473e+20], "mm_reqs": [484532, 23148.166498029117, 8795939532907608.0], "unrealized_pnl_0": [484532, 5.825440204188567, 277765695591.0189], "unrealized_pnl_1": [484532, -5.218031581994648, 1513246732692.5278], "unrealized_pnl_2": [484532, 34247.411172699474, 1.8433622460975492e+16], "unrealized_pnl_3": [484532, 75811.93688859786, 2.2878529936139517e+17], "unrealized_pnl_4": [484532, 135.37934344555944, 5002612254969.002], "unrealized_pnl_5": [484532, 4933.47845354978, 1608476035948447.8], "unrealized_pnl_6": [484532, 85.4611627866897, 6279205542654.39], "unrealized_pnl_7": [484532, 55.74155562617274, 715706842900.1914], "unrealized_pnl_8": [484532, 63.70303029640807, 733526302063.264], "unrealized_pnl_9": [484532, 1379.9677384483166, 178304891350684.28], "margin_usage_ratio": [484532, 0.004535311100386068, 43.112400552518224]}, "pcr_min_ew": 0.9969254474757732, "pcr_max_ew": 0.9999999921160295}