{"r_count": 454371.0001, "r_mean": 0.004536673208999196, "r_var": 1411.4721852013743, "tanh_k": 2.0, "feature_welford": {"unrealized_pnl": [454373, 85994.12432176554, 1.3950158313777046e+17], "realized_pnl": [454373, 41850.15185224259, 1.0641030113903861e+17], "compounded_returns": [454373, 18213.468903571847, 89504870419846.31], "balance": [454373, 33745504.85278591, 2.9259282211374603e+20], "position_value": [454373, 213905.35470292685, 1.852280017584933e+17], "current_position_size": [454373, 1069469.1307143273, 4.630668901016473e+18], "last_log_ret": [454373, 0.009309210147197228, 1121.1045855462557], "sortino_ratio": [454373, 7.086739328054113, 197917691292.35675], "rolling_pnl_sigma": [454373, 0.016906059641013688, 456.7355852890009], "portfolio_cash_ratio": [454373, 0.8761356925559163, 28383.05202657342], "free_collateral": [454373, 34022684.783535436, 2.8984830302907662e+20], "mm_reqs": [454373, 22762.255732303674, 8050457417870424.0], "unrealized_pnl_0": [454373, 6.026910870990935, 271968277894.48236], "unrealized_pnl_1": [454373, -3.6399675238578904, 1329361081939.9185], "unrealized_pnl_2": [454373, 33208.16797065615, 1.6478589682069536e+16], "unrealized_pnl_3": [454373, 73869.73667671681, 2.067999409214539e+17], "unrealized_pnl_4": [454373, 136.91201684035937, 4851615338171.116], "unrealized_pnl_5": [454373, 4794.585570201417, 1501706744487663.2], "unrealized_pnl_6": [454373, 79.21150179113516, 4657112902429.7705], "unrealized_pnl_7": [454373, 54.46422437864266, 757258859802.0114], "unrealized_pnl_8": [454373, 60.05858504249633, 672816197652.3822], "unrealized_pnl_9": [454373, 1349.0971268134904, 164001777197982.44], "margin_usage_ratio": [454373, 0.004605259385869797, 41.09871987554749]}, "pcr_min_ew": 0.9992744265843789, "pcr_max_ew": 0.9999999999999922}