{"r_count": 942500.0001000001, "r_mean": 0.005677988577865529, "r_var": 1946.8019919061232, "tanh_k": 2.0, "feature_welford": {"unrealized_pnl": [942502, 121303.49398241885, 4.767670787473528e+17], "realized_pnl": [942502, 51388.983631980314, 3.4192225821303763e+17], "compounded_returns": [942502, 22919.966668485846, 252721517554742.28], "balance": [942502, 41788573.76427627, 8.444261720579509e+20], "position_value": [942502, 251200.24067463298, 4.984353398950184e+17], "current_position_size": [942502, 1255954.430769208, 1.2460872178095667e+19], "last_log_ret": [942502, 0.009671129320534719, 1653.5680567957504], "sortino_ratio": [942502, 9.500955996964912, 429529015026.7789], "rolling_pnl_sigma": [942502, 0.01398681671342524, 647.6711981104233], "portfolio_cash_ratio": [942502, 0.8952393253013052, 47874.28971388461], "free_collateral": [942502, 42133273.90834593, 8.347969308792704e+20], "mm_reqs": [942502, 27849.778777136147, 2.409923769570509e+16], "unrealized_pnl_0": [942502, 3.5707085145830875, 434807511288.38055], "unrealized_pnl_1": [942502, -4.183528606617477, 2360703949370.768], "unrealized_pnl_2": [942502, 50203.62685299116, 7.791029479018318e+16], "unrealized_pnl_3": [942502, 98019.43315596665, 6.787178338858769e+17], "unrealized_pnl_4": [942502, 186.86781769584763, 9675488804904.373], "unrealized_pnl_5": [942502, 6342.108180878139, 3060101768388693.5], "unrealized_pnl_6": [942502, 121.64619448757992, 9628352670364.06], "unrealized_pnl_7": [942502, 90.82406301370455, 2216624951223.9346], "unrealized_pnl_8": [942502, 68.2193429009208, 1486306498298.4348], "unrealized_pnl_9": [942502, 1511.3519750039977, 490359572107208.1], "margin_usage_ratio": [942502, 0.003966275474853413, 73.08910589541506]}, "pcr_min_ew": 0.9988039571671061, "pcr_max_ew": 0.9999999999999795}