{"r_count": 989414.0001000001, "r_mean": 0.005782781514333939, "r_var": 1997.5021301470624, "tanh_k": 2.0, "feature_welford": {"unrealized_pnl": [989416, 125196.22329909712, 5.304549662631713e+17], "realized_pnl": [989416, 52346.62318313203, 3.732350048903172e+17], "compounded_returns": [989416, 23379.360154989907, 275441386647162.47], "balance": [989416, 42611253.525774166, 9.217623201780062e+20], "position_value": [989416, 255242.70200882287, 5.40834441726486e+17], "current_position_size": [989416, 1276161.453862042, 1.3520837318570914e+19], "last_log_ret": [989416, 0.009695504131533679, 1705.1299158612724], "sortino_ratio": [989416, 6.723434027234952, 295049364057.8873], "rolling_pnl_sigma": [989416, 0.013871577605333212, 665.7975070198911], "portfolio_cash_ratio": [989416, 0.896015882763127, 49728.924588932896], "free_collateral": [989416, 42963295.043819256, 9.112669453905278e+20], "mm_reqs": [989416, 28442.996060766498, 2.638599292230878e+16], "unrealized_pnl_0": [989416, 3.9454488805462264, 422549056386.1453], "unrealized_pnl_1": [989416, -4.5750479501294885, 2679562498496.2114], "unrealized_pnl_2": [989416, 51852.97805310306, 8.818416696710267e+16], "unrealized_pnl_3": [989416, 100484.34135383977, 7.428081448115896e+17], "unrealized_pnl_4": [989416, 191.60215082169978, 9824372214885.771], "unrealized_pnl_5": [989416, 6569.997527290268, 3432013838570873.5], "unrealized_pnl_6": [989416, 121.28082570187945, 9539673035859.83], "unrealized_pnl_7": [989416, 90.07629642839878, 2325520663486.019], "unrealized_pnl_8": [989416, 65.88957960637532, 1463783732152.7517], "unrealized_pnl_9": [989416, 1540.7033953322064, 521356916754689.8], "margin_usage_ratio": [989416, 0.003940702215257172, 76.0898408507836]}, "pcr_min_ew": 0.9993457974594407, "pcr_max_ew": 0.9999999999999404}