{"r_count": 777184.0001000001, "r_mean": 0.0053257994155105235, "r_var": 1768.523756225332, "tanh_k": 2.0, "feature_welford": {"unrealized_pnl": [777186, 110145.87894467941, 3.391994282180372e+17], "realized_pnl": [777186, 48611.058500119296, 2.4514656188534026e+17], "compounded_returns": [777186, 21524.91885058301, 188107488144808.5], "balance": [777186, 39375675.265768446, 6.260332124885681e+20], "position_value": [777186, 240647.7763287946, 3.81549003400566e+17], "current_position_size": [777186, 1203191.7941704486, 9.538701037348397e+18], "last_log_ret": [777186, 0.009584288807603304, 1474.3817149027695], "sortino_ratio": [777186, 7.06361262267491, 282894043022.08594], "rolling_pnl_sigma": [777186, 0.01460695666620199, 586.7233608687253], "portfolio_cash_ratio": [777186, 0.8914392471112194, 41358.53294899684], "free_collateral": [777186, 39700423.181684345, 6.191030275542973e+20], "mm_reqs": [777186, 26088.451109890557, 1.7514810279121014e+16], "unrealized_pnl_0": [777186, 4.136668877469738, 388648539821.2415], "unrealized_pnl_1": [777186, -6.399853373608041, 2052142339799.692], "unrealized_pnl_2": [777186, 45233.630663498116, 5.130912603683428e+16], "unrealized_pnl_3": [777186, 89826.35539643628, 4.78870374471841e+17], "unrealized_pnl_4": [777186, 168.87178647172183, 7783507425227.32], "unrealized_pnl_5": [777186, 5767.028932854357, 2576554659898901.5], "unrealized_pnl_6": [777186, 100.68977908543158, 7696946069279.075], "unrealized_pnl_7": [777186, 86.06536808386134, 1745483470739.7822], "unrealized_pnl_8": [777186, 69.87476021474505, 1200196635596.53], "unrealized_pnl_9": [777186, 1514.3059277148677, 369666238605175.44], "margin_usage_ratio": [777186, 0.004086366383029294, 62.113410309072265]}, "pcr_min_ew": 0.9991793007059079, "pcr_max_ew": 0.9999999967090758}