{"r_count": 890001.0001000001, "r_mean": 0.00556232656282449, "r_var": 1891.087466155493, "tanh_k": 2.0, "feature_welford": {"unrealized_pnl": [890003, 118074.05053377777, 4.342465366369466e+17], "realized_pnl": [890003, 50442.722306267024, 3.076070363026472e+17], "compounded_returns": [890003, 22490.34059658697, 231651021934150.94], "balance": [890003, 41056930.46457123, 7.738825329595334e+20], "position_value": [890003, 248221.80140728512, 4.625592990313936e+17], "current_position_size": [890003, 1241066.495778215, 1.1563964376931545e+19], "last_log_ret": [890003, 0.009645562256476071, 1597.3340255940552], "sortino_ratio": [890003, 7.537325573146764, 300117607244.3151], "rolling_pnl_sigma": [890003, 0.014162371942951547, 628.901314654401], "portfolio_cash_ratio": [890003, 0.8942922956231787, 45736.29791463781], "free_collateral": [890003, 41395844.35426655, 7.651818772397415e+20], "mm_reqs": [890003, 27417.9797958021, 2.2146661319399292e+16], "unrealized_pnl_0": [890003, 4.458782579314231, 411722524330.1338], "unrealized_pnl_1": [890003, -2.53424196360485, 2338515926327.4536], "unrealized_pnl_2": [890003, 48443.68137486793, 6.707698488454573e+16], "unrealized_pnl_3": [890003, 95674.79012795544, 6.152193774600756e+17], "unrealized_pnl_4": [890003, 177.11338521590477, 8871334413601.629], "unrealized_pnl_5": [890003, 6181.555298036365, 2998289447012788.5], "unrealized_pnl_6": [890003, 114.33714558784428, 8736667521444.968], "unrealized_pnl_7": [890003, 94.37681708116226, 2212338734782.329], "unrealized_pnl_8": [890003, 66.79156722722635, 1314726144336.2468], "unrealized_pnl_9": [890003, 1568.7639625006275, 485255592395210.8], "margin_usage_ratio": [890003, 0.00399829537630768, 69.56880727714004]}, "pcr_min_ew": 0.9990055247914742, "pcr_max_ew": 0.9999999884181742}