{"r_count": 628623.0001000001, "r_mean": 0.004989179645800856, "r_var": 1605.6702340675301, "tanh_k": 2.0, "feature_welford": {"unrealized_pnl": [628625, 97906.29161876984, 2.30866156527619e+17], "realized_pnl": [628625, 45610.95325304004, 1.7605719527212592e+17], "compounded_returns": [628625, 20087.996846706104, 137633075035380.06], "balance": [628625, 36905208.72805313, 4.555669372781029e+20], "position_value": [628625, 227831.9841422376, 2.8247779176184317e+17], "current_position_size": [628625, 1139109.0778253023, 7.061917262975833e+18], "last_log_ret": [628625, 0.009481324108428373, 1312.2536019809918], "sortino_ratio": [628625, 6.754228028455381, 198850986783.41754], "rolling_pnl_sigma": [628625, 0.015402352518900134, 529.1038671588684], "portfolio_cash_ratio": [628625, 0.8861495795205117, 35544.59225801954], "free_collateral": [628625, 37206607.034749575, 4.5072053088581655e+20], "mm_reqs": [628625, 24381.808868322747, 1.269331413167956e+16], "unrealized_pnl_0": [628625, 4.85587917759839, 319811622480.88367], "unrealized_pnl_1": [628625, -3.027232214620018, 1803166950883.6877], "unrealized_pnl_2": [628625, 39389.082487663734, 3.07973013386354e+16], "unrealized_pnl_3": [628625, 81814.70450128998, 3.377263394109284e+17], "unrealized_pnl_4": [628625, 153.80288855231757, 6111197928726.421], "unrealized_pnl_5": [628625, 5229.181331015063, 2015684643712540.2], "unrealized_pnl_6": [628625, 94.43463196911677, 6529074997510.925], "unrealized_pnl_7": [628625, 72.8616515059837, 1124011133076.9556], "unrealized_pnl_8": [628625, 71.83986734693477, 1007261137132.6113], "unrealized_pnl_9": [628625, 1439.814058790295, 260234810932357.25], "margin_usage_ratio": [628625, 0.004260225361393718, 52.55510326260335]}, "pcr_min_ew": 0.9920856569255372, "pcr_max_ew": 0.9999999996460126}