{"r_count": 997233.0001000001, "r_mean": 0.005815555061710047, "r_var": 2006.3865792789459, "tanh_k": 2.0, "feature_welford": {"unrealized_pnl": [997235, 125728.91944759712, 5.415459458599254e+17], "realized_pnl": [997235, 52585.0732631674, 3.857874151903971e+17], "compounded_returns": [997235, 23492.33616185625, 280331184532753.06], "balance": [997235, 42837940.506249696, 9.399683576530384e+20], "position_value": [997235, 255203.30600456658, 5.452483863275503e+17], "current_position_size": [997235, 1275975.0795718601, 1.3631190970370329e+19], "last_log_ret": [997235, 0.009701342942917555, 1714.5939316735003], "sortino_ratio": [997235, 6.552159465159398, 212299960761.50076], "rolling_pnl_sigma": [997235, 0.013843297413554615, 669.2102350016452], "portfolio_cash_ratio": [997235, 0.8962235963701571, 50000.35836961524], "free_collateral": [997235, 43190459.235378124, 9.292267488921075e+20], "mm_reqs": [997235, 28466.1517254982, 2.6747142814618124e+16], "unrealized_pnl_0": [997235, 4.161802074217575, 359360674032.1647], "unrealized_pnl_1": [997235, -3.154421005871518, 2364931819365.779], "unrealized_pnl_2": [997235, 52061.768515067946, 9.000243463363808e+16], "unrealized_pnl_3": [997235, 101297.02683188002, 7.687289263419425e+17], "unrealized_pnl_4": [997235, 191.6136897850169, 9277916845980.78], "unrealized_pnl_5": [997235, 6649.224127684405, 3554792527744746.5], "unrealized_pnl_6": [997235, 127.84991303680398, 11534651236636.502], "unrealized_pnl_7": [997235, 90.47717742624853, 2289296136812.8984], "unrealized_pnl_8": [997235, 69.31417179732017, 1547770644320.645], "unrealized_pnl_9": [997235, 1530.3728218737692, 526520224309482.0], "margin_usage_ratio": [997235, 0.00393608484517964, 76.7763791021216]}, "pcr_min_ew": 0.9989889802090527, "pcr_max_ew": 0.999999996305688}