{"r_count": 949202.0001000001, "r_mean": 0.0057164708304695624, "r_var": 1954.9219392149034, "tanh_k": 2.0, "feature_welford": {"unrealized_pnl": [949204, 122334.70283167034, 4.927724578824537e+17], "realized_pnl": [949204, 51866.538295513325, 3.546801260386768e+17], "compounded_returns": [949204, 23087.96132190946, 258679936752424.9], "balance": [949204, 42129247.81514481, 8.6662360685909e+20], "position_value": [949204, 252092.84294244973, 5.0723010222607546e+17], "current_position_size": [949204, 1260420.6676462542, 1.2680732580016005e+19], "last_log_ret": [949204, 0.009678952743093994, 1662.4197025823019], "sortino_ratio": [949204, 6.630338486198804, 211658462147.8358], "rolling_pnl_sigma": [949204, 0.013979581549881206, 651.4872232115521], "portfolio_cash_ratio": [949204, 0.8954025958000783, 48088.0442003315], "free_collateral": [949204, 42475831.48478636, 8.567364652804836e+20], "mm_reqs": [949204, 27894.588916740322, 2.4478449734007584e+16], "unrealized_pnl_0": [949204, 4.189019636529538, 351035002101.3539], "unrealized_pnl_1": [949204, -3.011433182819238, 2319752082193.298], "unrealized_pnl_2": [949204, 50660.052050377184, 8.030914543622456e+16], "unrealized_pnl_3": [949204, 98834.0260354294, 7.023741000579914e+17], "unrealized_pnl_4": [949204, 187.49153923916518, 8745782757983.749], "unrealized_pnl_5": [949204, 6514.626498638542, 3393327908854462.5], "unrealized_pnl_6": [949204, 120.11857276530777, 11070611553443.818], "unrealized_pnl_7": [949204, 89.13626932412076, 2150285537450.3892], "unrealized_pnl_8": [949204, 70.0617175312197, 1494544006932.2495], "unrealized_pnl_9": [949204, 1537.0859621707204, 496977270561135.06], "margin_usage_ratio": [949204, 0.003960534068608688, 73.5124622790299]}, "pcr_min_ew": 0.9996756444679079, "pcr_max_ew": 0.9999999969571733}