{"r_count": 762663.0001000001, "r_mean": 0.005285934865918115, "r_var": 1753.0987604896843, "tanh_k": 2.0, "feature_welford": {"unrealized_pnl": [762665, 108215.72697510112, 3.238323241172152e+17], "realized_pnl": [762665, 48096.74786379664, 2.3836874994283856e+17], "compounded_returns": [762665, 21316.202239385086, 180879138057641.7], "balance": [762665, 39022522.180417225, 6.027522433136871e+20], "position_value": [762665, 238519.11633897654, 3.6669579287794784e+17], "current_position_size": [762665, 1192545.1619885787, 9.167375564706456e+18], "last_log_ret": [762665, 0.009572444028708863, 1458.9853543139343], "sortino_ratio": [762665, 7.42557545312275, 214081743633.74902], "rolling_pnl_sigma": [762665, 0.014659397361504739, 580.931376143131], "portfolio_cash_ratio": [762665, 0.8910805989194037, 40737.6860468519], "free_collateral": [762665, 39343639.56455664, 5.959800486218725e+20], "mm_reqs": [762665, 25669.16385444602, 1.6838700214422926e+16], "unrealized_pnl_0": [762665, 3.9152102209861064, 349381891999.94464], "unrealized_pnl_1": [762665, -0.4187331984026205, 1827530946925.6958], "unrealized_pnl_2": [762665, 44911.430246999254, 4.871120427180117e+16], "unrealized_pnl_3": [762665, 88220.75352806073, 4.664503805879802e+17], "unrealized_pnl_4": [762665, 163.6973444787685, 7610861532927.156], "unrealized_pnl_5": [762665, 5748.817914435889, 2605407343050854.5], "unrealized_pnl_6": [762665, 90.81724396229524, 7296475230505.703], "unrealized_pnl_7": [762665, 84.80251512000272, 1788673101510.1099], "unrealized_pnl_8": [762665, 70.10315245040857, 1195390959207.389], "unrealized_pnl_9": [762665, 1498.4371129676022, 354649982594124.8], "margin_usage_ratio": [762665, 0.004097994235950326, 61.18315470522328]}, "pcr_min_ew": 0.9971116106768314, "pcr_max_ew": 0.9999999914652332}