{"r_count": 973776.0001000001, "r_mean": 0.005750848876685239, "r_var": 1980.666992477946, "tanh_k": 2.0, "feature_welford": {"unrealized_pnl": [973778, 124384.78507671996, 5.169826105406546e+17], "realized_pnl": [973778, 52130.915807848396, 3.623701555491852e+17], "compounded_returns": [973778, 23262.88370670285, 269012904880035.72], "balance": [973778, 42406189.147000924, 8.998702015177095e+20], "position_value": [973778, 254418.59027546016, 5.2949608485952134e+17], "current_position_size": [973778, 1272040.0603991656, 1.3237377969471648e+19], "last_log_ret": [973778, 0.009688715981245464, 1688.076606853734], "sortino_ratio": [973778, 6.774856289352434, 295019143433.1374], "rolling_pnl_sigma": [973778, 0.013915092645596929, 659.9043168392036], "portfolio_cash_ratio": [973778, 0.8957620493806856, 49099.11703037764], "free_collateral": [973778, 42756706.854840025, 8.896726474950063e+20], "mm_reqs": [973778, 28330.82776503897, 2.5750223349225548e+16], "unrealized_pnl_0": [973778, 3.9469296478523996, 420986874689.8457], "unrealized_pnl_1": [973778, -4.402051051749123, 2654459845439.979], "unrealized_pnl_2": [973778, 51365.8351866945, 8.497803294511402e+16], "unrealized_pnl_3": [973778, 99987.42997794667, 7.224866835473321e+17], "unrealized_pnl_4": [973778, 190.88940780711735, 9686452130319.854], "unrealized_pnl_5": [973778, 6525.695557244859, 3380896111684629.5], "unrealized_pnl_6": [973778, 119.46153758044225, 9416110301841.348], "unrealized_pnl_7": [973778, 89.86132079243518, 2287782217925.2314], "unrealized_pnl_8": [973778, 66.02643700107464, 1446699708897.887], "unrealized_pnl_9": [973778, 1536.2788334414404, 508268773233898.8], "margin_usage_ratio": [973778, 0.003948727023031066, 75.0102819202309]}, "pcr_min_ew": 0.9982684047987272, "pcr_max_ew": 1.0000000000000093}