{"r_count": 760429.0001000001, "r_mean": 0.005300987707214249, "r_var": 1751.5110753900678, "tanh_k": 2.0, "feature_welford": {"unrealized_pnl": [760431, 109635.8070887283, 3.327476124127642e+17], "realized_pnl": [760431, 48693.5741611115, 2.4406449732196554e+17], "compounded_returns": [760431, 21533.317631776885, 186131054723152.62], "balance": [760431, 39447792.73773034, 6.211173467407421e+20], "position_value": [760431, 239715.344098507, 3.739398062086517e+17], "current_position_size": [760431, 1198526.9720050404, 9.34847898047908e+18], "last_log_ret": [760431, 0.009580828500532284, 1457.4787092808288], "sortino_ratio": [760431, 6.611132806720102, 201727308465.77002], "rolling_pnl_sigma": [760431, 0.014686585682920937, 581.1612801898387], "portfolio_cash_ratio": [760431, 0.8909247903712244, 40713.19950503376], "free_collateral": [760431, 39770969.198974304, 6.143739908930821e+20], "mm_reqs": [760431, 26219.51543585645, 1.7469358870232308e+16], "unrealized_pnl_0": [760431, 4.0691266576006395, 318664811457.83685], "unrealized_pnl_1": [760431, -2.159242439456132, 1833941463097.3896], "unrealized_pnl_2": [760431, 44424.358572046185, 4.7461922052498184e+16], "unrealized_pnl_3": [760431, 90097.47841501479, 4.7608454104117523e+17], "unrealized_pnl_4": [760431, 168.33542906722278, 8000613345284.339], "unrealized_pnl_5": [760431, 5755.362499355395, 2508292497913912.0], "unrealized_pnl_6": [760431, 105.48648776848158, 7925851233339.582], "unrealized_pnl_7": [760431, 83.20814480560493, 1574663209946.8386], "unrealized_pnl_8": [760431, 71.29769031421401, 1297569508630.3096], "unrealized_pnl_9": [760431, 1470.486610079854, 361019844554197.5], "margin_usage_ratio": [760431, 0.004108603749419723, 61.146535046024276]}, "pcr_min_ew": 0.9987326391381685, "pcr_max_ew": 0.9999999814512406}