{"r_count": 874363.0001000001, "r_mean": 0.005529464371579014, "r_var": 1873.3383799016776, "tanh_k": 2.0, "feature_welford": {"unrealized_pnl": [874365, 117240.19439336238, 4.2127256598774835e+17], "realized_pnl": [874365, 49880.82233770116, 2.940906960144021e+17], "compounded_returns": [874365, 22334.863746219726, 224441389348086.6], "balance": [874365, 40760596.89498422, 7.483652050869963e+20], "position_value": [874365, 247156.97220551912, 4.501970848529624e+17], "current_position_size": [874365, 1235746.0968286807, 1.1254912178325375e+19], "last_log_ret": [874365, 0.00963639257718728, 1579.4410978552953], "sortino_ratio": [874365, 6.576777244634514, 205706523216.29376], "rolling_pnl_sigma": [874365, 0.014209856098744153, 622.741192338665], "portfolio_cash_ratio": [874365, 0.8938485896502106, 45186.81383847988], "free_collateral": [874365, 41097827.12526185, 7.399498117268725e+20], "mm_reqs": [874365, 27187.714098792552, 2.140539475667937e+16], "unrealized_pnl_0": [874365, 4.477973391820703, 377832122879.2799], "unrealized_pnl_1": [874365, -9.386280573510025, 2717581814695.0435], "unrealized_pnl_2": [874365, 47978.49496474466, 6.4732844974229784e+16], "unrealized_pnl_3": [874365, 95362.7897315319, 5.978630600430214e+17], "unrealized_pnl_4": [874365, 182.3251649443085, 8582870523384.51], "unrealized_pnl_5": [874365, 6191.604892963929, 3109288321981340.0], "unrealized_pnl_6": [874365, 102.81064613357317, 9244854611940.287], "unrealized_pnl_7": [874365, 90.78726223708048, 2055793015179.0361], "unrealized_pnl_8": [874365, 66.94780886605943, 1338035699046.0945], "unrealized_pnl_9": [874365, 1523.8429477827228, 437105108832003.6], "margin_usage_ratio": [874365, 0.004012700768435576, 68.63197577122999]}, "pcr_min_ew": 0.9982442538691934, "pcr_max_ew": 0.9999999999999323}