{"r_count": 545965.0001000001, "r_mean": 0.004801626552352393, "r_var": 1512.6723472721949, "tanh_k": 2.0, "feature_welford": {"unrealized_pnl": [545967, 93119.98941315159, 1.8638256963780426e+17], "realized_pnl": [545967, 44033.38111745346, 1.4252653983147046e+17], "compounded_returns": [545967, 19318.618150475493, 114848442410398.64], "balance": [545967, 35561646.07666431, 3.7680502015143536e+20], "position_value": [545967, 222687.26410553115, 2.3647257718320896e+17], "current_position_size": [545967, 1113384.136457017, 5.911785436480415e+18], "last_log_ret": [545967, 0.009411580496839614, 1220.5327202751103], "sortino_ratio": [545967, 6.98129641144327, 198945164076.94806], "rolling_pnl_sigma": [545967, 0.016022418615211656, 495.16399990767474], "portfolio_cash_ratio": [545967, 0.881935419092078, 32226.43262864376], "free_collateral": [545967, 35853697.77454947, 3.730247533047823e+20], "mm_reqs": [545967, 23784.82999139245, 1.0401762499522768e+16], "unrealized_pnl_0": [545967, 5.507492657246617, 293811750127.56055], "unrealized_pnl_1": [545967, -4.829431194246095, 1576926262193.088], "unrealized_pnl_2": [545967, 36638.30243464161, 2.329008451758422e+16], "unrealized_pnl_3": [545967, 79268.56127709191, 2.777309209009681e+17], "unrealized_pnl_4": [545967, 142.00034576014326, 5577253513844.786], "unrealized_pnl_5": [545967, 5081.053503612098, 1801666298029415.2], "unrealized_pnl_6": [545967, 77.46638713583589, 5281612339188.827], "unrealized_pnl_7": [545967, 63.30093997027177, 891519655180.8838], "unrealized_pnl_8": [545967, 68.67065136271248, 872832323254.8086], "unrealized_pnl_9": [545967, 1394.124239006501, 208237229570897.28], "margin_usage_ratio": [545967, 0.00440419777620838, 47.126308253590025]}, "pcr_min_ew": 0.9917395394340889, "pcr_max_ew": 1.0000000000000577}