{"r_count": 669952.0001000001, "r_mean": 0.0050817486596584005, "r_var": 1651.7625857788948, "tanh_k": 2.0, "feature_welford": {"unrealized_pnl": [669954, 100908.61783740134, 2.5649406560420048e+17], "realized_pnl": [669954, 46370.56377568282, 1.9409570254238618e+17], "compounded_returns": [669954, 20455.98140940987, 149753011550246.22], "balance": [669954, 37548147.84128085, 4.973239405812977e+20], "position_value": [669954, 231068.34883281222, 3.0772198416321517e+17], "current_position_size": [669954, 1155284.268213032, 7.693016747590502e+18], "last_log_ret": [669954, 0.009511698641567848, 1357.9766072565842], "sortino_ratio": [669954, 6.7415934555109205, 199278404454.89148], "rolling_pnl_sigma": [669954, 0.015148825507368522, 545.7326802490632], "portfolio_cash_ratio": [669954, 0.8878728614320571, 37165.03787383336], "free_collateral": [669954, 37855348.59503539, 4.919245607812561e+20], "mm_reqs": [669954, 24814.537161302476, 1.395443952615175e+16], "unrealized_pnl_0": [669954, 4.794294913810978, 326434758730.9665], "unrealized_pnl_1": [669954, -4.027468265165092, 1896665961661.294], "unrealized_pnl_2": [669954, 40953.1159929255, 3.557859817680172e+16], "unrealized_pnl_3": [669954, 83792.5660312118, 3.743922601902654e+17], "unrealized_pnl_4": [669954, 157.8249734169008, 6463966380197.554], "unrealized_pnl_5": [669954, 5350.360908351983, 2135872488904164.5], "unrealized_pnl_6": [669954, 91.97239619812623, 7139233846170.389], "unrealized_pnl_7": [669954, 77.06881419030437, 1272966598209.2976], "unrealized_pnl_8": [669954, 71.99903363208206, 1084863407093.4451], "unrealized_pnl_9": [669954, 1460.6506419652517, 288643150060269.56], "margin_usage_ratio": [669954, 0.00420298570681689, 55.21177830043356]}, "pcr_min_ew": 0.999527881938677, "pcr_max_ew": 0.999999987021698}