{"r_count": 881065.0001000001, "r_mean": 0.00554282164136523, "r_var": 1881.3657976362251, "tanh_k": 2.0, "feature_welford": {"unrealized_pnl": [881067, 117421.7536421787, 4.256249370392081e+17], "realized_pnl": [881067, 50260.1091756327, 3.0079383054501286e+17], "compounded_returns": [881067, 22409.325448028445, 227889527651094.5], "balance": [881067, 40913104.1069427, 7.610252156775955e+20], "position_value": [881067, 247601.07896589028, 4.555684963198366e+17], "current_position_size": [881067, 1237965.507698885, 1.1389194655231349e+19], "last_log_ret": [881067, 0.009640760281652947, 1587.5380089247403], "sortino_ratio": [881067, 7.58636902075561, 300116003257.33246], "rolling_pnl_sigma": [881067, 0.01419352161768768, 625.5464410730197], "portfolio_cash_ratio": [881067, 0.8941099036054768, 45379.70791164303], "free_collateral": [881067, 41250843.371086575, 7.524734826481174e+20], "mm_reqs": [881067, 27321.899159582954, 2.178263746572515e+16], "unrealized_pnl_0": [881067, 4.180817387813713, 402655940993.3958], "unrealized_pnl_1": [881067, -2.602816524817147, 2310663966542.6743], "unrealized_pnl_2": [881067, 48175.401909167536, 6.555804299776169e+16], "unrealized_pnl_3": [881067, 95160.69753019219, 6.027178780538573e+17], "unrealized_pnl_4": [881067, 176.4068962385082, 8807044173467.676], "unrealized_pnl_5": [881067, 6154.385873663591, 2957539114754173.0], "unrealized_pnl_6": [881067, 113.11269386066763, 8661986057901.872], "unrealized_pnl_7": [881067, 93.87558935520677, 2180825311778.049], "unrealized_pnl_8": [881067, 67.1451415769915, 1312286051828.0706], "unrealized_pnl_9": [881067, 1570.0198219647693, 481018961603236.3], "margin_usage_ratio": [881067, 0.004003722857838429, 68.94525101745435]}, "pcr_min_ew": 0.9979989356768104, "pcr_max_ew": 0.9999999999999857}