{"r_count": 672186.0001000001, "r_mean": 0.0050887062364418185, "r_var": 1652.7529496744282, "tanh_k": 2.0, "feature_welford": {"unrealized_pnl": [672188, 100830.64689575962, 2.5632594260402557e+17], "realized_pnl": [672188, 46253.64546836051, 1.9333712511567725e+17], "compounded_returns": [672188, 20439.54853446812, 149849832161292.4], "balance": [672188, 37469375.96067029, 4.95928820917761e+20], "position_value": [672188, 231431.1390859848, 3.076032837506404e+17], "current_position_size": [672188, 1157105.0768634381, 7.690056352763327e+18], "last_log_ret": [672188, 0.00951031465024722, 1359.0407591337391], "sortino_ratio": [672188, 12.989549000206738, 1121398678691.0771], "rolling_pnl_sigma": [672188, 0.015120329859017196, 546.034327725661], "portfolio_cash_ratio": [672188, 0.8879318293264219, 37270.052237404816], "free_collateral": [672188, 37777001.34187743, 4.905289960611173e+20], "mm_reqs": [672188, 24680.55017579896, 1.3746372381605252e+16], "unrealized_pnl_0": [672188, 4.99732208383639, 322781089031.3492], "unrealized_pnl_1": [672188, -2.7324082042897193, 1793428044876.2063], "unrealized_pnl_2": [672188, 41437.22350647951, 3.6796151689506e+16], "unrealized_pnl_3": [672188, 83274.86774304537, 3.724383261761752e+17], "unrealized_pnl_4": [672188, 156.12484348884257, 6973976591437.785], "unrealized_pnl_5": [672188, 5354.892244989659, 2123047394305490.2], "unrealized_pnl_6": [672188, 87.44546586085858, 7082066848753.81], "unrealized_pnl_7": [672188, 77.99061060161029, 1285533500454.7056], "unrealized_pnl_8": [672188, 72.61183482541314, 1160701189545.5203], "unrealized_pnl_9": [672188, 1498.558940260958, 292094017580104.44], "margin_usage_ratio": [672188, 0.004195908925462382, 55.18356906935574]}, "pcr_min_ew": 0.999356073669687, "pcr_max_ew": 1.0000000000000102}