{"r_count": 866544.0001000001, "r_mean": 0.0055227624521030595, "r_var": 1865.2477509969383, "tanh_k": 2.0, "feature_welford": {"unrealized_pnl": [866546, 116838.97709567516, 4.154147027509765e+17], "realized_pnl": [866546, 50257.16096996094, 2.953655241261492e+17], "compounded_returns": [866546, 22346.908534329745, 223276183017500.0], "balance": [866546, 40799983.12365715, 7.446193357957797e+20], "position_value": [866546, 247197.48001906995, 4.46846389003311e+17], "current_position_size": [866546, 1235936.1956317152, 1.1171132397394602e+19], "last_log_ret": [866546, 0.009635597277416235, 1571.4469033436326], "sortino_ratio": [866546, 6.7418034764911, 283125714059.7591], "rolling_pnl_sigma": [866546, 0.01425374138774493, 620.1746672918072], "portfolio_cash_ratio": [866546, 0.8936880497535622, 44852.950433342885], "free_collateral": [866546, 41136935.83721212, 7.362763506236197e+20], "mm_reqs": [866546, 27128.402779456257, 2.1044227207202824e+16], "unrealized_pnl_0": [866546, 3.820182299924561, 393318977101.79474], "unrealized_pnl_1": [866546, -4.157060588336052, 2486884179222.7847], "unrealized_pnl_2": [866546, 47983.212899053084, 6.466937137701139e+16], "unrealized_pnl_3": [866546, 94738.15376509125, 5.831022767632037e+17], "unrealized_pnl_4": [866546, 180.6192106933662, 8593042190773.322], "unrealized_pnl_5": [866546, 6147.2993774864835, 2958244824855781.0], "unrealized_pnl_6": [866546, 109.38880194312588, 8241367878504.655], "unrealized_pnl_7": [866546, 89.5558192014046, 2005767338035.2832], "unrealized_pnl_8": [866546, 67.5709253666929, 1320273031817.789], "unrealized_pnl_9": [866546, 1537.2863192789036, 434755186187196.4], "margin_usage_ratio": [866546, 0.00401387087357748, 67.91909557072225]}, "pcr_min_ew": 0.9944393361633816, "pcr_max_ew": 0.9999999974550626}