{"r_count": 908990.0001000001, "r_mean": 0.005615150583573267, "r_var": 1911.0324712036422, "tanh_k": 2.0, "feature_welford": {"unrealized_pnl": [908992, 120078.44956358582, 4.5581886656204704e+17], "realized_pnl": [908992, 51070.31669090719, 3.223638913365875e+17], "compounded_returns": [908992, 22734.31957401638, 241556505579680.34], "balance": [908992, 41477862.14818605, 8.064689066189136e+20], "position_value": [908992, 250250.4698856896, 4.797151336710417e+17], "current_position_size": [908992, 1251199.962803602, 1.1992849981426082e+19], "last_log_ret": [908992, 0.009658126318567857, 1617.5770450828275], "sortino_ratio": [908992, 7.031936634618216, 294939321526.1681], "rolling_pnl_sigma": [908992, 0.014112244045289225, 635.8664370931774], "portfolio_cash_ratio": [908992, 0.894568129266553, 46531.51859127583], "free_collateral": [908992, 41820580.37133948, 7.974083926600453e+20], "mm_reqs": [908992, 27657.927125218303, 2.2929586180274276e+16], "unrealized_pnl_0": [908992, 3.8168980946207367, 403246165203.4712], "unrealized_pnl_1": [908992, -4.262250667485374, 2511894147374.964], "unrealized_pnl_2": [908992, 49346.18244198002, 7.208606379126565e+16], "unrealized_pnl_3": [908992, 97069.75911159154, 6.383583134409471e+17], "unrealized_pnl_4": [908992, 184.77558526649716, 9083672937024.834], "unrealized_pnl_5": [908992, 6285.258993715299, 3115314909708694.5], "unrealized_pnl_6": [908992, 113.92368707829394, 8501165758944.129], "unrealized_pnl_7": [908992, 90.40447033229078, 2111874092639.8953], "unrealized_pnl_8": [908992, 66.58120505897135, 1355718160666.4744], "unrealized_pnl_9": [908992, 1534.224171896726, 462411610439170.1], "margin_usage_ratio": [908992, 0.003986948048572496, 70.75319120386202]}, "pcr_min_ew": 0.9943406365830977, "pcr_max_ew": 0.9999999974073469}