{"r_count": 971542.0001000001, "r_mean": 0.005748161543276155, "r_var": 1977.9945192668272, "tanh_k": 2.0, "feature_welford": {"unrealized_pnl": [971544, 123386.97564360157, 5.1013533079895085e+17], "realized_pnl": [971544, 52046.25115900988, 3.618220520536493e+17], "compounded_returns": [971544, 23259.645687889235, 269075736468054.28], "balance": [971544, 42403249.19827022, 9.007495082805312e+20], "position_value": [971544, 253538.68937111937, 5.260915877422026e+17], "current_position_size": [971544, 1267629.9589733614, 1.3152270274414518e+19], "last_log_ret": [971544, 0.009687939255760902, 1685.415563880538], "sortino_ratio": [971544, 6.0925069528953175, 202009177329.5757], "rolling_pnl_sigma": [971544, 0.013907325681021692, 658.6024723830424], "portfolio_cash_ratio": [971544, 0.8957978456605857, 49000.51394696995], "free_collateral": [971544, 42752004.62132308, 8.905565927768246e+20], "mm_reqs": [971544, 28203.261228046817, 2.56765301834986e+16], "unrealized_pnl_0": [971544, 3.5886012092713075, 409748175010.889], "unrealized_pnl_1": [971544, -4.067821346369108, 2650178397251.9746], "unrealized_pnl_2": [971544, 50880.43398070038, 8.326951271845771e+16], "unrealized_pnl_3": [971544, 99625.70119817228, 7.23448606992113e+17], "unrealized_pnl_4": [971544, 189.80926577298254, 8785140198367.152], "unrealized_pnl_5": [971544, 6550.837892280006, 3363623606637406.0], "unrealized_pnl_6": [971544, 128.94614253680916, 11218538859603.846], "unrealized_pnl_7": [971544, 90.13882860338303, 2198861170724.2612], "unrealized_pnl_8": [971544, 66.09198692043651, 1424915097371.313], "unrealized_pnl_9": [971544, 1549.2638546900193, 527874950132695.1], "margin_usage_ratio": [971544, 0.0039498072315221466, 75.0137541779135]}, "pcr_min_ew": 0.9994548078628264, "pcr_max_ew": 0.9999999955766303}