{"r_count": 795056.0001000001, "r_mean": 0.005367887956509484, "r_var": 1787.8881208860812, "tanh_k": 2.0, "feature_welford": {"unrealized_pnl": [795058, 111514.13199964791, 3.5369292191658195e+17], "realized_pnl": [795058, 48923.83028545645, 2.5429884339911357e+17], "compounded_returns": [795058, 21694.895885870224, 194994690793295.53], "balance": [795058, 39669819.845311575, 6.492899585395493e+20], "position_value": [795058, 242039.9486589752, 3.9423717935411494e+17], "current_position_size": [795058, 1210149.2074862402, 9.85590178187597e+18], "last_log_ret": [795058, 0.009595226238200824, 1493.806151275141], "sortino_ratio": [795058, 6.960289303838181, 282918291912.07434], "rolling_pnl_sigma": [795058, 0.014530303065941904, 593.4473526302573], "portfolio_cash_ratio": [795058, 0.891930379037475, 42056.45136042175], "free_collateral": [795058, 39997118.501009315, 6.420858033626728e+20], "mm_reqs": [795058, 26297.16747721509, 1.819601943219786e+16], "unrealized_pnl_0": [795058, 4.080999403281609, 389856673928.9193], "unrealized_pnl_1": [795058, -6.417539834999871, 2123599143558.8174], "unrealized_pnl_2": [795058, 45799.42792949052, 5.367399929055929e+16], "unrealized_pnl_3": [795058, 90862.62448411273, 4.989594756418112e+17], "unrealized_pnl_4": [795058, 171.21458291054867, 7914644504484.714], "unrealized_pnl_5": [795058, 5862.353499603117, 2656729907333821.5], "unrealized_pnl_6": [795058, 102.2255099982153, 7763259795467.177], "unrealized_pnl_7": [795058, 87.36765391251434, 1804999718202.7483], "unrealized_pnl_8": [795058, 69.6094460410726, 1219306764581.3438], "unrealized_pnl_9": [795058, 1516.1706757851675, 383716028728514.94], "margin_usage_ratio": [795058, 0.004070444773708541, 63.274057548755906]}, "pcr_min_ew": 0.9985198674051483, "pcr_max_ew": 0.9999999973219833}