{"r_count": 834151.0001000001, "r_mean": 0.005450864883247845, "r_var": 1829.895192735742, "tanh_k": 2.0, "feature_welford": {"unrealized_pnl": [834153, 113360.98368370211, 3.8009490054657395e+17], "realized_pnl": [834153, 49548.9570490351, 2.796085560949514e+17], "compounded_returns": [834153, 22023.640379882523, 209588909778469.3], "balance": [834153, 40227218.27606383, 6.983490278831484e+20], "position_value": [834153, 243630.0549790285, 4.173423253204635e+17], "current_position_size": [834153, 1218105.367571216, 1.0433543045149594e+19], "last_log_ret": [834153, 0.0096164906947359, 1535.8326230829018], "sortino_ratio": [834153, 9.453844383628692, 409200662957.5293], "rolling_pnl_sigma": [834153, 0.014349117201976553, 607.5175526767295], "portfolio_cash_ratio": [834153, 0.892941060284519, 43599.34801112448], "free_collateral": [834153, 40557690.32034776, 6.904875857145198e+20], "mm_reqs": [834153, 26567.53568842718, 1.953088613662453e+16], "unrealized_pnl_0": [834153, 4.591985322585304, 379912270411.6197], "unrealized_pnl_1": [834153, -4.654920734177226, 2209791935793.508], "unrealized_pnl_2": [834153, 46738.817612947496, 5.799157085455751e+16], "unrealized_pnl_3": [834153, 92533.42946941861, 5.495636264074733e+17], "unrealized_pnl_4": [834153, 177.23279309045964, 8366715083555.582], "unrealized_pnl_5": [834153, 5983.528885185964, 2667000370226956.0], "unrealized_pnl_6": [834153, 107.70279204774864, 8028522026310.154], "unrealized_pnl_7": [834153, 88.5367098916058, 1929791258716.2256], "unrealized_pnl_8": [834153, 69.43039283308819, 1323924508404.1082], "unrealized_pnl_9": [834153, 1514.8841996367548, 412648818582774.9], "margin_usage_ratio": [834153, 0.004037730029504282, 65.86884490384874]}, "pcr_min_ew": 0.9968060591068074, "pcr_max_ew": 1.0000000000000593}