{"r_count": 738089.0001000001, "r_mean": 0.005229034006596596, "r_var": 1725.5532313486635, "tanh_k": 2.0, "feature_welford": {"unrealized_pnl": [738091, 105379.48392584325, 2.998730276783431e+17], "realized_pnl": [738091, 47531.38717930233, 2.269076357481546e+17], "compounded_returns": [738091, 21069.246214317278, 171619250051066.5], "balance": [738091, 38568115.63789718, 5.7033257567742814e+20], "position_value": [738091, 235965.47297874748, 3.480507700942324e+17], "current_position_size": [738091, 1179779.5136666766, 8.701250802475147e+18], "last_log_ret": [738091, 0.009556327616632948, 1431.3108266939612], "sortino_ratio": [738091, 10.127200591292798, 408326912249.81555], "rolling_pnl_sigma": [738091, 0.01476653552390667, 571.540134702296], "portfolio_cash_ratio": [738091, 0.8902350251826922, 39845.40566205843], "free_collateral": [738091, 38884236.04438402, 5.639253682055408e+20], "mm_reqs": [738091, 25274.834149284015, 1.573003860817288e+16], "unrealized_pnl_0": [738091, 4.507032055106057, 340040793231.654], "unrealized_pnl_1": [738091, -5.199824653492146, 2021739237059.5952], "unrealized_pnl_2": [738091, 43585.07413955938, 4.409323216573531e+16], "unrealized_pnl_3": [738091, 86584.54683775759, 4.3964023131157165e+17], "unrealized_pnl_4": [738091, 162.63982599336984, 6954095186995.637], "unrealized_pnl_5": [738091, 5633.234508503396, 2353959720846932.5], "unrealized_pnl_6": [738091, 94.46968517559948, 7262982304118.565], "unrealized_pnl_7": [738091, 83.13932430242888, 1585826223924.9868], "unrealized_pnl_8": [738091, 71.83125730942706, 1187016062619.1597], "unrealized_pnl_9": [738091, 1467.1176924110143, 330904729574683.06], "margin_usage_ratio": [738091, 0.004122477446590268, 59.59706761075962]}, "pcr_min_ew": 0.9971054978414166, "pcr_max_ew": 0.9999999997920191}