{"r_count": 499051.0001, "r_mean": 0.004675375526692066, "r_var": 1460.3467003718354, "tanh_k": 2.0, "feature_welford": {"unrealized_pnl": [499053, 89342.69562797455, 1.612096741039805e+17], "realized_pnl": [499053, 42873.04555215545, 1.231512003436634e+17], "compounded_returns": [499053, 18767.122929411817, 101462806955350.16], "balance": [499053, 34626807.938657135, 3.316836955214439e+20], "position_value": [499053, 218315.59537580723, 2.095432693267438e+17], "current_position_size": [499053, 1091525.4917326586, 5.238551748814907e+18], "last_log_ret": [499053, 0.00936192925069982, 1169.0314749816835], "sortino_ratio": [499053, 6.939603255910641, 198382804776.65564], "rolling_pnl_sigma": [499053, 0.016444071344756436, 475.57164211596796], "portfolio_cash_ratio": [499053, 0.8790965303125954, 30309.49524332774], "free_collateral": [499053, 34911278.975964464, 3.284532990780718e+20], "mm_reqs": [499053, 23226.12714430842, 9111284742832586.0], "unrealized_pnl_0": [499053, 5.928202824648783, 292040876352.64667], "unrealized_pnl_1": [499053, -3.7782042799292475, 1459269955743.7583], "unrealized_pnl_2": [499053, 34821.552298282695, 1.9367368759527016e+16], "unrealized_pnl_3": [499053, 76613.14303337851, 2.4096213119641888e+17], "unrealized_pnl_4": [499053, 138.94465482016258, 5201504814174.242], "unrealized_pnl_5": [499053, 4922.193590802868, 1639933570797988.8], "unrealized_pnl_6": [499053, 78.70283021072484, 5029111944909.075], "unrealized_pnl_7": [499053, 56.77316393989741, 774277297761.51], "unrealized_pnl_8": [499053, 65.11935307807774, 763394011947.1943], "unrealized_pnl_9": [499053, 1375.6143622838142, 185262974206820.28], "margin_usage_ratio": [499053, 0.004502703797258176, 44.09931453474221]}, "pcr_min_ew": 0.9983346703200594, "pcr_max_ew": 0.9999999980746054}