{"r_count": 941383.0001000001, "r_mean": 0.005672652735603147, "r_var": 1946.4567788595627, "tanh_k": 2.0, "feature_welford": {"unrealized_pnl": [941385, 121700.1262978753, 4.8175172239913965e+17], "realized_pnl": [941385, 51350.37994481465, 3.390301296438009e+17], "compounded_returns": [941385, 22950.465849990833, 254080313100982.88], "balance": [941385, 41864943.94516887, 8.497983483771527e+20], "position_value": [941385, 251634.10987169493, 5.021250795848822e+17], "current_position_size": [941385, 1258124.8748141148, 1.2553108796084126e+19], "last_log_ret": [941385, 0.009671871797874512, 1653.247632045904], "sortino_ratio": [941385, 7.330507329698824, 300216490950.9115], "rolling_pnl_sigma": [941385, 0.013999974731889823, 647.9979827295734], "portfolio_cash_ratio": [941385, 0.8953009913241878, 47783.60805018906], "free_collateral": [941385, 42210316.678248174, 8.401930599831007e+20], "mm_reqs": [941385, 27997.851021405007, 2.4403893431408244e+16], "unrealized_pnl_0": [941385, 4.315695464384741, 413891386059.9541], "unrealized_pnl_1": [941385, -2.645129076189881, 2391189801088.976], "unrealized_pnl_2": [941385, 50148.402758863565, 7.753987301130934e+16], "unrealized_pnl_3": [941385, 98270.11736364468, 6.812204150060786e+17], "unrealized_pnl_4": [941385, 183.25138223825476, 9300333487948.006], "unrealized_pnl_5": [941385, 6362.271524488931, 3176152636805445.0], "unrealized_pnl_6": [941385, 122.59931662781405, 9197800884342.977], "unrealized_pnl_7": [941385, 96.14987002784738, 2368153424468.9146], "unrealized_pnl_8": [941385, 65.51827126390187, 1405281925160.9531], "unrealized_pnl_9": [941385, 1560.4310345979052, 515482030853698.2], "margin_usage_ratio": [941385, 0.0039674242239196265, 73.04276288998372]}, "pcr_min_ew": 0.9948463091380292, "pcr_max_ew": 0.9999484540166993}