{"r_count": 513572.0001, "r_mean": 0.0047245478833999295, "r_var": 1476.3617102788019, "tanh_k": 2.0, "feature_welford": {"unrealized_pnl": [513574, 90826.68320749784, 1.6967380363919354e+17], "realized_pnl": [513574, 43359.64659552926, 1.2822519440891907e+17], "compounded_returns": [513574, 18993.10663713173, 106655314424621.81], "balance": [513574, 35012383.91235307, 3.490673088789031e+20], "position_value": [513574, 220058.39375441556, 2.1921330135594592e+17], "current_position_size": [513574, 1100232.655391639, 5.480302807507492e+18], "last_log_ret": [513574, 0.009379897483199711, 1184.8433471457583], "sortino_ratio": [513574, 6.878847809441833, 198128494248.65543], "rolling_pnl_sigma": [513574, 0.016300277268808058, 481.3810614305904], "portfolio_cash_ratio": [513574, 0.8800716568325873, 30879.18147932744], "free_collateral": [513574, 35299797.078014955, 3.4566196061098535e+20], "mm_reqs": [513574, 23508.784976671097, 9627336660411112.0], "unrealized_pnl_0": [513574, 4.206679300825502, 301499458109.9508], "unrealized_pnl_1": [513574, -3.699175768011253, 1472480268358.1987], "unrealized_pnl_2": [513574, 35450.77447587995, 2.081488618312931e+16], "unrealized_pnl_3": [513574, 77609.4271125698, 2.52458644520679e+17], "unrealized_pnl_4": [513574, 141.6738410307165, 5234033917920.956], "unrealized_pnl_5": [513574, 4989.626250518969, 1696170944959631.2], "unrealized_pnl_6": [513574, 81.44437926002873, 5194155788519.626], "unrealized_pnl_7": [513574, 58.53448937813749, 768756823848.6516], "unrealized_pnl_8": [513574, 65.70912139774092, 771112994212.8594], "unrealized_pnl_9": [513574, 1383.968215069808, 198416382963982.2], "margin_usage_ratio": [513574, 0.004468191177656778, 44.99638766138201]}, "pcr_min_ew": 0.9946906802132286, "pcr_max_ew": 0.9999999998740069}