{"r_count": 714632.0001000001, "r_mean": 0.005183875461402184, "r_var": 1699.600627525563, "tanh_k": 2.0, "feature_welford": {"unrealized_pnl": [714634, 104562.63236221514, 2.885271081396025e+17], "realized_pnl": [714634, 47487.59176107689, 2.179808463725016e+17], "compounded_returns": [714634, 20944.33012035874, 166320673595389.5], "balance": [714634, 38355269.26478263, 5.5171976045050646e+20], "position_value": [714634, 234966.6126663957, 3.360995031315233e+17], "current_position_size": [714634, 1174772.9661040918, 8.402457574363407e+18], "last_log_ret": [714634, 0.009543853837698334, 1405.6017695776786], "sortino_ratio": [714634, 6.503883375947962, 201022676300.15787], "rolling_pnl_sigma": [714634, 0.01488932191429303, 562.6427213145599], "portfolio_cash_ratio": [714634, 0.8894859034613648, 38904.01168065373], "free_collateral": [714634, 38669718.399212025, 5.456920389266154e+20], "mm_reqs": [714634, 25124.492844151286, 1.505598788075819e+16], "unrealized_pnl_0": [714634, 4.482628526370209, 343194307960.89197], "unrealized_pnl_1": [714634, -10.978641135020007, 2663714962965.593], "unrealized_pnl_2": [714634, 42912.87032991935, 4.12205237524941e+16], "unrealized_pnl_3": [714634, 86062.81763229112, 4.21034934547996e+17], "unrealized_pnl_4": [714634, 157.5844509927954, 7104706188598.183], "unrealized_pnl_5": [714634, 5663.539768251391, 2359857840238057.5], "unrealized_pnl_6": [714634, 94.06466848589577, 7475372217285.659], "unrealized_pnl_7": [714634, 81.2095517748202, 1389155235767.1553], "unrealized_pnl_8": [714634, 69.57831255392956, 1287123510628.6794], "unrealized_pnl_9": [714634, 1473.15050300169, 333504280525701.9], "margin_usage_ratio": [714634, 0.004143560255116355, 57.88449352821738]}, "pcr_min_ew": 0.9977208001622244, "pcr_max_ew": 0.9999999999999526}