{"r_count": 455488.0001, "r_mean": 0.004540189574081233, "r_var": 1412.6574066763042, "tanh_k": 2.0, "feature_welford": {"unrealized_pnl": [455490, 85973.69080419668, 1.3968631317272771e+17], "realized_pnl": [455490, 41864.723362054414, 1.0685406763419693e+17], "compounded_returns": [455490, 18220.912015388512, 89730456386181.52], "balance": [455490, 33754942.85315712, 2.9334576615010707e+20], "position_value": [455490, 213975.54880715013, 1.8565571719056746e+17], "current_position_size": [455490, 1069820.2426017937, 4.641361805198421e+18], "last_log_ret": [455490, 0.009310228673747796, 1122.2654906316848], "sortino_ratio": [455490, 7.042453284035416, 197899965733.03238], "rolling_pnl_sigma": [455490, 0.016893605395345165, 457.20198177117646], "portfolio_cash_ratio": [455490, 0.8762101674849723, 28433.057014136608], "free_collateral": [455490, 34032185.96562546, 2.905894700607881e+20], "mm_reqs": [455490, 22749.16938581488, 8062304514747535.0], "unrealized_pnl_0": [455490, 6.045162719114619, 271805902360.68765], "unrealized_pnl_1": [455490, -3.4060568216761253, 1346370741545.1526], "unrealized_pnl_2": [455490, 33279.17550086979, 1.6585930167122296e+16], "unrealized_pnl_3": [455490, 73789.91608096307, 2.0709544383824342e+17], "unrealized_pnl_4": [455490, 136.44054388944335, 4795575308090.413], "unrealized_pnl_5": [455490, 4793.3358961464255, 1503111488929056.8], "unrealized_pnl_6": [455490, 80.36147346048642, 4699477859591.082], "unrealized_pnl_7": [455490, 52.859695050352016, 670263824284.6921], "unrealized_pnl_8": [455490, 60.06466497157917, 673758729819.7477], "unrealized_pnl_9": [455490, 1351.1318766233903, 164434513638768.16], "margin_usage_ratio": [455490, 0.004601768407510465, 41.16672894263223]}, "pcr_min_ew": 0.9961846244653724, "pcr_max_ew": 0.9999999994916311}