{"r_count": 625272.0001000001, "r_mean": 0.004999068115633036, "r_var": 1602.1074647818493, "tanh_k": 2.0, "feature_welford": {"unrealized_pnl": [625274, 99410.17371690665, 2.3472500694378592e+17], "realized_pnl": [625274, 45882.853337559034, 1.7558633972312083e+17], "compounded_returns": [625274, 20199.884994452204, 139549744443465.56], "balance": [625274, 37121719.45076723, 4.621581565598142e+20], "position_value": [625274, 229587.27780185355, 2.856029231708138e+17], "current_position_size": [625274, 1147888.291443989, 7.140048318081954e+18], "last_log_ret": [625274, 0.009484266938642516, 1308.8857352724167], "sortino_ratio": [625274, 7.031011686052403, 200730365540.09164], "rolling_pnl_sigma": [625274, 0.015434729524363467, 528.1384279959665], "portfolio_cash_ratio": [625274, 0.8859147156457791, 35417.752583361726], "free_collateral": [625274, 37426018.413088985, 4.573525301601079e+20], "mm_reqs": [625274, 24740.097753032016, 1.2837649122847296e+16], "unrealized_pnl_0": [625274, 4.396230331764004, 290687144853.0562], "unrealized_pnl_1": [625274, -3.6233311493290667, 1571479692303.5093], "unrealized_pnl_2": [625274, 39747.66056517969, 3.1103905676354884e+16], "unrealized_pnl_3": [625274, 82898.78836242527, 3.395503171220641e+17], "unrealized_pnl_4": [625274, 152.12777010559995, 6861517220450.468], "unrealized_pnl_5": [625274, 5312.586826290153, 2065714184892980.2], "unrealized_pnl_6": [625274, 89.81295670365084, 6385439316882.662], "unrealized_pnl_7": [625274, 71.06043617255708, 1123442551081.4863], "unrealized_pnl_8": [625274, 72.1519132251215, 1064350306024.4359], "unrealized_pnl_9": [625274, 1406.7350075954364, 265842454195338.84], "margin_usage_ratio": [625274, 0.00427158089854559, 52.33778358661545]}, "pcr_min_ew": 0.9982258344522226, "pcr_max_ew": 0.9999999999999616}