{"r_count": 667718.0001000001, "r_mean": 0.005079250622165505, "r_var": 1647.9157720404478, "tanh_k": 2.0, "feature_welford": {"unrealized_pnl": [667720, 100527.86257456201, 2.534607061799707e+17], "realized_pnl": [667720, 46160.18318371177, 1.914827695672935e+17], "compounded_returns": [667720, 20400.163619199946, 148505003156937.88], "balance": [667720, 37404898.62593989, 4.914798299060415e+20], "position_value": [667720, 231098.7320916775, 3.048072792286914e+17], "current_position_size": [667720, 1155442.7034662499, 7.620156126161447e+18], "last_log_ret": [667720, 0.009507245076910233, 1354.2463032402666], "sortino_ratio": [667720, 13.061785096024574, 1121397852989.1074], "rolling_pnl_sigma": [667720, 0.015147865669773298, 544.3384318050898], "portfolio_cash_ratio": [667720, 0.8877552673585293, 37091.80026874876], "free_collateral": [667720, 37711930.595971346, 4.861378272552939e+20], "mm_reqs": [667720, 24640.52110077256, 1.3618125213648336e+16], "unrealized_pnl_0": [667720, 5.008953456108528, 322740438857.14325], "unrealized_pnl_1": [667720, -2.6251575404160707, 1787262883075.4321], "unrealized_pnl_2": [667720, 41298.99503442142, 3.630669094994166e+16], "unrealized_pnl_3": [667720, 83062.8861161285, 3.686641627225045e+17], "unrealized_pnl_4": [667720, 155.47216675507306, 6941217524786.063], "unrealized_pnl_5": [667720, 5344.985791083929, 2108278554510806.0], "unrealized_pnl_6": [667720, 87.43832916046584, 7073104426238.373], "unrealized_pnl_7": [667720, 77.52401431136506, 1269095681326.1191], "unrealized_pnl_8": [667720, 72.71598035223079, 1141972964336.4407], "unrealized_pnl_9": [667720, 1492.8707819255653, 286706143163747.9], "margin_usage_ratio": [667720, 0.0042017788039041834, 54.898099498084015]}, "pcr_min_ew": 0.9987980150953302, "pcr_max_ew": 0.9999999975358244}