{"r_count": 585060.0001000001, "r_mean": 0.004903800105742854, "r_var": 1556.5160483504726, "tanh_k": 2.0, "feature_welford": {"unrealized_pnl": [585062, 96618.62967544027, 2.1014712021010106e+17], "realized_pnl": [585062, 44874.0194028483, 1.5485448448796195e+17], "compounded_returns": [585062, 19745.83184641478, 126507863028180.4], "balance": [585062, 36307426.768364824, 4.169366785000914e+20], "position_value": [585062, 226336.46741055622, 2.604090786994057e+17], "current_position_size": [585062, 1131625.7698636684, 6.510196699031977e+18], "last_log_ret": [585062, 0.009448339491177748, 1263.806456090999], "sortino_ratio": [585062, 6.8304792898018505, 199213987244.94186], "rolling_pnl_sigma": [585062, 0.01571461667768083, 511.271765509889], "portfolio_cash_ratio": [585062, 0.8840953917944484, 33791.3106187848], "free_collateral": [585062, 36606096.37031163, 4.126939037294926e+20], "mm_reqs": [585062, 24329.50542761168, 1.1615335729699302e+16], "unrealized_pnl_0": [585062, 5.065638150911023, 323594040547.9242], "unrealized_pnl_1": [585062, -4.697895024365452, 1742367696111.4749], "unrealized_pnl_2": [585062, 38288.72758035515, 2.7466779205056264e+16], "unrealized_pnl_3": [585062, 81090.77927763227, 3.0248187353400186e+17], "unrealized_pnl_4": [585062, 142.66896841336782, 6113792681338.41], "unrealized_pnl_5": [585062, 5212.138443259977, 1985463252557173.0], "unrealized_pnl_6": [585062, 78.42248987670085, 5731282826432.1455], "unrealized_pnl_7": [585062, 68.73701293371678, 1074845583304.012], "unrealized_pnl_8": [585062, 70.76372675701926, 922145719313.9058], "unrealized_pnl_9": [585062, 1394.1276592886852, 230689383638166.03], "margin_usage_ratio": [585062, 0.0043309142597756905, 49.6546739805428]}, "pcr_min_ew": 0.9987316554840793, "pcr_max_ew": 0.999999999121662}