{"r_count": 854257.0001000001, "r_mean": 0.005495717432226902, "r_var": 1851.9900538348463, "tanh_k": 2.0, "feature_welford": {"unrealized_pnl": [854259, 115765.01718467794, 4.031371774256717e+17], "realized_pnl": [854259, 50007.575946449295, 2.8807225939213606e+17], "compounded_returns": [854259, 22229.773273702027, 218034566448593.47], "balance": [854259, 40595677.51263933, 7.269000060162124e+20], "position_value": [854259, 246240.87255595718, 4.3722363666723296e+17], "current_position_size": [854259, 1231152.4225044, 1.093056316308655e+19], "last_log_ret": [854259, 0.009628723589243398, 1558.1174431715963], "sortino_ratio": [854259, 6.804685125974956, 283124000520.4801], "rolling_pnl_sigma": [854259, 0.014297279870679523, 615.5741684994641], "portfolio_cash_ratio": [854259, 0.8934160692843106, 44371.95426021022], "free_collateral": [854259, 40930775.3038599, 7.187516426611744e+20], "mm_reqs": [854259, 26949.383260285675, 2.0482927035506296e+16], "unrealized_pnl_0": [854259, 3.8492155278170657, 393264445927.812], "unrealized_pnl_1": [854259, -4.978578891878248, 2288284103624.738], "unrealized_pnl_2": [854259, 47588.79870773258, 6.244440533338536e+16], "unrealized_pnl_3": [854259, 93981.64732829454, 5.6821089945500454e+17], "unrealized_pnl_4": [854259, 178.59411069475493, 8434054174723.163], "unrealized_pnl_5": [854259, 6090.690647398627, 2904005025470687.0], "unrealized_pnl_6": [854259, 107.97793405464743, 8174675104174.146], "unrealized_pnl_7": [854259, 89.22273592317212, 1972219564447.984], "unrealized_pnl_8": [854259, 67.87025898518883, 1309598504447.426], "unrealized_pnl_9": [854259, 1528.3031828819992, 422860063777606.0], "margin_usage_ratio": [854259, 0.004022462837153454, 67.13184406595056]}, "pcr_min_ew": 0.9895272274411675, "pcr_max_ew": 0.9999999801551651}