{"r_count": 722451.0001000001, "r_mean": 0.005201801964244907, "r_var": 1708.9346608898209, "tanh_k": 2.0, "feature_welford": {"unrealized_pnl": [722453, 105633.9367044758, 2.949932995927432e+17], "realized_pnl": [722453, 47624.216508166915, 2.182949753899664e+17], "compounded_returns": [722453, 21001.596096573103, 168326366851885.9], "balance": [722453, 38474890.60324874, 5.59417441087225e+20], "position_value": [722453, 236123.45558489504, 3.4265348721822694e+17], "current_position_size": [722453, 1180566.6260160927, 8.566311471988488e+18], "last_log_ret": [722453, 0.0095492214625107, 1414.8437668579845], "sortino_ratio": [722453, 7.244824412736431, 282400224611.73364], "rolling_pnl_sigma": [722453, 0.014867553588371267, 565.9078449628638], "portfolio_cash_ratio": [722453, 0.8897636129364955, 39218.07717016407], "free_collateral": [722453, 38791258.2905263, 5.53301366750334e+20], "mm_reqs": [722453, 25431.134633804537, 1.552958622275055e+16], "unrealized_pnl_0": [722453, 3.814374102179741, 356049321740.30725], "unrealized_pnl_1": [722453, -5.365806103106358, 1977599384779.8013], "unrealized_pnl_2": [722453, 43259.6299949803, 4.335413726443113e+16], "unrealized_pnl_3": [722453, 86652.03053646193, 4.2004366149060416e+17], "unrealized_pnl_4": [722453, 160.6108936209961, 7230611991528.47], "unrealized_pnl_5": [722453, 5557.972438201865, 2359011549186310.5], "unrealized_pnl_6": [722453, 94.59049883923134, 7082327440264.014], "unrealized_pnl_7": [722453, 82.92003418578547, 1519665586414.4058], "unrealized_pnl_8": [722453, 71.21987250753685, 1152307260167.9343], "unrealized_pnl_9": [722453, 1490.593444078663, 328077073850576.25], "margin_usage_ratio": [722453, 0.004140271928701625, 58.540316335978964]}, "pcr_min_ew": 0.997888180768712, "pcr_max_ew": 0.999999999999931}