{"r_count": 713515.0001000001, "r_mean": 0.005184098649362503, "r_var": 1699.1582478324117, "tanh_k": 2.0, "feature_welford": {"unrealized_pnl": [713517, 105043.14410085886, 2.894947450592294e+17], "realized_pnl": [713517, 47480.42214589566, 2.1441068540131882e+17], "compounded_returns": [713517, 20936.11253509763, 165782421494623.22], "balance": [713517, 38365633.67951555, 5.508653940531993e+20], "position_value": [713517, 235544.88751998032, 3.3739094789496454e+17], "current_position_size": [713517, 1177673.1517291267, 8.43474777649926e+18], "last_log_ret": [713517, 0.00954394366467773, 1405.1384826039732], "sortino_ratio": [713517, 7.267362094934265, 282235023328.60864], "rolling_pnl_sigma": [713517, 0.014914829007097934, 562.4959657944536], "portfolio_cash_ratio": [713517, 0.8894470572778965, 38870.1186051955], "free_collateral": [713517, 38680886.18428542, 5.4487291233526736e+20], "mm_reqs": [713517, 25376.623454537097, 1.5305816251887566e+16], "unrealized_pnl_0": [713517, 3.905486697901642, 355201325237.9126], "unrealized_pnl_1": [713517, -5.226116349946478, 1969977418227.8577], "unrealized_pnl_2": [713517, 42938.37433056981, 4.217894901492881e+16], "unrealized_pnl_3": [713517, 86332.41226294152, 4.1268291836431706e+17], "unrealized_pnl_4": [713517, 159.2536055873699, 7170656245820.176], "unrealized_pnl_5": [713517, 5495.893836543123, 2290686823167441.0], "unrealized_pnl_6": [713517, 91.21883591465911, 6848684431052.039], "unrealized_pnl_7": [713517, 82.11137190930403, 1489370133982.608], "unrealized_pnl_8": [713517, 71.2628619436055, 1144553336995.8398], "unrealized_pnl_9": [713517, 1485.2113610861495, 319552999212253.6], "margin_usage_ratio": [713517, 0.004150914079188174, 57.974358193949364]}, "pcr_min_ew": 0.9973802767094079, "pcr_max_ew": 0.9999999964386759}