{"r_count": 520274.0001, "r_mean": 0.004734202342447493, "r_var": 1484.131782802813, "tanh_k": 2.0, "feature_welford": {"unrealized_pnl": [520276, 91555.05030924699, 1.7200333222446243e+17], "realized_pnl": [520276, 43403.61643453526, 1.284217757423931e+17], "compounded_returns": [520276, 19022.88750375512, 107443591937061.64], "balance": [520276, 35068678.6686238, 3.5216951499991e+20], "position_value": [520276, 220920.74813869162, 2.2178503723237072e+17], "current_position_size": [520276, 1104546.6934313625, 5.544597963445469e+18], "last_log_ret": [520276, 0.00938547946447437, 1192.5324460961756], "sortino_ratio": [520276, 7.484270402140688, 206934691930.995], "rolling_pnl_sigma": [520276, 0.016240829448825714, 484.28349458161955], "portfolio_cash_ratio": [520276, 0.880467620804799, 31157.61997804495], "free_collateral": [520276, 35357645.287995316, 3.48688327327803e+20], "mm_reqs": [520276, 23553.190497500364, 9714300936675066.0], "unrealized_pnl_0": [520276, 5.264628272323548, 293800657855.8893], "unrealized_pnl_1": [520276, -1.811931169839008, 1497319521817.2998], "unrealized_pnl_2": [520276, 35958.58753053184, 2.1456577941583036e+16], "unrealized_pnl_3": [520276, 77752.13035688341, 2.5279087654810336e+17], "unrealized_pnl_4": [520276, 141.91908770841235, 5345148710014.289], "unrealized_pnl_5": [520276, 5019.343696140709, 1729344455566299.0], "unrealized_pnl_6": [520276, 79.13799481384697, 5119671979059.546], "unrealized_pnl_7": [520276, 60.012658591160815, 812390010273.3295], "unrealized_pnl_8": [520276, 67.66917317478335, 794521353562.3228], "unrealized_pnl_9": [520276, 1388.4792085376284, 193739805284315.34], "margin_usage_ratio": [520276, 0.00445414899909306, 45.40795452106454]}, "pcr_min_ew": 0.9879855181163145, "pcr_max_ew": 0.999999618769577}