{"r_count": 581709.0001000001, "r_mean": 0.004893822075645905, "r_var": 1552.711860126753, "tanh_k": 2.0, "feature_welford": {"unrealized_pnl": [581711, 96228.53746992043, 2.0754979887909315e+17], "realized_pnl": [581711, 44768.94879955445, 1.5333232383061267e+17], "compounded_returns": [581711, 19699.28949825512, 125285005986429.45], "balance": [581711, 36222876.88640289, 4.1265166474651455e+20], "position_value": [581711, 225891.53526991868, 2.5775923943114816e+17], "current_position_size": [581711, 1129400.7836933753, 6.443950569546154e+18], "last_log_ret": [581711, 0.009444899305316863, 1260.0344344708365], "sortino_ratio": [581711, 6.857139791962396, 199213664929.56604], "rolling_pnl_sigma": [581711, 0.015738278610623383, 509.83504301545037], "portfolio_cash_ratio": [581711, 0.8839352923468121, 33654.56502826042], "free_collateral": [581711, 36520793.42318779, 4.084513353604582e+20], "mm_reqs": [581711, 24244.749317581358, 1.1444693770039786e+16], "unrealized_pnl_0": [581711, 5.118885967576296, 323306653580.66846], "unrealized_pnl_1": [581711, -4.725333303473999, 1742366355573.7998], "unrealized_pnl_2": [581711, 38146.02710419345, 2.7129688953012704e+16], "unrealized_pnl_3": [581711, 80812.39614521824, 2.9911521985225734e+17], "unrealized_pnl_4": [581711, 141.82603417762772, 6089163640543.04], "unrealized_pnl_5": [581711, 5201.462282169709, 1978909170003803.8], "unrealized_pnl_6": [581711, 78.09631253007737, 5722737976907.419], "unrealized_pnl_7": [581711, 68.34312054652496, 1065568421745.7798], "unrealized_pnl_8": [581711, 70.45647915115826, 915181453748.0695], "unrealized_pnl_9": [581711, 1390.5559807621546, 229101487948730.66], "margin_usage_ratio": [581711, 0.0043356418996257605, 49.422673390571006]}, "pcr_min_ew": 0.9986965138160481, "pcr_max_ew": 0.9999999985868006}