{"r_count": 980478.0001000001, "r_mean": 0.005766182157323618, "r_var": 1987.6142130614683, "tanh_k": 2.0, "feature_welford": {"unrealized_pnl": [980480, 124079.67371831124, 5.19730577618367e+17], "realized_pnl": [980480, 52178.93948416052, 3.6802227469939155e+17], "compounded_returns": [980480, 23325.451204067504, 272758212658847.72], "balance": [980480, 42518797.81251812, 9.133051588540033e+20], "position_value": [980480, 254120.6930804154, 5.3329418403416346e+17], "current_position_size": [980480, 1270539.663831015, 1.3332336999021756e+19], "last_log_ret": [980480, 0.009691829038023684, 1695.1538084351237], "sortino_ratio": [980480, 6.061499244801777, 202010513111.1047], "rolling_pnl_sigma": [980480, 0.013882169303832459, 661.9065808790697], "portfolio_cash_ratio": [980480, 0.8959410602303755, 49356.58509300542], "free_collateral": [980480, 42868716.986702584, 9.029633461940979e+20], "mm_reqs": [980480, 28315.36259456997, 2.6104110966800624e+16], "unrealized_pnl_0": [980480, 3.5425585767728576, 409861561243.6778], "unrealized_pnl_1": [980480, -4.274929604223214, 2661643342064.3784], "unrealized_pnl_2": [980480, 51139.35242168418, 8.51843368341466e+16], "unrealized_pnl_3": [980480, 100136.4210907557, 7.361193981957944e+17], "unrealized_pnl_4": [980480, 189.8643702852409, 8842146962482.447], "unrealized_pnl_5": [980480, 6568.385981056066, 3389065566638166.0], "unrealized_pnl_6": [980480, 129.82784300656274, 11327846334214.006], "unrealized_pnl_7": [980480, 89.91104704836769, 2216530690228.1064], "unrealized_pnl_8": [980480, 65.98535451419009, 1435514238723.9976], "unrealized_pnl_9": [980480, 1553.2527713834108, 536471637403092.06], "margin_usage_ratio": [980480, 0.003945702671374408, 75.61673676240184]}, "pcr_min_ew": 0.9977970737430681, "pcr_max_ew": 0.9999779664641698}