{"r_count": 521391.0001, "r_mean": 0.004732081893003205, "r_var": 1485.2070012640504, "tanh_k": 2.0, "feature_welford": {"unrealized_pnl": [521393, 90703.93584972197, 1.7157940010215667e+17], "realized_pnl": [521393, 43389.107884043384, 1.324754605399258e+17], "compounded_returns": [521393, 19006.714902501746, 107266735587557.17], "balance": [521393, 35022912.85724741, 3.510452234434857e+20], "position_value": [521393, 220001.03413639124, 2.214183391361927e+17], "current_position_size": [521393, 1099950.529562878, 5.53542871708415e+18], "last_log_ret": [521393, 0.009385165700097405, 1193.4317636125902], "sortino_ratio": [521393, 6.970308682281564, 198823850623.63358], "rolling_pnl_sigma": [521393, 0.016232960876195194, 484.93650732550475], "portfolio_cash_ratio": [521393, 0.8805177160576042, 31234.62307144288], "free_collateral": [521393, 35310262.03068327, 3.4755895249287925e+20], "mm_reqs": [521393, 23391.852150166298, 9643957847385492.0], "unrealized_pnl_0": [521393, 5.747222882269399, 293700533523.3801], "unrealized_pnl_1": [521393, -4.449513762012275, 1514136222953.6658], "unrealized_pnl_2": [521393, 35630.03497288513, 2.1141702958736668e+16], "unrealized_pnl_3": [521393, 77545.88636498591, 2.5796017457146678e+17], "unrealized_pnl_4": [521393, 140.90138701946893, 5402977892566.17], "unrealized_pnl_5": [521393, 4995.681836893697, 1716468650453288.0], "unrealized_pnl_6": [521393, 78.56520903930158, 5064712638586.197], "unrealized_pnl_7": [521393, 59.7749254916707, 825575794504.348], "unrealized_pnl_8": [521393, 67.22909176299962, 807636506971.5092], "unrealized_pnl_9": [521393, 1382.3323668377968, 195597976636088.22], "margin_usage_ratio": [521393, 0.004453042798784271, 45.56821975641232]}, "pcr_min_ew": 0.9987307645007256, "pcr_max_ew": 0.999999999999936}