{"r_count": 683356.0001000001, "r_mean": 0.00511658010992419, "r_var": 1666.0186486013454, "tanh_k": 2.0, "feature_welford": {"unrealized_pnl": [683358, 102923.58928340516, 2.6790202091844822e+17], "realized_pnl": [683358, 46832.9045606961, 1.98736670241223e+17], "compounded_returns": [683358, 20642.500495770673, 155424437743828.5], "balance": [683358, 37858909.08619796, 5.158641098677733e+20], "position_value": [683358, 233493.86310413128, 3.182731141333499e+17], "current_position_size": [683358, 1167415.768752628, 7.956801177803585e+18], "last_log_ret": [683358, 0.009522927088439548, 1372.1744235624162], "sortino_ratio": [683358, 6.35326678636256, 199369728073.1013], "rolling_pnl_sigma": [683358, 0.015080214101085369, 550.8342757223811], "portfolio_cash_ratio": [683358, 0.8883585542235012, 37689.0050020266], "free_collateral": [683358, 38170276.46013765, 5.103047206848162e+20], "mm_reqs": [683358, 25096.17253510332, 1.4307817547813106e+16], "unrealized_pnl_0": [683358, 4.332914079577899, 345327906154.08984], "unrealized_pnl_1": [683358, -5.435833367323996, 1952480693748.9978], "unrealized_pnl_2": [683358, 41879.30016671409, 3.8405844295528456e+16], "unrealized_pnl_3": [683358, 84847.02196166173, 3.8265576436401594e+17], "unrealized_pnl_4": [683358, 156.0222628759576, 6958797159986.078], "unrealized_pnl_5": [683358, 5425.238628595489, 2215770530615616.5], "unrealized_pnl_6": [683358, 87.82907474888356, 6662715339848.88], "unrealized_pnl_7": [683358, 79.76138645539093, 1387396075479.4856], "unrealized_pnl_8": [683358, 72.10726287883004, 1103578216715.452], "unrealized_pnl_9": [683358, 1465.0936205161818, 300047537093710.7], "margin_usage_ratio": [683358, 0.004186559144654529, 56.016451074035885]}, "pcr_min_ew": 0.9970197792068949, "pcr_max_ew": 0.9999999994251199}