{"r_count": 662133.0001000001, "r_mean": 0.0050727764082859955, "r_var": 1642.5345527105715, "tanh_k": 2.0, "feature_welford": {"unrealized_pnl": [662135, 101704.11622558486, 2.552776635076953e+17], "realized_pnl": [662135, 46472.04199208154, 1.8906334658456365e+17], "compounded_returns": [662135, 20461.396402387647, 149102552029820.03], "balance": [662135, 37548596.836317964, 4.9440952905958326e+20], "position_value": [662135, 232257.08718916995, 3.062425885604093e+17], "current_position_size": [662135, 1161230.173472235, 7.656037584945203e+18], "last_log_ret": [662135, 0.00950838379965917, 1348.9043726727139], "sortino_ratio": [662135, 6.459623298806013, 199334067721.58734], "rolling_pnl_sigma": [662135, 0.015203618867514328, 542.5125847568737], "portfolio_cash_ratio": [662135, 0.8875247820024446, 36856.46302170584], "free_collateral": [662135, 37857631.862561524, 4.891431075769853e+20], "mm_reqs": [662135, 24969.013878616115, 1.3727320327739506e+16], "unrealized_pnl_0": [662135, 4.587692367132323, 341034925165.5897], "unrealized_pnl_1": [662135, -4.570023865312902, 1879467351994.9417], "unrealized_pnl_2": [662135, 41211.31355098916, 3.610660723514755e+16], "unrealized_pnl_3": [662135, 84105.14286970727, 3.647127822692876e+17], "unrealized_pnl_4": [662135, 152.5588561837013, 6770870210501.539], "unrealized_pnl_5": [662135, 5369.701201706854, 2163980200749073.2], "unrealized_pnl_6": [662135, 86.51599272550374, 6537088432195.55], "unrealized_pnl_7": [662135, 77.84495915922815, 1313900964207.46], "unrealized_pnl_8": [662135, 72.04309958967367, 1059176037310.7673], "unrealized_pnl_9": [662135, 1457.9561838566483, 286290486761189.44], "margin_usage_ratio": [662135, 0.004214791795936964, 54.62460980329651]}, "pcr_min_ew": 0.9976555535478889, "pcr_max_ew": 1.0000000000000517}