{"r_count": 878831.0001000001, "r_mean": 0.0055501141493816365, "r_var": 1879.0988325815492, "tanh_k": 2.0, "feature_welford": {"unrealized_pnl": [878833, 117118.8091938101, 4.240911083380517e+17], "realized_pnl": [878833, 50215.84612355274, 3.0305898562038074e+17], "compounded_returns": [878833, 22424.409720934575, 227663882817231.6], "balance": [878833, 40947950.62345744, 7.602584036982286e+20], "position_value": [878833, 247197.2123203361, 4.544858757740412e+17], "current_position_size": [878833, 1235928.9917575126, 1.1362121900253716e+19], "last_log_ret": [878833, 0.00964135443003127, 1585.3589489996446], "sortino_ratio": [878833, 7.784966531206701, 428207832698.83026], "rolling_pnl_sigma": [878833, 0.01420100137092477, 624.7531805222392], "portfolio_cash_ratio": [878833, 0.8939982870810205, 45331.036553920996], "free_collateral": [878833, 41285063.62212826, 7.516872505761002e+20], "mm_reqs": [878833, 27244.736927369187, 2.1868890647448604e+16], "unrealized_pnl_0": [878833, 4.252515423043079, 390254750621.1757], "unrealized_pnl_1": [878833, -1.881336783582875, 2237138560127.0903], "unrealized_pnl_2": [878833, 48086.302895022054, 6.5874668216367224e+16], "unrealized_pnl_3": [878833, 95223.34291800678, 6.03574991782499e+17], "unrealized_pnl_4": [878833, 179.55196655305807, 7979901468837.377], "unrealized_pnl_5": [878833, 6165.019639879105, 2903324766887636.0], "unrealized_pnl_6": [878833, 112.18986143336068, 9812788491125.16], "unrealized_pnl_7": [878833, 90.38329993439157, 1965418347320.3853], "unrealized_pnl_8": [878833, 66.66801332918322, 1321249377859.6165], "unrealized_pnl_9": [878833, 1538.5571801522685, 449922356430327.0], "margin_usage_ratio": [878833, 0.004004314126701494, 68.84156391115738]}, "pcr_min_ew": 0.9970572540157967, "pcr_max_ew": 0.9999999999999803}