{"r_count": 943617.0001000001, "r_mean": 0.00567761235914331, "r_var": 1948.8289013425067, "tanh_k": 2.0, "feature_welford": {"unrealized_pnl": [943619, 121893.79635470934, 4.840781647151322e+17], "realized_pnl": [943619, 51374.18547919577, 3.4037206415486714e+17], "compounded_returns": [943619, 22970.770210670355, 255086393848591.66], "balance": [943619, 41899853.64718963, 8.531438461285896e+20], "position_value": [943619, 251792.72971960806, 5.037600792610061e+17], "current_position_size": [943619, 1258918.08214697, 1.2593983856289982e+19], "last_log_ret": [943619, 0.009672975865524807, 1655.6493455176537], "sortino_ratio": [943619, 7.325317336538452, 300220527410.0094], "rolling_pnl_sigma": [943619, 0.013993081395843883, 648.8251620268459], "portfolio_cash_ratio": [943619, 0.8953380813420776, 47875.777242840995], "free_collateral": [943619, 42245558.6347204, 8.434994613674271e+20], "mm_reqs": [943619, 28017.63949920081, 2.447803751347866e+16], "unrealized_pnl_0": [943619, 4.310069556925108, 413896554774.3653], "unrealized_pnl_1": [943619, -2.3808513324213383, 2423682363711.471], "unrealized_pnl_2": [943619, 50232.03820413893, 7.808495524058269e+16], "unrealized_pnl_3": [943619, 98405.0613933784, 6.842193546560969e+17], "unrealized_pnl_4": [943619, 183.626934703418, 9332496547989.572], "unrealized_pnl_5": [943619, 6367.462428017006, 3182409523782317.5], "unrealized_pnl_6": [943619, 122.888271720303, 9211983006396.262], "unrealized_pnl_7": [943619, 96.32530977311046, 2376660113066.2837], "unrealized_pnl_8": [943619, 65.52583497809715, 1407993453383.9373], "unrealized_pnl_9": [943619, 1563.7040307991642, 518567814638458.9], "margin_usage_ratio": [943619, 0.003966205275971396, 73.1897693699983]}, "pcr_min_ew": 0.9970888583013005, "pcr_max_ew": 0.9999999986179269}