{"r_count": 803992.0001000001, "r_mean": 0.005382226800987335, "r_var": 1798.472996914054, "tanh_k": 2.0, "feature_welford": {"unrealized_pnl": [803994, 111223.57659710594, 3.5658471601881414e+17], "realized_pnl": [803994, 48893.15007318575, 2.610468907485761e+17], "compounded_returns": [803994, 21719.44521443643, 196827352508048.78], "balance": [803994, 39731241.34534766, 6.567356544434643e+20], "position_value": [803994, 241310.4317626084, 3.973648196735859e+17], "current_position_size": [803994, 1206492.131070301, 9.934089862013215e+18], "last_log_ret": [803994, 0.009599044357241265, 1504.3160145324666], "sortino_ratio": [803994, 8.095710755850627, 427568423353.8843], "rolling_pnl_sigma": [803994, 0.014487070088013438, 597.0214214984109], "portfolio_cash_ratio": [803994, 0.8921974573173441, 42404.6260604985], "free_collateral": [803994, 40057560.43732088, 6.493503105514625e+20], "mm_reqs": [803994, 26255.77394646843, 1.86089111363085e+16], "unrealized_pnl_0": [803994, 4.525518029412877, 372472994866.30695], "unrealized_pnl_1": [803994, -1.7616374221731346, 2163794860644.7388], "unrealized_pnl_2": [803994, 45754.92677607306, 5.390479103203229e+16], "unrealized_pnl_3": [803994, 90685.63283821449, 5.11195226191911e+17], "unrealized_pnl_4": [803994, 172.5300192384254, 7457701758736.024], "unrealized_pnl_5": [803994, 5878.581716294863, 2608290503118808.5], "unrealized_pnl_6": [803994, 103.55406727592056, 8369017947685.911], "unrealized_pnl_7": [803994, 87.55849976027656, 1719815338963.696], "unrealized_pnl_8": [803994, 68.7165572072718, 1240661446930.0042], "unrealized_pnl_9": [803994, 1551.4642043989852, 402631116904321.7], "margin_usage_ratio": [803994, 0.004060594003034609, 63.90637562823969]}, "pcr_min_ew": 0.9961403463657806, "pcr_max_ew": 0.9999999995527419}