{"r_count": 531444.0001000001, "r_mean": 0.004747772637566077, "r_var": 1496.4640584124757, "tanh_k": 2.0, "feature_welford": {"unrealized_pnl": [531446, 91616.5216548527, 1.7559725761305843e+17], "realized_pnl": [531446, 43504.84378649923, 1.322848720730381e+17], "compounded_returns": [531446, 19056.622261263205, 109449604391427.69], "balance": [531446, 35101694.552917935, 3.588504684469489e+20], "position_value": [531446, 221294.59642285772, 2.2761949512222838e+17], "current_position_size": [531446, 1106422.236623083, 5.690459292706425e+18], "last_log_ret": [531446, 0.009392631213162321, 1204.4430029530492], "sortino_ratio": [531446, 6.876523810140636, 198213510740.5841], "rolling_pnl_sigma": [531446, 0.016139155407558285, 488.84673142297777], "portfolio_cash_ratio": [531446, 0.8812149490167293, 31600.21116020876], "free_collateral": [531446, 35391096.37628788, 3.552709932072362e+20], "mm_reqs": [531446, 23547.864674472465, 9890675336119846.0], "unrealized_pnl_0": [531446, 5.386263559506909, 302360546517.62195], "unrealized_pnl_1": [531446, -4.825262892887709, 1591639258535.5662], "unrealized_pnl_2": [531446, 36132.98631864713, 2.2118096421996332e+16], "unrealized_pnl_3": [531446, 77438.00619444881, 2.575080434765951e+17], "unrealized_pnl_4": [531446, 137.12378062582764, 5275778168818.805], "unrealized_pnl_5": [531446, 5054.976563379594, 1794494591830210.8], "unrealized_pnl_6": [531446, 79.27619072695632, 5171181245784.989], "unrealized_pnl_7": [531446, 64.61885933263979, 956651759670.9198], "unrealized_pnl_8": [531446, 66.64031307526656, 838662339998.2117], "unrealized_pnl_9": [531446, 1378.9245302180716, 198373214160984.12], "margin_usage_ratio": [531446, 0.004426883009046762, 46.11427705028067]}, "pcr_min_ew": 0.9968698184999375, "pcr_max_ew": 0.9999999997247118}