{"r_count": 659899.0001000001, "r_mean": 0.0050572479759300295, "r_var": 1639.6159514697276, "tanh_k": 2.0, "feature_welford": {"unrealized_pnl": [659901, 100108.84075917663, 2.4839305298270934e+17], "realized_pnl": [659901, 46209.34214633551, 1.8704324715120755e+17], "compounded_returns": [659901, 20394.711452535324, 147518622891506.06], "balance": [659901, 37412313.00323523, 4.8852242977072965e+20], "position_value": [659901, 230543.68174309708, 3.015578486875184e+17], "current_position_size": [659901, 1152660.1862273754, 7.538920726827317e+18], "last_log_ret": [659901, 0.009504711942467782, 1345.8469618491836], "sortino_ratio": [659901, 6.812752598555919, 199435161988.54373], "rolling_pnl_sigma": [659901, 0.01519620486862714, 540.9334934755652], "portfolio_cash_ratio": [659901, 0.887503014677655, 36758.29539937255], "free_collateral": [659901, 37718348.543584876, 4.8327666711476004e+20], "mm_reqs": [659901, 24658.90880343284, 1.3433261036034262e+16], "unrealized_pnl_0": [659901, 4.006524121760765, 332125351307.688], "unrealized_pnl_1": [659901, -5.510710304370286, 1861244412444.8735], "unrealized_pnl_2": [659901, 40668.54177827722, 3.4772689737297464e+16], "unrealized_pnl_3": [659901, 83266.36532555737, 3.629355854427415e+17], "unrealized_pnl_4": [659901, 151.15169649791488, 5990555367633.386], "unrealized_pnl_5": [659901, 5346.641622693004, 2096145719475792.5], "unrealized_pnl_6": [659901, 94.09334032759456, 7847488160782.615], "unrealized_pnl_7": [659901, 76.12858546596631, 1184974809584.1318], "unrealized_pnl_8": [659901, 70.58260662185562, 1059307189297.3875], "unrealized_pnl_9": [659901, 1471.6127683395018, 287323805941040.06], "margin_usage_ratio": [659901, 0.004215809610863534, 54.54654172768677]}, "pcr_min_ew": 0.9972654696155598, "pcr_max_ew": 0.9999999825146828}