{"r_count": 902288.0001000001, "r_mean": 0.005615972951804754, "r_var": 1904.6630187317235, "tanh_k": 2.0, "feature_welford": {"unrealized_pnl": [902290, 120307.1967002157, 4.560683076891721e+17], "realized_pnl": [902290, 51262.355540518016, 3.24321950004401e+17], "compounded_returns": [902290, 22803.615916298262, 242040164770965.75], "balance": [902290, 41638594.37495897, 8.092614468940763e+20], "position_value": [902290, 250138.9054839037, 4.787092409017369e+17], "current_position_size": [902290, 1250648.629187351, 1.1967719338434912e+19], "last_log_ret": [902290, 0.009660140681604739, 1611.4973254448155], "sortino_ratio": [902290, 6.152931567630935, 202002170594.03302], "rolling_pnl_sigma": [902290, 0.014134788903188453, 633.9756058126566], "portfolio_cash_ratio": [902290, 0.8944577065658816, 46248.988183563044], "free_collateral": [902290, 41981208.44389022, 8.002586681197265e+20], "mm_reqs": [902290, 27877.926195928754, 2.319356202158303e+16], "unrealized_pnl_0": [902290, 3.9886908854427348, 340283259923.99457], "unrealized_pnl_1": [902290, -2.793038828399464, 2267216336885.993], "unrealized_pnl_2": [902290, 48956.19721984008, 6.9768494265063144e+16], "unrealized_pnl_3": [902290, 97572.08147954106, 6.41337574660687e+17], "unrealized_pnl_4": [902290, 184.42355353754374, 9376415370691.639], "unrealized_pnl_5": [902290, 6271.603041221279, 3059817326236035.0], "unrealized_pnl_6": [902290, 115.67287898174048, 9903978463875.785], "unrealized_pnl_7": [902290, 89.36510071165048, 2102443599888.0945], "unrealized_pnl_8": [902290, 67.65445194323254, 1450588512702.337], "unrealized_pnl_9": [902290, 1493.7685352306203, 469849962325865.44], "margin_usage_ratio": [902290, 0.00399437819193867, 70.35422269653925]}, "pcr_min_ew": 0.9963972289390818, "pcr_max_ew": 0.9999999782473216}