{"r_count": 945851.0001000001, "r_mean": 0.005682690127385315, "r_var": 1951.2145771923733, "tanh_k": 2.0, "feature_welford": {"unrealized_pnl": [945853, 122076.78716884501, 4.86173504189605e+17], "realized_pnl": [945853, 51426.230693020916, 3.4174853285487763e+17], "compounded_returns": [945853, 22990.617058992648, 256088433356371.78], "balance": [945853, 41934728.12987146, 8.565315615869462e+20], "position_value": [945853, 251962.24637409125, 5.055317878964127e+17], "current_position_size": [945853, 1259765.773042299, 1.263827664506749e+19], "last_log_ret": [945853, 0.009674088099493267, 1658.0788219732103], "sortino_ratio": [945853, 7.311727699219786, 300220712197.64435], "rolling_pnl_sigma": [945853, 0.013986482867612251, 649.6458384042938], "portfolio_cash_ratio": [945853, 0.8953769627593203, 47964.357230296744], "free_collateral": [945853, 42280755.34353447, 8.468465198837997e+20], "mm_reqs": [945853, 28047.817029332527, 2.4576236776542124e+16], "unrealized_pnl_0": [945853, 4.295790317913546, 413965550691.61237], "unrealized_pnl_1": [945853, -2.5078441931213513, 2435251389423.129], "unrealized_pnl_2": [945853, 50319.413426595536, 7.856767084231509e+16], "unrealized_pnl_3": [945853, 98516.65544287763, 6.868890962623712e+17], "unrealized_pnl_4": [945853, 183.62709674695972, 9350369962040.465], "unrealized_pnl_5": [945853, 6372.4222496209495, 3187229682259938.0], "unrealized_pnl_6": [945853, 122.92338470033708, 9282653168084.666], "unrealized_pnl_7": [945853, 96.45045771624805, 2383790636973.37], "unrealized_pnl_8": [945853, 65.56134410622136, 1414633554714.7937], "unrealized_pnl_9": [945853, 1559.0461616291955, 521004630770353.25], "margin_usage_ratio": [945853, 0.003964981926908106, 73.33825806420384]}, "pcr_min_ew": 0.9989772179815659, "pcr_max_ew": 0.9999999999999531}