{"r_count": 642027.0001000001, "r_mean": 0.005017422718528206, "r_var": 1619.7713987294385, "tanh_k": 2.0, "feature_welford": {"unrealized_pnl": [642029, 98633.73315311037, 2.360528202050407e+17], "realized_pnl": [642029, 46011.305357517966, 1.818527170672041e+17], "compounded_returns": [642029, 20222.15309084693, 141966968768058.12], "balance": [642029, 37109744.75304259, 4.6926301831799393e+20], "position_value": [642029, 229316.8146644761, 2.8979051122070464e+17], "current_position_size": [642029, 1146531.681460248, 7.244733030912139e+18], "last_log_ret": [642029, 0.009490842416463833, 1326.2587224634794], "sortino_ratio": [642029, 6.583932971156587, 199706200592.7712], "rolling_pnl_sigma": [642029, 0.015308233593907351, 534.2458806630355], "portfolio_cash_ratio": [642029, 0.8867333616798957, 36054.565491538844], "free_collateral": [642029, 37413411.03282322, 4.642424153141434e+20], "mm_reqs": [642029, 24335.82018867874, 1.2733139052703014e+16], "unrealized_pnl_0": [642029, 5.036421339598015, 340104606694.9379], "unrealized_pnl_1": [642029, -8.767835733722588, 2099613421164.8215], "unrealized_pnl_2": [642029, 40344.25808935876, 3.2734902752625316e+16], "unrealized_pnl_3": [642029, 81833.43357234028, 3.4724507791593626e+17], "unrealized_pnl_4": [642029, 148.5986329773482, 6539746807561.941], "unrealized_pnl_5": [642029, 5408.9803789055795, 2123929358482235.5], "unrealized_pnl_6": [642029, 86.38664141935725, 6904273051752.341], "unrealized_pnl_7": [642029, 74.03119381628493, 1141944555213.851], "unrealized_pnl_8": [642029, 72.88569971441066, 1067094748959.0468], "unrealized_pnl_9": [642029, 1441.5668879827608, 281701045567184.6], "margin_usage_ratio": [642029, 0.004234721286438682, 53.19063155936107]}, "pcr_min_ew": 0.9900183286660519, "pcr_max_ew": 1.0000000000000637}