{"r_count": 608517.0001000001, "r_mean": 0.004961808754270572, "r_var": 1582.746016532571, "tanh_k": 2.0, "feature_welford": {"unrealized_pnl": [608519, 98542.11258842028, 2.2478024938628243e+17], "realized_pnl": [608519, 45493.34074412793, 1.6414195677393888e+17], "compounded_returns": [608519, 20002.985534933265, 133911845951401.67], "balance": [608519, 36758570.8740253, 4.423799759710205e+20], "position_value": [608519, 228604.14985073853, 2.7543273554715594e+17], "current_position_size": [608519, 1142966.3608535132, 6.885788873221963e+18], "last_log_ret": [608519, 0.009469137419603523, 1289.7986239870156], "sortino_ratio": [608519, 6.675774116245391, 199221524792.0776], "rolling_pnl_sigma": [608519, 0.015551456442681964, 520.9097416226457], "portfolio_cash_ratio": [608519, 0.8852012203398427, 34736.06459388318], "free_collateral": [608519, 37061079.35911719, 4.3784425394498824e+20], "mm_reqs": [608519, 24680.39473965577, 1.2405408032723216e+16], "unrealized_pnl_0": [608519, 4.840079108361621, 324386932222.9138], "unrealized_pnl_1": [608519, -4.284109128988467, 1757023509495.5137], "unrealized_pnl_2": [608519, 39110.043234876706, 2.981114876618014e+16], "unrealized_pnl_3": [608519, 82427.37156021367, 3.2132583667041786e+17], "unrealized_pnl_4": [608519, 145.93343206975064, 6284069505346.863], "unrealized_pnl_5": [608519, 5242.996320762848, 2034542159902575.0], "unrealized_pnl_6": [608519, 80.20506500810889, 5846595288534.074], "unrealized_pnl_7": [608519, 71.70927682557559, 1148474482307.7546], "unrealized_pnl_8": [608519, 72.29684964438916, 977830379578.2668], "unrealized_pnl_9": [608519, 1411.0959111978307, 243762113505152.34], "margin_usage_ratio": [608519, 0.004294863892818154, 51.19529162030416]}, "pcr_min_ew": 0.9983139868057997, "pcr_max_ew": 0.9999999983004784}