{"r_count": 758195.0001000001, "r_mean": 0.005273269538407926, "r_var": 1748.1341250129296, "tanh_k": 2.0, "feature_welford": {"unrealized_pnl": [758197, 107656.73659672508, 3.184459453924063e+17], "realized_pnl": [758197, 47967.61058867124, 2.3515358317430723e+17], "compounded_returns": [758197, 21254.17128729197, 178577979868769.7], "balance": [758197, 38908487.175314456, 5.9468982051168e+20], "position_value": [758197, 238027.5081714195, 3.626245353983579e+17], "current_position_size": [758197, 1190086.8242741353, 9.065593938226983e+18], "last_log_ret": [758197, 0.009568916050740013, 1453.9822737178806], "sortino_ratio": [758197, 7.379134104116934, 213999219939.40085], "rolling_pnl_sigma": [758197, 0.014678121558205144, 579.180857850252], "portfolio_cash_ratio": [758197, 0.8909507443883081, 40563.723455923246], "free_collateral": [758197, 39228666.36861452, 5.879835113695141e+20], "mm_reqs": [758197, 25558.279691699347, 1.6565762604517198e+16], "unrealized_pnl_0": [758197, 3.929159108371344, 349372985379.25916], "unrealized_pnl_1": [758197, -0.4602580503327733, 1824801915853.9697], "unrealized_pnl_2": [758197, 44748.57064628065, 4.80245381670834e+16], "unrealized_pnl_3": [758197, 87730.97881645005, 4.5891028838080083e+17], "unrealized_pnl_4": [758197, 163.04142863922092, 7583915655981.649], "unrealized_pnl_5": [758197, 5735.444392614238, 2594161337758316.5], "unrealized_pnl_6": [758197, 89.94789990387036, 7262679490241.091], "unrealized_pnl_7": [758197, 84.59230943852137, 1777229912046.5469], "unrealized_pnl_8": [758197, 70.20184536649124, 1191272784513.8462], "unrealized_pnl_9": [758197, 1501.271534110295, 352626109973688.6], "margin_usage_ratio": [758197, 0.004101385349870964, 60.86826898092538]}, "pcr_min_ew": 0.9953829626215087, "pcr_max_ew": 0.9999999982124113}