{"r_count": 503519.0001, "r_mean": 0.0046859043876440855, "r_var": 1465.544064444862, "tanh_k": 2.0, "feature_welford": {"unrealized_pnl": [503521, 89455.6811312059, 1.6195629854662813e+17], "realized_pnl": [503521, 42945.86468062225, 1.2379265765978531e+17], "compounded_returns": [503521, 18783.438412200714, 102054828252097.17], "balance": [503521, 34661107.22610348, 3.341630538958303e+20], "position_value": [503521, 218586.00533336366, 2.1130387859816618e+17], "current_position_size": [503521, 1092878.0075446998, 5.282567051114795e+18], "last_log_ret": [503521, 0.00936595499502695, 1174.1609028802236], "sortino_ratio": [503521, 6.796213662413882, 197981902410.57468], "rolling_pnl_sigma": [503521, 0.016405032873210032, 477.4720981117009], "portfolio_cash_ratio": [503521, 0.8794452440716166, 30464.338385917672], "free_collateral": [503521, 34945966.81065247, 3.3087771325473613e+20], "mm_reqs": [503521, 23220.03302226413, 9160568876347304.0], "unrealized_pnl_0": [503521, 6.318970276351689, 314228366500.41235], "unrealized_pnl_1": [503521, -3.3376940983913825, 1404645002543.2576], "unrealized_pnl_2": [503521, 34963.181345022924, 1.9920779185015124e+16], "unrealized_pnl_3": [503521, 76406.57149739646, 2.4067298493455837e+17], "unrealized_pnl_4": [503521, 140.2699236842137, 5039434013001.196], "unrealized_pnl_5": [503521, 4951.836369500478, 1664079821650167.0], "unrealized_pnl_6": [503521, 83.11222836274142, 5409517960297.967], "unrealized_pnl_7": [503521, 60.091929875107134, 846334078282.5532], "unrealized_pnl_8": [503521, 65.39671822379408, 751986641966.9521], "unrealized_pnl_9": [503521, 1363.1080031389938, 189741385018170.66], "margin_usage_ratio": [503521, 0.004489489289364769, 44.34332483272929]}, "pcr_min_ew": 0.9991925274839496, "pcr_max_ew": 0.999999960036674}