{"r_count": 740323.0001000001, "r_mean": 0.0052348234862585625, "r_var": 1728.4632079941155, "tanh_k": 2.0, "feature_welford": {"unrealized_pnl": [740325, 106725.56648169627, 3.0744696679775526e+17], "realized_pnl": [740325, 47712.46695587288, 2.2550811044505037e+17], "compounded_returns": [740325, 21143.465021618664, 174503026373508.97], "balance": [740325, 38712940.750365414, 5.801582709797396e+20], "position_value": [740325, 237492.48755071274, 3.552343215321585e+17], "current_position_size": [740325, 1187419.5900545164, 8.880839426421211e+18], "last_log_ret": [740325, 0.009559296549273216, 1434.2466006436646], "sortino_ratio": [740325, 8.241507796887447, 299552060006.3054], "rolling_pnl_sigma": [740325, 0.014767116591953662, 572.6607631301005], "portfolio_cash_ratio": [740325, 0.8904301531490982, 39873.14239055653], "free_collateral": [740325, 39031504.5833945, 5.737964799021341e+20], "mm_reqs": [740325, 25694.298985834692, 1.6295817288566992e+16], "unrealized_pnl_0": [740325, 4.12890444778222, 349434901954.3509], "unrealized_pnl_1": [740325, -3.570413198028474, 1981501903829.502], "unrealized_pnl_2": [740325, 43717.55683295583, 4.4491070740804616e+16], "unrealized_pnl_3": [740325, 87519.27996788252, 4.425936401514523e+17], "unrealized_pnl_4": [740325, 159.52067627483342, 7176508198975.1], "unrealized_pnl_5": [740325, 5659.3251205338565, 2482353261847483.0], "unrealized_pnl_6": [740325, 97.59233807290417, 7013767447284.961], "unrealized_pnl_7": [740325, 85.9670306277595, 1690447697937.8518], "unrealized_pnl_8": [740325, 70.3042447568374, 1187010064793.9282], "unrealized_pnl_9": [740325, 1505.6300745427184, 353744174288920.1], "margin_usage_ratio": [740325, 0.004121905228575254, 59.74412519063813]}, "pcr_min_ew": 0.9959780763038677, "pcr_max_ew": 0.999999999999996}