{"r_count": 964840.0001000001, "r_mean": 0.005731979214390157, "r_var": 1971.0632663909096, "tanh_k": 2.0, "feature_welford": {"unrealized_pnl": [964842, 123733.88350013946, 5.077569196297782e+17], "realized_pnl": [964842, 51978.58146573529, 3.5619266451421734e+17], "compounded_returns": [964842, 23190.903981221512, 265135025883721.56], "balance": [964842, 42278894.40824247, 8.866126927999734e+20], "position_value": [964842, 253813.39669363922, 5.224373483561194e+17], "current_position_size": [964842, 1269015.3618146398, 1.3060907817984952e+19], "last_log_ret": [964842, 0.009684619487056925, 1678.3268965928721], "sortino_ratio": [964842, 6.813723990050843, 295017594420.383], "rolling_pnl_sigma": [964842, 0.013940605253399518, 656.5930551890846], "portfolio_cash_ratio": [964842, 0.8956051675057685, 48748.3972227226], "free_collateral": [964842, 42628269.289615355, 8.765681574293685e+20], "mm_reqs": [964842, 28218.877185879406, 2.5323033319366384e+16], "unrealized_pnl_0": [964842, 3.978743429745147, 420151503903.4706], "unrealized_pnl_1": [964842, -4.443265741143348, 2608579189942.753], "unrealized_pnl_2": [964842, 51105.11586326933, 8.306059293664125e+16], "unrealized_pnl_3": [964842, 99554.35110056691, 7.108288621367053e+17], "unrealized_pnl_4": [964842, 190.31750814635186, 9614764631968.393], "unrealized_pnl_5": [964842, 6495.952037355034, 3346273739864622.5], "unrealized_pnl_6": [964842, 118.68593701734474, 9299787722549.475], "unrealized_pnl_7": [964842, 89.98346237632619, 2268855043787.844], "unrealized_pnl_8": [964842, 65.97236006283141, 1433805090853.0867], "unrealized_pnl_9": [964842, 1543.509536292115, 501123109537015.56], "margin_usage_ratio": [964842, 0.003953813007859122, 74.44363289005209]}, "pcr_min_ew": 0.9984523388527538, "pcr_max_ew": 0.9999999994963253}