{"r_count": 939149.0001000001, "r_mean": 0.005676655266120688, "r_var": 1942.34202041023, "tanh_k": 2.0, "feature_welford": {"unrealized_pnl": [939151, 121505.05800297226, 4.809122186853934e+17], "realized_pnl": [939151, 51524.382228063856, 3.412960917276313e+17], "compounded_returns": [939151, 22966.966826384036, 254159709424165.8], "balance": [939151, 41860443.1127804, 8.481157969111843e+20], "position_value": [939151, 251399.20083053445, 4.9991569973565357e+17], "current_position_size": [939151, 1256941.3562602513, 1.2497869461238323e+19], "last_log_ret": [939151, 0.009671440216598444, 1649.4048253058033], "sortino_ratio": [939151, 6.219505265374062, 205511492182.08862], "rolling_pnl_sigma": [939151, 0.013995114979876341, 646.2903638611073], "portfolio_cash_ratio": [939151, 0.895209091995997, 47700.57310351278], "free_collateral": [939151, 42205578.147113904, 8.385247515505968e+20], "mm_reqs": [939151, 27805.48488472154, 2.418360196419018e+16], "unrealized_pnl_0": [939151, 4.950994045056042, 438221015904.45514], "unrealized_pnl_1": [939151, -9.713987751582415, 3263617141286.115], "unrealized_pnl_2": [939151, 50258.56737885116, 7.755938692989755e+16], "unrealized_pnl_3": [939151, 98119.65755331458, 6.827861235342711e+17], "unrealized_pnl_4": [939151, 184.78050878896343, 9056098897366.42], "unrealized_pnl_5": [939151, 6490.471257764526, 3207988662633918.0], "unrealized_pnl_6": [939151, 117.97515659366651, 10351699649146.736], "unrealized_pnl_7": [939151, 92.95972370375516, 2131198080721.8562], "unrealized_pnl_8": [939151, 64.79034310073767, 1501647632667.0847], "unrealized_pnl_9": [939151, 1518.8079480324884, 501816992446106.94], "margin_usage_ratio": [939151, 0.003961526266874736, 72.5888007830458]}, "pcr_min_ew": 0.9952498262859101, "pcr_max_ew": 1.0000000000000357}