{"r_count": 755961.0001000001, "r_mean": 0.005276880519653913, "r_var": 1745.4279219952928, "tanh_k": 2.0, "feature_welford": {"unrealized_pnl": [755963, 108214.16620870914, 3.20826709856468e+17], "realized_pnl": [755963, 48111.6898603625, 2.3369480618528976e+17], "compounded_returns": [755963, 21305.098207801228, 179748078752207.06], "balance": [755963, 38993251.19022829, 5.978578677020312e+20], "position_value": [755963, 238723.82693792443, 3.653492817558834e+17], "current_position_size": [755963, 1193570.7265274061, 9.133707289842466e+18], "last_log_ret": [755963, 0.009570378202397692, 1451.255094863499], "sortino_ratio": [755963, 7.114591446298877, 282795584126.0271], "rolling_pnl_sigma": [755963, 0.01470188106475043, 578.6864485402592], "portfolio_cash_ratio": [755963, 0.890829317287576, 40528.466399483914], "free_collateral": [755963, 39314463.490127854, 5.912509237420594e+20], "mm_reqs": [755963, 25769.870796921314, 1.6629078222986494e+16], "unrealized_pnl_0": [755963, 3.835758882542241, 371156746207.8252], "unrealized_pnl_1": [755963, -5.564506170692725, 2003452049011.449], "unrealized_pnl_2": [755963, 44429.063652276, 4.802402626207958e+16], "unrealized_pnl_3": [755963, 88397.29312570389, 4.544213844680934e+17], "unrealized_pnl_4": [755963, 166.39980030354087, 7568674338455.596], "unrealized_pnl_5": [755963, 5694.346541328581, 2499218628066547.0], "unrealized_pnl_6": [755963, 98.32509104337949, 7599081649176.573], "unrealized_pnl_7": [755963, 84.63165054328049, 1679242897585.8206], "unrealized_pnl_8": [755963, 70.33331946203518, 1181727497611.483], "unrealized_pnl_9": [755963, 1507.1362587590868, 354559614075502.3], "margin_usage_ratio": [755963, 0.004105576702797183, 60.72541125419451]}, "pcr_min_ew": 0.9957347714471069, "pcr_max_ew": 0.9999999940217523}