{"r_count": 496817.0001, "r_mean": 0.004677154754635531, "r_var": 1457.957513479654, "tanh_k": 2.0, "feature_welford": {"unrealized_pnl": [496819, 89243.34386187022, 1.6026273447512304e+17], "realized_pnl": [496819, 42859.610489884406, 1.22530765855521e+17], "compounded_returns": [496819, 18745.14889335911, 100968398728593.53], "balance": [496819, 34599458.0539174, 3.3032249979870164e+20], "position_value": [496819, 218453.43350954985, 2.086367886644175e+17], "current_position_size": [496819, 1092214.273574422, 5.215889948571155e+18], "last_log_ret": [496819, 0.009359968977236484, 1166.7686108518037], "sortino_ratio": [496819, 6.766900753892095, 197947071967.50568], "rolling_pnl_sigma": [496819, 0.01647153341851817, 474.69528722857655], "portfolio_cash_ratio": [496819, 0.8788989176268984, 30214.726517982926], "free_collateral": [496819, 34883930.79570574, 3.27106736137253e+20], "mm_reqs": [496819, 23256.093647420865, 9087406376940898.0], "unrealized_pnl_0": [496819, 5.837911968415893, 276874409885.07385], "unrealized_pnl_1": [496819, -3.206963609691534, 1410755254034.8413], "unrealized_pnl_2": [496819, 34651.62426712953, 1.9099791040340068e+16], "unrealized_pnl_3": [496819, 76536.66865219016, 2.3981818896589424e+17], "unrealized_pnl_4": [496819, 138.31299139369864, 5022735896336.95], "unrealized_pnl_5": [496819, 4967.153594178494, 1658084085217440.8], "unrealized_pnl_6": [496819, 86.56609658819228, 5915201040142.169], "unrealized_pnl_7": [496819, 56.661134072484614, 753386149548.5323], "unrealized_pnl_8": [496819, 67.03331879887904, 812297019630.5068], "unrealized_pnl_9": [496819, 1361.2182143766165, 193497951107420.2], "margin_usage_ratio": [496819, 0.004509087074300381, 43.930798631869806]}, "pcr_min_ew": 0.9995584333182829, "pcr_max_ew": 0.9999999784293079}