{"r_count": 465541.0001, "r_mean": 0.004571402370532657, "r_var": 1423.736706240098, "tanh_k": 2.0, "feature_welford": {"unrealized_pnl": [465543, 86697.16783342745, 1.4389391000948917e+17], "realized_pnl": [465543, 42097.6474555232, 1.105711427632468e+17], "compounded_returns": [465543, 18326.811942117587, 92024149866558.06], "balance": [465543, 33921292.11950391, 3.009878590074877e+20], "position_value": [465543, 214932.1334233109, 1.906816430936539e+17], "current_position_size": [465543, 1074604.4057183661, 4.767010205009432e+18], "last_log_ret": [465543, 0.009322185405275941, 1133.107471589165], "sortino_ratio": [465543, 6.979342533552301, 197918867291.43332], "rolling_pnl_sigma": [465543, 0.01678915636669685, 461.52985273766507], "portfolio_cash_ratio": [465543, 0.876883769256455, 28869.347710053775], "free_collateral": [465543, 34200132.87961251, 2.981190908411288e+20], "mm_reqs": [465543, 22830.34252289369, 8244589962524402.0], "unrealized_pnl_0": [465543, 5.975522336400485, 271946255362.86945], "unrealized_pnl_1": [465543, -3.2916005066579794, 1367256271862.9697], "unrealized_pnl_2": [465543, 33556.68152195383, 1.712291345563507e+16], "unrealized_pnl_3": [465543, 74346.56800523443, 2.1362171477831946e+17], "unrealized_pnl_4": [465543, 137.85107497107973, 4877288735860.3125], "unrealized_pnl_5": [465543, 4865.537556472529, 1561658861813731.2], "unrealized_pnl_6": [465543, 78.44204369043942, 4717838774582.059], "unrealized_pnl_7": [465543, 53.46787923580974, 685786166032.0461], "unrealized_pnl_8": [465543, 61.60174262216419, 688115294186.0795], "unrealized_pnl_9": [465543, 1348.45826795715, 168992364670744.3], "margin_usage_ratio": [465543, 0.004578530126830121, 41.83655827283524]}, "pcr_min_ew": 0.997514419323711, "pcr_max_ew": 0.9999999952048865}