{"r_count": 763780.0001000001, "r_mean": 0.005294777490712648, "r_var": 1753.2828822825002, "tanh_k": 2.0, "feature_welford": {"unrealized_pnl": [763782, 108393.87756528505, 3.272936999291047e+17], "realized_pnl": [763782, 48295.01263779501, 2.4150234115310333e+17], "compounded_returns": [763782, 21403.45069985712, 183589765540869.47], "balance": [763782, 39148262.97766923, 6.100360608513939e+20], "position_value": [763782, 238931.80842977503, 3.709212739753138e+17], "current_position_size": [763782, 1194594.8384393076, 9.272999549461086e+18], "last_log_ret": [763782, 0.009575637629984314, 1459.210160401892], "sortino_ratio": [763782, 6.494315454605776, 202629178823.91464], "rolling_pnl_sigma": [763782, 0.014650671515082925, 581.3644332857338], "portfolio_cash_ratio": [763782, 0.8910766515028783, 40804.49437055224], "free_collateral": [763782, 39469856.11302022, 6.032900253707409e+20], "mm_reqs": [763782, 25778.39455821647, 1.699794083237731e+16], "unrealized_pnl_0": [763782, 4.418310676558189, 345587554090.2397], "unrealized_pnl_1": [763782, -10.70911406963948, 2832324489816.925], "unrealized_pnl_2": [763782, 44484.85800927194, 4.749735463259118e+16], "unrealized_pnl_3": [763782, 88869.9161329726, 4.743630986751384e+17], "unrealized_pnl_4": [763782, 164.51599233446944, 7519881585006.903], "unrealized_pnl_5": [763782, 5870.311422174156, 2549394471608689.5], "unrealized_pnl_6": [763782, 96.5792862079359, 8182855559274.032], "unrealized_pnl_7": [763782, 84.9512409007699, 1574538640412.9065], "unrealized_pnl_8": [763782, 68.42493610332598, 1332547071567.7888], "unrealized_pnl_9": [763782, 1492.5297049989645, 373914368247808.8], "margin_usage_ratio": [763782, 0.004094327369645586, 61.135119898103774]}, "pcr_min_ew": 0.9995750292345932, "pcr_max_ew": 0.9999999994400399}