{"r_count": 958138.0001000001, "r_mean": 0.005736115182093299, "r_var": 1964.42592133896, "tanh_k": 2.0, "feature_welford": {"unrealized_pnl": [958140, 123029.74073064393, 5.0200198431664326e+17], "realized_pnl": [958140, 52001.97057912626, 3.599518972752989e+17], "compounded_returns": [958140, 23170.790421413385, 262975532310909.78], "balance": [958140, 42272883.354654394, 8.810350579853222e+20], "position_value": [958140, 252786.32151697483, 5.145291052092533e+17], "current_position_size": [958140, 1263888.4666134184, 1.286320794136604e+19], "last_log_ret": [958140, 0.009683390024252324, 1672.0544566049489], "sortino_ratio": [958140, 6.661729099349184, 212259992515.32993], "rolling_pnl_sigma": [958140, 0.013952579331497178, 654.7166395115385], "portfolio_cash_ratio": [958140, 0.8955611521380182, 48442.20294111378], "free_collateral": [958140, 42620726.68324333, 8.709990495523792e+20], "mm_reqs": [958140, 28023.740608236654, 2.4918388490498416e+16], "unrealized_pnl_0": [958140, 4.127688684628227, 355998535585.94183], "unrealized_pnl_1": [958140, -2.9834808171245606, 2323736777109.369], "unrealized_pnl_2": [958140, 50901.68388948313, 8.196977032597408e+16], "unrealized_pnl_3": [958140, 99402.05082064467, 7.152063791227333e+17], "unrealized_pnl_4": [958140, 187.57170998613344, 8918329157646.324], "unrealized_pnl_5": [958140, 6536.188123956008, 3419892153505821.0], "unrealized_pnl_6": [958140, 121.54036823051554, 11129595981258.164], "unrealized_pnl_7": [958140, 89.19704861210924, 2169511872105.368], "unrealized_pnl_8": [958140, 69.8449780053507, 1501229174139.6938], "unrealized_pnl_9": [958140, 1531.16168486383, 500799498683106.2], "margin_usage_ratio": [958140, 0.003955885173563336, 74.10742653613202]}, "pcr_min_ew": 0.9993099379421547, "pcr_max_ew": 0.9999999997068291}