{"r_count": 806226.0001000001, "r_mean": 0.00538836767060397, "r_var": 1799.9751217742398, "tanh_k": 2.0, "feature_welford": {"unrealized_pnl": [806228, 111034.51115154818, 3.58851881171761e+17], "realized_pnl": [806228, 49098.85948225516, 2.6318789886027296e+17], "compounded_returns": [806228, 21790.80427832705, 199467001545660.94], "balance": [806228, 39839807.46491058, 6.651251000240675e+20], "position_value": [806228, 241372.61222202572, 3.995255246544306e+17], "current_position_size": [806228, 1206804.0665933688, 9.98811248126113e+18], "last_log_ret": [806228, 0.009601335544732317, 1505.8212112750516], "sortino_ratio": [806228, 6.643008678700266, 201825739278.1952], "rolling_pnl_sigma": [806228, 0.014468493388367467, 597.343211496448], "portfolio_cash_ratio": [806228, 0.8923189107765273, 42478.55572320514], "free_collateral": [806228, 40166037.18433316, 6.577116431799774e+20], "mm_reqs": [806228, 26214.756788528346, 1.857562689788209e+16], "unrealized_pnl_0": [806228, 4.281299310193245, 366293690731.09424], "unrealized_pnl_1": [806228, -4.58082799579564, 2426208583047.005], "unrealized_pnl_2": [806228, 45635.0106846224, 5.399847818756019e+16], "unrealized_pnl_3": [806228, 90819.76395331357, 5.1722534488351597e+17], "unrealized_pnl_4": [806228, 171.98998638210963, 7254869685137.2], "unrealized_pnl_5": [806228, 5884.9397817608115, 2636167667927378.5], "unrealized_pnl_6": [806228, 108.86874225589185, 9261825550687.242], "unrealized_pnl_7": [806228, 85.96300190579133, 1696991637052.2507], "unrealized_pnl_8": [806228, 69.13141093339006, 1243714583757.162], "unrealized_pnl_9": [806228, 1532.908838495924, 396994372771793.8], "margin_usage_ratio": [806228, 0.004061239106112643, 64.19037397344682]}, "pcr_min_ew": 0.9980996954099012, "pcr_max_ew": 0.9999999983127371}