{"r_count": 724685.0001000001, "r_mean": 0.005206982422904735, "r_var": 1710.5951307945645, "tanh_k": 2.0, "feature_welford": {"unrealized_pnl": [724687, 105385.83262255779, 2.964764788974751e+17], "realized_pnl": [724687, 47684.26492052184, 2.2265199129343958e+17], "compounded_returns": [724687, 21042.935495243473, 169911216474509.84], "balance": [724687, 38525207.93187336, 5.637923207198904e+20], "position_value": [724687, 235908.97498080917, 3.4360682058850944e+17], "current_position_size": [724687, 1179485.61122635, 8.590140915767931e+18], "last_log_ret": [724687, 0.009550722101089865, 1416.567765526517], "sortino_ratio": [724687, 6.479497196757722, 201072188817.5399], "rolling_pnl_sigma": [724687, 0.014838771400943496, 566.460197707238], "portfolio_cash_ratio": [724687, 0.8898355535603186, 39287.09102866181], "free_collateral": [724687, 38841246.73483365, 5.5762981661746024e+20], "mm_reqs": [724687, 25302.50819325759, 1.5508553167204948e+16], "unrealized_pnl_0": [724687, 4.463944324795161, 343349020039.3761], "unrealized_pnl_1": [724687, -10.845927288989682, 2678102594936.3076], "unrealized_pnl_2": [724687, 43143.583155065506, 4.214301558794648e+16], "unrealized_pnl_3": [724687, 86797.82685739118, 4.3214243646539885e+17], "unrealized_pnl_4": [724687, 158.69813095831148, 7172376597131.238], "unrealized_pnl_5": [724687, 5700.335326696103, 2395067454200769.5], "unrealized_pnl_6": [724687, 93.1840234706238, 7809847407226.271], "unrealized_pnl_7": [724687, 81.79704877328184, 1426542174814.7485], "unrealized_pnl_8": [724687, 69.19235663217354, 1293935570038.5156], "unrealized_pnl_9": [724687, 1478.6032788630166, 340460269378539.75], "margin_usage_ratio": [724687, 0.004133113466262317, 58.54394074365375]}, "pcr_min_ew": 0.9920022237599232, "pcr_max_ew": 0.9999999769296715}