{"r_count": 698994.0001000001, "r_mean": 0.005162831597866197, "r_var": 1684.1781993450172, "tanh_k": 2.0, "feature_welford": {"unrealized_pnl": [698996, 105124.52481570518, 2.8717258172118813e+17], "realized_pnl": [698996, 47484.05097552999, 2.125731685143373e+17], "compounded_returns": [698996, 20946.451644948804, 164259892662171.5], "balance": [698996, 38432186.84832792, 5.470198037377008e+20], "position_value": [698996, 235250.34337655033, 3.328161621014524e+17], "current_position_size": [698996, 1176205.1400084973, 8.320383042570082e+18], "last_log_ret": [698996, 0.009540142428640775, 1390.2893927758855], "sortino_ratio": [698996, 6.877605263617202, 201561935868.02872], "rolling_pnl_sigma": [698996, 0.014996375732937476, 557.5410870239151], "portfolio_cash_ratio": [698996, 0.8888914126778823, 38324.63520531683], "free_collateral": [698996, 38747060.43933055, 5.411915051733272e+20], "mm_reqs": [698996, 25539.96787171121, 1.525846927490019e+16], "unrealized_pnl_0": [698996, 4.161150630787955, 300492782642.2497], "unrealized_pnl_1": [698996, -3.9467511733800085, 1699088101070.384], "unrealized_pnl_2": [698996, 42327.01565651488, 3.967791621298338e+16], "unrealized_pnl_3": [698996, 86880.69607253013, 4.1145110877032595e+17], "unrealized_pnl_4": [698996, 159.6581576524895, 7547266471109.958], "unrealized_pnl_5": [698996, 5550.337059244362, 2316278604824239.0], "unrealized_pnl_6": [698996, 99.03626301624028, 7553439217878.436], "unrealized_pnl_7": [698996, 78.4388660999496, 1357002039942.1218], "unrealized_pnl_8": [698996, 72.42766290113016, 1212696959709.2732], "unrealized_pnl_9": [698996, 1443.6280377471483, 311481594989038.3], "margin_usage_ratio": [698996, 0.0041743304379217566, 57.14050138190374]}, "pcr_min_ew": 0.9997191293834805, "pcr_max_ew": 1.000000000000026}