{"r_count": 812928.0001000001, "r_mean": 0.005402876717934238, "r_var": 1808.1970590250191, "tanh_k": 2.0, "feature_welford": {"unrealized_pnl": [812930, 111964.50270892544, 3.646609011402768e+17], "realized_pnl": [812930, 49029.203471362416, 2.657975912378627e+17], "compounded_returns": [812930, 21807.572920918294, 200441962924053.34], "balance": [812930, 39885458.14930895, 6.689800521931004e+20], "position_value": [812930, 242055.04489350563, 4.0427885882235334e+17], "current_position_size": [812930, 1210215.8564135558, 1.0106941200436767e+19], "last_log_ret": [812930, 0.009604451323385634, 1514.0737481070396], "sortino_ratio": [812930, 8.036993518028874, 427570134845.62036], "rolling_pnl_sigma": [812930, 0.014451078103404607, 600.3888116679524], "portfolio_cash_ratio": [812930, 0.8924246773418585, 42759.35058382838], "free_collateral": [812930, 40213139.28302193, 6.614500075232598e+20], "mm_reqs": [812930, 26378.594423151295, 1.9003861471659356e+16], "unrealized_pnl_0": [812930, 4.478868831453118, 372802462786.1116], "unrealized_pnl_1": [812930, -1.7201353980116578, 2167003094560.4924], "unrealized_pnl_2": [812930, 46070.82317408186, 5.5474105443906504e+16], "unrealized_pnl_3": [812930, 91209.03106333106, 5.2192301705906784e+17], "unrealized_pnl_4": [812930, 172.81870540690713, 7505167736309.6], "unrealized_pnl_5": [812930, 5914.944762572184, 2639504887290211.0], "unrealized_pnl_6": [812930, 105.25280210022778, 8433886270530.875], "unrealized_pnl_7": [812930, 88.3522359282841, 1752156043691.1343], "unrealized_pnl_8": [812930, 68.26277125531944, 1243669781597.381], "unrealized_pnl_9": [812930, 1548.7444281231349, 408233848028821.94], "margin_usage_ratio": [812930, 0.00405352083792963, 64.50666725856335]}, "pcr_min_ew": 0.9996543706039602, "pcr_max_ew": 0.9999999999999554}