{"r_count": 788354.0001000001, "r_mean": 0.005337889701160951, "r_var": 1781.0078362283848, "tanh_k": 2.0, "feature_welford": {"unrealized_pnl": [788356, 110630.04704907375, 3.4614559314564186e+17], "realized_pnl": [788356, 48621.87718705813, 2.4933280554953283e+17], "compounded_returns": [788356, 21570.501721068642, 191311127659032.72], "balance": [788356, 39453413.167166136, 6.372587993969812e+20], "position_value": [788356, 241217.35582833595, 3.8919256102615315e+17], "current_position_size": [788356, 1206042.3542377648, 9.72979375160561e+18], "last_log_ret": [788356, 0.009588681351874165, 1486.6987074370138], "sortino_ratio": [788356, 7.997686369254861, 299768771990.2973], "rolling_pnl_sigma": [788356, 0.014550607236695406, 590.9341098817777], "portfolio_cash_ratio": [788356, 0.8918529190918504, 41737.83283600413], "free_collateral": [788356, 39779007.11580531, 6.301967855396389e+20], "mm_reqs": [788356, 26295.911750510575, 1.8130737516053372e+16], "unrealized_pnl_0": [788356, 4.756025537354684, 396413376207.62256], "unrealized_pnl_1": [788356, -2.562053310624201, 2060867666092.0942], "unrealized_pnl_2": [788356, 45262.34698539436, 5.107174944670866e+16], "unrealized_pnl_3": [788356, 90281.78622268334, 4.938316084798239e+17], "unrealized_pnl_4": [788356, 166.262268281919, 7523931271253.449], "unrealized_pnl_5": [788356, 5818.595068814034, 2635672663332534.5], "unrealized_pnl_6": [788356, 101.30974876103764, 7579218706369.751], "unrealized_pnl_7": [788356, 89.1483738072135, 1836076465723.3542], "unrealized_pnl_8": [788356, 69.1833103399677, 1226143965356.6292], "unrealized_pnl_9": [788356, 1530.8683014188211, 394039732393513.3], "margin_usage_ratio": [788356, 0.004077040558044089, 62.90264142198821]}, "pcr_min_ew": 0.9987778382616742, "pcr_max_ew": 0.9999999945425124}