{"r_count": 533678.0001000001, "r_mean": 0.00476647948331889, "r_var": 1498.9463961417537, "tanh_k": 2.0, "feature_welford": {"unrealized_pnl": [533680, 92061.20619384243, 1.7953099440907574e+17], "realized_pnl": [533680, 43699.747414738005, 1.3724872778109544e+17], "compounded_returns": [533680, 19172.97375004327, 111203297175152.38], "balance": [533680, 35310509.2731955, 3.6439121379069126e+20], "position_value": [533680, 221403.04205977815, 2.2905920092390563e+17], "current_position_size": [533680, 1106961.8270393321, 5.726450661417005e+18], "last_log_ret": [533680, 0.009398925604461036, 1206.978497804368], "sortino_ratio": [533680, 6.979569352361023, 198892132391.05615], "rolling_pnl_sigma": [533680, 0.016124455439955145, 490.0539557444926], "portfolio_cash_ratio": [533680, 0.8812345275488147, 31730.80984728275], "free_collateral": [533680, 35600399.77665771, 3.607583280593113e+20], "mm_reqs": [533680, 23607.460161550265, 1.0039822520978252e+16], "unrealized_pnl_0": [533680, 5.638837399367688, 293736775127.3443], "unrealized_pnl_1": [533680, -4.63619523174639, 1524978209479.2527], "unrealized_pnl_2": [533680, 36182.883780662865, 2.2334230800489708e+16], "unrealized_pnl_3": [533680, 78526.93854318716, 2.6825492928006723e+17], "unrealized_pnl_4": [533680, 141.11749485642468, 5477642824055.904], "unrealized_pnl_5": [533680, 5024.360597293328, 1751862799625458.0], "unrealized_pnl_6": [533680, 78.13774953561426, 5098555613612.311], "unrealized_pnl_7": [533680, 61.51349240160709, 856080679980.4882], "unrealized_pnl_8": [533680, 68.37930574772159, 833545192527.5529], "unrealized_pnl_9": [533680, 1386.6464990458503, 201180200142178.78], "margin_usage_ratio": [533680, 0.004428061665672124, 46.33966257129952]}, "pcr_min_ew": 0.9974389593884918, "pcr_max_ew": 0.9999999872051614}