{"r_count": 797290.0001000001, "r_mean": 0.005368466746264056, "r_var": 1791.1918380273805, "tanh_k": 2.0, "feature_welford": {"unrealized_pnl": [797292, 110937.91804828894, 3.524660460419954e+17], "realized_pnl": [797292, 48778.216266359406, 2.5756382773134045e+17], "compounded_returns": [797292, 21669.4238551409, 194588885369748.0], "balance": [797292, 39645479.41113783, 6.491480744783063e+20], "position_value": [797292, 240997.04945202832, 3.932950113734778e+17], "current_position_size": [797292, 1204924.7370759177, 9.83234446099405e+18], "last_log_ret": [797292, 0.009595517898547906, 1497.0235131987838], "sortino_ratio": [797292, 8.145073066227749, 427567555959.8388], "rolling_pnl_sigma": [797292, 0.014515241211199514, 594.5033657587968], "portfolio_cash_ratio": [797292, 0.892009935864765, 42143.58018760243], "free_collateral": [797292, 39971235.96118499, 6.4186737859053e+20], "mm_reqs": [797292, 26220.202727649343, 1.8395101855633564e+16], "unrealized_pnl_0": [797292, 4.534511027355507, 372395131069.62274], "unrealized_pnl_1": [797292, -1.8943240960574048, 2156703450991.811], "unrealized_pnl_2": [797292, 45558.53184431221, 5.2962111443115576e+16], "unrealized_pnl_3": [797292, 90514.96310021955, 5.04946526488481e+17], "unrealized_pnl_4": [797292, 172.09709071913616, 7421058255909.345], "unrealized_pnl_5": [797292, 5853.603656999437, 2585699477540545.0], "unrealized_pnl_6": [797292, 103.58826020929855, 8312033036263.959], "unrealized_pnl_7": [797292, 87.16954589936057, 1698653886706.8518], "unrealized_pnl_8": [797292, 68.80115137475427, 1234566745716.6406], "unrealized_pnl_9": [797292, 1551.2426387431212, 398794971767027.25], "margin_usage_ratio": [797292, 0.004067214419026087, 63.48121795808898]}, "pcr_min_ew": 0.9990422761388905, "pcr_max_ew": 1.0000000000000273}