{"r_count": 857608.0001000001, "r_mean": 0.0054933254410642505, "r_var": 1856.1106746940918, "tanh_k": 2.0, "feature_welford": {"unrealized_pnl": [857610, 115050.23413571763, 4.0179520301348614e+17], "realized_pnl": [857610, 49757.72301656781, 2.9000110059258963e+17], "compounded_returns": [857610, 22163.410925322893, 216572826221384.03], "balance": [857610, 40489072.06288966, 7.232895764051249e+20], "position_value": [857610, 245163.9987076798, 4.337701386030944e+17], "current_position_size": [857610, 1225766.024598488, 1.0844236583511364e+19], "last_log_ret": [857610, 0.009626907623719769, 1562.2740407650756], "sortino_ratio": [857610, 6.965233082657195, 214225349767.7516], "rolling_pnl_sigma": [857610, 0.014272700847092826, 616.7431556547054], "portfolio_cash_ratio": [857610, 0.8936000321886164, 44447.00940639279], "free_collateral": [857610, 40822633.32576495, 7.150420733401297e+20], "mm_reqs": [857610, 26693.205303932154, 2.037777717054758e+16], "unrealized_pnl_0": [857610, 4.635667344394564, 424750966065.5625], "unrealized_pnl_1": [857610, -0.6460268070178687, 2004603352390.0852], "unrealized_pnl_2": [857610, 47795.1344785998, 6.268291710724811e+16], "unrealized_pnl_3": [857610, 92964.61921044205, 5.724850601417814e+17], "unrealized_pnl_4": [857610, 175.71880203103504, 9006127248923.027], "unrealized_pnl_5": [857610, 6127.544158115069, 2991393213395119.0], "unrealized_pnl_6": [857610, 106.13146050416898, 8520166449908.632], "unrealized_pnl_7": [857610, 88.46080078096337, 2099233701577.7263], "unrealized_pnl_8": [857610, 67.36447533949254, 1359393622252.6658], "unrealized_pnl_9": [857610, 1505.6363727589667, 415024152967203.7], "margin_usage_ratio": [857610, 0.004016972627545456, 67.3933244012183]}, "pcr_min_ew": 0.9937965306655605, "pcr_max_ew": 0.9999999990512135}