{"r_count": 781652.0001000001, "r_mean": 0.005348144671306431, "r_var": 1773.4983896609585, "tanh_k": 2.0, "feature_welford": {"unrealized_pnl": [781654, 110912.539146708, 3.4927555598983514e+17], "realized_pnl": [781654, 48435.32042892729, 2.4814788657125856e+17], "compounded_returns": [781654, 21626.458569716237, 191608787292325.12], "balance": [781654, 39570118.480039366, 6.384714011809802e+20], "position_value": [781654, 240645.6594767351, 3.840827362489661e+17], "current_position_size": [781654, 1203184.9074334747, 9.602052627483496e+18], "last_log_ret": [781654, 0.009589313009243181, 1479.6188750648544], "sortino_ratio": [781654, 8.132611257019052, 259431099966.72015], "rolling_pnl_sigma": [781654, 0.01458483840476387, 588.660462220479], "portfolio_cash_ratio": [781654, 0.8915852809374305, 41499.49125111961], "free_collateral": [781654, 39895550.21230713, 6.314329938416666e+20], "mm_reqs": [781654, 26178.618010347414, 1.7824342442135376e+16], "unrealized_pnl_0": [781654, 5.195720471490296, 373098803482.6026], "unrealized_pnl_1": [781654, -3.723121588680654, 2127421888794.822], "unrealized_pnl_2": [781654, 45164.21862668011, 5.102151892367585e+16], "unrealized_pnl_3": [781654, 91292.73743842154, 5.044063205135976e+17], "unrealized_pnl_4": [781654, 164.81013760068487, 7076776211613.201], "unrealized_pnl_5": [781654, 5748.842495140747, 2528683172755438.5], "unrealized_pnl_6": [781654, 104.15659104468065, 8266147302204.543], "unrealized_pnl_7": [781654, 87.6508432673769, 1750304733431.124], "unrealized_pnl_8": [781654, 70.31320679490045, 1233080230331.2864], "unrealized_pnl_9": [781654, 1491.216724218716, 369899857744654.6], "margin_usage_ratio": [781654, 0.004084119845669202, 62.450111227979825]}, "pcr_min_ew": 0.9997352963508805, "pcr_max_ew": 0.9999999917348844}