{"r_count": 647612.0001000001, "r_mean": 0.005032753648373975, "r_var": 1625.952447719825, "tanh_k": 2.0, "feature_welford": {"unrealized_pnl": [647614, 99901.98409955247, 2.4258254270559677e+17], "realized_pnl": [647614, 45904.887672534715, 1.8214451313342922e+17], "compounded_returns": [647614, 20274.569829467047, 143436673478267.94], "balance": [647614, 37200874.18767701, 4.745986086970009e+20], "position_value": [647614, 230260.56020190316, 2.9407612903673114e+17], "current_position_size": [647614, 1151251.6028581855, 7.351881467006661e+18], "last_log_ret": [647614, 0.009495438426850961, 1332.3165253427208], "sortino_ratio": [647614, 10.70284428378808, 407298456949.9192], "rolling_pnl_sigma": [647614, 0.015273381984072505, 536.0918477146801], "portfolio_cash_ratio": [647614, 0.8868994042082545, 36298.226141412284], "free_collateral": [647614, 37506432.12227429, 4.694997442227778e+20], "mm_reqs": [647614, 24646.061369441824, 1.3169957942109344e+16], "unrealized_pnl_0": [647614, 4.647595163726686, 313249806238.7688], "unrealized_pnl_1": [647614, -3.7741831022061922, 1817393669258.3914], "unrealized_pnl_2": [647614, 40565.12078304759, 3.360417839827507e+16], "unrealized_pnl_3": [647614, 82869.1978036001, 3.535131119962265e+17], "unrealized_pnl_4": [647614, 150.93476551479867, 6124321340276.333], "unrealized_pnl_5": [647614, 5374.8804007435665, 2102284933178243.0], "unrealized_pnl_6": [647614, 85.29052786975261, 6563366104171.89], "unrealized_pnl_7": [647614, 74.8782834630029, 1165263024578.9595], "unrealized_pnl_8": [647614, 71.57151382276503, 1060243620732.1162], "unrealized_pnl_9": [647614, 1429.8997271594092, 258386269238987.72], "margin_usage_ratio": [647614, 0.0042356920367297764, 53.778930628030935]}, "pcr_min_ew": 0.9924234268483266, "pcr_max_ew": 0.999999999853492}