{"r_count": 931330.0001000001, "r_mean": 0.005660517639336566, "r_var": 1933.8810402098145, "tanh_k": 2.0, "feature_welford": {"unrealized_pnl": [931332, 120817.74045276734, 4.72584680684009e+17], "realized_pnl": [931332, 51378.693828057185, 3.367052859985037e+17], "compounded_returns": [931332, 22898.30736463335, 250659841535489.03], "balance": [931332, 41738741.9373706, 8.361715113027954e+20], "position_value": [931332, 250803.51434461834, 4.933783281130528e+17], "current_position_size": [931332, 1253962.4651168813, 1.2334434864734507e+19], "last_log_ret": [931332, 0.0096675341213584, 1640.8686423025042], "sortino_ratio": [931332, 6.248665559697446, 205510485240.29242], "rolling_pnl_sigma": [931332, 0.014018342894764032, 643.3338882004564], "portfolio_cash_ratio": [931332, 0.8950775397770813, 47383.76153536092], "free_collateral": [931332, 42082701.8981721, 8.267152911128279e+20], "mm_reqs": [931332, 27697.591558639167, 2.3813843482429236e+16], "unrealized_pnl_0": [931332, 4.8889544014661706, 432577944138.45264], "unrealized_pnl_1": [931332, -9.786530082981194, 3262682166837.7705], "unrealized_pnl_2": [931332, 50012.174784527466, 7.602676431204253e+16], "unrealized_pnl_3": [931332, 97599.74826954254, 6.717748092452238e+17], "unrealized_pnl_4": [931332, 184.3505284583662, 9012725812674.385], "unrealized_pnl_5": [931332, 6465.3542796736765, 3172332015187568.0], "unrealized_pnl_6": [931332, 117.74078047713908, 10261757573466.67], "unrealized_pnl_7": [931332, 92.61342336419851, 2110027973385.8264], "unrealized_pnl_8": [931332, 64.80120139443652, 1492433172695.0886], "unrealized_pnl_9": [931332, 1520.287089798138, 497488472991128.3], "margin_usage_ratio": [931332, 0.003965707694304735, 72.06521316675722]}, "pcr_min_ew": 0.9971784262096332, "pcr_max_ew": 0.9999999928873233}