{"r_count": 950319.0001000001, "r_mean": 0.0057139114807365455, "r_var": 1956.1915421245249, "tanh_k": 2.0, "feature_welford": {"unrealized_pnl": [950321, 123631.41747655846, 5.0133662121344083e+17], "realized_pnl": [950321, 52067.079910798675, 3.5420898956639866e+17], "compounded_returns": [950321, 23197.31269161082, 262108905088824.7], "balance": [950321, 42320400.898971796, 8.768688046416763e+20], "position_value": [950321, 253286.3624818412, 5.1567857923537e+17], "current_position_size": [950321, 1266388.2281984112, 1.2891954114203562e+19], "last_log_ret": [950321, 0.009683179491058026, 1663.5294462327754], "sortino_ratio": [950321, 5.99250312904589, 202038318660.56662], "rolling_pnl_sigma": [950321, 0.013982606044714322, 651.6713348594305], "portfolio_cash_ratio": [950321, 0.8953746497416564, 48150.840551479996], "free_collateral": [950321, 42668982.78776851, 8.670322825073508e+20], "mm_reqs": [950321, 28381.509696597026, 2.5238757726339556e+16], "unrealized_pnl_0": [950321, 3.94674200348264, 346749232383.57275], "unrealized_pnl_1": [950321, -3.5534968499996595, 2348742775738.015], "unrealized_pnl_2": [950321, 50389.95729567546, 7.857916309432506e+16], "unrealized_pnl_3": [950321, 99961.11752129768, 7.019746552160081e+17], "unrealized_pnl_4": [950321, 188.3458231618948, 9903246260129.918], "unrealized_pnl_5": [950321, 6475.450605746683, 3283533377037060.0], "unrealized_pnl_6": [950321, 123.62525052228996, 10444929370845.172], "unrealized_pnl_7": [950321, 90.43886202413003, 2283718915661.577], "unrealized_pnl_8": [950321, 66.68872400168264, 1514021728628.2886], "unrealized_pnl_9": [950321, 1492.6099007206988, 502761523119033.25], "margin_usage_ratio": [950321, 0.003964998098486074, 73.52899079334105]}, "pcr_min_ew": 0.9972216700031155, "pcr_max_ew": 0.9999999937688453}