{"r_count": 876597.0001000001, "r_mean": 0.005559140788940071, "r_var": 1877.1334417324788, "tanh_k": 2.0, "feature_welford": {"unrealized_pnl": [876599, 118508.4491317478, 4.330358618376852e+17], "realized_pnl": [876599, 50807.709806025174, 3.077592940994497e+17], "compounded_returns": [876599, 22581.91422830714, 231431584675992.78], "balance": [876599, 41255470.00418453, 7.735622819061635e+20], "position_value": [876599, 248427.27082212287, 4.5967086190561165e+17], "current_position_size": [876599, 1242089.1162368115, 1.1491759142609805e+19], "last_log_ret": [876599, 0.009647004629777264, 1583.6781284017343], "sortino_ratio": [876599, 6.244224759171251, 201995870644.8694], "rolling_pnl_sigma": [876599, 0.014222029698760822, 624.50393535689], "portfolio_cash_ratio": [876599, 0.893903752834453, 45246.553253167374], "free_collateral": [876599, 41594833.17280601, 7.64993543016076e+20], "mm_reqs": [876599, 27618.51300490483, 2.2187258589527372e+16], "unrealized_pnl_0": [876599, 3.865700735222741, 330205576696.2672], "unrealized_pnl_1": [876599, -2.9881354205369184, 2249527678207.178], "unrealized_pnl_2": [876599, 48166.61140466432, 6.5254903775724344e+16], "unrealized_pnl_3": [876599, 96260.13419284482, 6.094625770499663e+17], "unrealized_pnl_4": [876599, 181.94766325923183, 9164586138818.645], "unrealized_pnl_5": [876599, 6194.234653737773, 2968934710778742.0], "unrealized_pnl_6": [876599, 113.43180445236989, 9593270819571.969], "unrealized_pnl_7": [876599, 89.54239533133433, 2051131361991.7942], "unrealized_pnl_8": [876599, 68.15863367891392, 1418568397659.54], "unrealized_pnl_9": [876599, 1498.3493570225235, 450050215291286.4], "margin_usage_ratio": [876599, 0.004013239430604038, 68.71889898707065]}, "pcr_min_ew": 0.9979319071766657, "pcr_max_ew": 0.9999999851777551}