{"r_count": 636442.0001000001, "r_mean": 0.005008783399288282, "r_var": 1613.7402341910156, "tanh_k": 2.0, "feature_welford": {"unrealized_pnl": [636444, 98925.36098808644, 2.3645899304814883e+17], "realized_pnl": [636444, 45809.05489141398, 1.7690344467834323e+17], "compounded_returns": [636444, 20201.667817939637, 140964774669851.56], "balance": [636444, 37087405.18129593, 4.6639231201695846e+20], "position_value": [636444, 229317.09086986305, 2.892820639717552e+17], "current_position_size": [636444, 1146525.087713889, 7.232025635070248e+18], "last_log_ret": [636444, 0.009488238931705658, 1320.2583034822208], "sortino_ratio": [636444, 6.826516714725583, 199288392507.51932], "rolling_pnl_sigma": [636444, 0.0153457027073605, 531.757044757803], "portfolio_cash_ratio": [636444, 0.8865095920323379, 35836.24003296955], "free_collateral": [636444, 37391125.6005671, 4.614673606102798e+20], "mm_reqs": [636444, 24560.48972836285, 1.2901895235681466e+16], "unrealized_pnl_0": [636444, 3.978293187140349, 324694222932.624], "unrealized_pnl_1": [636444, -4.374015655048918, 1678567942994.1006], "unrealized_pnl_2": [636444, 39868.09198801078, 3.2166682266111604e+16], "unrealized_pnl_3": [636444, 82602.06586554708, 3.4561389822378477e+17], "unrealized_pnl_4": [636444, 148.1156213615115, 5789306444282.349], "unrealized_pnl_5": [636444, 5297.420707735665, 2046490872968557.0], "unrealized_pnl_6": [636444, 91.26064816965277, 7591016315165.973], "unrealized_pnl_7": [636444, 73.30207274206599, 1105306785369.2373], "unrealized_pnl_8": [636444, 71.35758637926101, 987735422966.9125], "unrealized_pnl_9": [636444, 1453.7958637403901, 269838855072543.53], "margin_usage_ratio": [636444, 0.00424983027832785, 53.044981225144866]}, "pcr_min_ew": 0.989524748556484, "pcr_max_ew": 0.999999999999992}