{"r_count": 605166.0001000001, "r_mean": 0.004934485407988583, "r_var": 1578.7460489591022, "tanh_k": 2.0, "feature_welford": {"unrealized_pnl": [605168, 96801.18637003547, 2.1583602756481363e+17], "realized_pnl": [605168, 45133.53102413624, 1.6305716005959795e+17], "compounded_returns": [605168, 19850.290731104764, 130754273125942.31], "balance": [605168, 36467883.052455194, 4.3117781579307844e+20], "position_value": [605168, 227131.18113581496, 2.690673172999865e+17], "current_position_size": [605168, 1135597.7943574742, 6.726652866642113e+18], "last_log_ret": [605168, 0.009461192289642633, 1285.7051792833988], "sortino_ratio": [605168, 8.239353782428815, 251703659095.3289], "rolling_pnl_sigma": [605168, 0.015560213325902334, 519.2521268265258], "portfolio_cash_ratio": [605168, 0.8850065684168507, 34615.54649101566], "free_collateral": [605168, 36767685.752937116, 4.266642051330667e+20], "mm_reqs": [605168, 24165.09258223427, 1.1822246714875576e+16], "unrealized_pnl_0": [605168, 5.583029466697616, 341087429298.8583], "unrealized_pnl_1": [605168, -5.822765138331782, 1795654795621.51], "unrealized_pnl_2": [605168, 38882.76211848392, 2.870613232661219e+16], "unrealized_pnl_3": [605168, 81133.52333161773, 3.1836280314057754e+17], "unrealized_pnl_4": [605168, 147.93166027230197, 5814810807988.988], "unrealized_pnl_5": [605168, 5249.066606357463, 2034010463308905.8], "unrealized_pnl_6": [605168, 80.74183264994063, 5680797337750.916], "unrealized_pnl_7": [605168, 69.41446801465342, 1240621229043.8843], "unrealized_pnl_8": [605168, 72.05898072978403, 982697831603.1862], "unrealized_pnl_9": [605168, 1419.3452855188723, 247052210051690.06], "margin_usage_ratio": [605168, 0.00429749364378992, 50.968585410299745]}, "pcr_min_ew": 0.9948151061023613, "pcr_max_ew": 0.9999999997786129}