{"r_count": 515806.0001, "r_mean": 0.004719945129111024, "r_var": 1478.7849083659269, "tanh_k": 2.0, "feature_welford": {"unrealized_pnl": [515808, 90411.2638382627, 1.676031477328128e+17], "realized_pnl": [515808, 43219.1641910427, 1.2716383038545736e+17], "compounded_returns": [515808, 18919.55039320726, 105363795504129.77], "balance": [515808, 34868312.16077953, 3.447599719709149e+20], "position_value": [515808, 219741.31182710233, 2.180317596487694e+17], "current_position_size": [515808, 1098646.9134070282, 5.450765941392583e+18], "last_log_ret": [515808, 0.00937832031812068, 1187.1078686261683], "sortino_ratio": [515808, 6.99647263727699, 198525305025.79947], "rolling_pnl_sigma": [515808, 0.0162799576860244, 482.2990954643507], "portfolio_cash_ratio": [515808, 0.880196682799917, 30997.524627042614], "free_collateral": [515808, 35155124.458275355, 3.413338952211609e+20], "mm_reqs": [515808, 23378.12878137541, 9498636463183972.0], "unrealized_pnl_0": [515808, 5.378074608178361, 274723023697.34006], "unrealized_pnl_1": [515808, -3.9157855650164115, 1417135181468.2732], "unrealized_pnl_2": [515808, 35579.6023795524, 2.1143616990452748e+16], "unrealized_pnl_3": [515808, 76832.96731106577, 2.4773057791954102e+17], "unrealized_pnl_4": [515808, 138.96542324365697, 5161704299751.032], "unrealized_pnl_5": [515808, 5030.776997901768, 1726690377251274.8], "unrealized_pnl_6": [515808, 84.3634596633318, 4937607855013.803], "unrealized_pnl_7": [515808, 59.13038725375622, 788264652793.7738], "unrealized_pnl_8": [515808, 66.65522829000557, 775277472137.3], "unrealized_pnl_9": [515808, 1377.7734512334914, 191673402788111.56], "margin_usage_ratio": [515808, 0.004462336299310263, 45.1516884623914]}, "pcr_min_ew": 0.9995208223310419, "pcr_max_ew": 0.9999999978875294}