{"r_count": 476711.0001, "r_mean": 0.004618498085546308, "r_var": 1435.5668444642815, "tanh_k": 2.0, "feature_welford": {"unrealized_pnl": [476713, 87998.90249880342, 1.5052356037512195e+17], "realized_pnl": [476713, 42462.28682993372, 1.1387160445701064e+17], "compounded_returns": [476713, 18523.217396069533, 95804492274388.73], "balance": [476713, 34230036.84660342, 3.1277472651676634e+20], "position_value": [476713, 216619.6128470751, 1.982243452282133e+17], "current_position_size": [476713, 1083033.5313811789, 4.955579615780252e+18], "last_log_ret": [476713, 0.009337426477682521, 1144.746421576267], "sortino_ratio": [476713, 6.906450155573208, 197911447367.08575], "rolling_pnl_sigma": [476713, 0.01666825971158945, 466.1010655273503], "portfolio_cash_ratio": [476713, 0.8776066216066122, 29374.302076883178], "free_collateral": [476713, 34511605.07974018, 3.097862998891077e+20], "mm_reqs": [476713, 23091.108998976695, 8634162176923280.0], "unrealized_pnl_0": [476713, 5.858202457279067, 273100075185.99115], "unrealized_pnl_1": [476713, -3.514240130000901, 1356697630509.5889], "unrealized_pnl_2": [476713, 34091.09675039314, 1.805270137079039e+16], "unrealized_pnl_3": [476713, 75389.0657331353, 2.2243067272980688e+17], "unrealized_pnl_4": [476713, 137.15430505828448, 4959178454509.704], "unrealized_pnl_5": [476713, 4898.300759427209, 1585795928862057.5], "unrealized_pnl_6": [476713, 82.92559277850246, 4813436034211.46], "unrealized_pnl_7": [476713, 54.262307337449975, 705026959124.195], "unrealized_pnl_8": [476713, 63.13080505002408, 705234047857.0242], "unrealized_pnl_9": [476713, 1359.732821201019, 171832847009687.06], "margin_usage_ratio": [476713, 0.00455374159030166, 42.6197996421566]}, "pcr_min_ew": 0.9986109638994485, "pcr_max_ew": 0.99999999588189}