{"r_count": 618570.0001000001, "r_mean": 0.0049688341804799575, "r_var": 1594.387779606073, "tanh_k": 2.0, "feature_welford": {"unrealized_pnl": [618572, 97406.93707044667, 2.2525516751351763e+17], "realized_pnl": [618572, 45399.96817998622, 1.7074872465182595e+17], "compounded_returns": [618572, 19999.989150834816, 134819488994705.81], "balance": [618572, 36751689.27031649, 4.458517501469351e+20], "position_value": [618572, 227343.21223977098, 2.7700936748920886e+17], "current_position_size": [618572, 1136664.3921570168, 6.925206499719807e+18], "last_log_ret": [618572, 0.009473724198117811, 1301.1234936255796], "sortino_ratio": [618572, 6.792021571184309, 198832712203.56992], "rolling_pnl_sigma": [618572, 0.015471324641696958, 525.02374751219], "portfolio_cash_ratio": [618572, 0.8856969213559489, 35140.31149161345], "free_collateral": [618572, 37052131.07726216, 4.4114886693352925e+20], "mm_reqs": [618572, 24349.84030422233, 1.2435868266153138e+16], "unrealized_pnl_0": [618572, 4.609990373846091, 312565998075.5848], "unrealized_pnl_1": [618572, -3.3738502390415883, 1789517896408.9167], "unrealized_pnl_2": [618572, 38928.88991572545, 2.9483912597975524e+16], "unrealized_pnl_3": [618572, 81653.848487777, 3.298909066049029e+17], "unrealized_pnl_4": [618572, 152.59685210069568, 6046983050983.817], "unrealized_pnl_5": [618572, 5202.686069244933, 1989270900694511.0], "unrealized_pnl_6": [618572, 91.97759225281062, 6335901720548.886], "unrealized_pnl_7": [618572, 71.79013212075827, 1086655004487.8936], "unrealized_pnl_8": [618572, 71.76674108018264, 993845210915.217], "unrealized_pnl_9": [618572, 1430.9934738512425, 254070275337066.8], "margin_usage_ratio": [618572, 0.004276187327215198, 51.902393075386925]}, "pcr_min_ew": 0.9995579185335529, "pcr_max_ew": 1.000000000000002}