{"r_count": 696760.0001000001, "r_mean": 0.0051271106066545025, "r_var": 1680.6776755286019, "tanh_k": 2.0, "feature_welford": {"unrealized_pnl": [696762, 103569.08092028291, 2.7503631616073424e+17], "realized_pnl": [696762, 46828.2084006033, 2.0195074802857274e+17], "compounded_returns": [696762, 20690.08754820279, 158444346958989.7], "balance": [696762, 37920850.75561495, 5.256931797792642e+20], "position_value": [696762, 234154.33321810578, 3.260655997495478e+17], "current_position_size": [696762, 1170727.8500612178, 8.15161894901694e+18], "last_log_ret": [696762, 0.009528675073077556, 1386.5260230224856], "sortino_ratio": [696762, 8.497571261043595, 299449857904.35223], "rolling_pnl_sigma": [696762, 0.01499027459768819, 555.6887082415145], "portfolio_cash_ratio": [696762, 0.8889508923844416, 38170.57088029379], "free_collateral": [696762, 38233418.5923197, 5.1997095801681537e+20], "mm_reqs": [696762, 25193.866218108153, 1.4711707994246122e+16], "unrealized_pnl_0": [696762, 4.416453627349745, 339348041061.15717], "unrealized_pnl_1": [696762, -2.9805265830265513, 1884844171942.513], "unrealized_pnl_2": [696762, 42336.22933237859, 3.93666315614e+16], "unrealized_pnl_3": [696762, 85225.59085410793, 3.9712141449125446e+17], "unrealized_pnl_4": [696762, 153.46970835705926, 6885059000087.8], "unrealized_pnl_5": [696762, 5512.677888228496, 2349469184917158.0], "unrealized_pnl_6": [696762, 94.33131661109316, 6652310153623.883], "unrealized_pnl_7": [696762, 83.27827472940041, 1564054852206.652], "unrealized_pnl_8": [696762, 71.13112120374933, 1121515592962.6714], "unrealized_pnl_9": [696762, 1473.7199663125668, 316531131648019.3], "margin_usage_ratio": [696762, 0.004169134419757599, 56.88230436667613]}, "pcr_min_ew": 0.9996185745669114, "pcr_max_ew": 0.9999999990138155}