{"r_count": 769365.0001000001, "r_mean": 0.005299968866800829, "r_var": 1759.9424664495948, "tanh_k": 2.0, "feature_welford": {"unrealized_pnl": [769367, 108755.17659190216, 3.2692441961347354e+17], "realized_pnl": [769367, 48518.92326822675, 2.4550384372750595e+17], "compounded_returns": [769367, 21424.424499869656, 184430261695079.8], "balance": [769367, 39196148.58457453, 6.135556904303863e+20], "position_value": [769367, 239135.96494038793, 3.7147771347550957e+17], "current_position_size": [769367, 1195632.105737755, 9.286919038429977e+18], "last_log_ret": [769367, 0.00957841712696471, 1465.715923393606], "sortino_ratio": [769367, 7.706845139778627, 277167434927.54016], "rolling_pnl_sigma": [769367, 0.014630793374646074, 583.4724002208164], "portfolio_cash_ratio": [769367, 0.8911699719981795, 41062.84038334119], "free_collateral": [769367, 39518305.84165067, 6.066685806386648e+20], "mm_reqs": [769367, 25776.374452520624, 1.6990885604050234e+16], "unrealized_pnl_0": [769367, 4.961500916958739, 461207588912.5589], "unrealized_pnl_1": [769367, -6.501254265924147, 2163012215045.797], "unrealized_pnl_2": [769367, 44954.73585136187, 4.937376030118249e+16], "unrealized_pnl_3": [769367, 88915.11692881085, 4.756575147187527e+17], "unrealized_pnl_4": [769367, 166.84383222590674, 7253780736641.408], "unrealized_pnl_5": [769367, 5760.835013798646, 2526074361302291.5], "unrealized_pnl_6": [769367, 92.12612375281157, 7590804733319.84], "unrealized_pnl_7": [769367, 83.47090724913623, 1802419936413.2048], "unrealized_pnl_8": [769367, 70.63851131653051, 1212580836529.9055], "unrealized_pnl_9": [769367, 1490.4703548959951, 366073155803348.2], "margin_usage_ratio": [769367, 0.004093617331105336, 61.655974020126294]}, "pcr_min_ew": 0.9966125779171344, "pcr_max_ew": 0.9999999997490621}