{"r_count": 733621.0001000001, "r_mean": 0.005219865705798619, "r_var": 1720.682979002535, "tanh_k": 2.0, "feature_welford": {"unrealized_pnl": [733623, 105114.29491761098, 2.970975913722978e+17], "realized_pnl": [733623, 47450.68151844791, 2.2477015397961853e+17], "compounded_returns": [733623, 21033.437100996605, 170237018728892.53], "balance": [733623, 38507365.164302625, 5.6566310438851124e+20], "position_value": [733623, 235621.18361073677, 3.4507655440170624e+17], "current_position_size": [733623, 1178057.7754350707, 8.626895288488317e+18], "last_log_ret": [733623, 0.009553641420908162, 1426.4566908885292], "sortino_ratio": [733623, 10.170340622008352, 408325322648.3063], "rolling_pnl_sigma": [733623, 0.01478840845619725, 569.8266741438488], "portfolio_cash_ratio": [733623, 0.8900902579212899, 39674.11804722786], "free_collateral": [733623, 38822916.3010645, 5.593214974746893e+20], "mm_reqs": [733623, 25234.150482622677, 1.5590097788890048e+16], "unrealized_pnl_0": [733623, 4.631763226819775, 333684466860.4991], "unrealized_pnl_1": [733623, -5.246454839340981, 2020422927334.6694], "unrealized_pnl_2": [733623, 43443.69578899794, 4.363156295875889e+16], "unrealized_pnl_3": [733623, 86431.68531472537, 4.3562610849025363e+17], "unrealized_pnl_4": [733623, 161.9477296637117, 6927335632289.887], "unrealized_pnl_5": [733623, 5623.73664437679, 2341909942233671.5], "unrealized_pnl_6": [733623, 94.06417362732827, 7232375384496.981], "unrealized_pnl_7": [733623, 82.8006475228094, 1564516145829.2458], "unrealized_pnl_8": [733623, 71.8094513215231, 1177737441149.6836], "unrealized_pnl_9": [733623, 1465.9943230840306, 327414598587034.06], "margin_usage_ratio": [733623, 0.004127225005076897, 59.30609230581258]}, "pcr_min_ew": 0.9993396808444047, "pcr_max_ew": 0.9999999979423546}