{"r_count": 929096.0001000001, "r_mean": 0.005656432153643317, "r_var": 1933.2005864088326, "tanh_k": 2.0, "feature_welford": {"unrealized_pnl": [929098, 120738.01881564314, 4.706029071815363e+17], "realized_pnl": [929098, 51053.13377467545, 3.322706189119213e+17], "compounded_returns": [929098, 22866.057580061803, 249013677811075.53], "balance": [929098, 41719773.94515508, 8.325425877610193e+20], "position_value": [929098, 250682.05535560596, 4.924726704982016e+17], "current_position_size": [929098, 1253355.67819448, 1.2311794627273961e+19], "last_log_ret": [929098, 0.009667035905022882, 1639.961568289997], "sortino_ratio": [929098, 8.010717753594076, 438675872897.23334], "rolling_pnl_sigma": [929098, 0.01403778253511274, 643.3486970784334], "portfolio_cash_ratio": [929098, 0.8950185789767644, 47318.79940614101], "free_collateral": [929098, 42063422.44721653, 8.231265613603966e+20], "mm_reqs": [929098, 27810.979944030718, 2.4007006621603064e+16], "unrealized_pnl_0": [929098, 4.13724373504877, 392332215543.42694], "unrealized_pnl_1": [929098, -2.0172245850240214, 2332491586192.5454], "unrealized_pnl_2": [929098, 49666.86036228545, 7.50090670325457e+16], "unrealized_pnl_3": [929098, 97822.92164813381, 6.673428396189073e+17], "unrealized_pnl_4": [929098, 183.01887058893308, 8396078761106.984], "unrealized_pnl_5": [929098, 6331.38529023691, 3102383486013546.5], "unrealized_pnl_6": [929098, 119.34238775514082, 10652529788433.799], "unrealized_pnl_7": [929098, 92.1468447012631, 2285474462119.241], "unrealized_pnl_8": [929098, 65.53685647139018, 1371046262497.1902], "unrealized_pnl_9": [929098, 1545.418452073637, 492964681002152.44], "margin_usage_ratio": [929098, 0.0039721120511584124, 72.14112357999947]}, "pcr_min_ew": 0.9997171154335139, "pcr_max_ew": 0.9999999927810348}