{"r_count": 913458.0001000001, "r_mean": 0.005625506709043808, "r_var": 1916.359974614856, "tanh_k": 2.0, "feature_welford": {"unrealized_pnl": [913460, 119779.2591286337, 4.572057027999183e+17], "realized_pnl": [913460, 50892.2888913578, 3.247133925480075e+17], "compounded_returns": [913460, 22743.96352704405, 242803120310637.16], "balance": [913460, 41507131.93873369, 8.114717883005064e+20], "position_value": [913460, 249802.48450935233, 4.8127353161290643e+17], "current_position_size": [913460, 1248957.5129385844, 1.2031814610167007e+19], "last_log_ret": [913460, 0.009659657101148824, 1622.984346537476], "sortino_ratio": [913460, 8.105826367538613, 438673533830.295], "rolling_pnl_sigma": [913460, 0.014086747862503987, 637.6289537539719], "portfolio_cash_ratio": [913460, 0.8947080114500937, 46701.92722298556], "free_collateral": [913460, 41849078.76145561, 8.023271918053492e+20], "mm_reqs": [913460, 27674.727311725273, 2.3386748034866916e+16], "unrealized_pnl_0": [913460, 4.143512624441994, 391345235010.59204], "unrealized_pnl_1": [913460, -2.090771350919932, 2287422924047.2686], "unrealized_pnl_2": [913460, 49192.277607212505, 7.200022788493791e+16], "unrealized_pnl_3": [913460, 97217.16511166893, 6.489339270808604e+17], "unrealized_pnl_4": [913460, 181.41814804513672, 8279064258498.627], "unrealized_pnl_5": [913460, 6261.0463308951075, 3022683584716471.0], "unrealized_pnl_6": [913460, 116.78297603579237, 10445407346159.295], "unrealized_pnl_7": [913460, 91.62272077917893, 2172887470779.7732], "unrealized_pnl_8": [913460, 65.97235432789205, 1362317924213.638], "unrealized_pnl_9": [913460, 1540.145284692011, 479049036277423.0], "margin_usage_ratio": [913460, 0.003981969645662399, 71.11493126560852]}, "pcr_min_ew": 0.9993666685011863, "pcr_max_ew": 0.9999999965679245}