{"r_count": 453254.0001, "r_mean": 0.004531142587654115, "r_var": 1410.2609289933155, "tanh_k": 2.0, "feature_welford": {"unrealized_pnl": [453256, 85725.18888303942, 1.3847434846796818e+17], "realized_pnl": [453256, 41794.33353016977, 1.0623662398691992e+17], "compounded_returns": [453256, 18187.95940167636, 89041919583856.2], "balance": [453256, 33703832.627975404, 2.9115369645498312e+20], "position_value": [453256, 213619.77068906228, 1.8421891971806717e+17], "current_position_size": [453256, 1068041.0681808155, 4.605441775600485e+18], "last_log_ret": [453256, 0.009307296407872442, 1119.9223640793102], "sortino_ratio": [453256, 7.0598058489582955, 197899323331.3294], "rolling_pnl_sigma": [453256, 0.016918696832579655, 456.2632309009233], "portfolio_cash_ratio": [453256, 0.8760539344369211, 28335.629608676154], "free_collateral": [453256, 33980534.350810066, 2.8841834954032205e+20], "mm_reqs": [453256, 22688.05468508446, 7978362946161785.0], "unrealized_pnl_0": [453256, 6.048917362209943, 271831290638.62836], "unrealized_pnl_1": [453256, -4.338470197601989, 1353492442311.3137], "unrealized_pnl_2": [453256, 33221.40597631683, 1.6458910019615816e+16], "unrealized_pnl_3": [453256, 73671.35130702484, 2.0613670767545674e+17], "unrealized_pnl_4": [453256, 136.4226221701981, 4794218015567.947], "unrealized_pnl_5": [453256, 4773.991046382721, 1492218830375602.2], "unrealized_pnl_6": [453256, 79.00327416727869, 4654521532874.345], "unrealized_pnl_7": [453256, 52.68805227154772, 667452659940.3555], "unrealized_pnl_8": [453256, 59.72691493576941, 672900906392.4471], "unrealized_pnl_9": [453256, 1340.821951048616, 162599485215002.16], "margin_usage_ratio": [453256, 0.004606936462063584, 41.01263212066369]}, "pcr_min_ew": 0.9934892117321152, "pcr_max_ew": 0.9999999920027332}