{"r_count": 953670.0001000001, "r_mean": 0.005699088453144002, "r_var": 1958.9172816937548, "tanh_k": 2.0, "feature_welford": {"unrealized_pnl": [953672, 121999.76735728524, 4.86507285846324e+17], "realized_pnl": [953672, 51568.61382423254, 3.4884058830878746e+17], "compounded_returns": [953672, 23005.3483749808, 257280279990348.5], "balance": [953672, 41940648.57165079, 8.600990623502783e+20], "position_value": [953672, 251836.10536917596, 5.0664919899129683e+17], "current_position_size": [953672, 1259134.3015055319, 1.2666218937196335e+19], "last_log_ret": [953672, 0.009676212687108486, 1665.8094513985234], "sortino_ratio": [953672, 9.419348641951041, 429531445126.95447], "rolling_pnl_sigma": [953672, 0.01395376889575657, 651.8546575788637], "portfolio_cash_ratio": [953672, 0.8954487272705463, 48318.13873185717], "free_collateral": [953672, 42286580.61671212, 8.502743628118726e+20], "mm_reqs": [953672, 27949.623352783663, 2.453124824395262e+16], "unrealized_pnl_0": [953672, 3.547891481246115, 434831261733.7852], "unrealized_pnl_1": [953672, -4.214635596680667, 2365244095074.418], "unrealized_pnl_2": [953672, 50555.19693771901, 8.022151491945757e+16], "unrealized_pnl_3": [953672, 98466.21394663648, 6.920761452352353e+17], "unrealized_pnl_4": [953672, 187.90693851606542, 9764576940216.262], "unrealized_pnl_5": [953672, 6367.91037341103, 3100116473428898.0], "unrealized_pnl_6": [953672, 122.86848716414296, 9694542198151.209], "unrealized_pnl_7": [953672, 91.0112047212061, 2244555305973.465], "unrealized_pnl_8": [953672, 68.08062113915283, 1495982487888.5403], "unrealized_pnl_9": [953672, 1516.5091891080742, 499671042929973.75], "margin_usage_ratio": [953672, 0.003959907534600679, 73.84037737577368]}, "pcr_min_ew": 0.9984419309876413, "pcr_max_ew": 0.999999996172867}