{"r_count": 996116.0001000001, "r_mean": 0.005796314569329243, "r_var": 2004.6449246735267, "tanh_k": 2.0, "feature_welford": {"unrealized_pnl": [996118, 125549.15680540777, 5.362198417369986e+17], "realized_pnl": [996118, 52436.326194427485, 3.776669064605182e+17], "compounded_returns": [996118, 23427.33430321482, 278198684150961.62], "balance": [996118, 42693687.857809946, 9.310031827445742e+20], "position_value": [996118, 255600.78253529948, 5.45576450415505e+17], "current_position_size": [996118, 1277952.2066947517, 1.363938772034608e+19], "last_log_ret": [996118, 0.009698294509834107, 1712.36514478901], "sortino_ratio": [996118, 6.741898825965361, 295137244699.01154], "rolling_pnl_sigma": [996118, 0.01385246387649744, 668.2282890224895], "portfolio_cash_ratio": [996118, 0.8961274182769849, 49994.930963564395], "free_collateral": [996118, 43046397.831785396, 9.203885641433493e+20], "mm_reqs": [996118, 28485.706151746705, 2.662720473751011e+16], "unrealized_pnl_0": [996118, 3.9197661930354877, 422583866146.6776], "unrealized_pnl_1": [996118, -4.479385030286501, 2681900622789.5435], "unrealized_pnl_2": [996118, 52002.96178346304, 8.923365124757645e+16], "unrealized_pnl_3": [996118, 100710.64150785866, 7.510904878589792e+17], "unrealized_pnl_4": [996118, 192.236691658738, 9867895497599.281], "unrealized_pnl_5": [996118, 6592.6805110076075, 3454750266331574.5], "unrealized_pnl_6": [996118, 122.98208351392847, 9612690385964.572], "unrealized_pnl_7": [996118, 90.2029691316792, 2344926338345.013], "unrealized_pnl_8": [996118, 65.64412348653475, 1466509200192.693], "unrealized_pnl_9": [996118, 1540.9598767016848, 526162959479605.06], "margin_usage_ratio": [996118, 0.0039369667774138495, 76.52952639284291]}, "pcr_min_ew": 0.9996457956192676, "pcr_max_ew": 0.9999999921449293}