{"r_count": 753727.0001000001, "r_mean": 0.005282959666273146, "r_var": 1742.994653952219, "tanh_k": 2.0, "feature_welford": {"unrealized_pnl": [753729, 108254.00320921832, 3.209844835846787e+17], "realized_pnl": [753729, 48125.947877034654, 2.346227818497656e+17], "compounded_returns": [753729, 21316.318472825886, 179539028133326.84], "balance": [753729, 39019393.62031988, 5.972584032038874e+20], "position_value": [753729, 238949.26009949777, 3.655994615750171e+17], "current_position_size": [753729, 1194699.3237590077, 9.13996107705534e+18], "last_log_ret": [753729, 0.009570512258217014, 1449.0044301685386], "sortino_ratio": [753729, 7.145718389082164, 209443401523.48074], "rolling_pnl_sigma": [753729, 0.014701815446929748, 577.8131116044605], "portfolio_cash_ratio": [753729, 0.8907752230705361, 40412.99922732442], "free_collateral": [753729, 39340886.757872745, 5.906255030854787e+20], "mm_reqs": [753729, 25756.351628497003, 1.6608806040844878e+16], "unrealized_pnl_0": [753729, 4.6334010490103035, 330870022584.88477], "unrealized_pnl_1": [753729, -1.865519828244822, 1969982996120.9146], "unrealized_pnl_2": [753729, 44292.89020345401, 4.695315990772377e+16], "unrealized_pnl_3": [753729, 88791.9640678275, 4.605159148407717e+17], "unrealized_pnl_4": [753729, 165.47012126643804, 6812225931675.973], "unrealized_pnl_5": [753729, 5821.116381022636, 2619503151329984.0], "unrealized_pnl_6": [753729, 100.32814788285998, 8561537076556.33], "unrealized_pnl_7": [753729, 84.48868309538761, 1641978439418.3447], "unrealized_pnl_8": [753729, 73.30627385031632, 1255406904438.5476], "unrealized_pnl_9": [753729, 1520.373171958709, 357175108221790.7], "margin_usage_ratio": [753729, 0.004109353125502075, 60.66154836014825]}, "pcr_min_ew": 0.9983549655088005, "pcr_max_ew": 0.9999999995962124}