{"r_count": 690058.0001000001, "r_mean": 0.005111854858410841, "r_var": 1673.3878725018062, "tanh_k": 2.0, "feature_welford": {"unrealized_pnl": [690060, 103124.54920741983, 2.7064469340421014e+17], "realized_pnl": [690060, 46742.87922690974, 1.9923058394386803e+17], "compounded_returns": [690060, 20628.51096861679, 156308128633631.62], "balance": [690060, 37817893.18987946, 5.186187469975628e+20], "position_value": [690060, 233683.19329630097, 3.219058130371767e+17], "current_position_size": [690060, 1168371.724992177, 8.047624137213705e+18], "last_log_ret": [690060, 0.009524144396620974, 1379.2765033256899], "sortino_ratio": [690060, 8.51036295120462, 299366961790.4792], "rolling_pnl_sigma": [690060, 0.015027763975532838, 553.1150168341271], "portfolio_cash_ratio": [690060, 0.8887069904129804, 37909.028648768646], "free_collateral": [690060, 38129598.289391406, 5.129962706510617e+20], "mm_reqs": [690060, 25141.42888452076, 1.4499305709124728e+16], "unrealized_pnl_0": [690060, 4.631981709889067, 335416789784.0911], "unrealized_pnl_1": [690060, -3.070599986313523, 1882848162915.0078], "unrealized_pnl_2": [690060, 42048.048968336574, 3.838725066066912e+16], "unrealized_pnl_3": [690060, 84955.25474853697, 3.907250639780165e+17], "unrealized_pnl_4": [690060, 153.55141317749806, 6753521865109.657], "unrealized_pnl_5": [690060, 5481.318881022151, 2324192836234204.5], "unrealized_pnl_6": [690060, 93.69898080880881, 6635886863388.365], "unrealized_pnl_7": [690060, 82.89602642501812, 1517470920423.4749], "unrealized_pnl_8": [690060, 71.51629191400612, 1110666669360.464], "unrealized_pnl_9": [690060, 1469.8043232792077, 311685083078553.6], "margin_usage_ratio": [690060, 0.004177360650942253, 56.447598715638755]}, "pcr_min_ew": 0.9993300695466429, "pcr_max_ew": 1.000000000000061}