{"r_count": 506870.0001, "r_mean": 0.0047020209786717195, "r_var": 1469.1864745138655, "tanh_k": 2.0, "feature_welford": {"unrealized_pnl": [506872, 90505.4249675701, 1.6569531890584886e+17], "realized_pnl": [506872, 43134.400724240986, 1.2417596183025464e+17], "compounded_returns": [506872, 18887.68624237807, 104175707225177.6], "balance": [506872, 34844363.103918836, 3.4115760206028394e+20], "position_value": [506872, 219688.37360723596, 2.1466918507518413e+17], "current_position_size": [506872, 1098384.685965553, 5.366700248339077e+18], "last_log_ret": [506872, 0.009371904595255616, 1177.825023388291], "sortino_ratio": [506872, 6.71083145464328, 198134022087.77985], "rolling_pnl_sigma": [506872, 0.016368649152879885, 478.71903618798], "portfolio_cash_ratio": [506872, 0.8796127671520346, 30612.96502209713], "free_collateral": [506872, 35131151.37229084, 3.378348350042347e+20], "mm_reqs": [506872, 23450.626585238006, 9406381207719504.0], "unrealized_pnl_0": [506872, 5.29421070888868, 291642322656.73883], "unrealized_pnl_1": [506872, -2.4694346694471334, 1481889411203.3794], "unrealized_pnl_2": [506872, 35291.40152535127, 2.0277105065795056e+16], "unrealized_pnl_3": [506872, 77280.67848723497, 2.445719381883328e+17], "unrealized_pnl_4": [506872, 142.5171891048409, 5251913044266.492], "unrealized_pnl_5": [506872, 4954.933397797344, 1683255634348370.8], "unrealized_pnl_6": [506872, 78.93590183028525, 5079224134935.9795], "unrealized_pnl_7": [506872, 57.9125047341107, 773212524737.6183], "unrealized_pnl_8": [506872, 66.02372575010688, 760560842563.3984], "unrealized_pnl_9": [506872, 1384.2690745286827, 185374180839056.34], "margin_usage_ratio": [506872, 0.004484465831700562, 44.54624059402105]}, "pcr_min_ew": 0.9974283229544696, "pcr_max_ew": 0.9999999842133266}