{"r_count": 766014.0001000001, "r_mean": 0.005296048077175412, "r_var": 1756.2308986672829, "tanh_k": 2.0, "feature_welford": {"unrealized_pnl": [766016, 108067.47493910752, 3.261740111692077e+17], "realized_pnl": [766016, 48362.38774223715, 2.413950895934433e+17], "compounded_returns": [766016, 21405.14498149987, 183994622494423.6], "balance": [766016, 39169533.83854651, 6.127930091774771e+20], "position_value": [766016, 238335.1145965194, 3.71045524854276e+17], "current_position_size": [766016, 1191613.5434120786, 9.276110930577275e+18], "last_log_ret": [766016, 0.009576630572281015, 1462.0254885184313], "sortino_ratio": [766016, 6.584538932105038, 200838172034.959], "rolling_pnl_sigma": [766016, 0.0146431940520088, 582.1420292022295], "portfolio_cash_ratio": [766016, 0.8912123222729047, 40902.40021916251], "free_collateral": [766016, 39490236.30866769, 6.06011836592318e+20], "mm_reqs": [766016, 25742.908293604545, 1.7020631222866224e+16], "unrealized_pnl_0": [766016, 3.975928011272462, 345977930134.88196], "unrealized_pnl_1": [766016, -5.6618395422054935, 2281294023275.9453], "unrealized_pnl_2": [766016, 44292.68275857774, 4.81651466244924e+16], "unrealized_pnl_3": [766016, 88729.91860766002, 4.716119315044658e+17], "unrealized_pnl_4": [766016, 165.92989914395898, 6881498985023.674], "unrealized_pnl_5": [766016, 5747.60952469786, 2508234257168557.0], "unrealized_pnl_6": [766016, 102.43059682054422, 8865566387590.867], "unrealized_pnl_7": [766016, 84.7195440880615, 1588847990450.117], "unrealized_pnl_8": [766016, 69.72541651205778, 1205619682781.1396], "unrealized_pnl_9": [766016, 1513.5659660300887, 361814080381313.06], "margin_usage_ratio": [766016, 0.00409531377247912, 61.51212208147152]}, "pcr_min_ew": 0.9996861120679501, "pcr_max_ew": 0.9999999968670611}