{"r_count": 965957.0001000001, "r_mean": 0.005724950133283306, "r_var": 1972.1706063745407, "tanh_k": 2.0, "feature_welford": {"unrealized_pnl": [965959, 122930.54237189922, 4.9893295406574496e+17], "realized_pnl": [965959, 51794.883317521744, 3.5725381672521434e+17], "compounded_returns": [965959, 23106.862036965602, 262601773520873.44], "balance": [965959, 42120622.27093222, 8.782638560647315e+20], "position_value": [965959, 252654.91450651595, 5.163716329335108e+17], "current_position_size": [965959, 1263228.9350839984, 1.2909280146970837e+19], "last_log_ret": [965959, 0.009681994893023287, 1679.2344213691051], "sortino_ratio": [965959, 9.333521789887008, 429541744549.0351], "rolling_pnl_sigma": [965959, 0.013918587836227628, 656.4641187353906], "portfolio_cash_ratio": [965959, 0.8956580170079931, 48812.638038456585], "free_collateral": [965959, 42468163.81141871, 8.682247706932832e+20], "mm_reqs": [965959, 28086.479703148187, 2.507299553548503e+16], "unrealized_pnl_0": [965959, 3.634657340819988, 446219585500.80945], "unrealized_pnl_1": [965959, -4.109547660603806, 2370926273048.994], "unrealized_pnl_2": [965959, 50975.99707433813, 8.30972040636468e+16], "unrealized_pnl_3": [965959, 99103.7419768942, 7.089354864592059e+17], "unrealized_pnl_4": [965959, 188.83178753109283, 9865841527917.502], "unrealized_pnl_5": [965959, 6422.7188458266455, 3152440848348489.0], "unrealized_pnl_6": [965959, 124.57817439366433, 9778541874597.248], "unrealized_pnl_7": [965959, 91.35726834905753, 2277770891094.3696], "unrealized_pnl_8": [965959, 68.00882715212087, 1513520053763.6729], "unrealized_pnl_9": [965959, 1520.1159076571134, 508651754584682.56], "margin_usage_ratio": [965959, 0.0039538132886327215, 74.70039829086946]}, "pcr_min_ew": 0.9996299179087009, "pcr_max_ew": 0.9999999999999984}