{"r_count": 626389.0001000001, "r_mean": 0.004982078648771247, "r_var": 1602.8611514046195, "tanh_k": 2.0, "feature_welford": {"unrealized_pnl": [626391, 98557.43349564938, 2.291173114922356e+17], "realized_pnl": [626391, 45540.24342095232, 1.7090301349539242e+17], "compounded_returns": [626391, 20042.43708213963, 136377625260937.2], "balance": [626391, 36816696.13307528, 4.5120886158302865e+20], "position_value": [626391, 229066.77976204624, 2.8050308849079142e+17], "current_position_size": [626391, 1145284.1189035277, 7.012553919773556e+18], "last_log_ret": [626391, 0.009478168596467232, 1309.6006851515308], "sortino_ratio": [626391, 7.4880653756513595, 208332408219.1965], "rolling_pnl_sigma": [626391, 0.015416134517192717, 527.8030043727057], "portfolio_cash_ratio": [626391, 0.8860366093091274, 35421.18012097487], "free_collateral": [626391, 37119974.52691836, 4.464071875441711e+20], "mm_reqs": [626391, 24391.55119516946, 1.2427152262382674e+16], "unrealized_pnl_0": [626391, 4.791572238260703, 315949367862.0762], "unrealized_pnl_1": [626391, -1.3460069947096347, 1632399461789.1526], "unrealized_pnl_2": [626391, 40046.17025690908, 3.1648482510719356e+16], "unrealized_pnl_3": [626391, 81655.5147569814, 3.3089780529635296e+17], "unrealized_pnl_4": [626391, 148.66233488522457, 5942808654593.445], "unrealized_pnl_5": [626391, 5337.457554633956, 2156240323881743.2], "unrealized_pnl_6": [626391, 77.85746311213526, 6251307807262.063], "unrealized_pnl_7": [626391, 73.87185278599624, 1319825935126.3848], "unrealized_pnl_8": [626391, 71.85668274573773, 1000159421894.029], "unrealized_pnl_9": [626391, 1419.380690538563, 259061472148331.2], "margin_usage_ratio": [626391, 0.004262347335839902, 52.264063820762]}, "pcr_min_ew": 0.9994952354128539, "pcr_max_ew": 0.9999999995346239}