{"r_count": 715749.0001000001, "r_mean": 0.005186211431641543, "r_var": 1701.506922547494, "tanh_k": 2.0, "feature_welford": {"unrealized_pnl": [715751, 105052.39888958502, 2.899966099882111e+17], "realized_pnl": [715751, 47449.9105978068, 2.173806496271792e+17], "compounded_returns": [715751, 20935.93567534002, 165973182370713.44], "balance": [715751, 38360845.55445034, 5.5150497587300775e+20], "position_value": [715751, 235548.8604594527, 3.3747117844719155e+17], "current_position_size": [715751, 1177693.010643089, 8.436754342478752e+18], "last_log_ret": [715751, 0.009544579762011564, 1407.4735822542211], "sortino_ratio": [715751, 7.8934738809208165, 276732017549.48865], "rolling_pnl_sigma": [715751, 0.014895652511731429, 563.1096954536764], "portfolio_cash_ratio": [715751, 0.889443982617738, 38978.75109971797], "free_collateral": [715751, 38676175.773537815, 5.454382741856993e+20], "mm_reqs": [715751, 25314.85622399337, 1.5294787625512742e+16], "unrealized_pnl_0": [715751, 5.228339331112047, 443794473177.0376], "unrealized_pnl_1": [715751, -6.217207403804391, 2032903395870.5928], "unrealized_pnl_2": [715751, 42980.01959903968, 4.146656879972019e+16], "unrealized_pnl_3": [715751, 86534.21378877516, 4.22521481282537e+17], "unrealized_pnl_4": [715751, 159.6588451909839, 6793309777797.53], "unrealized_pnl_5": [715751, 5564.895248535935, 2351005797511128.5], "unrealized_pnl_6": [715751, 88.51025940148108, 7036424516724.879], "unrealized_pnl_7": [715751, 80.34022301883034, 1648651659998.1208], "unrealized_pnl_8": [715751, 72.29245535107349, 1149004686426.8528], "unrealized_pnl_9": [715751, 1459.8294110852426, 321683912905143.44], "margin_usage_ratio": [715751, 0.004150868452985922, 58.19613824667893]}, "pcr_min_ew": 0.9907033127750248, "pcr_max_ew": 0.9999999982309329}