{"r_count": 652080.0001000001, "r_mean": 0.005042402311543253, "r_var": 1630.8742698313629, "tanh_k": 2.0, "feature_welford": {"unrealized_pnl": [652082, 100012.95627395726, 2.444219602555541e+17], "realized_pnl": [652082, 45979.872985502625, 1.8417989391109677e+17], "compounded_returns": [652082, 20306.67391667867, 144616414119357.2], "balance": [652082, 37254332.31999838, 4.7857319959600824e+20], "position_value": [652082, 230373.09945468194, 2.961286181649245e+17], "current_position_size": [652082, 1151814.6497829554, 7.403193732753237e+18], "last_log_ret": [652082, 0.009498337646750368, 1337.197416408434], "sortino_ratio": [652082, 10.677073520758732, 407314333476.09436], "rolling_pnl_sigma": [652082, 0.015243284104498937, 537.8564328251255], "portfolio_cash_ratio": [652082, 0.887091042137395, 36476.07268126201], "free_collateral": [652082, 37560124.22030503, 4.734073801842457e+20], "mm_reqs": [652082, 24635.605641076138, 1.3258182859394406e+16], "unrealized_pnl_0": [652082, 4.650340608955442, 313625546614.75696], "unrealized_pnl_1": [652082, -3.8642372132739444, 1822137131151.8513], "unrealized_pnl_2": [652082, 40777.34965831689, 3.4310776092427916e+16], "unrealized_pnl_3": [652082, 82821.0667810517, 3.5612339960979565e+17], "unrealized_pnl_4": [652082, 151.38549580338386, 6144366748887.099], "unrealized_pnl_5": [652082, 5383.408623222542, 2111021489333656.5], "unrealized_pnl_6": [652082, 85.8116463350138, 6576363651565.6455], "unrealized_pnl_7": [652082, 75.435701199333, 1178991160113.7554], "unrealized_pnl_8": [652082, 71.57131703211054, 1065742477475.7108], "unrealized_pnl_9": [652082, 1435.1930695475846, 262165639523932.94], "margin_usage_ratio": [652082, 0.004228484067970722, 54.048934868964174]}, "pcr_min_ew": 0.9995189072709117, "pcr_max_ew": 0.9999999873231616}