{"r_count": 623038.0001000001, "r_mean": 0.004993365198626165, "r_var": 1598.8847184478632, "tanh_k": 2.0, "feature_welford": {"unrealized_pnl": [623040, 98764.24772901736, 2.3067832192125523e+17], "realized_pnl": [623040, 45658.44624262123, 1.7038271580190746e+17], "compounded_returns": [623040, 20083.853510534303, 136791243255236.03], "balance": [623040, 36885388.62591167, 4.518070620604701e+20], "position_value": [623040, 229188.0048317494, 2.8178019410401853e+17], "current_position_size": [623040, 1145886.2570317227, 7.044475176600522e+18], "last_log_ret": [623040, 0.009478800166355179, 1305.7312355922181], "sortino_ratio": [623040, 7.374499294736303, 207070481580.5808], "rolling_pnl_sigma": [623040, 0.015439808264766559, 526.7708209159165], "portfolio_cash_ratio": [623040, 0.8858755426987744, 35302.67824564203], "free_collateral": [623040, 37188857.85978722, 4.470566810598413e+20], "mm_reqs": [623040, 24518.979765632255, 1.247573019670365e+16], "unrealized_pnl_0": [623040, 5.329530378166934, 305379955292.10657], "unrealized_pnl_1": [623040, -2.4637349302645153, 1794131818359.0588], "unrealized_pnl_2": [623040, 39431.854488180405, 3.0702857461867356e+16], "unrealized_pnl_3": [623040, 82801.11032882387, 3.357016772246033e+17], "unrealized_pnl_4": [623040, 143.61752198934704, 5702609879862.62], "unrealized_pnl_5": [623040, 5388.306197978008, 2123215897934952.0], "unrealized_pnl_6": [623040, 91.2138921820364, 7763775963966.637], "unrealized_pnl_7": [623040, 71.91270469151351, 1144288538156.2834], "unrealized_pnl_8": [623040, 72.14698991841698, 1002992376078.3314], "unrealized_pnl_9": [623040, 1432.2362646058805, 260506406585187.56], "margin_usage_ratio": [623040, 0.004271463480052924, 52.118886002210495]}, "pcr_min_ew": 0.9986074720549141, "pcr_max_ew": 1.0000000000000056}