{"r_count": 664367.0001000001, "r_mean": 0.00506597662158338, "r_var": 1644.443273873419, "tanh_k": 2.0, "feature_welford": {"unrealized_pnl": [664369, 100297.61380563461, 2.499532950264505e+17], "realized_pnl": [664369, 46399.713556992036, 1.9132349311605872e+17], "compounded_returns": [664369, 20432.669075509002, 148834409788665.84], "balance": [664369, 37470896.93422631, 4.925580235145374e+20], "position_value": [664369, 231103.30012030152, 3.033307431613801e+17], "current_position_size": [664369, 1155458.3611271468, 7.583237331539527e+18], "last_log_ret": [664369, 0.009507357678534724, 1350.7066177561046], "sortino_ratio": [664369, 6.547164988856232, 199837720782.78824], "rolling_pnl_sigma": [664369, 0.01517202539389578, 543.0451401605587], "portfolio_cash_ratio": [664369, 0.8876335212686329, 36936.339345381166], "free_collateral": [664369, 37777806.39476111, 4.872287080825922e+20], "mm_reqs": [664369, 24537.89723649817, 1.3353710416481964e+16], "unrealized_pnl_0": [664369, 4.828476375425399, 340725090665.48914], "unrealized_pnl_1": [664369, -9.149732608802301, 2163175790363.694], "unrealized_pnl_2": [664369, 41212.11777428921, 3.5250023047276404e+16], "unrealized_pnl_3": [664369, 82824.35659807698, 3.664269916444376e+17], "unrealized_pnl_4": [664369, 150.99261572680763, 6648954759360.767], "unrealized_pnl_5": [664369, 5473.565550333637, 2191749341035115.8], "unrealized_pnl_6": [664369, 87.99878473117639, 7049045786929.219], "unrealized_pnl_7": [664369, 76.43210616218833, 1224814725381.5757], "unrealized_pnl_8": [664369, 72.53113882205459, 1098120241296.3531], "unrealized_pnl_9": [664369, 1446.177162535277, 294444476429619.6], "margin_usage_ratio": [664369, 0.004204120244895269, 54.61586684029615]}, "pcr_min_ew": 0.9976162885006516, "pcr_max_ew": 0.9999999670759391}