{"r_count": 790588.0001000001, "r_mean": 0.005352244528957445, "r_var": 1783.908306732805, "tanh_k": 2.0, "feature_welford": {"unrealized_pnl": [790590, 110323.67882416735, 3.460331714906581e+17], "realized_pnl": [790590, 48619.178598927, 2.5328726703341885e+17], "compounded_returns": [790590, 21605.342415873085, 191994263291723.28], "balance": [790590, 39533260.505552754, 6.402956187991816e+20], "position_value": [790590, 240438.01462784785, 3.8831709781260954e+17], "current_position_size": [790590, 1202129.0500694322, 9.70789635210816e+18], "last_log_ret": [790590, 0.009591409881308877, 1489.691736281852], "sortino_ratio": [790590, 8.193307149624625, 427565922777.3323], "rolling_pnl_sigma": [790590, 0.014543104150980628, 591.9327545831602], "portfolio_cash_ratio": [790590, 0.8918324606051306, 41882.55365088038], "free_collateral": [790590, 39857945.38374067, 6.331135892361861e+20], "mm_reqs": [790590, 26115.56948235945, 1.809518182133742e+16], "unrealized_pnl_0": [790590, 4.548527186080584, 372245918842.7679], "unrealized_pnl_1": [790590, -2.8758620142841473, 2038565332883.0635], "unrealized_pnl_2": [790590, 45346.89620188998, 5.192972667452318e+16], "unrealized_pnl_3": [790590, 90031.2670216107, 4.96262957480777e+17], "unrealized_pnl_4": [790590, 171.46767211764137, 7370836889945.391], "unrealized_pnl_5": [790590, 5831.722515041994, 2565048016221063.5], "unrealized_pnl_6": [790590, 103.25563278489692, 8271363025960.842], "unrealized_pnl_7": [790590, 86.662971254388, 1676978684695.3586], "unrealized_pnl_8": [790590, 68.89426469037139, 1223389373421.3777], "unrealized_pnl_9": [790590, 1554.6898366920243, 394143615811097.44], "margin_usage_ratio": [790590, 0.0040727488988843786, 63.03831704095461]}, "pcr_min_ew": 0.9936335953112134, "pcr_max_ew": 1.0000000000000078}