{"r_count": 494583.0001, "r_mean": 0.0046515099829791745, "r_var": 1455.2777924302898, "tanh_k": 2.0, "feature_welford": {"unrealized_pnl": [494585, 88847.12055583007, 1.5693270567424234e+17], "realized_pnl": [494585, 42669.985731583445, 1.1825174860723597e+17], "compounded_returns": [494585, 18651.986902254666, 99358755323972.86], "balance": [494585, 34418253.59848628, 3.2459447004392437e+20], "position_value": [494585, 218016.49597920757, 2.066146314622411e+17], "current_position_size": [494585, 1090027.9574862062, 5.165336811553706e+18], "last_log_ret": [494585, 0.00935427226971757, 1163.9583298907914], "sortino_ratio": [494585, 6.98880471446978, 198133177016.5787], "rolling_pnl_sigma": [494585, 0.01648190784619336, 473.44085108100955], "portfolio_cash_ratio": [494585, 0.8788449109848632, 30105.960739206526], "free_collateral": [494585, 34702024.59725634, 3.214252127738262e+20], "mm_reqs": [494585, 23132.338374690775, 8916051129457864.0], "unrealized_pnl_0": [494585, 6.011288106823434, 287466740871.9752], "unrealized_pnl_1": [494585, -5.3962494006611825, 1552948510898.3037], "unrealized_pnl_2": [494585, 34751.13609377935, 1.9292636175165784e+16], "unrealized_pnl_3": [494585, 75590.84779833636, 2.3050535415124522e+17], "unrealized_pnl_4": [494585, 136.4576215328084, 5015940410364.211], "unrealized_pnl_5": [494585, 5016.673699414243, 1695745409965468.0], "unrealized_pnl_6": [494585, 79.49457238058059, 4936169159412.921], "unrealized_pnl_7": [494585, 59.232593364339195, 848517517928.0441], "unrealized_pnl_8": [494585, 64.19070435160015, 753483033831.1729], "unrealized_pnl_9": [494585, 1368.6731709651679, 178739776039207.8], "margin_usage_ratio": [494585, 0.004509226438654712, 43.75060031693022]}, "pcr_min_ew": 0.9991824186715346, "pcr_max_ew": 0.9999999975713338}