{"r_count": 978244.0001000001, "r_mean": 0.0057610224531904845, "r_var": 1985.5006844986362, "tanh_k": 2.0, "feature_welford": {"unrealized_pnl": [978246, 124529.4978430668, 5.201747049062906e+17], "realized_pnl": [978246, 52194.37472052209, 3.6587603664567e+17], "compounded_returns": [978246, 23295.352068884255, 270797007356458.75], "balance": [978246, 42464871.347592525, 9.060577841928313e+20], "position_value": [978246, 254581.7751074483, 5.323698200511205e+17], "current_position_size": [978246, 1272856.2258150675, 1.3309221434107967e+19], "last_log_ret": [978246, 0.009690668805541312, 1693.000650345772], "sortino_ratio": [978246, 6.760898023549013, 295020806357.9026], "rolling_pnl_sigma": [978246, 0.013902931864192588, 661.6443959251128], "portfolio_cash_ratio": [978246, 0.8958359678488823, 49280.45703210767], "free_collateral": [978246, 42815687.94124378, 8.957670137993437e+20], "mm_reqs": [978246, 28341.098967112015, 2.5887721617222656e+16], "unrealized_pnl_0": [978246, 3.943600794340101, 421013863368.2966], "unrealized_pnl_1": [978246, -4.380283982374468, 2654462425152.559], "unrealized_pnl_2": [978246, 51496.8207002891, 8.583144159776261e+16], "unrealized_pnl_3": [978246, 100058.47066035072, 7.281632289627384e+17], "unrealized_pnl_4": [978246, 191.07874107938179, 9730509403710.994], "unrealized_pnl_5": [978246, 6537.448111687668, 3396282739296237.0], "unrealized_pnl_6": [978246, 120.09912654565532, 9438162152766.357], "unrealized_pnl_7": [978246, 90.1164231290784, 2305381972478.372], "unrealized_pnl_8": [978246, 66.05531663400576, 1453606223968.0654], "unrealized_pnl_9": [978246, 1541.3168175761812, 513376924712828.3], "margin_usage_ratio": [978246, 0.00394628544661523, 75.32012708644977]}, "pcr_min_ew": 0.9942438689525954, "pcr_max_ew": 0.999999953837576}