{"r_count": 744791.0001000001, "r_mean": 0.005244608533138975, "r_var": 1732.8484092268116, "tanh_k": 2.0, "feature_welford": {"unrealized_pnl": [744793, 105828.58215029475, 3.039123657794394e+17], "realized_pnl": [744793, 47655.63866754902, 2.2955561724086794e+17], "compounded_returns": [744793, 21125.640634381827, 173778979141946.25], "balance": [744793, 38664313.29082127, 5.776032958865267e+20], "position_value": [744793, 236480.89424010416, 3.524893392502267e+17], "current_position_size": [744793, 1182357.0504143892, 8.812215213688525e+18], "last_log_ret": [744793, 0.00956044387011114, 1438.599462869256], "sortino_ratio": [744793, 10.060007822997179, 408328132142.02045], "rolling_pnl_sigma": [744793, 0.014734788253761302, 574.0515951101709], "portfolio_cash_ratio": [744793, 0.8904456123570574, 40106.44781648525], "free_collateral": [744793, 38981344.04659405, 5.710953353074712e+20], "mm_reqs": [744793, 25331.548309810707, 1.5927800341517096e+16], "unrealized_pnl_0": [744793, 4.510230021890472, 340604149149.7207], "unrealized_pnl_1": [744793, -5.21819399209686, 2023800481507.528], "unrealized_pnl_2": [744793, 43811.3862342289, 4.4893085838604696e+16], "unrealized_pnl_3": [744793, 86841.81529544317, 4.446728327703017e+17], "unrealized_pnl_4": [744793, 163.65310880066883, 7005951207403.262], "unrealized_pnl_5": [744793, 5676.994475713403, 2390881573113161.5], "unrealized_pnl_6": [744793, 94.92646710477052, 7287536080460.027], "unrealized_pnl_7": [744793, 83.44633514107247, 1614370636884.646], "unrealized_pnl_8": [744793, 71.50520179624803, 1190988285633.2773], "unrealized_pnl_9": [744793, 1468.6292885633977, 336649797595952.8], "margin_usage_ratio": [744793, 0.004115384481998194, 60.03424137248404]}, "pcr_min_ew": 0.999037446805275, "pcr_max_ew": 0.999999999999956}