{"r_count": 925745.0001000001, "r_mean": 0.0056427855396512855, "r_var": 1928.7477535907028, "tanh_k": 2.0, "feature_welford": {"unrealized_pnl": [925747, 120145.81081882263, 4.611744751765313e+17], "realized_pnl": [925747, 51073.06661122125, 3.309709853558502e+17], "compounded_returns": [925747, 22772.62502613522, 245296917300501.2], "balance": [925747, 41528892.5565127, 8.19183823642454e+20], "position_value": [925747, 250050.64348857055, 4.8533488039598637e+17], "current_position_size": [925747, 1250208.7085434077, 1.2133361273194428e+19], "last_log_ret": [925747, 0.009662796065394637, 1635.3352273680682], "sortino_ratio": [925747, 9.630941861663686, 429526445521.0371], "rolling_pnl_sigma": [925747, 0.014037053652507283, 641.4730196005869], "portfolio_cash_ratio": [925747, 0.8949272784623339, 47208.24224881288], "free_collateral": [925747, 41871490.3641806, 8.098501972452928e+20], "mm_reqs": [925747, 27641.81465484134, 2.3322475590046716e+16], "unrealized_pnl_0": [925747, 3.668128845569256, 434004510965.543], "unrealized_pnl_1": [925747, -4.274897331837782, 2350227905035.4834], "unrealized_pnl_2": [925747, 49710.0693207941, 7.477017491131573e+16], "unrealized_pnl_3": [925747, 97248.59734566804, 6.58251069632712e+17], "unrealized_pnl_4": [925747, 184.14407261385125, 9345117555589.348], "unrealized_pnl_5": [925747, 6282.692575624775, 2991693908131026.5], "unrealized_pnl_6": [925747, 121.09166883733502, 9104024633765.191], "unrealized_pnl_7": [925747, 90.26152371708494, 2168162723107.697], "unrealized_pnl_8": [925747, 68.69556339176397, 1475456930680.1357], "unrealized_pnl_9": [925747, 1521.0310877976585, 483717187265282.7], "margin_usage_ratio": [925747, 0.003976012154081302, 71.97990707215268]}, "pcr_min_ew": 0.9944415603740276, "pcr_max_ew": 1.000000000000067}