{"r_count": 814045.0001000001, "r_mean": 0.005405535313646512, "r_var": 1809.4464440764011, "tanh_k": 2.0, "feature_welford": {"unrealized_pnl": [814047, 112077.9713087468, 3.657990526871632e+17], "realized_pnl": [814047, 49055.342643674005, 2.665126097665386e+17], "compounded_returns": [814047, 21819.178376047512, 200914673164590.2], "balance": [814047, 39906866.36324372, 6.706447276672934e+20], "position_value": [814047, 242134.39958573988, 4.05098098634628e+17], "current_position_size": [814047, 1210612.7113182435, 1.0127422234082714e+19], "last_log_ret": [814047, 0.009605169857300313, 1515.326640706915], "sortino_ratio": [814047, 8.02809469535564, 427570219251.03174], "rolling_pnl_sigma": [814047, 0.014446686948799916, 600.8225601648215], "portfolio_cash_ratio": [814047, 0.8924567583491855, 42802.04228142077], "free_collateral": [814047, 40234724.3431466, 6.630970590981667e+20], "mm_reqs": [814047, 26394.432842521543, 1.9049935850593884e+16], "unrealized_pnl_0": [814047, 4.475167402848831, 372804594434.36566], "unrealized_pnl_1": [814047, -1.7173121201575552, 2167003356263.6042], "unrealized_pnl_2": [814047, 46102.61696863622, 5.566734056332982e+16], "unrealized_pnl_3": [814047, 91299.6411370451, 5.234475398914983e+17], "unrealized_pnl_4": [814047, 172.94164746060082, 7514986969732.973], "unrealized_pnl_5": [814047, 5917.458445875908, 2642207777535489.5], "unrealized_pnl_6": [814047, 105.18450483097159, 8436176015760.237], "unrealized_pnl_7": [814047, 88.2506608105993, 1752209315868.9578], "unrealized_pnl_8": [814047, 68.22685270151246, 1244033831087.8237], "unrealized_pnl_9": [814047, 1549.3113500355535, 409367354545100.4], "margin_usage_ratio": [814047, 0.004052447245264905, 64.57290348888256]}, "pcr_min_ew": 0.9959793963248661, "pcr_max_ew": 0.9999999993304503}