{"r_count": 655431.0001000001, "r_mean": 0.005058987495028745, "r_var": 1635.0352509269906, "tanh_k": 2.0, "feature_welford": {"unrealized_pnl": [655433, 101268.0191208262, 2.5110359051586886e+17], "realized_pnl": [655433, 46325.63712647175, 1.852888098804036e+17], "compounded_returns": [655433, 20399.497235972332, 147050089076645.0], "balance": [655433, 37439114.71116361, 4.8726196774629815e+20], "position_value": [655433, 231727.51987237798, 3.020790416541233e+17], "current_position_size": [655433, 1158581.7720352958, 7.55194871815439e+18], "last_log_ret": [655433, 0.009503475307253317, 1341.4738008331603], "sortino_ratio": [655433, 6.495850656416179, 199331433109.49948], "rolling_pnl_sigma": [655433, 0.01524458983377414, 539.8393708644661], "portfolio_cash_ratio": [655433, 0.8872537450797656, 36596.13869519163], "free_collateral": [655433, 37747247.467093214, 4.8209181944150734e+20], "mm_reqs": [655433, 24905.05590862122, 1.3522072705215124e+16], "unrealized_pnl_0": [655433, 4.487622343216156, 334195456153.4132], "unrealized_pnl_1": [655433, -4.618301094948612, 1878653001001.7405], "unrealized_pnl_2": [655433, 40941.74772017986, 3.522380674411054e+16], "unrealized_pnl_3": [655433, 83858.08580447713, 3.587087072767984e+17], "unrealized_pnl_4": [655433, 151.81438008638165, 6734630486377.131], "unrealized_pnl_5": [655433, 5364.35479508646, 2151874606753205.5], "unrealized_pnl_6": [655433, 86.37882094470538, 6505249259187.955], "unrealized_pnl_7": [655433, 76.89111932342415, 1288670971933.5166], "unrealized_pnl_8": [655433, 72.39665959721275, 1056361589539.3525], "unrealized_pnl_9": [655433, 1450.4302012626958, 281796708314094.6], "margin_usage_ratio": [655433, 0.004223577848947367, 54.18620826594383]}, "pcr_min_ew": 0.9974562727742032, "pcr_max_ew": 0.9999999966815077}