{"r_count": 548199.0001000001, "r_mean": 0.004804137620133591, "r_var": 1515.2013568390519, "tanh_k": 2.0, "feature_welford": {"unrealized_pnl": [548201, 92871.25254620984, 1.8524462479793277e+17], "realized_pnl": [548201, 43967.64909773581, 1.4108509230094154e+17], "compounded_returns": [548201, 19286.582368779185, 114485920370575.23], "balance": [548201, 35504458.92437792, 3.7608116495402526e+20], "position_value": [548201, 222591.55324415554, 2.3648349999921456e+17], "current_position_size": [548201, 1112900.075302182, 5.912061504001441e+18], "last_log_ret": [548201, 0.009411591089472496, 1222.9784257475196], "sortino_ratio": [548201, 9.960733615371092, 388779015815.45374], "rolling_pnl_sigma": [548201, 0.015999368137065064, 495.92133622130046], "portfolio_cash_ratio": [548201, 0.8821039804957589, 32317.20509614479], "free_collateral": [548201, 35796219.54202291, 3.7226456335255044e+20], "mm_reqs": [548201, 23740.929472765103, 1.0414831984119574e+16], "unrealized_pnl_0": [548201, 4.6115781478282125, 287173468189.12994], "unrealized_pnl_1": [548201, -2.7373521578342106, 1578102505511.4644], "unrealized_pnl_2": [548201, 36819.03663254259, 2.3800985590733904e+16], "unrealized_pnl_3": [548201, 78439.39358369786, 2.7263342296649872e+17], "unrealized_pnl_4": [548201, 140.17592448533242, 5322218081703.672], "unrealized_pnl_5": [548201, 5093.664628659425, 1807411703817592.5], "unrealized_pnl_6": [548201, 82.95321428386967, 5132787476519.944], "unrealized_pnl_7": [548201, 62.60971412915031, 859293561540.0549], "unrealized_pnl_8": [548201, 69.35642847655376, 887830292304.8615], "unrealized_pnl_9": [548201, 1396.4907800950627, 206921094182222.7], "margin_usage_ratio": [548201, 0.004397651366835196, 47.29217474124728]}, "pcr_min_ew": 0.9974213407947621, "pcr_max_ew": 1.000000000000055}