{"r_count": 821864.0001000001, "r_mean": 0.005417495270212763, "r_var": 1817.4802218408718, "tanh_k": 2.0, "feature_welford": {"unrealized_pnl": [821866, 112704.02747586404, 3.7266329795968486e+17], "realized_pnl": [821866, 49105.088195656164, 2.684498038234093e+17], "compounded_returns": [821866, 21853.040442581092, 202833188001823.2], "balance": [821866, 39952741.71114052, 6.769713021240372e+20], "position_value": [821866, 242946.01965278923, 4.089608468473658e+17], "current_position_size": [821866, 1214676.3566353705, 1.0224000889162045e+19], "last_log_ret": [821866, 0.00960748901545009, 1523.4758727142814], "sortino_ratio": [821866, 7.111980626526294, 214161539676.5759], "rolling_pnl_sigma": [821866, 0.014409138191160789, 603.3245265035603], "portfolio_cash_ratio": [821866, 0.8927226923550482, 43041.53992965436], "free_collateral": [821866, 40282073.976426326, 6.692972855983137e+20], "mm_reqs": [821866, 26363.98976178274, 1.9078193604439724e+16], "unrealized_pnl_0": [821866, 4.809162644990823, 418436495858.76746], "unrealized_pnl_1": [821866, -0.16497001604189626, 1948414951634.5706], "unrealized_pnl_2": [821866, 46720.685500250955, 5.702432073758724e+16], "unrealized_pnl_3": [821866, 91321.40944886937, 5.3166638273974874e+17], "unrealized_pnl_4": [821866, 171.09086342679987, 8496231896467.132], "unrealized_pnl_5": [821866, 5994.059633032289, 2857599068378526.0], "unrealized_pnl_6": [821866, 103.96459039091559, 8033079700042.288], "unrealized_pnl_7": [821866, 87.72224347965407, 1976109535534.9214], "unrealized_pnl_8": [821866, 67.93621767899135, 1289693546285.8984], "unrealized_pnl_9": [821866, 1500.9862951650623, 393210836491006.75], "margin_usage_ratio": [821866, 0.004046020857659972, 65.03741392977963]}, "pcr_min_ew": 0.9997300332572724, "pcr_max_ew": 0.9999999991888185}