{"r_count": 694526.0001000001, "r_mean": 0.005135148961034662, "r_var": 1678.8680882634696, "tanh_k": 2.0, "feature_welford": {"unrealized_pnl": [694528, 102954.75737335492, 2.7414119220117875e+17], "realized_pnl": [694528, 46856.84895799441, 2.0549561704461357e+17], "compounded_returns": [694528, 20703.181271059424, 158073494429301.7], "balance": [694528, 37973882.14314409, 5.254707984517479e+20], "position_value": [694528, 233151.69425507722, 3.23967965401949e+17], "current_position_size": [694528, 1165702.5773283045, 8.099167714882472e+18], "last_log_ret": [694528, 0.009529541196399817, 1384.8378403349748], "sortino_ratio": [694528, 8.541841013097587, 426308256512.9675], "rolling_pnl_sigma": [694528, 0.015008690071399003, 555.2680417972684], "portfolio_cash_ratio": [694528, 0.8887796061430215, 38138.2218095614], "free_collateral": [694528, 38284914.49292391, 5.197225963632601e+20], "mm_reqs": [694528, 25111.329109287857, 1.4809978655377852e+16], "unrealized_pnl_0": [694528, 4.65009396121092, 328247280641.887], "unrealized_pnl_1": [694528, -3.920399317567614, 1938113895138.0312], "unrealized_pnl_2": [694528, 41877.06268175137, 3.857329074654745e+16], "unrealized_pnl_3": [694528, 85149.69223775718, 3.986291223383536e+17], "unrealized_pnl_4": [694528, 160.79179495209405, 6595997030022.468], "unrealized_pnl_5": [694528, 5445.835001505412, 2216651835182168.2], "unrealized_pnl_6": [694528, 92.885857492851, 7250414723069.048], "unrealized_pnl_7": [694528, 79.93277114861064, 1357541534528.968], "unrealized_pnl_8": [694528, 72.05873386599522, 1111405185726.269], "unrealized_pnl_9": [694528, 1483.2888482514636, 308973212613709.75], "margin_usage_ratio": [694528, 0.00417342786716159, 56.82990911067166]}, "pcr_min_ew": 0.9969618245426385, "pcr_max_ew": 0.9999999337928743}