{"r_count": 511338.0001, "r_mean": 0.0047126023423892565, "r_var": 1474.1952593865378, "tanh_k": 2.0, "feature_welford": {"unrealized_pnl": [511340, 90411.24429550848, 1.6813314865169315e+17], "realized_pnl": [511340, 43148.35705120669, 1.2720957468665768e+17], "compounded_returns": [511340, 18932.179937157078, 105280158693943.61], "balance": [511340, 34912682.18525468, 3.4464954641461445e+20], "position_value": [511340, 219576.653270719, 2.1669602687948397e+17], "current_position_size": [511340, 1097827.613284669, 5.417370863598053e+18], "last_log_ret": [511340, 0.00937645606864611, 1182.607936316312], "sortino_ratio": [511340, 6.894756410101374, 198798337799.64484], "rolling_pnl_sigma": [511340, 0.01632411472417962, 480.717630154523], "portfolio_cash_ratio": [511340, 0.8799582655582864, 30805.366157302466], "free_collateral": [511340, 35199301.05801459, 3.412776115630186e+20], "mm_reqs": [511340, 23410.52807861919, 9468056177715222.0], "unrealized_pnl_0": [511340, 5.646920166869204, 284845607601.7877], "unrealized_pnl_1": [511340, -5.463926594485342, 1427760080002.1606], "unrealized_pnl_2": [511340, 35366.06353982085, 2.071520531870382e+16], "unrealized_pnl_3": [511340, 77372.64394880345, 2.5058001146979885e+17], "unrealized_pnl_4": [511340, 140.0675113360833, 5236336896127.0625], "unrealized_pnl_5": [511340, 4926.75017972836, 1657500952115181.8], "unrealized_pnl_6": [511340, 76.94246767170195, 5081196948463.878], "unrealized_pnl_7": [511340, 58.710541135780446, 795937547343.6736], "unrealized_pnl_8": [511340, 65.98309091005235, 791778576053.705], "unrealized_pnl_9": [511340, 1366.0725321947946, 190868812015702.72], "margin_usage_ratio": [511340, 0.0044711950240509096, 44.85315088906421]}, "pcr_min_ew": 0.998056363245998, "pcr_max_ew": 1.0000000000000386}