{"r_count": 706813.0001000001, "r_mean": 0.005164127621184552, "r_var": 1691.852931746041, "tanh_k": 2.0, "feature_welford": {"unrealized_pnl": [706815, 104067.9274179744, 2.8136825980426912e+17], "realized_pnl": [706815, 47120.58400994575, 2.1007528821463574e+17], "compounded_returns": [706815, 20819.214693579393, 162006315975852.44], "balance": [706815, 38162735.40119869, 5.385228160917495e+20], "position_value": [706815, 234688.9183891488, 3.299705636992026e+17], "current_position_size": [706815, 1173393.5489581192, 8.249243419662812e+18], "last_log_ret": [706815, 0.009537123764197282, 1397.9167079194303], "sortino_ratio": [706815, 7.515849508719883, 212397746122.75336], "rolling_pnl_sigma": [706815, 0.014938606646786258, 559.5690841337964], "portfolio_cash_ratio": [706815, 0.8892360583070507, 38573.28017932882], "free_collateral": [706815, 38476461.20890181, 5.3256635851818644e+20], "mm_reqs": [706815, 25086.51017720936, 1.4868186203906516e+16], "unrealized_pnl_0": [706815, 4.157329399607583, 343444214936.2766], "unrealized_pnl_1": [706815, -0.7079751794062916, 1781656611944.9443], "unrealized_pnl_2": [706815, 43043.95670877592, 4.13453877735159e+16], "unrealized_pnl_3": [706815, 85318.89477704746, 4.070386080214666e+17], "unrealized_pnl_4": [706815, 155.36717561310115, 6803664838897.525], "unrealized_pnl_5": [706815, 5551.508907185796, 2404534564495192.0], "unrealized_pnl_6": [706815, 86.02465983731109, 6806529988977.041], "unrealized_pnl_7": [706815, 81.62258042122701, 1622579006747.5225], "unrealized_pnl_8": [706815, 71.92853535161342, 1122108600249.9375], "unrealized_pnl_9": [706815, 1475.810967055681, 312220856844728.25], "margin_usage_ratio": [706815, 0.004157482290499868, 57.523285618075924]}, "pcr_min_ew": 0.9982738856373852, "pcr_max_ew": 0.9999999951149918}