{"r_count": 979361.0001000001, "r_mean": 0.005764011095734708, "r_var": 1986.399162176879, "tanh_k": 2.0, "feature_welford": {"unrealized_pnl": [979363, 123990.9660372668, 5.1859382795017504e+17], "realized_pnl": [979363, 52158.954142975, 3.671252372285226e+17], "compounded_returns": [979363, 23317.817016286543, 272331251921880.9], "balance": [979363, 42505350.655078195, 9.11843034634039e+20], "position_value": [979363, 254023.95300704814, 5.321904476876589e+17], "current_position_size": [979363, 1270056.783704414, 1.3304742073196685e+19], "last_log_ret": [979363, 0.009691362858668597, 1693.9291259517793], "sortino_ratio": [979363, 6.06592257303469, 202010444875.02823], "rolling_pnl_sigma": [979363, 0.013885516481259096, 661.496462164601], "portfolio_cash_ratio": [979363, 0.8959234779961817, 49311.61445441734], "free_collateral": [979363, 42855095.33258618, 9.015207532590115e+20], "mm_reqs": [979363, 28303.392028949136, 2.6057573631665764e+16], "unrealized_pnl_0": [979363, 3.54553061086703, 409859793208.71765], "unrealized_pnl_1": [979363, -4.280927062501412, 2661642434713.95], "unrealized_pnl_2": [979363, 51089.42955352414, 8.486645622034376e+16], "unrealized_pnl_3": [979363, 100080.46404905425, 7.344966764853929e+17], "unrealized_pnl_4": [979363, 189.9038834356598, 8839950503949.785], "unrealized_pnl_5": [979363, 6567.593157834808, 3386388082980799.0], "unrealized_pnl_6": [979363, 129.78508532279653, 11322773927766.256], "unrealized_pnl_7": [979363, 89.78565410690854, 2211025621405.243], "unrealized_pnl_8": [979363, 65.89384317028667, 1431713087270.0276], "unrealized_pnl_9": [979363, 1553.6469833232454, 536237825400159.25], "margin_usage_ratio": [979363, 0.003946212424501366, 75.53479433551126]}, "pcr_min_ew": 0.993562062591529, "pcr_max_ew": 0.9999999982760179}