{"r_count": 501285.0001, "r_mean": 0.004689894953757193, "r_var": 1462.6813260122974, "tanh_k": 2.0, "feature_welford": {"unrealized_pnl": [501287, 89920.32951564329, 1.6327683228854464e+17], "realized_pnl": [501287, 43079.56473745339, 1.2379060692947778e+17], "compounded_returns": [501287, 18841.30857919671, 103122386669826.94], "balance": [501287, 34755749.178857096, 3.371722904149958e+20], "position_value": [501287, 218942.5419745564, 2.1217616209485747e+17], "current_position_size": [501287, 1094651.9432787742, 5.304373985356491e+18], "last_log_ret": [501287, 0.009366167994799073, 1171.389187623994], "sortino_ratio": [501287, 6.929600639223344, 198103002266.17145], "rolling_pnl_sigma": [501287, 0.016417408705425508, 476.32220927564697], "portfolio_cash_ratio": [501287, 0.879260758658488, 30383.1340851382], "free_collateral": [501287, 35041305.52080711, 3.339060467367931e+20], "mm_reqs": [501287, 23345.824164411915, 9271731183210122.0], "unrealized_pnl_0": [501287, 4.276372475096002, 301463932559.75433], "unrealized_pnl_1": [501287, -3.4849020401465953, 1380623965265.8774], "unrealized_pnl_2": [501287, 35072.91063025745, 2.0025517227742852e+16], "unrealized_pnl_3": [501287, 76943.14301300801, 2.4276491008722733e+17], "unrealized_pnl_4": [501287, 138.48781344914175, 5071888798221.645], "unrealized_pnl_5": [501287, 4932.270439937738, 1644421029711307.8], "unrealized_pnl_6": [501287, 81.52678273454919, 5106186799907.04], "unrealized_pnl_7": [501287, 57.2775008186921, 746554118023.6469], "unrealized_pnl_8": [501287, 65.25224350140311, 754869844247.986], "unrealized_pnl_9": [501287, 1371.5422321882202, 191292728183304.06], "margin_usage_ratio": [501287, 0.00449504655130608, 44.18385445535277]}, "pcr_min_ew": 0.9887126339326978, "pcr_max_ew": 0.999999999427682}