{"r_count": 730270.0001000001, "r_mean": 0.005221156240081205, "r_var": 1716.6666366480824, "tanh_k": 2.0, "feature_welford": {"unrealized_pnl": [730272, 105798.84633412905, 3.003948047545632e+17], "realized_pnl": [730272, 47770.53706248956, 2.255871904457119e+17], "compounded_returns": [730272, 21101.92049115218, 172004382836435.34], "balance": [730272, 38627197.130144015, 5.7082711126539705e+20], "position_value": [730272, 236334.09833848104, 3.4747277218534816e+17], "current_position_size": [730272, 1181607.6067052837, 8.686788066496941e+18], "last_log_ret": [730272, 0.009554633120251335, 1422.6450523672318], "sortino_ratio": [730272, 6.464187264870161, 201167048290.82526], "rolling_pnl_sigma": [730272, 0.01481001664680971, 568.5797424821112], "portfolio_cash_ratio": [730272, 0.8900209398658553, 39503.42316525125], "free_collateral": [730272, 38943999.663781896, 5.645785588551804e+20], "mm_reqs": [730272, 25376.480187582332, 1.5717935890882444e+16], "unrealized_pnl_0": [730272, 4.470754425601037, 343523538630.6443], "unrealized_pnl_1": [730272, -10.782011549002124, 2679749782623.2324], "unrealized_pnl_2": [730272, 43341.82779111287, 4.293376298666014e+16], "unrealized_pnl_3": [730272, 87118.18444952801, 4.382682623672234e+17], "unrealized_pnl_4": [730272, 159.88404264132507, 7222999292769.835], "unrealized_pnl_5": [730272, 5709.911153083367, 2406595243411218.5], "unrealized_pnl_6": [730272, 94.35635164342806, 7846972856626.277], "unrealized_pnl_7": [730272, 82.50255551072081, 1453340065975.979], "unrealized_pnl_8": [730272, 69.04738750288335, 1300564078954.3984], "unrealized_pnl_9": [730272, 1480.5963061438267, 344746835261154.75], "margin_usage_ratio": [730272, 0.004127653567878063, 58.92416013449327]}, "pcr_min_ew": 0.9995558811767333, "pcr_max_ew": 0.9999999900143263}