{"r_count": 554901.0001000001, "r_mean": 0.00480585692741132, "r_var": 1522.5392456294423, "tanh_k": 2.0, "feature_welford": {"unrealized_pnl": [554903, 93126.7304819203, 1.8676872096247418e+17], "realized_pnl": [554903, 43911.4729973832, 1.3988774748824304e+17], "compounded_returns": [554903, 19268.65064033945, 115202071632606.17], "balance": [554903, 35453073.449580245, 3.782118937330104e+20], "position_value": [554903, 223112.83982234678, 2.3979711381822934e+17], "current_position_size": [554903, 1115515.5973697284, 5.994900252221761e+18], "last_log_ret": [554903, 0.009413764883123081, 1230.141235350009], "sortino_ratio": [554903, 6.989745966359215, 199369402334.0472], "rolling_pnl_sigma": [554903, 0.015941901153499333, 498.47999209030314], "portfolio_cash_ratio": [554903, 0.8825691384376627, 32541.761965968795], "free_collateral": [554903, 35745616.03124665, 3.743627810288009e+20], "mm_reqs": [554903, 23732.404598951744, 1.0443614078344246e+16], "unrealized_pnl_0": [554903, 4.992172205397688, 307308831364.33936], "unrealized_pnl_1": [554903, -5.131274353468266, 1629081404031.3323], "unrealized_pnl_2": [554903, 37103.234260888654, 2.429534611732333e+16], "unrealized_pnl_3": [554903, 78206.63294480648, 2.7209023188459453e+17], "unrealized_pnl_4": [554903, 137.08943825129106, 5536854968299.373], "unrealized_pnl_5": [554903, 5090.81583681691, 1849202036906486.2], "unrealized_pnl_6": [554903, 80.64143240315182, 5419449000189.182], "unrealized_pnl_7": [554903, 67.9817383092619, 1037445128332.8776], "unrealized_pnl_8": [554903, 67.83173432731598, 890842800651.2009], "unrealized_pnl_9": [554903, 1378.047959141949, 211895382977336.78], "margin_usage_ratio": [554903, 0.004379267631787681, 47.59485983682705]}, "pcr_min_ew": 0.9948604879195064, "pcr_max_ew": 0.9999999985041266}