{"r_count": 556018.0001000001, "r_mean": 0.0048230460481833255, "r_var": 1523.9439511982628, "tanh_k": 2.0, "feature_welford": {"unrealized_pnl": [556020, 93469.2953948036, 1.8988350235193085e+17], "realized_pnl": [556020, 44090.60034417791, 1.4376355353327037e+17], "compounded_returns": [556020, 19367.75751846073, 116654868297619.61], "balance": [556020, 35643725.70093277, 3.83493535712856e+20], "position_value": [556020, 223170.96677463263, 2.4077972584695498e+17], "current_position_size": [556020, 1115797.9524626639, 6.01946733565949e+18], "last_log_ret": [556020, 0.009418945678998734, 1231.5992092457473], "sortino_ratio": [556020, 9.889193448739752, 388792406991.35455], "rolling_pnl_sigma": [556020, 0.015933690518235153, 499.17255052369774], "portfolio_cash_ratio": [556020, 0.8825409261814086, 32631.171194342838], "free_collateral": [556020, 35936604.979280874, 3.795828446519451e+20], "mm_reqs": [556020, 23805.26590636069, 1.0608856463064128e+16], "unrealized_pnl_0": [556020, 4.548155288797763, 287229914128.2048], "unrealized_pnl_1": [556020, -2.497360285388588, 1584417021478.1272], "unrealized_pnl_2": [556020, 37097.166633524546, 2.445933487247977e+16], "unrealized_pnl_3": [556020, 78828.95227997734, 2.7884791060796086e+17], "unrealized_pnl_4": [556020, 140.97328145338062, 5383532383122.687], "unrealized_pnl_5": [556020, 5107.3420637154295, 1830703603889289.5], "unrealized_pnl_6": [556020, 83.60271025769143, 5176023645720.563], "unrealized_pnl_7": [556020, 63.152432564022, 873988033294.2208], "unrealized_pnl_8": [556020, 69.74041676158275, 899116725499.1146], "unrealized_pnl_9": [556020, 1398.3767023244093, 210173210305776.38], "margin_usage_ratio": [556020, 0.004383155971841856, 47.805762372526914]}, "pcr_min_ew": 0.9937055415400642, "pcr_max_ew": 0.9999999999999384}