{"r_count": 537029.0001000001, "r_mean": 0.004779235267464614, "r_var": 1502.9366098616251, "tanh_k": 2.0, "feature_welford": {"unrealized_pnl": [537031, 92133.38937548888, 1.8030320871410483e+17], "realized_pnl": [537031, 43748.13499441049, 1.3664837793879738e+17], "compounded_returns": [537031, 19200.18066606147, 112045734703658.52], "balance": [537031, 35366797.59384815, 3.676111790567663e+20], "position_value": [537031, 221642.18962210126, 2.305701232821315e+17], "current_position_size": [537031, 1108149.379268517, 5.76422119214993e+18], "last_log_ret": [537031, 0.009402151635990758, 1210.9125804284113], "sortino_ratio": [537031, 6.851827972125502, 198862810469.77692], "rolling_pnl_sigma": [537031, 0.016095346948414815, 491.4758139519286], "portfolio_cash_ratio": [537031, 0.8815260686667439, 31846.802694570793], "free_collateral": [537031, 35657019.76677312, 3.639317837517078e+20], "mm_reqs": [537031, 23595.285805107153, 1.006745311900107e+16], "unrealized_pnl_0": [537031, 5.289811486450734, 315242620839.9708], "unrealized_pnl_1": [537031, -5.546877115719506, 1496474831470.599], "unrealized_pnl_2": [537031, 36540.16099427079, 2.3191375525304e+16], "unrealized_pnl_3": [537031, 78054.83999495982, 2.6595429555780672e+17], "unrealized_pnl_4": [537031, 139.29828382824005, 5793813505889.351], "unrealized_pnl_5": [537031, 5049.716900923708, 1782812622707554.2], "unrealized_pnl_6": [537031, 78.62896957413936, 5301368212910.22], "unrealized_pnl_7": [537031, 62.15486633625028, 863356974353.8474], "unrealized_pnl_8": [537031, 67.9971423121868, 835008332338.1381], "unrealized_pnl_9": [537031, 1377.967684212605, 205367551724842.0], "margin_usage_ratio": [537031, 0.004414938403563966, 46.483683029057374]}, "pcr_min_ew": 0.9987705714128572, "pcr_max_ew": 0.9999999983313689}