{"r_count": 900054.0001000001, "r_mean": 0.005596916528644898, "r_var": 1901.4251828897554, "tanh_k": 2.0, "feature_welford": {"unrealized_pnl": [900056, 119524.30607469022, 4.483559471745693e+17], "realized_pnl": [900056, 50922.86897219017, 3.17119288865256e+17], "compounded_returns": [900056, 22659.63938632631, 237895500302575.7], "balance": [900056, 41348489.26833364, 7.941484762295599e+20], "position_value": [900056, 249661.9345855065, 4.729265887218207e+17], "current_position_size": [900056, 1248256.7671870997, 1.1823136075185275e+19], "last_log_ret": [900056, 0.00965368689850961, 1607.897486469214], "sortino_ratio": [900056, 7.063646517613849, 294929293415.8007], "rolling_pnl_sigma": [900056, 0.014141731407260081, 632.5616852731061], "portfolio_cash_ratio": [900056, 0.8943842130252054, 46179.58980260341], "free_collateral": [900056, 41690168.28999323, 7.852407462812847e+20], "mm_reqs": [900056, 27553.507953575307, 2.2530928139725944e+16], "unrealized_pnl_0": [900056, 3.8278744868375463, 402994893534.3279], "unrealized_pnl_1": [900056, -4.1591770480123165, 2508372697545.6436], "unrealized_pnl_2": [900056, 49085.97174959378, 7.052151092300734e+16], "unrealized_pnl_3": [900056, 96694.29703392132, 6.279809238549011e+17], "unrealized_pnl_4": [900056, 184.06761414938487, 9019197370587.48], "unrealized_pnl_5": [900056, 6269.909186697318, 3094236340473060.0], "unrealized_pnl_6": [900056, 113.41218709000547, 8424334837152.536], "unrealized_pnl_7": [900056, 90.3276978666249, 2088100772284.2908], "unrealized_pnl_8": [900056, 66.64681994970503, 1342197538486.4155], "unrealized_pnl_9": [900056, 1536.230810908555, 458484021507962.25], "margin_usage_ratio": [900056, 0.003992337613705576, 70.15673982272871]}, "pcr_min_ew": 0.999696750629304, "pcr_max_ew": 1.0000000000000433}