{"r_count": 960372.0001000001, "r_mean": 0.005733744912625947, "r_var": 1967.1312594363064, "tanh_k": 2.0, "feature_welford": {"unrealized_pnl": [960374, 124248.54610666077, 5.109481503893957e+17], "realized_pnl": [960374, 52228.302276004986, 3.6100046940514266e+17], "compounded_returns": [960374, 23275.667251274932, 266353750672778.38], "balance": [960374, 42460956.03445023, 8.914904374463846e+20], "position_value": [960374, 253810.93178601193, 5.233055158813553e+17], "current_position_size": [960374, 1269011.5306454438, 1.308262774838563e+19], "last_log_ret": [960374, 0.009687762925116377, 1674.589229382417], "sortino_ratio": [960374, 5.955751960848752, 202039617287.8821], "rolling_pnl_sigma": [960374, 0.013953652151986825, 655.4537619320809], "portfolio_cash_ratio": [960374, 0.8955570990423807, 48552.0823344777], "free_collateral": [960374, 42810595.221325204, 8.814682547952897e+20], "mm_reqs": [960374, 28464.207080456683, 2.5666534855428624e+16], "unrealized_pnl_0": [960374, 3.921846640472849, 346772320132.017], "unrealized_pnl_1": [960374, -3.6433387655818494, 2352640039565.2847], "unrealized_pnl_2": [960374, 50714.89677181381, 8.07718691080741e+16], "unrealized_pnl_3": [960374, 100353.47378121546, 7.150634149701569e+17], "unrealized_pnl_4": [960374, 189.34926477948457, 10015935382545.291], "unrealized_pnl_5": [960374, 6509.801993964979, 3322358733115335.5], "unrealized_pnl_6": [960374, 125.1386169176233, 10573446693774.469], "unrealized_pnl_7": [960374, 90.57728760419396, 2309888768867.2334], "unrealized_pnl_8": [960374, 66.48140932781195, 1519415701842.5532], "unrealized_pnl_9": [960374, 1496.082352394802, 511356439744694.6], "margin_usage_ratio": [960374, 0.003958894838282651, 74.19439709796116]}, "pcr_min_ew": 0.9991333747812995, "pcr_max_ew": 0.99999999923686}