{"r_count": 488998.0001, "r_mean": 0.004637726762093779, "r_var": 1449.12534801759, "tanh_k": 2.0, "feature_welford": {"unrealized_pnl": [489000, 88520.10462235483, 1.5438389394095638e+17], "realized_pnl": [489000, 42565.95494902106, 1.1670482714457032e+17], "compounded_returns": [489000, 18594.12858865518, 97938779625852.22], "balance": [489000, 34325945.46400541, 3.199005183668172e+20], "position_value": [489000, 217598.0958048542, 2.036322559903883e+17], "current_position_size": [489000, 1087935.3350496294, 5.090777310691258e+18], "last_log_ret": [489000, 0.00934843609932639, 1157.9230057507732], "sortino_ratio": [489000, 6.952431631357546, 198059509995.2353], "rolling_pnl_sigma": [489000, 0.01653986557832938, 471.159321907764], "portfolio_cash_ratio": [489000, 0.8784650861859613, 29874.967612839235], "free_collateral": [489000, 34609010.19560996, 3.167908641294696e+20], "mm_reqs": [489000, 23093.56647550958, 8783303812601617.0], "unrealized_pnl_0": [489000, 6.1357379138666515, 284927819700.2704], "unrealized_pnl_1": [489000, -5.2977417490256276, 1550959760782.7688], "unrealized_pnl_2": [489000, 34544.41986274273, 1.8897100882346508e+16], "unrealized_pnl_3": [489000, 75502.37072770798, 2.2749118986281024e+17], "unrealized_pnl_4": [489000, 136.72236951037337, 5001388314024.863], "unrealized_pnl_5": [489000, 4969.51724332285, 1653641736824393.5], "unrealized_pnl_6": [489000, 79.43818171717439, 4922305722653.6045], "unrealized_pnl_7": [489000, 58.051466101446294, 829018421214.0608], "unrealized_pnl_8": [489000, 63.72082031218383, 742580476869.854], "unrealized_pnl_9": [489000, 1372.2488666043164, 177230366275807.72], "margin_usage_ratio": [489000, 0.004522800693652504, 43.392144431824185]}, "pcr_min_ew": 0.9975286344583342, "pcr_max_ew": 0.9999999948832282}