{"r_count": 677771.0001000001, "r_mean": 0.0050993403451260275, "r_var": 1659.137016275666, "tanh_k": 2.0, "feature_welford": {"unrealized_pnl": [677773, 101736.10741500395, 2.6082535670105574e+17], "realized_pnl": [677773, 46450.58050378151, 1.9612426866456902e+17], "compounded_returns": [677773, 20543.147754785816, 152556102773927.84], "balance": [677773, 37658351.18285268, 5.054584196724906e+20], "position_value": [677773, 232184.9352071075, 3.1163610562284365e+17], "current_position_size": [677773, 1160875.7513929447, 7.790881527131761e+18], "last_log_ret": [677773, 0.009516813894979713, 1365.2581496541404], "sortino_ratio": [677773, 10.553680738208984, 407723174490.896], "rolling_pnl_sigma": [677773, 0.015087495249823689, 547.9032801904306], "portfolio_cash_ratio": [677773, 0.8881042514072519, 37485.199331909935], "free_collateral": [677773, 37967485.06471791, 4.9993446475403795e+20], "mm_reqs": [677773, 24830.45388029987, 1.3952644783236488e+16], "unrealized_pnl_0": [677773, 4.600924504789451, 316424266576.1381], "unrealized_pnl_1": [677773, -4.147572184133517, 1857041552051.7964], "unrealized_pnl_2": [677773, 41633.46140124514, 3.7058373694580616e+16], "unrealized_pnl_3": [677773, 84134.62141939007, 3.8112749613175443e+17], "unrealized_pnl_4": [677773, 154.34871472448015, 6362704298292.713], "unrealized_pnl_5": [677773, 5451.429507329841, 2179016987234593.5], "unrealized_pnl_6": [677773, 88.41103923798548, 6728654801985.45], "unrealized_pnl_7": [677773, 78.96042625502488, 1326437156880.7708], "unrealized_pnl_8": [677773, 71.10927838522585, 1100651954191.3958], "unrealized_pnl_9": [677773, 1427.2643221589715, 280967200564392.7], "margin_usage_ratio": [677773, 0.004194162867902331, 55.718608633941805]}, "pcr_min_ew": 0.9996995508619205, "pcr_max_ew": 0.9999999614185912}