{"r_count": 637559.0001000001, "r_mean": 0.005012259255313129, "r_var": 1614.9681472926168, "tanh_k": 2.0, "feature_welford": {"unrealized_pnl": [637561, 99342.35142522116, 2.3750686384008368e+17], "realized_pnl": [637561, 45735.40227012201, 1.783119860299954e+17], "compounded_returns": [637561, 20180.00429033493, 140461056600585.5], "balance": [637561, 37044712.881591916, 4.647938939175872e+20], "position_value": [637561, 229712.51123663477, 2.888104465538655e+17], "current_position_size": [637561, 1148510.9304744285, 7.220238725544884e+18], "last_log_ret": [637561, 0.00948795956563742, 1321.461797644783], "sortino_ratio": [637561, 10.020298711775315, 394119946937.9334], "rolling_pnl_sigma": [637561, 0.015341966901736635, 532.2290182554489], "portfolio_cash_ratio": [637561, 0.8864674115012603, 35905.016577296476], "free_collateral": [637561, 37349198.26039301, 4.5983608666542034e+20], "mm_reqs": [637561, 24610.014372645448, 1.295740304499221e+16], "unrealized_pnl_0": [637561, 4.713854270573911, 313218737941.6311], "unrealized_pnl_1": [637561, -3.774907780659393, 1794313616826.1602], "unrealized_pnl_2": [637561, 40170.60255065072, 3.248684564890477e+16], "unrealized_pnl_3": [637561, 82604.08351912157, 3.46483414229496e+17], "unrealized_pnl_4": [637561, 150.0891005881375, 6091038514626.24], "unrealized_pnl_5": [637561, 5349.749270012829, 2066768997591347.2], "unrealized_pnl_6": [637561, 84.85218396545824, 6537826130122.06], "unrealized_pnl_7": [637561, 73.47992163914392, 1128396329594.6], "unrealized_pnl_8": [637561, 71.20752975061447, 1037541937762.6992], "unrealized_pnl_9": [637561, 1420.6229549620416, 252288962885781.3], "margin_usage_ratio": [637561, 0.004250985281788023, 53.14770260359099]}, "pcr_min_ew": 0.9996742603941455, "pcr_max_ew": 0.999999994317369}