{"r_count": 793939.0001000001, "r_mean": 0.005354156145884233, "r_var": 1786.1841946466077, "tanh_k": 2.0, "feature_welford": {"unrealized_pnl": [793941, 110930.98228542128, 3.499257924149584e+17], "realized_pnl": [793941, 48477.872586383965, 2.5075777807941632e+17], "compounded_returns": [793941, 21608.91390260028, 192519249577948.5], "balance": [793941, 39495720.670491114, 6.402151924329375e+20], "position_value": [793941, 241225.3560347154, 3.905395379342086e+17], "current_position_size": [793941, 1206085.319850878, 9.763470088144927e+18], "last_log_ret": [793941, 0.009591356881965928, 1491.970916602147], "sortino_ratio": [793941, 6.855554345028112, 205508958358.53503], "rolling_pnl_sigma": [793941, 0.014518159470184696, 592.6843388024694], "portfolio_cash_ratio": [793941, 0.8918738306341386, 42037.38493389817], "free_collateral": [793941, 39821738.89444668, 6.330525081318023e+20], "mm_reqs": [793941, 26165.33082555384, 1.8027559100602828e+16], "unrealized_pnl_0": [793941, 4.776143385922808, 372666918503.2043], "unrealized_pnl_1": [793941, -7.657872647122091, 2440359982435.4966], "unrealized_pnl_2": [793941, 45400.40796819998, 5.216504504254075e+16], "unrealized_pnl_3": [793941, 90889.42098508439, 5.029457210059954e+17], "unrealized_pnl_4": [793941, 172.21400820485871, 7791640900383.046], "unrealized_pnl_5": [793941, 5913.367125363279, 2808141263383434.5], "unrealized_pnl_6": [793941, 95.40598078320994, 8182511727985.681], "unrealized_pnl_7": [793941, 87.77823074313815, 1753521634630.163], "unrealized_pnl_8": [793941, 68.5756564157745, 1253538160169.1833], "unrealized_pnl_9": [793941, 1503.5010918887945, 373212424878264.8], "margin_usage_ratio": [793941, 0.0040742634120629825, 63.300033914138155]}, "pcr_min_ew": 0.9956173474874255, "pcr_max_ew": 0.9999999983723117}