{"r_count": 791705.0001000001, "r_mean": 0.005359854691574028, "r_var": 1784.3846783653667, "tanh_k": 2.0, "feature_welford": {"unrealized_pnl": [791707, 111235.70191324681, 3.510992580677413e+17], "realized_pnl": [791707, 48881.7120789249, 2.5318041263598912e+17], "compounded_returns": [791707, 21660.729752575695, 193627209447855.1], "balance": [791707, 39614620.65677692, 6.449230625435927e+20], "position_value": [791707, 241741.32056390174, 3.918986838037235e+17], "current_position_size": [791707, 1208655.8533231458, 9.797439272717371e+18], "last_log_ret": [791707, 0.009593186356841543, 1490.2932032716992], "sortino_ratio": [791707, 6.981499816380146, 282917985111.668], "rolling_pnl_sigma": [791707, 0.014545334175732153, 592.2913562087441], "portfolio_cash_ratio": [791707, 0.8918402630202028, 41927.41634197233], "free_collateral": [791707, 39941383.4104347, 6.377681527951924e+20], "mm_reqs": [791707, 26255.82577885154, 1.8077078659996212e+16], "unrealized_pnl_0": [791707, 4.056759737343211, 389342836650.5312], "unrealized_pnl_1": [791707, -6.605586678723034, 2115425425832.3804], "unrealized_pnl_2": [791707, 45714.198246893226, 5.337797570078917e+16], "unrealized_pnl_3": [791707, 90640.35450238883, 4.955265629189803e+17], "unrealized_pnl_4": [791707, 170.7484493324431, 7894388580212.685], "unrealized_pnl_5": [791707, 5838.431397600896, 2633959122526239.0], "unrealized_pnl_6": [791707, 101.64893591150063, 7745300780728.781], "unrealized_pnl_7": [791707, 87.16088650933808, 1795068331882.2793], "unrealized_pnl_8": [791707, 69.63281188869021, 1214700319270.615], "unrealized_pnl_9": [791707, 1514.4997055833842, 381116252779418.56], "margin_usage_ratio": [791707, 0.004073591096819462, 63.06875590935137]}, "pcr_min_ew": 0.9987231213655111, "pcr_max_ew": 0.9999999988847856}