{"r_count": 739206.0001000001, "r_mean": 0.005247395365229673, "r_var": 1727.2109601331545, "tanh_k": 2.0, "feature_welford": {"unrealized_pnl": [739208, 106997.25316623216, 3.0845533639831046e+17], "realized_pnl": [739208, 47804.16887227514, 2.2639726437751472e+17], "compounded_returns": [739208, 21167.172984792818, 173949201164827.88], "balance": [739208, 38761510.4878351, 5.784276397839902e+20], "position_value": [739208, 237678.86434786988, 3.549355467410366e+17], "current_position_size": [739208, 1188348.9957892452, 8.873361851977315e+18], "last_log_ret": [739208, 0.009560816748046957, 1433.2049333640214], "sortino_ratio": [739208, 7.153998203425049, 208855156986.45932], "rolling_pnl_sigma": [739208, 0.014771077776452491, 572.3064034601161], "portfolio_cash_ratio": [739208, 0.8903198217434339, 39853.807887254414], "free_collateral": [739208, 39080693.405842386, 5.7200794713935793e+20], "mm_reqs": [739208, 25539.69974254076, 1.5985137076331038e+16], "unrealized_pnl_0": [739208, 4.685545478711009, 330531997602.5152], "unrealized_pnl_1": [739208, -1.8216307731360886, 1919689411455.9194], "unrealized_pnl_2": [739208, 43827.68238643632, 4.52375561902526e+16], "unrealized_pnl_3": [739208, 87805.26980150494, 4.431995206564028e+17], "unrealized_pnl_4": [739208, 162.95523053043718, 6666705775048.703], "unrealized_pnl_5": [739208, 5785.706389778985, 2584641662937205.0], "unrealized_pnl_6": [739208, 100.04232806967033, 8412703360227.085], "unrealized_pnl_7": [739208, 83.3094309047848, 1594403843561.1433], "unrealized_pnl_8": [739208, 73.59294480194175, 1236657759254.9863], "unrealized_pnl_9": [739208, 1513.083334121269, 342456852542407.5], "margin_usage_ratio": [739208, 0.004123451661103222, 59.692038509282966]}, "pcr_min_ew": 0.9997179021655163, "pcr_max_ew": 0.9999999886179682}