{"r_count": 649846.0001000001, "r_mean": 0.005056512331058453, "r_var": 1629.4543556080448, "tanh_k": 2.0, "feature_welford": {"unrealized_pnl": [649848, 101618.11241469864, 2.5327316549975898e+17], "realized_pnl": [649848, 46466.4725031935, 1.8823529262446003e+17], "compounded_returns": [649848, 20477.470860786463, 148159346133447.72], "balance": [649848, 37609009.58513436, 4.916695093019818e+20], "position_value": [649848, 231746.79110994047, 3.019735996895833e+17], "current_position_size": [649848, 1158687.6755758554, 7.549315882395045e+18], "last_log_ret": [649848, 0.009504652261428492, 1335.9978200891335], "sortino_ratio": [649848, 6.987135046768776, 200817086599.45172], "rolling_pnl_sigma": [649848, 0.015277243062353375, 537.926309002871], "portfolio_cash_ratio": [649848, 0.8869696538202517, 36391.944404855414], "free_collateral": [649848, 37917341.71494369, 4.865287026422986e+20], "mm_reqs": [649848, 25072.106574910475, 1.369485846651016e+16], "unrealized_pnl_0": [649848, 4.280473700093903, 290845467487.4436], "unrealized_pnl_1": [649848, -4.083613969415339, 1625428148918.423], "unrealized_pnl_2": [649848, 40673.01735253411, 3.404577633692432e+16], "unrealized_pnl_3": [649848, 84388.48619324494, 3.6353850069663974e+17], "unrealized_pnl_4": [649848, 154.41543732660568, 7165728764235.81], "unrealized_pnl_5": [649848, 5422.404286127243, 2189470304574877.8], "unrealized_pnl_6": [649848, 91.2526661817594, 6650915706169.043], "unrealized_pnl_7": [649848, 73.93508484985065, 1206331629328.3892], "unrealized_pnl_8": [649848, 72.30343212995777, 1096404803418.227], "unrealized_pnl_9": [649848, 1418.0194812635368, 278238260600286.78], "margin_usage_ratio": [649848, 0.00423791747739815, 53.96520369552018]}, "pcr_min_ew": 0.9996579376548111, "pcr_max_ew": 0.9999999999999669}