{"r_count": 837502.0001000001, "r_mean": 0.0054548000358228274, "r_var": 1832.8393710950504, "tanh_k": 2.0, "feature_welford": {"unrealized_pnl": [837504, 113798.71211127358, 3.853902678449709e+17], "realized_pnl": [837504, 49543.081303503706, 2.7591230434756458e+17], "compounded_returns": [837504, 22051.371627168148, 210854484343524.66], "balance": [837504, 40256261.7450355, 7.014933819597868e+20], "position_value": [837504, 244257.9729396822, 4.220929845354026e+17], "current_position_size": [837504, 1221231.3084703777, 1.0552294933960954e+19], "last_log_ret": [837504, 0.009617741609006466, 1538.9196352192823], "sortino_ratio": [837504, 6.321923940575767, 204354382182.64618], "rolling_pnl_sigma": [837504, 0.014338137840038966, 608.6494321757388], "portfolio_cash_ratio": [837504, 0.8930870784857328, 43673.31747260318], "free_collateral": [837504, 40587778.22912852, 6.936249611059057e+20], "mm_reqs": [837504, 26576.820175397308, 1.972050638356697e+16], "unrealized_pnl_0": [837504, 4.844826628659836, 372345567163.8576], "unrealized_pnl_1": [837504, -10.225654494423145, 3043471193389.205], "unrealized_pnl_2": [837504, 46877.05113395615, 5.858934257751989e+16], "unrealized_pnl_3": [837504, 92575.51293980556, 5.5086591228527974e+17], "unrealized_pnl_4": [837504, 174.50594521715828, 8186840269057.392], "unrealized_pnl_5": [837504, 6136.802968256051, 2808078506489746.0], "unrealized_pnl_6": [837504, 106.2490076795485, 9101966679707.16], "unrealized_pnl_7": [837504, 88.06082577119616, 1798328081575.2783], "unrealized_pnl_8": [837504, 66.33502918773885, 1402787779358.8625], "unrealized_pnl_9": [837504, 1525.2348914418228, 432478729528535.06], "margin_usage_ratio": [837504, 0.004028175425327346, 65.83522691580217]}, "pcr_min_ew": 0.9983680034656995, "pcr_max_ew": 0.9999999974205153}