{"r_count": 681122.0001000001, "r_mean": 0.00511331315986206, "r_var": 1663.51562843368, "tanh_k": 2.0, "feature_welford": {"unrealized_pnl": [681124, 102884.24721042668, 2.668182391619226e+17], "realized_pnl": [681124, 46803.4031745639, 1.972122226229047e+17], "compounded_returns": [681124, 20627.36976558684, 154849412332136.03], "balance": [681124, 37832773.93449906, 5.138812526471886e+20], "position_value": [681124, 233456.70536424223, 3.1725715158018925e+17], "current_position_size": [681124, 1167229.8044402632, 7.931402100349792e+18], "last_log_ret": [681124, 0.009521548522115059, 1369.7065864297374], "sortino_ratio": [681124, 6.358763601738458, 199366277689.7262], "rolling_pnl_sigma": [681124, 0.015093462835993512, 549.9460570008383], "portfolio_cash_ratio": [681124, 0.8882653660417611, 37601.944626034965], "free_collateral": [681124, 38144053.08606045, 5.0835456682975894e+20], "mm_reqs": [681124, 25106.337709416075, 1.426753341550879e+16], "unrealized_pnl_0": [681124, 4.349047997080447, 345307134361.1951], "unrealized_pnl_1": [681124, -5.472556144270853, 1952329097784.2532], "unrealized_pnl_2": [681124, 41817.24852946988, 3.815644707245518e+16], "unrealized_pnl_3": [681124, 84814.0129339487, 3.8033388369292576e+17], "unrealized_pnl_4": [681124, 155.75659311047124, 6944889134045.956], "unrealized_pnl_5": [681124, 5422.141024418099, 2212221465533754.8], "unrealized_pnl_6": [681124, 87.8901963099352, 6656128518373.591], "unrealized_pnl_7": [681124, 79.45156525295164, 1378725322017.7493], "unrealized_pnl_8": [681124, 72.01387341280825, 1097297139996.9323], "unrealized_pnl_9": [681124, 1464.7491479948285, 299166120307692.06], "margin_usage_ratio": [681124, 0.004189817367898581, 55.86827959076217]}, "pcr_min_ew": 0.9991448328548105, "pcr_max_ew": 0.9999999999999762}