{"r_count": 948085.0001000001, "r_mean": 0.005687151934774934, "r_var": 1952.833303759306, "tanh_k": 2.0, "feature_welford": {"unrealized_pnl": [948087, 121632.82681926632, 4.812539484316673e+17], "realized_pnl": [948087, 51473.18677484335, 3.450122773685758e+17], "compounded_returns": [948087, 22957.986075976707, 254847095929614.78], "balance": [948087, 41854938.48081343, 8.51671788124907e+20], "position_value": [948087, 251485.17492422322, 5.023411525638169e+17], "current_position_size": [948087, 1257379.3770444742, 1.2558517621630851e+19], "last_log_ret": [948087, 0.009673490817364828, 1659.6474629145132], "sortino_ratio": [948087, 9.456432734731163, 429529656740.04456], "rolling_pnl_sigma": [948087, 0.01396944404502932, 649.7176627766074], "portfolio_cash_ratio": [948087, 0.8953469822721196, 48094.78835685133], "free_collateral": [948087, 42200211.78162825, 8.419465808485654e+20], "mm_reqs": [948087, 27890.22575492102, 2.428977893172587e+16], "unrealized_pnl_0": [948087, 3.5567936117226124, 434818091240.9059], "unrealized_pnl_1": [948087, -4.148186611526599, 2361351046069.8706], "unrealized_pnl_2": [948087, 50378.841433410205, 7.910631985916898e+16], "unrealized_pnl_3": [948087, 98213.00601184923, 6.84623694710756e+17], "unrealized_pnl_4": [948087, 187.38682868626185, 9716936153269.268], "unrealized_pnl_5": [948087, 6356.012407537599, 3079719075074098.0], "unrealized_pnl_6": [948087, 122.18944459740275, 9662790299868.426], "unrealized_pnl_7": [948087, 90.75050091457007, 2227127554218.4307], "unrealized_pnl_8": [948087, 68.08963623231917, 1489690668509.629], "unrealized_pnl_9": [948087, 1515.3239452722926, 495092222573356.94], "margin_usage_ratio": [948087, 0.003962950868833041, 73.45862786972319]}, "pcr_min_ew": 0.9969421269434171, "pcr_max_ew": 1.000000000000077}