{"r_count": 903405.0001000001, "r_mean": 0.005618324302327573, "r_var": 1905.4270554479076, "tanh_k": 2.0, "feature_welford": {"unrealized_pnl": [903407, 120330.4917238839, 4.607283232169407e+17], "realized_pnl": [903407, 50781.2676484696, 3.207022494651693e+17], "compounded_returns": [903407, 22781.948840299174, 242442461254778.66], "balance": [903407, 41588699.358256355, 8.103687020278103e+20], "position_value": [903407, 249600.90237514957, 4.760402459471103e+17], "current_position_size": [903407, 1247960.391598316, 1.1900998216631874e+19], "last_log_ret": [903407, 0.009658868246634802, 1612.2338612101914], "sortino_ratio": [903407, 7.940422431759042, 279803753620.7016], "rolling_pnl_sigma": [903407, 0.014125903946376306, 634.2409998809966], "portfolio_cash_ratio": [903407, 0.8944953117803188, 46287.667577993925], "free_collateral": [903407, 41930915.17487251, 8.013637980424364e+20], "mm_reqs": [903407, 27768.14958288984, 2.3172143641799464e+16], "unrealized_pnl_0": [903407, 4.938586581768662, 384359510321.0371], "unrealized_pnl_1": [903407, -3.874072456082162, 2375817460902.4756], "unrealized_pnl_2": [903407, 48924.09746534999, 7.0524079848860424e+16], "unrealized_pnl_3": [903407, 98294.09907828143, 6.586382676492655e+17], "unrealized_pnl_4": [903407, 177.25727084535944, 8057813769473.084], "unrealized_pnl_5": [903407, 6147.005055833632, 2929941635052599.5], "unrealized_pnl_6": [903407, 121.95808249629688, 9578859093890.238], "unrealized_pnl_7": [903407, 92.15680148274863, 2124570023434.4717], "unrealized_pnl_8": [903407, 66.49507953316939, 1383568538464.0505], "unrealized_pnl_9": [903407, 1520.8874789025847, 465052533221988.25], "margin_usage_ratio": [903407, 0.00399210710143793, 70.47728754210273]}, "pcr_min_ew": 0.9964984853433617, "pcr_max_ew": 0.9999999971056521}