{"r_count": 528093.0001000001, "r_mean": 0.0047678230260221575, "r_var": 1492.6908914294056, "tanh_k": 2.0, "feature_welford": {"unrealized_pnl": [528095, 92090.63227780689, 1.7782941590686925e+17], "realized_pnl": [528095, 43788.82783654488, 1.3408736735527216e+17], "compounded_returns": [528095, 19174.696965910774, 111048352324585.48], "balance": [528095, 35329446.02290248, 3.6412408186840705e+20], "position_value": [528095, 221586.75045478283, 2.27838679879115e+17], "current_position_size": [528095, 1107866.3116191553, 5.695935811696644e+18], "last_log_ret": [528095, 0.009395776302058066, 1200.9738576748125], "sortino_ratio": [528095, 6.851760428376215, 198193716715.18762], "rolling_pnl_sigma": [528095, 0.01616961005628712, 487.4986541320642], "portfolio_cash_ratio": [528095, 0.8809676104552209, 31466.885994494063], "free_collateral": [528095, 35619477.049872264, 3.605488313201554e+20], "mm_reqs": [528095, 23687.109507282785, 1.0018306302769438e+16], "unrealized_pnl_0": [528095, 4.037866606978672, 303492419291.04443], "unrealized_pnl_1": [528095, -3.5092068016332947, 1487800358133.5896], "unrealized_pnl_2": [528095, 36050.13061307997, 2.2096398687298056e+16], "unrealized_pnl_3": [528095, 78505.58114810177, 2.635823428493351e+17], "unrealized_pnl_4": [528095, 141.8417994418403, 5281201213630.437], "unrealized_pnl_5": [528095, 5044.871816167244, 1762542189511982.5], "unrealized_pnl_6": [528095, 81.35080409812144, 5258349269977.1045], "unrealized_pnl_7": [528095, 60.66908888562592, 804498312599.976], "unrealized_pnl_8": [528095, 66.32166165519997, 801660164103.4783], "unrealized_pnl_9": [528095, 1395.9567483064586, 207199531406271.47], "margin_usage_ratio": [528095, 0.004437533638640975, 45.939737404352734]}, "pcr_min_ew": 0.9992212542752321, "pcr_max_ew": 0.9999999989750527}