{"r_count": 822981.0001000001, "r_mean": 0.005426007383925187, "r_var": 1818.2885987496677, "tanh_k": 2.0, "feature_welford": {"unrealized_pnl": [822983, 113448.47413745365, 3.761615300140917e+17], "realized_pnl": [822983, 49400.82651963408, 2.696670611038772e+17], "compounded_returns": [822983, 21943.066598275025, 205434491665599.4], "balance": [822983, 40100155.823257565, 6.84545998396726e+20], "position_value": [822983, 244043.90796110235, 4.142359821529236e+17], "current_position_size": [822983, 1220165.6274290492, 1.035587082173156e+19], "last_log_ret": [822983, 0.009611202898069148, 1524.223796645779], "sortino_ratio": [822983, 6.915021987463228, 283014179281.50665], "rolling_pnl_sigma": [822983, 0.01441746130716495, 603.9603835302382], "portfolio_cash_ratio": [822983, 0.8926668614349323, 43146.24503178149], "free_collateral": [822983, 40431112.23123121, 6.769051705075874e+20], "mm_reqs": [822983, 26578.768472381482, 1.921069750199714e+16], "unrealized_pnl_0": [822983, 3.947751291795703, 391524500745.6925], "unrealized_pnl_1": [822983, -5.660766376325076, 2171514817151.1365], "unrealized_pnl_2": [822983, 46625.41454588005, 5.749738520533843e+16], "unrealized_pnl_3": [822983, 92269.3499419553, 5.3138675749796224e+17], "unrealized_pnl_4": [822983, 174.61079474258554, 8157754593135.685], "unrealized_pnl_5": [822983, 5975.194462581255, 2768056035881074.5], "unrealized_pnl_6": [822983, 105.57049296935986, 7997006748834.029], "unrealized_pnl_7": [822983, 88.38018604800473, 1874128281477.523], "unrealized_pnl_8": [822983, 68.78596904974428, 1269747506107.8887], "unrealized_pnl_9": [822983, 1534.567676600415, 407335896074351.56], "margin_usage_ratio": [822983, 0.004046682275951438, 65.089941403934]}, "pcr_min_ew": 0.9997334806692852, "pcr_max_ew": 0.9999999999999687}