{"r_count": 933564.0001000001, "r_mean": 0.005657690837125509, "r_var": 1937.9751984466395, "tanh_k": 2.0, "feature_welford": {"unrealized_pnl": [933566, 121269.65515131663, 4.752471446694385e+17], "realized_pnl": [933566, 51229.84811798552, 3.3413309675078886e+17], "compounded_returns": [933566, 22895.252898377963, 251132510489731.7], "balance": [933566, 41767280.750960864, 8.397118824996771e+20], "position_value": [933566, 251264.87080871317, 4.9667592289752966e+17], "current_position_size": [933566, 1256280.2824514764, 1.2416878498164775e+19], "last_log_ret": [933566, 0.009668393415772495, 1644.6907838956388], "sortino_ratio": [933566, 7.3495779245596315, 300193139302.22424], "rolling_pnl_sigma": [933566, 0.014023014298257525, 645.008379084234], "portfolio_cash_ratio": [933566, 0.8951577051794966, 47466.06691647062], "free_collateral": [933566, 42111916.52825294, 8.302414909178159e+20], "mm_reqs": [933566, 27935.274726470943, 2.409815824975178e+16], "unrealized_pnl_0": [933566, 4.330460351599564, 413590820618.0789], "unrealized_pnl_1": [933566, -2.679342909087087, 2386996905039.634], "unrealized_pnl_2": [933566, 49958.98598946714, 7.622387630848042e+16], "unrealized_pnl_3": [933566, 97944.41461443774, 6.715521676378513e+17], "unrealized_pnl_4": [933566, 182.46986289480094, 9239813325232.027], "unrealized_pnl_5": [933566, 6323.543272502668, 3138386532638854.5], "unrealized_pnl_6": [933566, 121.7827650405558, 9162938698438.4], "unrealized_pnl_7": [933566, 95.73359857757607, 2329052380609.9834], "unrealized_pnl_8": [933566, 65.45522612163772, 1394202131080.9438], "unrealized_pnl_9": [933566, 1564.4826812146696, 511704577868802.94], "margin_usage_ratio": [933566, 0.003971740198288389, 72.49501930767053]}, "pcr_min_ew": 0.9976171005355723, "pcr_max_ew": 0.9999999957060711}