{"r_count": 954787.0001000001, "r_mean": 0.0057227458699369875, "r_var": 1961.0489968528952, "tanh_k": 2.0, "feature_welford": {"unrealized_pnl": [954789, 123881.31231508186, 5.0533932670619014e+17], "realized_pnl": [954789, 52130.46247808249, 3.5691390046329446e+17], "compounded_returns": [954789, 23230.9376738254, 263967599120668.16], "balance": [954789, 42380558.076041885, 8.832456811364821e+20], "position_value": [954789, 253521.73515520897, 5.190524860146667e+17], "current_position_size": [954789, 1267565.295423502, 1.2976301881418297e+19], "last_log_ret": [954789, 0.00968518001506478, 1668.442289213933], "sortino_ratio": [954789, 5.978699892002809, 202039109630.83786], "rolling_pnl_sigma": [954789, 0.013969865409600586, 653.3670488478683], "portfolio_cash_ratio": [954789, 0.8954599150879823, 48327.62751359255], "free_collateral": [954789, 42729586.80379451, 8.733328977403163e+20], "mm_reqs": [954789, 28419.455031211608, 2.5424706394502588e+16], "unrealized_pnl_0": [954789, 3.937398980772809, 346759972852.7173], "unrealized_pnl_1": [954789, -3.6406125785532493, 2351234819531.5054], "unrealized_pnl_2": [954789, 50498.53133257387, 7.936337594244352e+16], "unrealized_pnl_3": [954789, 100119.11645380202, 7.070991545271901e+17], "unrealized_pnl_4": [954789, 188.53878286656337, 9932899000665.9], "unrealized_pnl_5": [954789, 6494.877426750913, 3304944322772221.0], "unrealized_pnl_6": [954789, 124.83061775062701, 10551791411663.645], "unrealized_pnl_7": [954789, 90.45347326736687, 2294889708151.8457], "unrealized_pnl_8": [954789, 66.68203357736266, 1518076736475.507], "unrealized_pnl_9": [954789, 1493.0769636883497, 504324483958968.3], "margin_usage_ratio": [954789, 0.003962063234127505, 73.81574649021658]}, "pcr_min_ew": 0.9996715125328048, "pcr_max_ew": 0.9999999999999546}