{"r_count": 634208.0001000001, "r_mean": 0.0050195555163379596, "r_var": 1611.3466126561673, "tanh_k": 2.0, "feature_welford": {"unrealized_pnl": [634210, 99619.27409678546, 2.378303760152653e+17], "realized_pnl": [634210, 45878.731006986214, 1.748977275205574e+17], "compounded_returns": [634210, 20193.882477869392, 140163467346656.03], "balance": [634210, 37078384.8891115, 4.6340285328741034e+20], "position_value": [634210, 230071.69715140818, 2.885725174086094e+17], "current_position_size": [634210, 1150305.6653807946, 7.214283555597787e+18], "last_log_ret": [634210, 0.00948770135094007, 1318.0939517375525], "sortino_ratio": [634210, 7.322043310507053, 207091550725.8187], "rolling_pnl_sigma": [634210, 0.015368302456979387, 531.2917439472338], "portfolio_cash_ratio": [634210, 0.886353532733463, 35751.33749091017], "free_collateral": [634210, 37383474.93956336, 4.5850025325359156e+20], "mm_reqs": [634210, 24637.24941021368, 1.2822922664991206e+16], "unrealized_pnl_0": [634210, 5.223574575698339, 305613810833.00824], "unrealized_pnl_1": [634210, -2.7592004195149804, 1807145204188.4146], "unrealized_pnl_2": [634210, 39869.56169565976, 3.1969561535453732e+16], "unrealized_pnl_3": [634210, 83341.43608351635, 3.452306207521402e+17], "unrealized_pnl_4": [634210, 145.47309073888437, 5782466411821.669], "unrealized_pnl_5": [634210, 5402.779346613227, 2151565150482115.8], "unrealized_pnl_6": [634210, 91.9424674190347, 7832827052240.975], "unrealized_pnl_7": [634210, 73.35187775805223, 1180499047156.0044], "unrealized_pnl_8": [634210, 72.87985034826589, 1027707837555.4446], "unrealized_pnl_9": [634210, 1435.4043401179401, 266151153856364.06], "margin_usage_ratio": [634210, 0.004256167197205612, 52.880727863898166]}, "pcr_min_ew": 0.9977090650945637, "pcr_max_ew": 1.000000000000071}