{"r_count": 705696.0001000001, "r_mean": 0.005165033071407816, "r_var": 1690.0628763537698, "tanh_k": 2.0, "feature_welford": {"unrealized_pnl": [705698, 104604.96615703324, 2.854865741046257e+17], "realized_pnl": [705698, 46960.16801123039, 2.091744090975486e+17], "compounded_returns": [705698, 20844.405274853056, 162742601418267.22], "balance": [705698, 38189483.68401381, 5.399221515661051e+20], "position_value": [705698, 235064.28888147496, 3.321385184430914e+17], "current_position_size": [705698, 1175275.9471757512, 8.303441317750133e+18], "last_log_ret": [705698, 0.009537463626222119, 1396.131506558179], "sortino_ratio": [705698, 6.562497098309749, 199928029649.46497], "rolling_pnl_sigma": [705698, 0.01494524939339609, 559.3166316894017], "portfolio_cash_ratio": [705698, 0.8890936531160487, 38600.391210262744], "free_collateral": [705698, 38503870.67899272, 5.340537997690276e+20], "mm_reqs": [705698, 25304.711254141122, 1.5060112004206332e+16], "unrealized_pnl_0": [705698, 4.830624401065792, 325779658935.76855], "unrealized_pnl_1": [705698, -7.650137075965221, 2288214707221.187], "unrealized_pnl_2": [705698, 42380.482024594006, 3.994092154051495e+16], "unrealized_pnl_3": [705698, 86820.05337860288, 4.175323560877256e+17], "unrealized_pnl_4": [705698, 160.28872510780278, 6796495839730.639], "unrealized_pnl_5": [705698, 5602.778050782854, 2491332426855463.0], "unrealized_pnl_6": [705698, 89.38511783749925, 6940801385031.163], "unrealized_pnl_7": [705698, 81.5446392294639, 1428796577532.5237], "unrealized_pnl_8": [705698, 71.21026862270516, 1143612813810.805], "unrealized_pnl_9": [705698, 1474.5578248222705, 309728869826839.6], "margin_usage_ratio": [705698, 0.004164988942459141, 57.57421612231752]}, "pcr_min_ew": 0.9968895751863025, "pcr_max_ew": 0.999999985156206}