{"r_count": 640910.0001000001, "r_mean": 0.005017355712260203, "r_var": 1618.6699362670458, "tanh_k": 2.0, "feature_welford": {"unrealized_pnl": [640912, 99209.99905144714, 2.3894770151041197e+17], "realized_pnl": [640912, 45876.00281556158, 1.7857710746968035e+17], "compounded_returns": [640912, 20234.457585768305, 142119112203277.28], "balance": [640912, 37141568.971085034, 4.703007815051627e+20], "position_value": [640912, 229553.04210940254, 2.916841383872364e+17], "current_position_size": [640912, 1147705.2646292672, 7.292077586298277e+18], "last_log_ret": [640912, 0.009491245525880949, 1325.1184750994892], "sortino_ratio": [640912, 6.8084257654092895, 199291712303.48892], "rolling_pnl_sigma": [640912, 0.015316365677895464, 533.5000525961349], "portfolio_cash_ratio": [640912, 0.8867013132897159, 36013.67792026258], "free_collateral": [640912, 37445779.34395163, 4.653192760903336e+20], "mm_reqs": [640912, 24591.16885980016, 1.30156143436894e+16], "unrealized_pnl_0": [640912, 4.196469613949581, 330124063999.269], "unrealized_pnl_1": [640912, -4.636329577906527, 1698172037852.683], "unrealized_pnl_2": [640912, 40026.536102613136, 3.267389771883179e+16], "unrealized_pnl_3": [640912, 82753.9110308423, 3.4872093592633485e+17], "unrealized_pnl_4": [640912, 148.39355828248011, 5808715124723.577], "unrealized_pnl_5": [640912, 5302.350401364419, 2055468045036268.2], "unrealized_pnl_6": [640912, 92.4619395992072, 7730326244612.82], "unrealized_pnl_7": [640912, 73.97317203497626, 1122052369973.2434], "unrealized_pnl_8": [640912, 71.41946120474742, 993854541535.7325], "unrealized_pnl_9": [640912, 1454.9952595763327, 272061227228898.12], "margin_usage_ratio": [640912, 0.004243384071193094, 53.331345415049704]}, "pcr_min_ew": 0.999678680698307, "pcr_max_ew": 0.9999999999999829}