{"r_count": 827449.0001000001, "r_mean": 0.005436387352253463, "r_var": 1823.167593874229, "tanh_k": 2.0, "feature_welford": {"unrealized_pnl": [827451, 113766.49908156128, 3.801106526967173e+17], "realized_pnl": [827451, 49511.05074978564, 2.7296797997051907e+17], "compounded_returns": [827451, 21991.062761120593, 207419370545577.1], "balance": [827451, 40185548.048275344, 6.91314602405112e+20], "position_value": [827451, 244356.17720283318, 4.1747470333498906e+17], "current_position_size": [827451, 1221727.2647485114, 1.0436838989848142e+19], "last_log_ret": [827451, 0.009613985904827434, 1529.1254560068053], "sortino_ratio": [827451, 6.890357528749473, 283014683428.1693], "rolling_pnl_sigma": [827451, 0.014400210142944365, 605.6543532954065], "portfolio_cash_ratio": [827451, 0.892776537185339, 43323.77886955758], "free_collateral": [827451, 40517083.33436451, 6.83596274507182e+20], "mm_reqs": [827451, 26631.34060061218, 1.9392520718698356e+16], "unrealized_pnl_0": [827451, 3.8870279857639836, 391955098867.3052], "unrealized_pnl_1": [827451, -5.372567705291225, 2191824311400.4753], "unrealized_pnl_2": [827451, 46758.2335433383, 5.815917968816298e+16], "unrealized_pnl_3": [827451, 92534.23526476359, 5.375781563775706e+17], "unrealized_pnl_4": [827451, 175.40702174954356, 8224737699720.359], "unrealized_pnl_5": [827451, 5988.574346389277, 2780443565507530.5], "unrealized_pnl_6": [827451, 105.71183150226196, 8015562235181.01], "unrealized_pnl_7": [827451, 88.89651033551583, 1895085320656.8699], "unrealized_pnl_8": [827451, 68.57257705290908, 1270717040766.374], "unrealized_pnl_9": [827451, 1534.2934631583732, 409227995778897.25], "margin_usage_ratio": [827451, 0.0040432237531577014, 65.38809092044346]}, "pcr_min_ew": 0.9985170213472156, "pcr_max_ew": 0.9999999985152672}