{"r_count": 487881.0001, "r_mean": 0.004633705601680348, "r_var": 1447.8848469191907, "tanh_k": 2.0, "feature_welford": {"unrealized_pnl": [487883, 88398.79249231903, 1.536711669212323e+17], "realized_pnl": [487883, 42522.33943760941, 1.1629373515977982e+17], "compounded_returns": [487883, 18576.18318856915, 97566426878627.77], "balance": [487883, 34295290.07586679, 3.186555811386596e+20], "position_value": [487883, 217395.44761643567, 2.027020596664279e+17], "current_position_size": [487883, 1086921.9680140654, 5.067522347776678e+18], "last_log_ret": [487883, 0.009346952725990692, 1156.699668991393], "sortino_ratio": [487883, 6.953145483597684, 198058191370.8767], "rolling_pnl_sigma": [487883, 0.016551270851980448, 470.6983507608083], "portfolio_cash_ratio": [487883, 0.8783893443245285, 29829.11870238137], "free_collateral": [487883, 34578054.8522217, 3.155576658772732e+20], "mm_reqs": [487883, 23069.57548015831, 8748778749271269.0], "unrealized_pnl_0": [487883, 6.147610483558828, 284926833544.3472], "unrealized_pnl_1": [487883, -5.228654735720745, 1550062251620.9949], "unrealized_pnl_2": [487883, 34519.55667890931, 1.88422735168247e+16], "unrealized_pnl_3": [487883, 75378.46404188832, 2.2648867204440086e+17], "unrealized_pnl_4": [487883, 136.6674913435341, 4983456497498.802], "unrealized_pnl_5": [487883, 4955.851783459384, 1637313207153963.2], "unrealized_pnl_6": [487883, 80.66975930056955, 4838832786572.828], "unrealized_pnl_7": [487883, 57.93473635892154, 826671082802.7715], "unrealized_pnl_8": [487883, 63.63580610837668, 741071854763.0995], "unrealized_pnl_9": [487883, 1369.4200163853006, 176429137439304.56], "margin_usage_ratio": [487883, 0.004524912696441594, 43.30955214346998]}, "pcr_min_ew": 0.9942976863842629, "pcr_max_ew": 0.999999999144714}