{"r_count": 512455.0001, "r_mean": 0.004707422828533139, "r_var": 1474.884242753862, "tanh_k": 2.0, "feature_welford": {"unrealized_pnl": [512457, 90111.75381119932, 1.6623648216011264e+17], "realized_pnl": [512457, 43146.94683397092, 1.2598095414526384e+17], "compounded_returns": [512457, 18892.02985469139, 104898127679835.34], "balance": [512457, 34816764.783221215, 3.4289208697472686e+20], "position_value": [512457, 219480.797880465, 2.162772974447744e+17], "current_position_size": [512457, 1097352.76121252, 5.406902883983638e+18], "last_log_ret": [512457, 0.009374755129524383, 1183.2856541068154], "sortino_ratio": [512457, 6.822486681519009, 198025102619.05014], "rolling_pnl_sigma": [512457, 0.016306151401900698, 480.77297896281135], "portfolio_cash_ratio": [512457, 0.8799762357723212, 30851.4987928445], "free_collateral": [512457, 35103086.82739203, 3.3950596932317846e+20], "mm_reqs": [512457, 23310.31670190486, 9424312390863806.0], "unrealized_pnl_0": [512457, 5.198185195389064, 291591044755.7944], "unrealized_pnl_1": [512457, -4.4250160052510115, 1482226392618.1663], "unrealized_pnl_2": [512457, 35534.7587893204, 2.0736757778316292e+16], "unrealized_pnl_3": [512457, 76637.51436890924, 2.4634076527221683e+17], "unrealized_pnl_4": [512457, 143.54763914556352, 5324400251757.402], "unrealized_pnl_5": [512457, 4934.297383477821, 1677720930890261.5], "unrealized_pnl_6": [512457, 79.50037236806672, 5024357785576.512], "unrealized_pnl_7": [512457, 58.30655753713254, 834276145239.1881], "unrealized_pnl_8": [512457, 65.8748310576445, 783409453934.7814], "unrealized_pnl_9": [512457, 1375.3008134309557, 190810691848905.88], "margin_usage_ratio": [512457, 0.004468376567694307, 44.88700622541406]}, "pcr_min_ew": 0.9954800595599015, "pcr_max_ew": 0.999999973953986}