{"r_count": 560486.0001000001, "r_mean": 0.004834665143438391, "r_var": 1529.4066522095238, "tanh_k": 2.0, "feature_welford": {"unrealized_pnl": [560488, 94213.98470305995, 1.9290875812121146e+17], "realized_pnl": [560488, 44321.57675062283, 1.453572609387992e+17], "compounded_returns": [560488, 19430.598958021495, 118212503977968.3], "balance": [560488, 35774210.86135847, 3.8929763654087967e+20], "position_value": [560488, 224165.38483760573, 2.4413548612895664e+17], "current_position_size": [560488, 1120773.9642706949, 6.103360155890934e+18], "last_log_ret": [560488, 0.009424074024522429, 1237.1553755860964], "sortino_ratio": [560488, 7.449949734635104, 207240282466.93094], "rolling_pnl_sigma": [560488, 0.015900497113339383, 501.1498357616009], "portfolio_cash_ratio": [560488, 0.8828149631178626, 32773.92016344173], "free_collateral": [560488, 36068738.24172339, 3.853318092439949e+20], "mm_reqs": [560488, 23902.924596232595, 1.076123831264717e+16], "unrealized_pnl_0": [560488, 4.837124261418466, 295296404659.9464], "unrealized_pnl_1": [560488, -2.44307585320223, 1542057936214.4253], "unrealized_pnl_2": [560488, 37509.043105295226, 2.5015810601917708e+16], "unrealized_pnl_3": [560488, 79277.52201758027, 2.8189084398762122e+17], "unrealized_pnl_4": [560488, 143.19995721405093, 5553897905378.059], "unrealized_pnl_5": [560488, 5087.163186066764, 1840818789852722.2], "unrealized_pnl_6": [560488, 76.89253924256197, 5565610412577.545], "unrealized_pnl_7": [560488, 64.83133368264276, 1015826075165.0566], "unrealized_pnl_8": [560488, 69.64115257469834, 883280162219.0104], "unrealized_pnl_9": [560488, 1405.6305747798792, 217576583078588.44], "margin_usage_ratio": [560488, 0.0043726722131492, 47.99544587883333]}, "pcr_min_ew": 0.9937772531241776, "pcr_max_ew": 0.9999999916238055}