{"r_count": 486764.0001, "r_mean": 0.004644394907601952, "r_var": 1446.4451324828237, "tanh_k": 2.0, "feature_welford": {"unrealized_pnl": [486766, 88585.41039729754, 1.541524572391752e+17], "realized_pnl": [486766, 42637.16234089751, 1.1644381897536261e+17], "compounded_returns": [486766, 18608.156342035734, 97940330514935.75], "balance": [486766, 34351243.85247181, 3.19668711143753e+20], "position_value": [486766, 217586.9575186394, 2.032299573624347e+17], "current_position_size": [486766, 1087871.586253278, 5.080720218100646e+18], "last_log_ret": [486766, 0.00934745250643916, 1155.3908880683846], "sortino_ratio": [486766, 6.880801277887537, 197930300264.7993], "rolling_pnl_sigma": [486766, 0.016560924976514086, 470.14612264766305], "portfolio_cash_ratio": [486766, 0.8782965943755526, 29794.333277384718], "free_collateral": [486766, 34634306.015844524, 3.165768405536134e+20], "mm_reqs": [486766, 23148.15558813538, 8806016488744573.0], "unrealized_pnl_0": [486766, 5.778748040076054, 273378244167.73813], "unrealized_pnl_1": [486766, -3.4205957082256098, 1357030173329.4], "unrealized_pnl_2": [486766, 34470.523993510295, 1.8758108755500096e+16], "unrealized_pnl_3": [486766, 75665.5767674056, 2.2736733017727347e+17], "unrealized_pnl_4": [486766, 136.9673250611949, 4980658986842.786], "unrealized_pnl_5": [486766, 4955.363840614685, 1642223422646678.2], "unrealized_pnl_6": [486766, 83.54937029562974, 4877219288734.157], "unrealized_pnl_7": [486766, 55.62099268814061, 724098880007.2675], "unrealized_pnl_8": [486766, 64.08056673436583, 721709520582.4347], "unrealized_pnl_9": [486766, 1378.3767751358766, 177265571110716.75], "margin_usage_ratio": [486766, 0.004529683276049851, 43.27782862983765]}, "pcr_min_ew": 0.9920062287645833, "pcr_max_ew": 0.9999999991130013}