{"r_count": 700111.0001000001, "r_mean": 0.00514759188612161, "r_var": 1683.704525960195, "tanh_k": 2.0, "feature_welford": {"unrealized_pnl": [700113, 102935.54058233238, 2.7477498948388438e+17], "realized_pnl": [700113, 46909.19817616268, 2.0844806641554342e+17], "compounded_returns": [700113, 20740.05293094296, 159556682373835.0], "balance": [700113, 37995658.07040318, 5.291431057748485e+20], "position_value": [700113, 233424.33669728233, 3.241457098747987e+17], "current_position_size": [700113, 1167071.602452168, 8.103622866428758e+18], "last_log_ret": [700113, 0.00953187650194908, 1389.6502882191273], "sortino_ratio": [700113, 10.485140439188417, 408066409017.2148], "rolling_pnl_sigma": [700113, 0.014961471260940327, 556.7241276633146], "portfolio_cash_ratio": [700113, 0.8889383319344909, 38364.29708650108], "free_collateral": [700113, 38307099.65969995, 5.23298932785579e+20], "mm_reqs": [700113, 24962.960755959688, 1.457510234234754e+16], "unrealized_pnl_0": [700113, 4.722600526928555, 331761498154.1807], "unrealized_pnl_1": [700113, -4.788751827749285, 1898248392330.1094], "unrealized_pnl_2": [700113, 42306.48349920288, 3.941741688291673e+16], "unrealized_pnl_3": [700113, 84952.43187914028, 4.0275051836409786e+17], "unrealized_pnl_4": [700113, 157.5510804207569, 6550303017485.182], "unrealized_pnl_5": [700113, 5498.101204877772, 2233243715000207.0], "unrealized_pnl_6": [700113, 89.5964265494513, 6981496948565.486], "unrealized_pnl_7": [700113, 81.01310631814954, 1451304942288.9224], "unrealized_pnl_8": [700113, 72.14288764890175, 1141868045581.7844], "unrealized_pnl_9": [700113, 1431.962135603807, 295310393726887.7], "margin_usage_ratio": [700113, 0.004165722691879528, 57.15939511873497]}, "pcr_min_ew": 0.9994622507607773, "pcr_max_ew": 1.0000000000000624}