{"r_count": 751493.0001000001, "r_mean": 0.00526697917257943, "r_var": 1740.6136507125668, "tanh_k": 2.0, "feature_welford": {"unrealized_pnl": [751495, 107926.03267905091, 3.178265686144914e+17], "realized_pnl": [751495, 48076.967517418394, 2.3228626537986573e+17], "compounded_returns": [751495, 21265.55336613429, 178233958164590.2], "balance": [751495, 38927044.624543265, 5.928196702621887e+20], "position_value": [751495, 238406.0135469637, 3.623800751326463e+17], "current_position_size": [751495, 1191981.3723464222, 9.059477006902245e+18], "last_log_ret": [751495, 0.009567672782572083, 1446.4471993104821], "sortino_ratio": [751495, 7.141294448901912, 282795099459.499], "rolling_pnl_sigma": [751495, 0.014724345156255475, 577.0369932254786], "portfolio_cash_ratio": [751495, 0.8906893240791428, 40353.97949830369], "free_collateral": [751495, 39247685.56836279, 5.862789686315143e+20], "mm_reqs": [751495, 25736.966669145084, 1.6498829758486566e+16], "unrealized_pnl_0": [751495, 3.904500030694694, 369650821778.0698], "unrealized_pnl_1": [751495, -5.575980438754674, 2003080932701.9731], "unrealized_pnl_2": [751495, 44259.12588620487, 4.736289314134672e+16], "unrealized_pnl_3": [751495, 88211.7254640123, 4.5017710732205536e+17], "unrealized_pnl_4": [751495, 165.56659926691762, 7532845968018.038], "unrealized_pnl_5": [751495, 5678.305298284442, 2482274921349320.5], "unrealized_pnl_6": [751495, 97.82121104037446, 7579241591983.071], "unrealized_pnl_7": [751495, 85.18836732347862, 1621948095241.9336], "unrealized_pnl_8": [751495, 70.58795726757977, 1180730534959.3157], "unrealized_pnl_9": [751495, 1506.373016995283, 351638285683937.8], "margin_usage_ratio": [751495, 0.0041103585342772185, 60.44101000180549]}, "pcr_min_ew": 0.9987070030240681, "pcr_max_ew": 0.9999999981648295}