{"r_count": 483413.0001, "r_mean": 0.00462999093908256, "r_var": 1443.0120984939526, "tanh_k": 2.0, "feature_welford": {"unrealized_pnl": [483415, 88019.01111015279, 1.523516725311536e+17], "realized_pnl": [483415, 42543.482352691215, 1.1664391577977002e+17], "compounded_returns": [483415, 18574.93493093483, 97201133971083.45], "balance": [483415, 34308218.455552384, 3.1745768407806286e+20], "position_value": [483415, 216953.09068974253, 2.0051274155860627e+17], "current_position_size": [483415, 1084711.152378352, 5.012788318197817e+18], "last_log_ret": [483415, 0.00934396521764171, 1151.9883351949895], "sortino_ratio": [483415, 6.934529787650756, 197943979230.65338], "rolling_pnl_sigma": [483415, 0.01659442876811682, 468.86131158404174], "portfolio_cash_ratio": [483415, 0.8780688882812026, 29651.149373269902], "free_collateral": [483415, 34590187.84196921, 3.14390826912047e+20], "mm_reqs": [483415, 23042.204186213246, 8706301203884685.0], "unrealized_pnl_0": [483415, 6.0102558219497295, 278637935898.3057], "unrealized_pnl_1": [483415, -4.952278421991016, 1403253126746.2812], "unrealized_pnl_2": [483415, 34315.172676456226, 1.8324260356867776e+16], "unrealized_pnl_3": [483415, 75256.06674610284, 2.2609970324917094e+17], "unrealized_pnl_4": [483415, 138.48437977075866, 4986983993839.459], "unrealized_pnl_5": [483415, 4877.989752772238, 1593838784721413.5], "unrealized_pnl_6": [483415, 77.72764888276555, 4832881138634.826], "unrealized_pnl_7": [483415, 55.401143987605764, 734672002731.6471], "unrealized_pnl_8": [483415, 64.02618335463643, 729206779577.7445], "unrealized_pnl_9": [483415, 1367.680045128558, 177494128296258.53], "margin_usage_ratio": [483415, 0.004536757005751022, 43.04336677963874]}, "pcr_min_ew": 0.9980797771539497, "pcr_max_ew": 1.000000000000032}