{"r_count": 825215.0001000001, "r_mean": 0.005446538338206475, "r_var": 1820.7349268907524, "tanh_k": 2.0, "feature_welford": {"unrealized_pnl": [825217, 113719.62263805524, 3.799840924838005e+17], "realized_pnl": [825217, 49599.70733131925, 2.753117547751533e+17], "compounded_returns": [825217, 21991.770190673407, 206803326942830.2], "balance": [825217, 40197205.20986994, 6.89842688429624e+20], "position_value": [825217, 244261.86249932638, 4.160101221803652e+17], "current_position_size": [825217, 1221264.6748083155, 1.0400231030164453e+19], "last_log_ret": [825217, 0.009613865806460958, 1527.0089200917862], "sortino_ratio": [825217, 7.138952746906676, 211570463125.40347], "rolling_pnl_sigma": [825217, 0.014399080370265866, 604.9300318583411], "portfolio_cash_ratio": [825217, 0.8927557579039258, 43189.343037829756], "free_collateral": [825217, 40528646.479672305, 6.820913166032757e+20], "mm_reqs": [825217, 26587.55357819234, 1.936087549221154e+16], "unrealized_pnl_0": [825217, 4.397521316965227, 337575733489.48364], "unrealized_pnl_1": [825217, -1.6548135286450625, 2114674976946.438], "unrealized_pnl_2": [825217, 46692.92516657433, 5.764262386040136e+16], "unrealized_pnl_3": [825217, 92668.50215179408, 5.427827993559069e+17], "unrealized_pnl_4": [825217, 173.328586962703, 7278893216619.266], "unrealized_pnl_5": [825217, 6084.841466553023, 2893185453723578.5], "unrealized_pnl_6": [825217, 108.29420219395163, 9037500797206.086], "unrealized_pnl_7": [825217, 86.62492591427356, 1820362652873.005], "unrealized_pnl_8": [825217, 71.44679430732448, 1322978711727.532], "unrealized_pnl_9": [825217, 1534.9027568383744, 413066834549382.44], "margin_usage_ratio": [825217, 0.004044566725897146, 65.27088547815521]}, "pcr_min_ew": 0.9996599757923775, "pcr_max_ew": 0.9999999978733016}