{"r_count": 849789.0001000001, "r_mean": 0.005482474317451459, "r_var": 1845.9562645365286, "tanh_k": 2.0, "feature_welford": {"unrealized_pnl": [849791, 114877.31228174081, 3.968721089449362e+17], "realized_pnl": [849791, 49794.40466076434, 2.8307418971075837e+17], "compounded_returns": [849791, 22166.26521183301, 215914158396502.78], "balance": [849791, 40452290.51486275, 7.183176448487175e+20], "position_value": [849791, 245263.80999043738, 4.3143716583584154e+17], "current_position_size": [849791, 1226260.050710568, 1.0785901453774602e+19], "last_log_ret": [849791, 0.009624609494756072, 1552.1193909055094], "sortino_ratio": [849791, 6.2687604914260735, 204356841049.41418], "rolling_pnl_sigma": [849791, 0.014291868036943009, 613.0865242879121], "portfolio_cash_ratio": [849791, 0.8933801053442302, 44154.361838382836], "free_collateral": [849791, 40785717.24060652, 7.10265526502692e+20], "mm_reqs": [849791, 26752.24291277571, 2.023427296898183e+16], "unrealized_pnl_0": [849791, 5.226041728497016, 396930701860.8278], "unrealized_pnl_1": [849791, -10.327304307455945, 3056469315359.4336], "unrealized_pnl_2": [849791, 47246.87689993044, 6.047139768393573e+16], "unrealized_pnl_3": [849791, 93390.95994618387, 5.6556595120119334e+17], "unrealized_pnl_4": [849791, 175.93350001789304, 8292410076393.666], "unrealized_pnl_5": [849791, 6188.194694372406, 2861810246763985.0], "unrealized_pnl_6": [849791, 108.09332666058805, 9181958929202.121], "unrealized_pnl_7": [849791, 88.37394684678335, 1828835964904.1475], "unrealized_pnl_8": [849791, 65.83803288907352, 1408053552788.8987], "unrealized_pnl_9": [849791, 1522.603882248665, 439657077946577.1], "margin_usage_ratio": [849791, 0.004018627775046906, 66.60756942985608]}, "pcr_min_ew": 0.9972204261359662, "pcr_max_ew": 0.999999999878489}