{"r_count": 860959.0001000001, "r_mean": 0.00552984612277094, "r_var": 1859.280076426647, "tanh_k": 2.0, "feature_welford": {"unrealized_pnl": [860961, 116546.6534419009, 4.1255061775167834e+17], "realized_pnl": [860961, 50362.94363660692, 2.968264764068805e+17], "compounded_returns": [860961, 22336.40534697001, 221890770808771.6], "balance": [860961, 40798327.15173222, 7.408758232077183e+20], "position_value": [860961, 246805.31966740498, 4.423199509656501e+17], "current_position_size": [860961, 1233983.806327132, 1.1057977702716076e+19], "last_log_ret": [860961, 0.00963437462548187, 1565.8413942001312], "sortino_ratio": [860961, 6.9922973169581555, 211600095514.32693], "rolling_pnl_sigma": [860961, 0.014265468864420561, 618.2287289265663], "portfolio_cash_ratio": [860961, 0.8936080000858566, 44585.682482419536], "free_collateral": [860961, 41134711.06349706, 7.32544603077357e+20], "mm_reqs": [860961, 27023.28746772199, 2.0836865421070244e+16], "unrealized_pnl_0": [860961, 4.340070061140903, 341136079262.293], "unrealized_pnl_1": [860961, -1.81229611130638, 2159608376404.927], "unrealized_pnl_2": [860961, 47831.7390157381, 6.33560674421443e+16], "unrealized_pnl_3": [860961, 94839.8477272711, 5.883802189225372e+17], "unrealized_pnl_4": [860961, 178.02234038912115, 7579437855011.377], "unrealized_pnl_5": [860961, 6203.343233119386, 3048677061996364.5], "unrealized_pnl_6": [860961, 112.50940089023396, 9281426077340.148], "unrealized_pnl_7": [860961, 87.60433062524832, 1918132981048.6199], "unrealized_pnl_8": [860961, 71.18077526350348, 1383258750769.2173], "unrealized_pnl_9": [860961, 1536.9179229975675, 437820401577905.1], "margin_usage_ratio": [860961, 0.004017041690682201, 67.60064494726967]}, "pcr_min_ew": 0.9986429805767711, "pcr_max_ew": 0.9999999972988207}