{"r_count": 558252.0001000001, "r_mean": 0.004828964167498911, "r_var": 1526.841732604548, "tanh_k": 2.0, "feature_welford": {"unrealized_pnl": [558254, 94083.7234845055, 1.915708990203855e+17], "realized_pnl": [558254, 44264.06264616546, 1.4390135890741109e+17], "compounded_returns": [558254, 19406.227415030553, 117569843640386.03], "balance": [558254, 35729478.47322981, 3.870135430384617e+20], "position_value": [558254, 224016.71448418783, 2.4290726437176275e+17], "current_position_size": [558254, 1120030.4006680327, 6.072654567702524e+18], "last_log_ret": [558254, 0.00942191738198125, 1234.6195403671618], "sortino_ratio": [558254, 7.468869308733254, 207240058891.58658], "rolling_pnl_sigma": [558254, 0.01591814062718412, 500.1705460754545], "portfolio_cash_ratio": [558254, 0.8826938220935332, 32682.80092875718], "free_collateral": [558254, 36023740.99298827, 3.830775289761172e+20], "mm_reqs": [558254, 23888.121895316675, 1.070131134165018e+16], "unrealized_pnl_0": [558254, 4.855725928638287, 295295403381.5478], "unrealized_pnl_1": [558254, -2.395408207697994, 1527826958119.9636], "unrealized_pnl_2": [558254, 37428.13118730234, 2.478707344642247e+16], "unrealized_pnl_3": [558254, 79180.49981880032, 2.7941686466077066e+17], "unrealized_pnl_4": [558254, 143.1233912768151, 5540282701796.527], "unrealized_pnl_5": [558254, 5069.99637126233, 1827093279961694.2], "unrealized_pnl_6": [558254, 78.75970875770754, 5423797927496.294], "unrealized_pnl_7": [558254, 64.53159910283694, 1008218886323.1665], "unrealized_pnl_8": [558254, 69.60916354106463, 879146367194.3395], "unrealized_pnl_9": [558254, 1403.5866129320284, 215924752856866.1], "margin_usage_ratio": [558254, 0.004376826239053956, 47.84325039699913]}, "pcr_min_ew": 0.9997094334970099, "pcr_max_ew": 1.0000000000000109}