{"r_count": 819630.0001000001, "r_mean": 0.005406714483504504, "r_var": 1815.1142808343266, "tanh_k": 2.0, "feature_welford": {"unrealized_pnl": [819632, 112709.70990091463, 3.709197038707946e+17], "realized_pnl": [819632, 49160.71620474673, 2.667353554503092e+17], "compounded_returns": [819632, 21854.0085456473, 203083452940416.9], "balance": [819632, 39950247.39261267, 6.773545939676424e+20], "position_value": [819632, 243214.6128731201, 4.10415981642234e+17], "current_position_size": [819632, 1216030.331165174, 1.0260379973510971e+19], "last_log_ret": [819632, 0.009606972259086312, 1520.897259681189], "sortino_ratio": [819632, 7.845060479042981, 299815413873.30664], "rolling_pnl_sigma": [819632, 0.014422324298517121, 602.8053595696315], "portfolio_cash_ratio": [819632, 0.8926880245433262, 42960.51093757528], "free_collateral": [819632, 40279634.233370624, 6.697954402853788e+20], "mm_reqs": [819632, 26577.11004843414, 1.9236693633720748e+16], "unrealized_pnl_0": [819632, 4.579167589508763, 398730625770.13654], "unrealized_pnl_1": [819632, -1.516936257181237, 2163476439312.755], "unrealized_pnl_2": [819632, 46262.025036777035, 5.574341516893072e+16], "unrealized_pnl_3": [819632, 91730.41206662817, 5.2930415552614054e+17], "unrealized_pnl_4": [819632, 169.23298757234105, 7788628205440.394], "unrealized_pnl_5": [819632, 5923.78566523019, 2732810498404123.5], "unrealized_pnl_6": [819632, 104.68795454986551, 7765205704249.517], "unrealized_pnl_7": [819632, 90.87676728534868, 1941024190307.2698], "unrealized_pnl_8": [819632, 68.46391192575518, 1251768340917.7217], "unrealized_pnl_9": [819632, 1550.6176392441412, 423254205277251.0], "margin_usage_ratio": [819632, 0.0040489091765309945, 64.9113730000769]}, "pcr_min_ew": 0.9996829004173472, "pcr_max_ew": 0.9999999985973899}