{"r_count": 507987.0001, "r_mean": 0.00470057968813489, "r_var": 1469.9699294989882, "tanh_k": 2.0, "feature_welford": {"unrealized_pnl": [507989, 89794.01919097234, 1.6309616351019293e+17], "realized_pnl": [507989, 43078.015646549145, 1.2387975002317949e+17], "compounded_returns": [507989, 18847.235535269472, 103518050480000.83], "balance": [507989, 34744906.05866986, 3.383801437838135e+20], "position_value": [507989, 219159.62299153418, 2.139171346750747e+17], "current_position_size": [507989, 1095737.5520944472, 5.347900137018914e+18], "last_log_ret": [507989, 0.009370588076543567, 1178.437386984727], "sortino_ratio": [507989, 7.045423377108599, 198521361215.36813], "rolling_pnl_sigma": [507989, 0.01635209370338621, 478.9446500564316], "portfolio_cash_ratio": [507989, 0.8796957579816399, 30676.522465582162], "free_collateral": [507989, 35030563.33525465, 3.350384299150213e+20], "mm_reqs": [507989, 23331.31285778914, 9313572304751834.0], "unrealized_pnl_0": [507989, 5.464294834708734, 274355188499.06635], "unrealized_pnl_1": [507989, -3.1571613083129066, 1373227107689.6436], "unrealized_pnl_2": [507989, 35251.999749859104, 2.0441244025382424e+16], "unrealized_pnl_3": [507989, 76384.77064450801, 2.408675962471498e+17], "unrealized_pnl_4": [507989, 138.22589370817542, 5108977169171.386], "unrealized_pnl_5": [507989, 4990.04453438747, 1698568904934348.5], "unrealized_pnl_6": [507989, 84.29845767414416, 4919811603918.226], "unrealized_pnl_7": [507989, 58.103336845055644, 770848912491.2383], "unrealized_pnl_8": [507989, 65.98346781997317, 758290105870.4857], "unrealized_pnl_9": [507989, 1376.8223026670346, 187823068074821.34], "margin_usage_ratio": [507989, 0.004480856658591889, 44.660558369886864]}, "pcr_min_ew": 0.991806486215267, "pcr_max_ew": 1.0000000000000393}