{"r_count": 576124.0001000001, "r_mean": 0.004874255302445467, "r_var": 1547.0615812701083, "tanh_k": 2.0, "feature_welford": {"unrealized_pnl": [576126, 94751.48311237492, 2.0190891348490182e+17], "realized_pnl": [576126, 44661.86402384583, 1.5464860791009622e+17], "compounded_returns": [576126, 19600.103098305957, 122892362054016.08], "balance": [576126, 36066796.9878705, 4.0513037478829883e+20], "position_value": [576126, 224324.16118257836, 2.5287112510709392e+17], "current_position_size": [576126, 1121565.33395402, 6.321749470225658e+18], "last_log_ret": [576126, 0.009438899509367023, 1254.398396519004], "sortino_ratio": [576126, 6.72375017020526, 198402974903.67996], "rolling_pnl_sigma": [576126, 0.01578063836099815, 507.7166951622737], "portfolio_cash_ratio": [576126, 0.883652213979434, 33422.12565006604], "free_collateral": [576126, 36361932.56328988, 4.0096902176443204e+20], "mm_reqs": [576126, 23981.34662148883, 1.1212333289246384e+16], "unrealized_pnl_0": [576126, 5.112483547877052, 305262630194.2115], "unrealized_pnl_1": [576126, -2.634039114404479, 1736242641584.7583], "unrealized_pnl_2": [576126, 37425.15046501855, 2.5356904585901772e+16], "unrealized_pnl_3": [576126, 80055.86209258281, 2.9735637770416083e+17], "unrealized_pnl_4": [576126, 147.3787436230619, 5759477299112.57], "unrealized_pnl_5": [576126, 5097.575477861087, 1877787362861622.8], "unrealized_pnl_6": [576126, 89.90478122903512, 6039691200493.42], "unrealized_pnl_7": [576126, 66.76082953164862, 963895897900.9772], "unrealized_pnl_8": [576126, 70.1865611972417, 915830705894.0511], "unrealized_pnl_9": [576126, 1410.0841473276287, 224644840162065.38], "margin_usage_ratio": [576126, 0.004345088846192096, 49.08605760563822]}, "pcr_min_ew": 0.9957391826196452, "pcr_max_ew": 0.9999998991497107}