{"r_count": 704579.0001000001, "r_mean": 0.005155998591266048, "r_var": 1688.6815976878281, "tanh_k": 2.0, "feature_welford": {"unrealized_pnl": [704581, 103111.80114685348, 2.7719871545210378e+17], "realized_pnl": [704581, 46989.59099567062, 2.1099841542197974e+17], "compounded_returns": [704581, 20776.54464423907, 160875030462968.16], "balance": [704581, 38059502.56217867, 5.336653482706738e+20], "position_value": [704581, 233617.20037946373, 3.266059085238659e+17], "current_position_size": [704581, 1168036.2384268558, 8.165127900318715e+18], "last_log_ret": [704581, 0.009534757183126798, 1394.5766797632168], "sortino_ratio": [704581, 10.43121178530813, 408067023339.87225], "rolling_pnl_sigma": [704581, 0.014936545212089248, 558.445411574375], "portfolio_cash_ratio": [704581, 0.8891045772418199, 38536.9230874099], "free_collateral": [704581, 38371298.50263678, 5.2775098737413725e+20], "mm_reqs": [704581, 24977.593487548365, 1.4688250091095882e+16], "unrealized_pnl_0": [704581, 4.697019412765018, 331769525774.73535], "unrealized_pnl_1": [704581, -4.795656804740969, 1901183313601.9365], "unrealized_pnl_2": [704581, 42456.19467771856, 3.997645777988076e+16], "unrealized_pnl_3": [704581, 85079.78968590041, 4.070726521725019e+17], "unrealized_pnl_4": [704581, 157.97333366364973, 6566654619294.19], "unrealized_pnl_5": [704581, 5506.639353807521, 2242776520564119.2], "unrealized_pnl_6": [704581, 89.69031913504969, 6998099336049.523], "unrealized_pnl_7": [704581, 81.0367331462114, 1463681268239.777], "unrealized_pnl_8": [704581, 71.94577595115764, 1143201573228.8262], "unrealized_pnl_9": [704581, 1439.380215537657, 300306535326780.5], "margin_usage_ratio": [704581, 0.004160072966870171, 57.43719816531163]}, "pcr_min_ew": 0.9993661764219972, "pcr_max_ew": 1.000000000000066}