{"r_count": 535912.0001000001, "r_mean": 0.004771597717379228, "r_var": 1501.7088009446131, "tanh_k": 2.0, "feature_welford": {"unrealized_pnl": [535914, 92776.62094071755, 1.8033038326033357e+17], "realized_pnl": [535914, 43720.49440546663, 1.3411696124897267e+17], "compounded_returns": [535914, 19168.9385254915, 111343681405544.02], "balance": [535914, 35315884.500397936, 3.655463149759701e+20], "position_value": [535914, 222408.99155472653, 2.3083750348047958e+17], "current_position_size": [535914, 1111989.5703240582, 5.77091006716341e+18], "last_log_ret": [535914, 0.009400279343068016, 1209.8034089774935], "sortino_ratio": [535914, 7.505392907477475, 207139574434.50555], "rolling_pnl_sigma": [535914, 0.016104837104392578, 490.8116713958765], "portfolio_cash_ratio": [535914, 0.8813967962914384, 31789.373672225185], "free_collateral": [535914, 35607424.85673251, 3.618881206620396e+20], "mm_reqs": [535914, 23691.140048409194, 1.0087049870625572e+16], "unrealized_pnl_0": [535914, 5.129861241055653, 293825534954.4921], "unrealized_pnl_1": [535914, -1.7369318915347687, 1500289690311.5842], "unrealized_pnl_2": [535914, 36614.65275161603, 2.2937513041439788e+16], "unrealized_pnl_3": [535914, 78529.88212336971, 2.6426869912770822e+17], "unrealized_pnl_4": [535914, 142.32269480931728, 5429772875588.861], "unrealized_pnl_5": [535914, 5049.576006681225, 1771046301256959.5], "unrealized_pnl_6": [535914, 80.7320597401198, 5223783101636.227], "unrealized_pnl_7": [535914, 62.823406884303346, 892389017857.4338], "unrealized_pnl_8": [535914, 68.68681863359633, 821570202488.9979], "unrealized_pnl_9": [535914, 1396.4140604763204, 204220265423523.3], "margin_usage_ratio": [535914, 0.004422017539518124, 46.412803884799416]}, "pcr_min_ew": 0.9984962023204633, "pcr_max_ew": 1.0000000000000293}