{"r_count": 457722.0001, "r_mean": 0.004545874645887501, "r_var": 1415.1538814946628, "tanh_k": 2.0, "feature_welford": {"unrealized_pnl": [457724, 85975.76855127297, 1.401759012447454e+17], "realized_pnl": [457724, 41915.1756598898, 1.0771601744459562e+17], "compounded_returns": [457724, 18244.277484608014, 90194944992468.11], "balance": [457724, 33792250.28315638, 2.948974454251108e+20], "position_value": [457724, 214063.2986314226, 1.8654146422916058e+17], "current_position_size": [457724, 1070259.2719403065, 4.663505504572973e+18], "last_log_ret": [457724, 0.009312941165881102, 1124.7072707257341], "sortino_ratio": [457724, 7.01568618088295, 197899878556.16077], "rolling_pnl_sigma": [457724, 0.01687036798133982, 458.17012629477387], "portfolio_cash_ratio": [457724, 0.8763754898184145, 28529.74112623258], "free_collateral": [457724, 34069591.431210324, 2.921146347440402e+20], "mm_reqs": [457724, 22742.544295148862, 8092981972949192.0], "unrealized_pnl_0": [457724, 6.001778286826885, 271836921478.4681], "unrealized_pnl_1": [457724, -4.370696625484519, 1353838515729.2817], "unrealized_pnl_2": [457724, 33324.482808400266, 1.66461383739297e+16], "unrealized_pnl_3": [457724, 73898.5687020637, 2.0890067325430147e+17], "unrealized_pnl_4": [457724, 135.92708710147522, 4802570448230.532], "unrealized_pnl_5": [457724, 4777.801571718547, 1501202130654525.2], "unrealized_pnl_6": [457724, 79.21808555347458, 4716602957056.042], "unrealized_pnl_7": [457724, 52.74422522403029, 671868757075.5557], "unrealized_pnl_8": [457724, 60.475853505737334, 680369598633.7085], "unrealized_pnl_9": [457724, 1350.9496713523954, 165952055656590.72], "margin_usage_ratio": [457724, 0.004595821145373502, 41.310488877370695]}, "pcr_min_ew": 0.9935117913209075, "pcr_max_ew": 0.9999999999999212}