{"r_count": 540380.0001000001, "r_mean": 0.004781911884770434, "r_var": 1506.6964700667156, "tanh_k": 2.0, "feature_welford": {"unrealized_pnl": [540382, 93017.37454531359, 1.8231271701444835e+17], "realized_pnl": [540382, 43788.320376791315, 1.3557288003730171e+17], "compounded_returns": [540382, 19207.05731984131, 112387481328313.95], "balance": [540382, 35378663.621086344, 3.690803988378989e+20], "position_value": [540382, 222751.59058412525, 2.3308300043646496e+17], "current_position_size": [540382, 1113703.0228796282, 5.827047593428729e+18], "last_log_ret": [540382, 0.00940427604520686, 1214.7085275282982], "sortino_ratio": [540382, 7.470699170999822, 207142469266.52182], "rolling_pnl_sigma": [540382, 0.016067345003139655, 492.67009451821326], "portfolio_cash_ratio": [540382, 0.8816556135287524, 31969.241923735288], "free_collateral": [540382, 35670759.90125062, 3.6536887072835246e+20], "mm_reqs": [540382, 23718.857099649595, 1.0191208251313794e+16], "unrealized_pnl_0": [540382, 5.0849438246691605, 293839871453.45306], "unrealized_pnl_1": [540382, -1.7155006221408606, 1500358611689.5017], "unrealized_pnl_2": [540382, 36793.710478550995, 2.3307595735939532e+16], "unrealized_pnl_3": [540382, 78585.92682639774, 2.6636956913600893e+17], "unrealized_pnl_4": [540382, 142.34121191645798, 5462522894078.699], "unrealized_pnl_5": [540382, 5040.984771527655, 1778397111823291.2], "unrealized_pnl_6": [540382, 79.55643753095387, 5314038674552.365], "unrealized_pnl_7": [540382, 63.3860746969818, 904921719632.0696], "unrealized_pnl_8": [540382, 68.70626567505613, 848466536267.4496], "unrealized_pnl_9": [540382, 1396.7903736689243, 205810124150979.6], "margin_usage_ratio": [540382, 0.004412559109325007, 46.69483864331006]}, "pcr_min_ew": 0.9925371652128945, "pcr_max_ew": 0.9999999928858992}