{"r_count": 485647.0001, "r_mean": 0.0046431146358113925, "r_var": 1445.2429543879118, "tanh_k": 2.0, "feature_welford": {"unrealized_pnl": [485649, 88575.52540714081, 1.538722256844336e+17], "realized_pnl": [485649, 42621.558881305915, 1.1628283979381731e+17], "compounded_returns": [485649, 18600.70618369598, 97725921662142.1], "balance": [485649, 34342335.19264926, 3.190008742563263e+20], "position_value": [485649, 217473.50630573565, 2.0268223230524787e+17], "current_position_size": [485649, 1087304.1848760436, 5.067027056709883e+18], "last_log_ret": [485649, 0.009346432117223906, 1154.2353698418976], "sortino_ratio": [485649, 6.88770486193735, 197930030856.82855], "rolling_pnl_sigma": [485649, 0.016572691441170982, 469.7282159354413], "portfolio_cash_ratio": [485649, 0.8782101521645056, 29751.279549816212], "free_collateral": [485649, 34625291.71247115, 3.1591743723461424e+20], "mm_reqs": [485649, 23130.72090255727, 8782846903631453.0], "unrealized_pnl_0": [485649, 5.791809802781082, 273378183689.89905], "unrealized_pnl_1": [485649, -3.4287610440157477, 1357029885774.419], "unrealized_pnl_2": [485649, 34477.830058135194, 1.8737290367049292e+16], "unrealized_pnl_3": [485649, 75632.07745724068, 2.2698133366129338e+17], "unrealized_pnl_4": [485649, 137.06722081590078, 4979588477172.517], "unrealized_pnl_5": [485649, 4958.678694884097, 1641206790832024.5], "unrealized_pnl_6": [485649, 83.53851861206716, 4874355059971.473], "unrealized_pnl_7": [485649, 55.39967445266269, 720910849268.6003], "unrealized_pnl_8": [485649, 64.06931228097511, 720822080879.2661], "unrealized_pnl_9": [485649, 1374.7751342551373, 176393822852299.72], "margin_usage_ratio": [485649, 0.004532337327844993, 43.2080778174767]}, "pcr_min_ew": 0.9955722623086369, "pcr_max_ew": 0.9999999953527446}