{"r_count": 570539.0001000001, "r_mean": 0.004869623319980119, "r_var": 1540.6723901420166, "tanh_k": 2.0, "feature_welford": {"unrealized_pnl": [570541, 94680.08255019695, 1.9893892686469674e+17], "realized_pnl": [570541, 44447.85306884968, 1.4963391786248394e+17], "compounded_returns": [570541, 19579.71596969315, 121979396460741.75], "balance": [570541, 36036273.3273827, 4.020224520987245e+20], "position_value": [570541, 224642.50215319623, 2.5029345596069712e+17], "current_position_size": [570541, 1123165.00222892, 6.257309705439272e+18], "last_log_ret": [570541, 0.009435180516660664, 1248.239587569041], "sortino_ratio": [570541, 6.82648782127806, 200971925630.99503], "rolling_pnl_sigma": [570541, 0.015824979366496777, 505.40188372140835], "portfolio_cash_ratio": [570541, 0.8834011255824994, 33170.031009503895], "free_collateral": [570541, 36331637.07315787, 3.9793676342460344e+20], "mm_reqs": [570541, 24004.710535212438, 1.1006774763560686e+16], "unrealized_pnl_0": [570541, 5.784828450167049, 320737141573.46405], "unrealized_pnl_1": [570541, -3.636751654622199, 1682690694157.6975], "unrealized_pnl_2": [570541, 37437.28735482665, 2.5482246316322428e+16], "unrealized_pnl_3": [570541, 79992.92830610841, 2.921382214143257e+17], "unrealized_pnl_4": [570541, 140.25693768440715, 5495577165359.1455], "unrealized_pnl_5": [570541, 5093.684817096368, 1871868997230424.8], "unrealized_pnl_6": [570541, 89.34908338639792, 6325400340253.655], "unrealized_pnl_7": [570541, 68.73115950994476, 1051499479550.6278], "unrealized_pnl_8": [570541, 68.50898470988542, 863823195826.841], "unrealized_pnl_9": [570541, 1403.2210009623036, 228273735150070.84], "margin_usage_ratio": [570541, 0.004355602633624063, 48.679110410089244]}, "pcr_min_ew": 0.9997196027598879, "pcr_max_ew": 1.000000000000029}