{"r_count": 522508.0001, "r_mean": 0.004744543992997677, "r_var": 1486.651477091659, "tanh_k": 2.0, "feature_welford": {"unrealized_pnl": [522510, 90901.01880831209, 1.7219230407330637e+17], "realized_pnl": [522510, 43450.06495761685, 1.3185486236102802e+17], "compounded_returns": [522510, 19043.247792561633, 108059733092679.27], "balance": [522510, 35103433.36109685, 3.542295846106329e+20], "position_value": [522510, 220267.59375435518, 2.2203149622976422e+17], "current_position_size": [522510, 1101286.9190387726, 5.550758760953446e+18], "last_log_ret": [522510, 0.00938771872168164, 1194.9817513202343], "sortino_ratio": [522510, 7.014639706510171, 200893367700.22952], "rolling_pnl_sigma": [522510, 0.016225947023298645, 485.39057960783424], "portfolio_cash_ratio": [522510, 0.8806623008664474, 31235.377649150723], "free_collateral": [522510, 35391242.22526982, 3.507098920902383e+20], "mm_reqs": [522510, 23400.851057271153, 9644124529278978.0], "unrealized_pnl_0": [522510, 6.11256933643852, 315456779232.9848], "unrealized_pnl_1": [522510, -2.3717344991619527, 1452056462164.2793], "unrealized_pnl_2": [522510, 35721.6283856861, 2.1489657270614732e+16], "unrealized_pnl_3": [522510, 77483.9498649573, 2.563326767440387e+17], "unrealized_pnl_4": [522510, 140.0459326193469, 5103355446187.439], "unrealized_pnl_5": [522510, 5017.913571867327, 1728507379841006.2], "unrealized_pnl_6": [522510, 85.82186012203663, 5896533171466.49], "unrealized_pnl_7": [522510, 62.58088203421986, 915645943409.0026], "unrealized_pnl_8": [522510, 66.70284448741432, 780942469129.4349], "unrealized_pnl_9": [522510, 1373.1386683645785, 200073319237704.12], "margin_usage_ratio": [522510, 0.004446041908532811, 45.54563928186524]}, "pcr_min_ew": 0.9884336194841854, "pcr_max_ew": 0.9999999782507227}