{"r_count": 702345.0001000001, "r_mean": 0.005162198631121136, "r_var": 1686.7858814988565, "tanh_k": 2.0, "feature_welford": {"unrealized_pnl": [702347, 104388.92974071723, 2.8211740766128314e+17], "realized_pnl": [702347, 47281.43566462756, 2.0842850473952054e+17], "compounded_returns": [702347, 20842.355224484767, 162230721073997.28], "balance": [702347, 38201600.770042606, 5.386107847221219e+20], "position_value": [702347, 234941.3264500825, 3.3060965542412986e+17], "current_position_size": [702347, 1174654.5308981568, 8.265215243571723e+18], "last_log_ret": [702347, 0.009536803582936793, 1392.8455142761552], "sortino_ratio": [702347, 7.310825441847805, 282188603523.9583], "rolling_pnl_sigma": [702347, 0.014973074060948405, 558.0701094172188], "portfolio_cash_ratio": [702347, 0.8890596813129232, 38429.83233073603], "free_collateral": [702347, 38515661.44058689, 5.327833668336454e+20], "mm_reqs": [702347, 25310.432692102124, 1.4966185862072474e+16], "unrealized_pnl_0": [702347, 4.167139189388486, 346706819244.7804], "unrealized_pnl_1": [702347, -5.415467872682504, 1967907264712.7166], "unrealized_pnl_2": [702347, 42519.70031413008, 4.068599652569844e+16], "unrealized_pnl_3": [702347, 85980.93511314166, 4.0236400422348224e+17], "unrealized_pnl_4": [702347, 157.87210352899632, 7108140915816.036], "unrealized_pnl_5": [702347, 5465.791717625046, 2260916146689756.5], "unrealized_pnl_6": [702347, 88.97148087460764, 6761470163909.253], "unrealized_pnl_7": [702347, 80.96563660422454, 1453703231898.7383], "unrealized_pnl_8": [702347, 71.1644959622185, 1128363841993.1877], "unrealized_pnl_9": [702347, 1478.3957305857261, 312900517705292.8], "margin_usage_ratio": [702347, 0.004164147361876878, 57.24562267920701]}, "pcr_min_ew": 0.9969665834050241, "pcr_max_ew": 0.9999999921555516}