{"r_count": 936915.0001000001, "r_mean": 0.005664175636432134, "r_var": 1941.596391532513, "tanh_k": 2.0, "feature_welford": {"unrealized_pnl": [936917, 121488.03226566377, 4.781695116910454e+17], "realized_pnl": [936917, 51292.416132827, 3.359746570854701e+17], "compounded_returns": [936917, 22918.951043505505, 252397490001801.12], "balance": [936917, 41808667.10897165, 8.440020378389891e+20], "position_value": [936917, 251447.39928501166, 4.990220766000957e+17], "current_position_size": [936917, 1257193.0824330845, 1.247553241589902e+19], "last_log_ret": [936917, 0.009669891927139202, 1648.337308944184], "sortino_ratio": [936917, 7.332643283208106, 300193763006.26526], "rolling_pnl_sigma": [936917, 0.014012715388886982, 646.2425673482777], "portfolio_cash_ratio": [936917, 0.8952231274811564, 47597.77652272663], "free_collateral": [936917, 42153673.65839566, 8.344777958018447e+20], "mm_reqs": [936917, 27965.361164161448, 2.4222013694914684e+16], "unrealized_pnl_0": [936917, 4.332247987970946, 413850755106.7046], "unrealized_pnl_1": [936917, -2.679370984941915, 2387063854145.5293], "unrealized_pnl_2": [936917, 50037.383159446596, 7.678189764130326e+16], "unrealized_pnl_3": [936917, 98121.9701436034, 6.754669607812758e+17], "unrealized_pnl_4": [936917, 182.7381118034574, 9263371276382.936], "unrealized_pnl_5": [936917, 6331.626248727409, 3147795415004692.0], "unrealized_pnl_6": [936917, 122.33151856539972, 9181559090093.34], "unrealized_pnl_7": [936917, 95.85736267302694, 2352278611925.431], "unrealized_pnl_8": [936917, 65.45849637732034, 1398449299588.991], "unrealized_pnl_9": [936917, 1562.6415084489167, 513308061896994.0], "margin_usage_ratio": [936917, 0.003969821495106273, 72.72106275765026]}, "pcr_min_ew": 0.9952944026243004, "pcr_max_ew": 0.999999999999969}