{"r_count": 525859.0001000001, "r_mean": 0.004732644261636586, "r_var": 1490.2008386311206, "tanh_k": 2.0, "feature_welford": {"unrealized_pnl": [525861, 91030.71564000775, 1.721085670343114e+17], "realized_pnl": [525861, 43351.47857931063, 1.2998451090420133e+17], "compounded_returns": [525861, 18994.29762263216, 107869665653591.72], "balance": [525861, 34994838.84131668, 3.5350623143837565e+20], "position_value": [525861, 220739.42217210954, 2.2422414089941142e+17], "current_position_size": [525861, 1103645.8278622539, 5.605575285723287e+18], "last_log_ret": [525861, 0.009386868803321456, 1198.2666038872567], "sortino_ratio": [525861, 6.878847169585756, 198194719604.2006], "rolling_pnl_sigma": [525861, 0.016186035316085604, 486.50427747463993], "portfolio_cash_ratio": [525861, 0.8808801063356779, 31377.9709804096], "free_collateral": [525861, 35283198.18570616, 3.4998731887741475e+20], "mm_reqs": [525861, 23449.258630831973, 9710896695255254.0], "unrealized_pnl_0": [525861, 5.079622059414858, 297504175084.95966], "unrealized_pnl_1": [525861, -4.7153441041183735, 1589091966793.57], "unrealized_pnl_2": [525861, 35946.755999210305, 2.1753789003815308e+16], "unrealized_pnl_3": [525861, 77012.1604278981, 2.530121893298929e+17], "unrealized_pnl_4": [525861, 136.5920776680556, 5247638420148.504], "unrealized_pnl_5": [525861, 5043.574242464775, 1783919476079627.5], "unrealized_pnl_6": [525861, 80.43606862992306, 5144849735138.759], "unrealized_pnl_7": [525861, 63.888627349160124, 936086069320.0676], "unrealized_pnl_8": [525861, 66.00534257050086, 827963566067.7439], "unrealized_pnl_9": [525861, 1382.151511309714, 195193534333298.03], "margin_usage_ratio": [525861, 0.004438370331961966, 45.762989417379764]}, "pcr_min_ew": 0.9944665040355282, "pcr_max_ew": 1.0000000000000713}