{"r_count": 607400.0001000001, "r_mean": 0.004945028067135409, "r_var": 1581.0616520161382, "tanh_k": 2.0, "feature_welford": {"unrealized_pnl": [607402, 96510.57937398947, 2.1727227210096893e+17], "realized_pnl": [607402, 45425.46409222753, 1.6758300721615888e+17], "compounded_returns": [607402, 19925.491489797594, 132315394005545.11], "balance": [607402, 36595434.93062163, 4.361710480422269e+20], "position_value": [607402, 226926.04804106476, 2.6980875239375373e+17], "current_position_size": [607402, 1134582.6570493253, 6.745191989116002e+18], "last_log_ret": [607402, 0.009464856906879515, 1287.9787174952412], "sortino_ratio": [607402, 6.6142497652225805, 199527773995.9535], "rolling_pnl_sigma": [607402, 0.015538784029750218, 520.2652729025189], "portfolio_cash_ratio": [607402, 0.8851683052089485, 34680.531878988586], "free_collateral": [607402, 36894808.22742825, 4.316096292801103e+20], "mm_reqs": [607402, 24112.904763203136, 1.185823876179497e+16], "unrealized_pnl_0": [607402, 4.529099993507283, 303267993411.6104], "unrealized_pnl_1": [607402, -8.439492633349003, 2052754631187.8809], "unrealized_pnl_2": [607402, 39049.36768551897, 2.889388527883063e+16], "unrealized_pnl_3": [607402, 80689.50374413752, 3.2040981961390285e+17], "unrealized_pnl_4": [607402, 144.72525860233623, 6190845653121.657], "unrealized_pnl_5": [607402, 5274.386711779792, 2006887744725980.2], "unrealized_pnl_6": [607402, 90.02665381320273, 6063220784373.12], "unrealized_pnl_7": [607402, 69.46917400860659, 1013863053846.0012], "unrealized_pnl_8": [607402, 71.99238658026044, 1008577201323.7683], "unrealized_pnl_9": [607402, 1439.5443719427333, 258216620559024.7], "margin_usage_ratio": [607402, 0.004288870677899127, 50.98030222004811]}, "pcr_min_ew": 0.9988472512805749, "pcr_max_ew": 0.999999964458191}