{"r_count": 882182.0001000001, "r_mean": 0.005547679033031627, "r_var": 1881.77120058679, "tanh_k": 2.0, "feature_welford": {"unrealized_pnl": [882184, 117893.02245881142, 4.295445239677216e+17], "realized_pnl": [882184, 50019.37834983924, 2.9921454823065344e+17], "compounded_returns": [882184, 22415.729256337076, 228069450256329.4], "balance": [882184, 40902950.46096055, 7.606256832965322e+20], "position_value": [882184, 247752.24454760947, 4.565383788461968e+17], "current_position_size": [882184, 1238722.8019575947, 1.1413444730274296e+19], "last_log_ret": [882184, 0.009640893370615425, 1587.9443969472463], "sortino_ratio": [882184, 6.5460915399138235, 205712764997.5101], "rolling_pnl_sigma": [882184, 0.014182481106819913, 625.6175779420829], "portfolio_cash_ratio": [882184, 0.8940239574395055, 45496.49600528958], "free_collateral": [882184, 41241313.481529735, 7.520825073897105e+20], "mm_reqs": [882184, 27300.90405869026, 2.1790817588082484e+16], "unrealized_pnl_0": [882184, 4.52083454515522, 379502214123.9918], "unrealized_pnl_1": [882184, -9.39603273911416, 2736041210297.975], "unrealized_pnl_2": [882184, 48215.941917801596, 6.607427463984138e+16], "unrealized_pnl_3": [882184, 95928.00837735468, 6.09687602312044e+17], "unrealized_pnl_4": [882184, 183.7499182628086, 8667280595127.767], "unrealized_pnl_5": [882184, 6211.755949107405, 3131246298391933.0], "unrealized_pnl_6": [882184, 104.04671017419551, 9298060474723.18], "unrealized_pnl_7": [882184, 90.80649577087571, 2076956756273.9749], "unrealized_pnl_8": [882184, 66.74472654859343, 1348314075779.0884], "unrealized_pnl_9": [882184, 1524.1490867531747, 441604931395087.94], "margin_usage_ratio": [882184, 0.0040073045567395205, 69.15091035615141]}, "pcr_min_ew": 0.998966637738892, "pcr_max_ew": 0.999999999528171}