{"r_count": 778301.0001000001, "r_mean": 0.005316259376725854, "r_var": 1769.97865622504, "tanh_k": 2.0, "feature_welford": {"unrealized_pnl": [778303, 109777.77380455354, 3.377068469773414e+17], "realized_pnl": [778303, 48419.37499619587, 2.439351350196598e+17], "compounded_returns": [778303, 21479.359906893464, 187616099992502.88], "balance": [778303, 39293103.951357216, 6.246424510323276e+20], "position_value": [778303, 240436.55041571378, 3.8187998653737856e+17], "current_position_size": [778303, 1202137.770776665, 9.546979083494455e+18], "last_log_ret": [778303, 0.009582552455167918, 1475.661643704907], "sortino_ratio": [778303, 8.066591529058798, 299767111399.9522], "rolling_pnl_sigma": [778303, 0.014592824226722045, 587.0725967888452], "portfolio_cash_ratio": [778303, 0.8915794912655872, 41343.266760813014], "free_collateral": [778303, 39617194.37261067, 6.177283871607243e+20], "mm_reqs": [778303, 26165.98785788133, 1.7739243256872958e+16], "unrealized_pnl_0": [778303, 4.8439949219133815, 395525354336.65173], "unrealized_pnl_1": [778303, -2.7593182226601605, 2046925196979.701], "unrealized_pnl_2": [778303, 44960.719899203876, 4.97430483966536e+16], "unrealized_pnl_3": [778303, 89648.93406928648, 4.825836887769416e+17], "unrealized_pnl_4": [778303, 164.98429965529337, 7445835377525.286], "unrealized_pnl_5": [778303, 5782.959591021462, 2605721238222452.0], "unrealized_pnl_6": [778303, 100.93006290473306, 7411748681651.187], "unrealized_pnl_7": [778303, 88.3396557141576, 1804599594758.9768], "unrealized_pnl_8": [778303, 69.43134346134464, 1217850091448.199], "unrealized_pnl_9": [778303, 1525.6017087372718, 384516532209342.2], "margin_usage_ratio": [778303, 0.004086263573219392, 62.258866053504306]}, "pcr_min_ew": 0.9983604448848604, "pcr_max_ew": 0.9999999980312251}