{"r_count": 735855.0001000001, "r_mean": 0.005228067026303288, "r_var": 1723.4685315642002, "tanh_k": 2.0, "feature_welford": {"unrealized_pnl": [735857, 106355.44289766181, 3.030129265609508e+17], "realized_pnl": [735857, 47829.17344590665, 2.2785830635175552e+17], "compounded_returns": [735857, 21120.270287043164, 172765704967522.72], "balance": [735857, 38674664.69334065, 5.742978768954751e+20], "position_value": [735857, 236829.43258882337, 3.494978535234989e+17], "current_position_size": [735857, 1184097.2716285237, 8.737421691506345e+18], "last_log_ret": [735857, 0.009557567895205708, 1429.29377178915], "sortino_ratio": [735857, 7.9258633360313295, 277145328166.0939], "rolling_pnl_sigma": [735857, 0.01479156121941696, 570.76041976347], "portfolio_cash_ratio": [735857, 0.8901174564076964, 39763.91182052737], "free_collateral": [735857, 38992433.99050699, 5.679260843541065e+20], "mm_reqs": [735857, 25457.07171849418, 1.587224903454441e+16], "unrealized_pnl_0": [735857, 5.247837235828365, 447559072129.50555], "unrealized_pnl_1": [735857, -6.548621109553379, 2130812487487.2158], "unrealized_pnl_2": [735857, 43694.38542190406, 4.420530005133714e+16], "unrealized_pnl_3": [735857, 87376.47830285637, 4.4232762219268794e+17], "unrealized_pnl_4": [735857, 161.11263997597217, 6887735255582.535], "unrealized_pnl_5": [735857, 5654.973788948119, 2422330401989627.5], "unrealized_pnl_6": [735857, 91.0485359186525, 7146227901420.572], "unrealized_pnl_7": [735857, 81.74329432140092, 1702463136239.3665], "unrealized_pnl_8": [735857, 71.95922483458186, 1167679536080.476], "unrealized_pnl_9": [735857, 1478.372617785374, 337435036173819.44], "margin_usage_ratio": [735857, 0.004128174182400269, 59.50433783897717]}, "pcr_min_ew": 0.9958269726186877, "pcr_max_ew": 0.999999995342996}