{"r_count": 959255.0001000001, "r_mean": 0.005710851812314041, "r_var": 1964.9579784067153, "tanh_k": 2.0, "feature_welford": {"unrealized_pnl": [959257, 122473.50295103503, 4.9255009225327194e+17], "realized_pnl": [959257, 51655.32737413362, 3.527395675862443e+17], "compounded_returns": [959257, 23052.317335349893, 259700307588608.06], "balance": [959257, 42024452.285379745, 8.683843654573086e+20], "position_value": [959257, 252249.3325920238, 5.112548892771825e+17], "current_position_size": [959257, 1261200.7067177377, 1.2781361376608383e+19], "last_log_ret": [959257, 0.009678875443824666, 1671.9387381848885], "sortino_ratio": [959257, 9.377406403698226, 429532114857.8377], "rolling_pnl_sigma": [959257, 0.013938407218729238, 654.015152984072], "portfolio_cash_ratio": [959257, 0.8955414796814001, 48544.97772529024], "free_collateral": [959257, 42371203.65777606, 8.584629728410585e+20], "mm_reqs": [959257, 28015.03961490417, 2.477738276919003e+16], "unrealized_pnl_0": [959257, 3.5076763136067637, 439596756268.11975], "unrealized_pnl_1": [959257, -4.120996026948352, 2368425136537.474], "unrealized_pnl_2": [959257, 50782.93981697813, 8.174071729955334e+16], "unrealized_pnl_3": [959257, 98772.82133800977, 7.000693443241417e+17], "unrealized_pnl_4": [959257, 188.27036739234936, 9805732571144.258], "unrealized_pnl_5": [959257, 6391.29883478827, 3121306498841075.5], "unrealized_pnl_6": [959257, 123.84426283015492, 9737072610441.568], "unrealized_pnl_7": [959257, 91.54250787109568, 2268685025459.175], "unrealized_pnl_8": [959257, 68.1479079369644, 1506102847593.9302], "unrealized_pnl_9": [959257, 1515.545481195212, 502723717559932.2], "margin_usage_ratio": [959257, 0.00395708874018254, 74.23481770009572]}, "pcr_min_ew": 0.9976502019640106, "pcr_max_ew": 0.9999999973657753}