{"r_count": 578358.0001000001, "r_mean": 0.004879489421302139, "r_var": 1549.5612715731647, "tanh_k": 2.0, "feature_welford": {"unrealized_pnl": [578360, 94926.51382960084, 2.0315933373842566e+17], "realized_pnl": [578360, 44689.15177525539, 1.5518889039322557e+17], "compounded_returns": [578360, 19624.095502583394, 123536433980370.89], "balance": [578360, 36108150.09131657, 4.073134198826315e+20], "position_value": [578360, 224548.9526913547, 2.5432044944391357e+17], "current_position_size": [578360, 1122689.5057261218, 6.357982650546134e+18], "last_log_ret": [578360, 0.009440935467864012, 1256.867295245565], "sortino_ratio": [578360, 6.766205206779153, 198436486904.35266], "rolling_pnl_sigma": [578360, 0.015764416429618865, 508.643762227317], "portfolio_cash_ratio": [578360, 0.883765490347783, 33511.65916499756], "free_collateral": [578360, 36403645.13358034, 4.0312406322262875e+20], "mm_reqs": [578360, 24022.785050194496, 1.1296275248076748e+16], "unrealized_pnl_0": [578360, 4.938144498969367, 309167368905.65643], "unrealized_pnl_1": [578360, -2.7668189265604446, 1739113348213.4883], "unrealized_pnl_2": [578360, 37521.27793769183, 2.5612652343655988e+16], "unrealized_pnl_3": [578360, 80180.2731044508, 2.9904202176687917e+17], "unrealized_pnl_4": [578360, 148.43648937886744, 5802052416571.732], "unrealized_pnl_5": [578360, 5096.658332628513, 1881014618537967.2], "unrealized_pnl_6": [578360, 89.98573360706348, 6071875122342.724], "unrealized_pnl_7": [578360, 66.89781699237423, 967917558835.9066], "unrealized_pnl_8": [578360, 70.32308374632588, 919204598626.1954], "unrealized_pnl_9": [578360, 1406.397447176877, 226878916533874.88], "margin_usage_ratio": [578360, 0.004341632974315425, 49.23311422022707]}, "pcr_min_ew": 0.9991600512613784, "pcr_max_ew": 1.0000000000000464}