{"r_count": 764897.0001000001, "r_mean": 0.0053142064069372896, "r_var": 1755.2209864776519, "tanh_k": 2.0, "feature_welford": {"unrealized_pnl": [764899, 109688.57161959833, 3.352382380851937e+17], "realized_pnl": [764899, 48156.0434992037, 2.3951155424285117e+17], "compounded_returns": [764899, 21483.118271946685, 185763104510829.9], "balance": [764899, 39324100.02327322, 6.1876644205308e+20], "position_value": [764899, 239572.78870074596, 3.7295432224631334e+17], "current_position_size": [764899, 1197822.2562727795, 9.323841168935395e+18], "last_log_ret": [764899, 0.009579448440362723, 1461.3922598461697], "sortino_ratio": [764899, 8.188001326591705, 259357610079.24097], "rolling_pnl_sigma": [764899, 0.014658559832157048, 582.28031732893], "portfolio_cash_ratio": [764899, 0.8911002521986656, 40848.18227293295], "free_collateral": [764899, 39647386.49772204, 6.119835679384163e+20], "mm_reqs": [764899, 26028.145765341407, 1.724236934177361e+16], "unrealized_pnl_0": [764899, 5.357626085682612, 371115475012.90753], "unrealized_pnl_1": [764899, -3.5689109111307675, 2101476820718.5132], "unrealized_pnl_2": [764899, 44626.00666771561, 4.86177572802855e+16], "unrealized_pnl_3": [764899, 90485.69024800588, 4.858254176757284e+17], "unrealized_pnl_4": [764899, 163.59540954922812, 6986482353467.197], "unrealized_pnl_5": [764899, 5696.543136454805, 2470253976950983.0], "unrealized_pnl_6": [764899, 103.32431044960067, 8143129226624.06], "unrealized_pnl_7": [764899, 87.10470008550887, 1707581560267.6382], "unrealized_pnl_8": [764899, 69.98329047895206, 1188116737134.0762], "unrealized_pnl_9": [764899, 1489.7385652726975, 358241496326073.3], "margin_usage_ratio": [764899, 0.004100709829462186, 61.37840944553682]}, "pcr_min_ew": 0.9994688728932417, "pcr_max_ew": 0.9999999996798924}