{"r_count": 456605.0001, "r_mean": 0.004546032684510767, "r_var": 1413.901954731009, "tanh_k": 2.0, "feature_welford": {"unrealized_pnl": [456607, 85981.0586312613, 1.4023341763369974e+17], "realized_pnl": [456607, 41872.17290052526, 1.0765196635661262e+17], "compounded_returns": [456607, 18231.171622229183, 89891046869358.92], "balance": [456607, 33771698.40507946, 2.939248193012859e+20], "position_value": [456607, 213934.43956933418, 1.8607736807339456e+17], "current_position_size": [456607, 1069614.8370261812, 4.651903066556774e+18], "last_log_ret": [456607, 0.009311596947392165, 1123.5029338560087], "sortino_ratio": [456607, 7.039688451018243, 197901870336.8967], "rolling_pnl_sigma": [456607, 0.016883142626331844, 457.71127697878904], "portfolio_cash_ratio": [456607, 0.8762928363741788, 28477.34881598283], "free_collateral": [456607, 34048920.41662124, 2.911521305493485e+20], "mm_reqs": [456607, 22736.726473521077, 8073263443837094.0], "unrealized_pnl_0": [456607, 5.9955347064332285, 271987864256.2673], "unrealized_pnl_1": [456607, -3.7535222928015766, 1329822412405.8823], "unrealized_pnl_2": [456607, 33296.93259210679, 1.6609938884948294e+16], "unrealized_pnl_3": [456607, 73892.92289220484, 2.090063578174329e+17], "unrealized_pnl_4": [456607, 135.92918808345019, 4793729641528.512], "unrealized_pnl_5": [456607, 4795.081297105808, 1512392664288725.2], "unrealized_pnl_6": [456607, 86.96393543638797, 5736788658522.171], "unrealized_pnl_7": [456607, 52.997261317798326, 672071786695.2776], "unrealized_pnl_8": [456607, 60.255843190274724, 674768255766.4594], "unrealized_pnl_9": [456607, 1332.7433266134121, 172538294819361.3], "margin_usage_ratio": [456607, 0.004598840617613356, 41.2349299937116]}, "pcr_min_ew": 0.9971645060865384, "pcr_max_ew": 0.999999999827366}