{"r_count": 568305.0001000001, "r_mean": 0.004851637524397232, "r_var": 1538.1377887041535, "tanh_k": 2.0, "feature_welford": {"unrealized_pnl": [568307, 94836.82656274829, 1.9722182430594506e+17], "realized_pnl": [568307, 44474.25202861932, 1.481743825532198e+17], "compounded_returns": [568307, 19507.121010723153, 120324059845620.98], "balance": [568307, 35903679.513175644, 3.964831142773723e+20], "position_value": [568307, 224953.8867760322, 2.4878878596730774e+17], "current_position_size": [568307, 1124717.2021651473, 6.219692886490428e+18], "last_log_ret": [568307, 0.009431037018716445, 1245.740765307111], "sortino_ratio": [568307, 7.441761864884628, 207523308303.29565], "rolling_pnl_sigma": [568307, 0.01584012285975289, 504.336740899775], "portfolio_cash_ratio": [568307, 0.8832279562024998, 33088.64554541426], "free_collateral": [568307, 36199522.4430475, 3.9242507957143405e+20], "mm_reqs": [568307, 23995.45125936181, 1.0978691904675238e+16], "unrealized_pnl_0": [568307, 4.73397725472871, 295887090611.8504], "unrealized_pnl_1": [568307, -2.3329413101048218, 1542925823098.31], "unrealized_pnl_2": [568307, 37796.01696338551, 2.5692211566112144e+16], "unrealized_pnl_3": [568307, 79679.12622459227, 2.8792452228643766e+17], "unrealized_pnl_4": [568307, 144.75691772545176, 5627539775945.046], "unrealized_pnl_5": [568307, 5148.953058055618, 1903798123001030.2], "unrealized_pnl_6": [568307, 77.22540018998131, 5615873480963.075], "unrealized_pnl_7": [568307, 66.04178689609994, 1042044761850.2806], "unrealized_pnl_8": [568307, 70.19431395780917, 911968042993.525], "unrealized_pnl_9": [568307, 1405.260479496227, 224150711573163.16], "margin_usage_ratio": [568307, 0.00435881487286218, 48.497500106027594]}, "pcr_min_ew": 0.9929669546519094, "pcr_max_ew": 0.9999999942896002}