{"r_count": 596230.0001000001, "r_mean": 0.004920185027682831, "r_var": 1569.2864821876965, "tanh_k": 2.0, "feature_welford": {"unrealized_pnl": [596232, 96166.46513403804, 2.1245254460019133e+17], "realized_pnl": [596232, 44815.79052588592, 1.5889944617365616e+17], "compounded_returns": [596232, 19793.297519746535, 128584285514770.8], "balance": [596232, 36392368.71995292, 4.244575584403774e+20], "position_value": [596232, 226324.43883117623, 2.641914461599643e+17], "current_position_size": [596232, 1131576.7314967487, 6.604759918013228e+18], "last_log_ret": [596232, 0.009455480785024775, 1276.3694525061735], "sortino_ratio": [596232, 8.50540556680473, 255273949166.77777], "rolling_pnl_sigma": [596232, 0.015628926499524895, 515.8523908843272], "portfolio_cash_ratio": [596232, 0.8846839010950689, 34213.989062021305], "free_collateral": [596232, 36690762.96323179, 4.200555683358787e+20], "mm_reqs": [596232, 24146.12448949075, 1.1635310802089904e+16], "unrealized_pnl_0": [596232, 5.823857018897332, 333313494510.9365], "unrealized_pnl_1": [596232, -3.49601263199865, 1703789046684.441], "unrealized_pnl_2": [596232, 38421.43500200391, 2.7894232616878324e+16], "unrealized_pnl_3": [596232, 80876.60889142439, 3.1206320444770016e+17], "unrealized_pnl_4": [596232, 141.93742195053886, 5604823498168.463], "unrealized_pnl_5": [596232, 5124.377660971307, 1924310960160604.5], "unrealized_pnl_6": [596232, 91.31951794884768, 6498977408643.226], "unrealized_pnl_7": [596232, 71.11742278901144, 1128281412816.852], "unrealized_pnl_8": [596232, 70.4669231089486, 911873564028.1469], "unrealized_pnl_9": [596232, 1403.6075192617843, 241777473610919.06], "margin_usage_ratio": [596232, 0.004310770058563579, 50.34711797886418]}, "pcr_min_ew": 0.998312630727649, "pcr_max_ew": 1.000000000000077}