{"r_count": 721334.0001000001, "r_mean": 0.00519093533550871, "r_var": 1707.0511026670351, "tanh_k": 2.0, "feature_welford": {"unrealized_pnl": [721336, 103906.2101777725, 2.8667121071337466e+17], "realized_pnl": [721336, 47191.87432937285, 2.1847854669241e+17], "compounded_returns": [721336, 20920.836245573377, 166157675041258.78], "balance": [721336, 38306711.42389069, 5.515635557680861e+20], "position_value": [721336, 234502.62790104168, 3.3633792228389574e+17], "current_position_size": [721336, 1172464.1777330553, 8.408429088948152e+18], "last_log_ret": [721336, 0.009545505865042854, 1412.8415599392006], "sortino_ratio": [721336, 10.303584830743546, 408323248884.7685], "rolling_pnl_sigma": [721336, 0.0148453101962811, 564.905999978766], "portfolio_cash_ratio": [721336, 0.8896933472544554, 39192.09874936808], "free_collateral": [721336, 38620130.62175668, 5.453886118234783e+20], "mm_reqs": [721336, 25037.10404587298, 1.5100568556984158e+16], "unrealized_pnl_0": [721336, 4.661244014568907, 332960311617.8448], "unrealized_pnl_1": [721336, -4.840679871748574, 1982600681598.6194], "unrealized_pnl_2": [721336, 43005.69327667292, 4.194221042644837e+16], "unrealized_pnl_3": [721336, 85594.9516710698, 4.223214670412097e+17], "unrealized_pnl_4": [721336, 160.2987191729402, 6659350312753.066], "unrealized_pnl_5": [721336, 5563.325596372119, 2293032097062841.5], "unrealized_pnl_6": [721336, 92.67624042369516, 7143625134119.085], "unrealized_pnl_7": [721336, 82.3168629795437, 1512511913844.546], "unrealized_pnl_8": [721336, 71.67406127086444, 1161335971307.7034], "unrealized_pnl_9": [721336, 1453.683602339936, 312895650531073.2], "margin_usage_ratio": [721336, 0.004139652449862562, 58.50446205439333]}, "pcr_min_ew": 0.9931397951144139, "pcr_max_ew": 0.9999999974213633}