{"r_count": 983829.0001000001, "r_mean": 0.005760367432872921, "r_var": 1991.4887179095817, "tanh_k": 2.0, "feature_welford": {"unrealized_pnl": [983831, 124100.41232405946, 5.16578629443582e+17], "realized_pnl": [983831, 52083.413550992285, 3.704585729843358e+17], "compounded_returns": [983831, 23255.285367126467, 270481042931305.78], "balance": [983831, 42384611.25856047, 9.052518528929822e+20], "position_value": [983831, 253727.10204981655, 5.301537082075999e+17], "current_position_size": [983831, 1268590.7010641615, 1.3253832503452178e+19], "last_log_ret": [983831, 0.009690261981811426, 1698.7713360858818], "sortino_ratio": [983831, 9.23616365935247, 429618194789.56415], "rolling_pnl_sigma": [983831, 0.01386838732502708, 663.1422503722781], "portfolio_cash_ratio": [983831, 0.8959706078711865, 49521.661137232004], "free_collateral": [983831, 42734214.91462037, 8.948838871294066e+20], "mm_reqs": [983831, 28266.67252157447, 2.587750241484835e+16], "unrealized_pnl_0": [983831, 3.69672516153493, 448339777913.2722], "unrealized_pnl_1": [983831, -4.135043334750641, 2377474290069.8677], "unrealized_pnl_2": [983831, 51554.18746387394, 8.707169006200176e+16], "unrealized_pnl_3": [983831, 99844.37759407809, 7.335223159099665e+17], "unrealized_pnl_4": [983831, 190.33528709719923, 10044298889711.994], "unrealized_pnl_5": [983831, 6499.70273661165, 3240664442832912.0], "unrealized_pnl_6": [983831, 126.29017155844426, 9889800019602.71], "unrealized_pnl_7": [983831, 90.86046002827277, 2344661640645.6343], "unrealized_pnl_8": [983831, 68.46786110070362, 1589127283206.0457], "unrealized_pnl_9": [983831, 1525.4521598936046, 524212621841377.0], "margin_usage_ratio": [983831, 0.003943914402737782, 75.88282732894035]}, "pcr_min_ew": 0.9994420026948626, "pcr_max_ew": 0.9999999998183376}