{"r_count": 692292.0001000001, "r_mean": 0.005130575743114091, "r_var": 1676.41753170515, "tanh_k": 2.0, "feature_welford": {"unrealized_pnl": [692294, 102710.76582050267, 2.7215595403756432e+17], "realized_pnl": [692294, 46813.09652571963, 2.0421865257607888e+17], "compounded_returns": [692294, 20679.06735928448, 157263287620086.66], "balance": [692294, 37932454.54791136, 5.227373069317312e+20], "position_value": [692294, 232945.5208525712, 3.224139258633834e+17], "current_position_size": [692294, 1164671.5300947311, 8.060316646139469e+18], "last_log_ret": [692294, 0.009527882909186365, 1382.4063653798696], "sortino_ratio": [692294, 8.561903960747308, 426307963298.4734], "rolling_pnl_sigma": [692294, 0.015020788300411266, 554.4021728303537], "portfolio_cash_ratio": [692294, 0.8887043303052732, 38048.261548767594], "free_collateral": [692294, 38243071.21931446, 5.170200655764322e+20], "mm_reqs": [692294, 25077.3321838017, 1.4726485399006852e+16], "unrealized_pnl_0": [692294, 4.660609620722559, 328244219607.105], "unrealized_pnl_1": [692294, -4.012858553445697, 1935076706165.458], "unrealized_pnl_2": [692294, 41784.52095399763, 3.828016262679592e+16], "unrealized_pnl_3": [692294, 84993.21364804413, 3.962615330037917e+17], "unrealized_pnl_4": [692294, 160.0386363005422, 6567139810445.172], "unrealized_pnl_5": [692294, 5437.987523638385, 2211795953412779.2], "unrealized_pnl_6": [692294, 92.85895713467207, 7240444707475.001], "unrealized_pnl_7": [692294, 79.56770468073775, 1348866355053.3079], "unrealized_pnl_8": [692294, 71.93463893649752, 1107747028018.9375], "unrealized_pnl_9": [692294, 1478.3592178308886, 305664649988717.9], "margin_usage_ratio": [692294, 0.0041758262749298294, 56.68035398181917]}, "pcr_min_ew": 0.9986828281439122, "pcr_max_ew": 0.9999999920015321}