{"r_count": 617453.0001000001, "r_mean": 0.004965488589671466, "r_var": 1592.3535586315033, "tanh_k": 2.0, "feature_welford": {"unrealized_pnl": [617455, 97629.29738481657, 2.2335834779550006e+17], "realized_pnl": [617455, 45435.0092598818, 1.6905882708685267e+17], "compounded_returns": [617455, 19991.574508762922, 134755657321187.53], "balance": [617455, 36712135.86258489, 4.4471401849054246e+20], "position_value": [617455, 228067.3810401172, 2.762119145980271e+17], "current_position_size": [617455, 1140279.9481062675, 6.905268131401439e+18], "last_log_ret": [617455, 0.009471949933172071, 1299.1786079425663], "sortino_ratio": [617455, 8.174739289542865, 251732836966.248], "rolling_pnl_sigma": [617455, 0.015474440889252065, 524.1293187857601], "portfolio_cash_ratio": [617455, 0.8855789637662677, 35101.914878166564], "free_collateral": [617455, 37013603.051956914, 4.400239464176287e+20], "mm_reqs": [617455, 24267.173055714276, 1.2165289969311236e+16], "unrealized_pnl_0": [617455, 6.041706538957473, 359920048047.6817], "unrealized_pnl_1": [617455, -5.371202582976358, 1816234059107.1184], "unrealized_pnl_2": [617455, 39360.0691594414, 2.9906202640484756e+16], "unrealized_pnl_3": [617455, 81582.06461329227, 3.286138937009749e+17], "unrealized_pnl_4": [617455, 148.6256625829971, 5885655508720.964], "unrealized_pnl_5": [617455, 5289.035686044507, 2070736990771068.8], "unrealized_pnl_6": [617455, 81.73727213848001, 5742790817122.164], "unrealized_pnl_7": [617455, 70.26120777665132, 1297045486036.3674], "unrealized_pnl_8": [617455, 72.54153337008107, 1000007118923.7585], "unrealized_pnl_9": [617455, 1423.7415328111747, 252088925852562.72], "margin_usage_ratio": [617455, 0.004278161950367575, 51.7593611447956]}, "pcr_min_ew": 0.9987496380757863, "pcr_max_ew": 1.0000000000000497}