{"r_count": 898937.0001000001, "r_mean": 0.005595677294493478, "r_var": 1900.0012655906405, "tanh_k": 2.0, "feature_welford": {"unrealized_pnl": [898939, 118527.17103156164, 4.440301714755825e+17], "realized_pnl": [898939, 50869.69078613566, 3.1792992231836397e+17], "compounded_returns": [898939, 22649.38647065218, 237922845428724.34], "balance": [898939, 41333911.086915, 7.95044944030145e+20], "position_value": [898939, 248698.33959490567, 4.701944802618008e+17], "current_position_size": [898939, 1243433.5042556848, 1.1754838968964608e+19], "last_log_ret": [898939, 0.009652881755805283, 1606.5270450470798], "sortino_ratio": [898939, 6.30293960608222, 201899831961.04236], "rolling_pnl_sigma": [898939, 0.014130034871098276, 631.7657091270981], "portfolio_cash_ratio": [898939, 0.8944519886514531, 46115.18133090262], "free_collateral": [898939, 41673727.60013186, 7.861417390287939e+20], "mm_reqs": [898939, 27443.953124578504, 2.256694617538547e+16], "unrealized_pnl_0": [898939, 3.891151933016739, 398885073477.8032], "unrealized_pnl_1": [898939, -4.208387000592453, 2586926631873.921], "unrealized_pnl_2": [898939, 48542.281281553085, 6.894420347445958e+16], "unrealized_pnl_3": [898939, 96341.37394881381, 6.330318359940074e+17], "unrealized_pnl_4": [898939, 182.65791855911792, 8011175414401.885], "unrealized_pnl_5": [898939, 6280.425470575513, 3051637652917502.5], "unrealized_pnl_6": [898939, 119.22663605847488, 10089258551014.584], "unrealized_pnl_7": [898939, 88.53353148451154, 1939444452096.2847], "unrealized_pnl_8": [898939, 67.19185959622854, 1347199827908.1992], "unrealized_pnl_9": [898939, 1561.5454086922512, 476692520954900.9], "margin_usage_ratio": [898939, 0.003993428242166713, 70.24468096259722]}, "pcr_min_ew": 0.9995940032084889, "pcr_max_ew": 0.9999999761117264}