{"r_count": 709047.0001000001, "r_mean": 0.005166058898676072, "r_var": 1693.6548068374354, "tanh_k": 2.0, "feature_welford": {"unrealized_pnl": [709049, 103344.0951461791, 2.7979809161494394e+17], "realized_pnl": [709049, 47072.808040129676, 2.1357443774901558e+17], "compounded_returns": [709049, 20821.113160211342, 162449379836866.75], "balance": [709049, 38138975.11942411, 5.3910977469950624e+20], "position_value": [709049, 233883.7104387288, 3.2937939155357734e+17], "current_position_size": [709049, 1169369.102255228, 8.23446506959585e+18], "last_log_ret": [709049, 0.009537891956878217, 1399.5216242548468], "sortino_ratio": [709049, 10.3881075181291, 408078405396.0264], "rolling_pnl_sigma": [709049, 0.014912491144826527, 560.212367495254], "portfolio_cash_ratio": [709049, 0.8892627810556482, 38713.3467980332], "free_collateral": [709049, 38451246.21382785, 5.331246425965745e+20], "mm_reqs": [709049, 25002.187687031674, 1.4813782061448108e+16], "unrealized_pnl_0": [709049, 4.67476348420785, 331982997110.54736], "unrealized_pnl_1": [709049, -4.77287091750095, 1901237745807.7195], "unrealized_pnl_2": [709049, 42604.61360187546, 4.051281281209415e+16], "unrealized_pnl_3": [709049, 85263.17850242865, 4.1166963812474054e+17], "unrealized_pnl_4": [709049, 158.6245581069351, 6586246686187.749], "unrealized_pnl_5": [709049, 5529.07399111891, 2258624895775601.0], "unrealized_pnl_6": [709049, 91.28616405703089, 7069338764243.69], "unrealized_pnl_7": [709049, 81.65365135712646, 1481142883184.9639], "unrealized_pnl_8": [709049, 71.66138275142524, 1143949860115.5378], "unrealized_pnl_9": [709049, 1445.5897383861736, 304018242001994.94], "margin_usage_ratio": [709049, 0.004154870559622072, 57.73295856279081]}, "pcr_min_ew": 0.997234008721222, "pcr_max_ew": 0.9999999999999746}