{"r_count": 701228.0001000001, "r_mean": 0.0051500077378128705, "r_var": 1684.9392763345127, "tanh_k": 2.0, "feature_welford": {"unrealized_pnl": [701230, 103398.4082334292, 2.7816704476159338e+17], "realized_pnl": [701230, 47177.865468142074, 2.10751583788805e+17], "compounded_returns": [701230, 20787.330364034755, 160983759887595.38], "balance": [701230, 38081199.53850458, 5.337161639736485e+20], "position_value": [701230, 233845.87972056505, 3.2683692420796806e+17], "current_position_size": [701230, 1169168.1529089091, 8.170892619420156e+18], "last_log_ret": [701230, 0.009533662396977389, 1390.9650189346844], "sortino_ratio": [701230, 6.547562860215927, 200977429653.46106], "rolling_pnl_sigma": [701230, 0.014961185211383683, 557.4850079306206], "portfolio_cash_ratio": [701230, 0.8890205557469394, 38381.041139764675], "free_collateral": [701230, 38393548.62273211, 5.2788333597183266e+20], "mm_reqs": [701230, 24940.0901768479, 1.454841851408627e+16], "unrealized_pnl_0": [701230, 4.59292089752821, 342087124712.1016], "unrealized_pnl_1": [701230, -11.309380799341687, 2657279013506.7593], "unrealized_pnl_2": [701230, 42480.04759173877, 3.967858603500437e+16], "unrealized_pnl_3": [701230, 85148.02650743804, 4.060521671776803e+17], "unrealized_pnl_4": [701230, 156.01687574783102, 7002722254917.05], "unrealized_pnl_5": [701230, 5600.666670507263, 2316709871581997.5], "unrealized_pnl_6": [701230, 90.92632792826448, 7317835765799.674], "unrealized_pnl_7": [701230, 79.68099897238412, 1338508336709.173], "unrealized_pnl_8": [701230, 69.98684098815622, 1277859390419.7905], "unrealized_pnl_9": [701230, 1466.9196730769108, 322879951311988.56], "margin_usage_ratio": [701230, 0.00415827219018096, 57.00032175065496]}, "pcr_min_ew": 0.9974266082252582, "pcr_max_ew": 0.9999999827462815}