{"r_count": 712398.0001000001, "r_mean": 0.005175434685573125, "r_var": 1697.9446627225072, "tanh_k": 2.0, "feature_welford": {"unrealized_pnl": [712400, 104325.9380341417, 2.8468692229688205e+17], "realized_pnl": [712400, 47157.85744887759, 2.1217365451203005e+17], "compounded_returns": [712400, 20855.59789748051, 163482245006498.25], "balance": [712400, 38222158.55557054, 5.4346943165292406e+20], "position_value": [712400, 234883.77368890255, 3.328209876099541e+17], "current_position_size": [712400, 1174364.8943565774, 8.320504029781327e+18], "last_log_ret": [712400, 0.009540260686433297, 1403.9685201216591], "sortino_ratio": [712400, 7.498594678542823, 212453690482.05774], "rolling_pnl_sigma": [712400, 0.014908233201369123, 561.6772716785707], "portfolio_cash_ratio": [712400, 0.8894442932929525, 38786.12543696495], "free_collateral": [712400, 38536320.18672521, 5.374353617616374e+20], "mm_reqs": [712400, 25102.910075971235, 1.5009862259151854e+16], "unrealized_pnl_0": [712400, 4.1512370747954686, 343509275507.6758], "unrealized_pnl_1": [712400, -0.6884947986725825, 1782836789588.8193], "unrealized_pnl_2": [712400, 43211.06709636133, 4.200264828952191e+16], "unrealized_pnl_3": [712400, 85453.56374345458, 4.1167708681484314e+17], "unrealized_pnl_4": [712400, 156.01444573031316, 6829396531562.135], "unrealized_pnl_5": [712400, 5569.17361960621, 2418477752018736.5], "unrealized_pnl_6": [712400, 86.45257442502964, 6821343466893.544], "unrealized_pnl_7": [712400, 81.96173943580376, 1643293345336.2957], "unrealized_pnl_8": [712400, 71.81471871805346, 1125795136866.9414], "unrealized_pnl_9": [712400, 1474.5738164051495, 315115587512720.94], "margin_usage_ratio": [712400, 0.004150147992904459, 57.87185211070647]}, "pcr_min_ew": 0.9972936724964615, "pcr_max_ew": 0.9999999837641466}