{"r_count": 602932.0001000001, "r_mean": 0.004935294014299604, "r_var": 1576.1585110174656, "tanh_k": 2.0, "feature_welford": {"unrealized_pnl": [602934, 96422.57189121393, 2.1548779075306458e+17], "realized_pnl": [602934, 45341.510147565, 1.657518352138809e+17], "compounded_returns": [602934, 19887.427516442574, 131111780219321.44], "balance": [602934, 36532699.02182017, 4.321136346010937e+20], "position_value": [602934, 226744.27500352985, 2.6739581493506186e+17], "current_position_size": [602934, 1133673.439647453, 6.68486849955902e+18], "last_log_ret": [602934, 0.009461484141951845, 1283.1391089108192], "sortino_ratio": [602934, 6.629099625146942, 199506335664.97656], "rolling_pnl_sigma": [602934, 0.01557161037454582, 518.4965187679055], "portfolio_cash_ratio": [602934, 0.8849504940712971, 34501.50437850829], "free_collateral": [602934, 36831791.1013151, 4.276162574208817e+20], "mm_reqs": [602934, 24123.306447224877, 1.1773402550117318e+16], "unrealized_pnl_0": [602934, 4.524941589639001, 301725631942.7108], "unrealized_pnl_1": [602934, -8.421965235124391, 2030478007916.6902], "unrealized_pnl_2": [602934, 38888.14201013521, 2.8484667431646892e+16], "unrealized_pnl_3": [602934, 80713.38675342815, 3.1764427702696384e+17], "unrealized_pnl_4": [602934, 145.19458077321775, 6129386658571.843], "unrealized_pnl_5": [602934, 5249.0400704667845, 1969264078128355.8], "unrealized_pnl_6": [602934, 90.17037205394978, 6057892329125.816], "unrealized_pnl_7": [602934, 69.10110791428876, 1001808040946.6702], "unrealized_pnl_8": [602934, 71.55171053598453, 998476469145.0123], "unrealized_pnl_9": [602934, 1440.9399339662182, 255938559538229.38], "margin_usage_ratio": [602934, 0.004296719264972719, 50.691329488427584]}, "pcr_min_ew": 0.9972505647369035, "pcr_max_ew": 1.0000000000000657}