{"r_count": 752610.0001000001, "r_mean": 0.00528458740544079, "r_var": 1742.9309892305382, "tanh_k": 2.0, "feature_welford": {"unrealized_pnl": [752612, 108966.44510817247, 3.262036601111e+17], "realized_pnl": [752612, 48522.57882100412, 2.4014767312946714e+17], "compounded_returns": [752612, 21459.074531322483, 183228308764982.06], "balance": [752612, 39318801.45378583, 6.1127022884988e+20], "position_value": [752612, 239063.00788060238, 3.6822243010158176e+17], "current_position_size": [752612, 1195264.7744911527, 9.205544330246191e+18], "last_log_ret": [752612, 0.009575854392260798, 1448.9325587361652], "sortino_ratio": [752612, 6.644918905935446, 201635842653.35046], "rolling_pnl_sigma": [752612, 0.014722057366351626, 578.1607091491475], "portfolio_cash_ratio": [752612, 0.8906839338345154, 40410.44870723636], "free_collateral": [752612, 39640773.36656542, 6.046402118617074e+20], "mm_reqs": [752612, 26102.735201935637, 1.7133725229829048e+16], "unrealized_pnl_0": [752612, 3.9226853653450875, 309341284098.9101], "unrealized_pnl_1": [752612, -2.1457373115535536, 1830848891783.4983], "unrealized_pnl_2": [752612, 44175.23859168036, 4.651235812611254e+16], "unrealized_pnl_3": [752612, 89627.05576963705, 4.675317492529328e+17], "unrealized_pnl_4": [752612, 167.02310789356721, 7939888911773.03], "unrealized_pnl_5": [752612, 5731.1237710784035, 2489557229827037.5], "unrealized_pnl_6": [752612, 104.7593630386784, 7879685108678.898], "unrealized_pnl_7": [752612, 82.69800374158821, 1547615316969.8936], "unrealized_pnl_8": [752612, 71.52541376211458, 1288182404057.1516], "unrealized_pnl_9": [752612, 1470.4687578840244, 355130983301416.4], "margin_usage_ratio": [752612, 0.004116070216289769, 60.62780712775108]}, "pcr_min_ew": 0.9955529066773118, "pcr_max_ew": 0.9999555285107762}