{"r_count": 970425.0001000001, "r_mean": 0.005755298435952767, "r_var": 1977.8826328770144, "tanh_k": 2.0, "feature_welford": {"unrealized_pnl": [970427, 124846.10090917902, 5.206526808271525e+17], "realized_pnl": [970427, 52384.469869012275, 3.677096030247694e+17], "compounded_returns": [970427, 23364.25094838683, 271039756398794.03], "balance": [970427, 42616370.597814165, 9.073509045296168e+20], "position_value": [970427, 254442.00695003715, 5.312644200659398e+17], "current_position_size": [970427, 1272165.034661013, 1.3281601287149423e+19], "last_log_ret": [970427, 0.009692568962121334, 1685.5042382066026], "sortino_ratio": [970427, 5.936379705656229, 202050061393.19052], "rolling_pnl_sigma": [970427, 0.013923073694632311, 659.1267205152029], "portfolio_cash_ratio": [970427, 0.8957404582867139, 48946.007676501235], "free_collateral": [970427, 42967143.30833058, 8.97136378708332e+20], "mm_reqs": [970427, 28561.080737346503, 2.6124780672856708e+16], "unrealized_pnl_0": [970427, 3.909812650791551, 346914652606.94727], "unrealized_pnl_1": [970427, -3.362477137158551, 2389066878548.7437], "unrealized_pnl_2": [970427, 51020.12554003779, 8.278576080723314e+16], "unrealized_pnl_3": [970427, 100792.86357865963, 7.296721595445768e+17], "unrealized_pnl_4": [970427, 190.31832020402058, 10095026054441.445], "unrealized_pnl_5": [970427, 6537.667011876078, 3359971514506714.5], "unrealized_pnl_6": [970427, 126.6639343842299, 10639462393285.451], "unrealized_pnl_7": [970427, 90.46190254733389, 2327270417194.3677], "unrealized_pnl_8": [970427, 66.34566863637937, 1537982493111.628], "unrealized_pnl_9": [970427, 1496.8104957802036, 518620483220645.5], "margin_usage_ratio": [970427, 0.003952597368700556, 74.84234362042419]}, "pcr_min_ew": 0.9925882636715477, "pcr_max_ew": 0.99999999757825}