{"r_count": 805109.0001000001, "r_mean": 0.005374491778620542, "r_var": 1799.3092849284742, "tanh_k": 2.0, "feature_welford": {"unrealized_pnl": [805111, 111738.5086544058, 3.5965746588925216e+17], "realized_pnl": [805111, 48911.105533936956, 2.5930983831379174e+17], "compounded_returns": [805111, 21719.72900193264, 197506757853564.12], "balance": [805111, 39715248.184236765, 6.583997886117929e+20], "position_value": [805111, 242202.93711044904, 4.003405122281855e+17], "current_position_size": [805111, 1210971.1828262853, 1.0008492881426315e+19], "last_log_ret": [805111, 0.009598449319098102, 1505.044570499506], "sortino_ratio": [805111, 7.9081128367596785, 299784593658.72345], "rolling_pnl_sigma": [805111, 0.014479998400982652, 597.2894889083642], "portfolio_cash_ratio": [805111, 0.8923102531806081, 42395.11773545164], "free_collateral": [805111, 40042794.40094713, 6.510764192904991e+20], "mm_reqs": [805111, 26435.866312715374, 1.8719657028103068e+16], "unrealized_pnl_0": [805111, 4.612292362517092, 398640311273.10864], "unrealized_pnl_1": [805111, -2.1541461126573602, 2098067433488.053], "unrealized_pnl_2": [805111, 45837.555376944656, 5.370001188411557e+16], "unrealized_pnl_3": [805111, 91066.66783755744, 5.138458797332133e+17], "unrealized_pnl_4": [805111, 167.8882082142364, 7646363221748.414], "unrealized_pnl_5": [805111, 5860.551912066989, 2684394683719628.0], "unrealized_pnl_6": [805111, 102.57797512632472, 7676160052609.739], "unrealized_pnl_7": [805111, 90.48164519367927, 1897072915414.6423], "unrealized_pnl_8": [805111, 68.68172672305163, 1235692946064.9468], "unrealized_pnl_9": [805111, 1545.9480798383602, 411516914413647.1], "margin_usage_ratio": [805111, 0.004061124285179835, 63.96274424392977]}, "pcr_min_ew": 0.9982906964109592, "pcr_max_ew": 0.9999999996829605}