{"r_count": 475594.0001, "r_mean": 0.004606881674448908, "r_var": 1434.391030824919, "tanh_k": 2.0, "feature_welford": {"unrealized_pnl": [475596, 87571.66101583057, 1.4906339081994026e+17], "realized_pnl": [475596, 42347.11004722956, 1.1331236128621114e+17], "compounded_returns": [475596, 18483.474587985358, 95123936664823.69], "balance": [475596, 34162052.172675915, 3.106840901206398e+20], "position_value": [475596, 216290.09425400264, 1.965935418927444e+17], "current_position_size": [475596, 1081395.3989514774, 4.914808030856554e+18], "last_log_ret": [475596, 0.009335045187996537, 1143.5483315527279], "sortino_ratio": [475596, 6.95486062495806, 197928847948.05276], "rolling_pnl_sigma": [475596, 0.01667666059528957, 465.60376843435745], "portfolio_cash_ratio": [475596, 0.8775335154012694, 29323.443699527514], "free_collateral": [475596, 34442972.38233725, 3.0770573618136344e+20], "mm_reqs": [475596, 22981.541482130673, 8522604366519520.0], "unrealized_pnl_0": [475596, 6.116603486658629, 278607376466.10675], "unrealized_pnl_1": [475596, -3.9603580632270794, 1368302982633.32], "unrealized_pnl_2": [475596, 34062.78498573527, 1.7921079026050426e+16], "unrealized_pnl_3": [475596, 74996.95585940391, 2.21156522853089e+17], "unrealized_pnl_4": [475596, 137.06930230680385, 4864606577024.773], "unrealized_pnl_5": [475596, 4844.67055079207, 1569110082072152.0], "unrealized_pnl_6": [475596, 77.89423947985625, 4730049985760.989], "unrealized_pnl_7": [475596, 54.21991988027801, 716768413090.0186], "unrealized_pnl_8": [475596, 63.12888233023777, 716050579980.6132], "unrealized_pnl_9": [475596, 1364.7463936422726, 174679592922474.62], "margin_usage_ratio": [475596, 0.004555702773996678, 42.526577036019084]}, "pcr_min_ew": 0.9976929728650298, "pcr_max_ew": 0.9999999983137249}