{"r_count": 895586.0001000001, "r_mean": 0.0056007879173733755, "r_var": 1897.5340494433945, "tanh_k": 2.0, "feature_welford": {"unrealized_pnl": [895588, 119814.16136519874, 4.496223402179844e+17], "realized_pnl": [895588, 51148.008669166644, 3.199579406234264e+17], "compounded_returns": [895588, 22743.767953346807, 239156589877028.1], "balance": [895588, 41535921.63568493, 7.996360978266875e+20], "position_value": [895588, 249665.99189455056, 4.736003799414059e+17], "current_position_size": [895588, 1248283.7180888813, 1.183999761784479e+19], "last_log_ret": [895588, 0.009656674118489902, 1604.2713787210903], "sortino_ratio": [895588, 6.173968656985363, 202000703822.01788], "rolling_pnl_sigma": [895588, 0.014156907752777457, 631.5306780175139], "portfolio_cash_ratio": [895588, 0.8943120512365891, 45991.89966060601], "free_collateral": [895588, 41877656.66611307, 7.907404363038407e+20], "mm_reqs": [895588, 27791.207276056044, 2.288565769535146e+16], "unrealized_pnl_0": [895588, 3.834888915808142, 331785671461.4428], "unrealized_pnl_1": [895588, -2.8090616562727573, 2259443440717.838], "unrealized_pnl_2": [895588, 48800.484508118505, 6.883115819611945e+16], "unrealized_pnl_3": [895588, 97136.83121782413, 6.321888346632204e+17], "unrealized_pnl_4": [895588, 183.72589599878273, 9294943351512.951], "unrealized_pnl_5": [895588, 6256.716688241937, 3039507593139721.5], "unrealized_pnl_6": [895588, 114.57471350540384, 9851632427177.732], "unrealized_pnl_7": [895588, 89.69304302464124, 2096676009377.9482], "unrealized_pnl_8": [895588, 67.68487720737431, 1443258538634.7878], "unrealized_pnl_9": [895588, 1491.182916962734, 463586399654782.8], "margin_usage_ratio": [895588, 0.003999065520872579, 69.92431332774407]}, "pcr_min_ew": 0.9970346718308128, "pcr_max_ew": 0.9999999926894267}