{"r_count": 645378.0001000001, "r_mean": 0.00502646518184683, "r_var": 1624.2700617814542, "tanh_k": 2.0, "feature_welford": {"unrealized_pnl": [645380, 99127.98991207108, 2.4070384859133187e+17], "realized_pnl": [645380, 45870.484009332096, 1.8237582897701104e+17], "compounded_returns": [645380, 20233.789018254487, 142410894406873.78], "balance": [645380, 37155546.60868092, 4.719192586413131e+20], "position_value": [645380, 229183.7339238483, 2.924944040430783e+17], "current_position_size": [645380, 1145869.146281658, 7.312333002684698e+18], "last_log_ret": [645380, 0.009493700186999495, 1330.672215816994], "sortino_ratio": [645380, 6.766028249218162, 199082735518.31326], "rolling_pnl_sigma": [645380, 0.015294833566009771, 535.7652220064568], "portfolio_cash_ratio": [645380, 0.8868701155736725, 36203.49510757233], "free_collateral": [645380, 37459339.71838877, 4.668577080771099e+20], "mm_reqs": [645380, 24557.56411256169, 1.3190223102095442e+16], "unrealized_pnl_0": [645380, 4.860607336591572, 322510768957.767], "unrealized_pnl_1": [645380, -3.315557247260714, 1822738902131.7988], "unrealized_pnl_2": [645380, 39987.65576755615, 3.2530144795568824e+16], "unrealized_pnl_3": [645380, 82674.61156168669, 3.5196253842603514e+17], "unrealized_pnl_4": [645380, 154.60025297789835, 6184440321929.426], "unrealized_pnl_5": [645380, 5301.558581954223, 2071564354163632.5], "unrealized_pnl_6": [645380, 91.55043193655493, 7024444877881.37], "unrealized_pnl_7": [645380, 74.62086737929, 1200673037875.11], "unrealized_pnl_8": [645380, 71.7017428951739, 1039169113709.6029], "unrealized_pnl_9": [645380, 1441.8872367956762, 269154307648157.16], "margin_usage_ratio": [645380, 0.004235790228079458, 53.624253223909896]}, "pcr_min_ew": 0.9997314788541188, "pcr_max_ew": 1.0000000000000264}