{"r_count": 839736.0001000001, "r_mean": 0.005463263958446808, "r_var": 1836.3409996125085, "tanh_k": 2.0, "feature_welford": {"unrealized_pnl": [839738, 114571.9566984064, 3.896074666354135e+17], "realized_pnl": [839738, 49740.469076078974, 2.7982678817849936e+17], "compounded_returns": [839738, 22096.38756388244, 212034649107047.5], "balance": [839738, 40364624.68192907, 7.066943832995792e+20], "position_value": [839738, 245146.1523427204, 4.2618199011724045e+17], "current_position_size": [839738, 1225677.923679094, 1.0654521512725815e+19], "last_log_ret": [839738, 0.009620650408906108, 1542.3737730497717], "sortino_ratio": [839738, 6.8786052339297425, 283120272426.32166], "rolling_pnl_sigma": [839738, 0.014351168393404458, 610.1645379176854], "portfolio_cash_ratio": [839738, 0.893073911289992, 43806.54059850579], "free_collateral": [839738, 40697633.277077384, 6.987694476280176e+20], "mm_reqs": [839738, 26751.35435167649, 1.9841332472729784e+16], "unrealized_pnl_0": [839738, 3.8524387284540933, 392162974397.3812], "unrealized_pnl_1": [839738, -5.00199960992501, 2271256767729.774], "unrealized_pnl_2": [839738, 47158.3992016662, 6.022560197688106e+16], "unrealized_pnl_3": [839738, 93078.96323037527, 5.5021230067596026e+17], "unrealized_pnl_4": [839738, 177.03766571752746, 8324776196404.162], "unrealized_pnl_5": [839738, 6026.335041501963, 2833617837213371.0], "unrealized_pnl_6": [839738, 106.3695357084844, 8081929948340.1], "unrealized_pnl_7": [839738, 89.28802516328052, 1930732929813.0452], "unrealized_pnl_8": [839738, 68.17278780671532, 1294409048501.64], "unrealized_pnl_9": [839738, 1531.3170733603858, 415644243199083.5], "margin_usage_ratio": [839738, 0.004033314632298791, 66.1775955192249]}, "pcr_min_ew": 0.9956011230873794, "pcr_max_ew": 0.9999999954755863}