{"r_count": 493466.0001, "r_mean": 0.004666836365225358, "r_var": 1454.1476794778941, "tanh_k": 2.0, "feature_welford": {"unrealized_pnl": [493468, 88806.3328987225, 1.579049899602211e+17], "realized_pnl": [493468, 42732.73842044175, 1.2088952908661542e+17], "compounded_returns": [493468, 18694.109896280956, 99871014963230.0], "balance": [493468, 34508276.56138666, 3.2651199510501006e+20], "position_value": [493468, 218054.45824793883, 2.0656411888044547e+17], "current_position_size": [493468, 1090219.0390222347, 5.164073098101559e+18], "last_log_ret": [493468, 0.009355678317520192, 1163.0079692223158], "sortino_ratio": [493468, 6.795619183716534, 197945565768.83807], "rolling_pnl_sigma": [493468, 0.016502701648255798, 473.1919146493828], "portfolio_cash_ratio": [493468, 0.8786974893797175, 30070.329121652372], "free_collateral": [493468, 34791983.23945603, 3.233354089796718e+20], "mm_reqs": [493468, 23186.352480576454, 8978943896989729.0], "unrealized_pnl_0": [493468, 5.80345147549567, 276207164529.52704], "unrealized_pnl_1": [493468, -3.26051318947461, 1409883145909.7546], "unrealized_pnl_2": [493468, 34469.19587093249, 1.8765303147080148e+16], "unrealized_pnl_3": [493468, 76216.66315180286, 2.3642586147429085e+17], "unrealized_pnl_4": [493468, 138.17206953212644, 5006087347068.441], "unrealized_pnl_5": [493468, 4965.429712993652, 1648609682138385.0], "unrealized_pnl_6": [493468, 87.0525394288613, 5893167202664.008], "unrealized_pnl_7": [493468, 56.22715971477232, 744850136547.829], "unrealized_pnl_8": [493468, 65.94875027900909, 773045823670.082], "unrealized_pnl_9": [493468, 1358.8821300843824, 192437594403604.34], "margin_usage_ratio": [493468, 0.0045156090636797016, 43.69839843893289]}, "pcr_min_ew": 0.9963523922562272, "pcr_max_ew": 0.999999957583916}