{"r_count": 491232.0001, "r_mean": 0.004644843973702036, "r_var": 1451.9251332698768, "tanh_k": 2.0, "feature_welford": {"unrealized_pnl": [491234, 88166.95830730889, 1.5451066149916278e+17], "realized_pnl": [491234, 42606.180061055, 1.1908374896858296e+17], "compounded_returns": [491234, 18607.049120672255, 98249833424656.23], "balance": [491234, 34361550.72326239, 3.2139908755924346e+20], "position_value": [491234, 217126.994998144, 2.035424344182107e+17], "current_position_size": [491234, 1085581.6549800227, 5.08853056417059e+18], "last_log_ret": [491234, 0.009350938862836502, 1160.7249444981046], "sortino_ratio": [491234, 6.864182974291496, 197963294430.58], "rolling_pnl_sigma": [491234, 0.016524496200299877, 472.34164208363393], "portfolio_cash_ratio": [491234, 0.8786433722034496, 29961.241528241004], "free_collateral": [491234, 34643875.260226525, 3.182520662568095e+20], "mm_reqs": [491234, 23011.95846217516, 8786596945236187.0], "unrealized_pnl_0": [491234, 6.494521621185108, 313894960540.0497], "unrealized_pnl_1": [491234, -3.3637754972081364, 1401449901350.2334], "unrealized_pnl_2": [491234, 34399.14519152815, 1.8788258697626664e+16], "unrealized_pnl_3": [491234, 75369.68784183104, 2.299682883584428e+17], "unrealized_pnl_4": [491234, 139.1840530744878, 4981764827697.883], "unrealized_pnl_5": [491234, 4937.493348773008, 1636940627335555.0], "unrealized_pnl_6": [491234, 84.02744019781231, 5347555308845.733], "unrealized_pnl_7": [491234, 57.221689260967445, 753055725283.2388], "unrealized_pnl_8": [491234, 64.64730477379504, 730938068417.6818], "unrealized_pnl_9": [491234, 1362.7340980308704, 183651373693958.47], "margin_usage_ratio": [491234, 0.004516499711055447, 43.53611591776947]}, "pcr_min_ew": 0.998466084048295, "pcr_max_ew": 0.9999999994588117}