{"r_count": 843087.0001000001, "r_mean": 0.0054770749842882206, "r_var": 1839.6166270065269, "tanh_k": 2.0, "feature_welford": {"unrealized_pnl": [843089, 114040.17805806371, 3.920420864635329e+17], "realized_pnl": [843089, 49865.481487558616, 2.8563473655094947e+17], "compounded_returns": [843089, 22155.062843152555, 214907974772701.3], "balance": [843089, 40469996.07006363, 7.16955000859405e+20], "position_value": [843089, 244274.98819390626, 4.2697569687156883e+17], "current_position_size": [843089, 1221318.5240947462, 1.0674368170726834e+19], "last_log_ret": [843089, 0.009623181424430418, 1545.7394978170935], "sortino_ratio": [843089, 6.508627641975318, 201872058553.7142], "rolling_pnl_sigma": [843089, 0.01432415724041965, 610.9502761661497], "portfolio_cash_ratio": [843089, 0.8932423175141649, 43908.72659587256], "free_collateral": [843089, 40801665.20027498, 7.089575882927848e+20], "mm_reqs": [843089, 26683.177931004655, 2.005597442215634e+16], "unrealized_pnl_0": [843089, 3.951878738321535, 385222177017.4614], "unrealized_pnl_1": [843089, -4.771346915325641, 2484632543757.001], "unrealized_pnl_2": [843089, 46750.46890080329, 5.9274344333909224e+16], "unrealized_pnl_3": [843089, 93195.69370507728, 5.650289762400191e+17], "unrealized_pnl_4": [843089, 175.88882481263698, 7553543033695.498], "unrealized_pnl_5": [843089, 6053.543370111484, 2792224941360966.0], "unrealized_pnl_6": [843089, 111.942786411762, 9567574109093.6], "unrealized_pnl_7": [843089, 86.72172436533916, 1794391788489.0564], "unrealized_pnl_8": [843089, 68.3710526284447, 1280026747306.4941], "unrealized_pnl_9": [843089, 1542.9856656755755, 430441007698380.2], "margin_usage_ratio": [843089, 0.004031529958390103, 66.57197356311646]}, "pcr_min_ew": 0.9937964159579996, "pcr_max_ew": 0.9999999999999977}