{"r_count": 845321.0001000001, "r_mean": 0.005465494142854014, "r_var": 1842.9177893414812, "tanh_k": 2.0, "feature_welford": {"unrealized_pnl": [845323, 114659.65461501211, 3.93328160141723e+17], "realized_pnl": [845323, 49657.256634495716, 2.8144232400566474e+17], "compounded_returns": [845323, 22094.54219265648, 213402594654494.53], "balance": [845323, 40368357.83645067, 7.12143994067454e+20], "position_value": [845323, 245029.38314022688, 4.290914038222866e+17], "current_position_size": [845323, 1225105.4796897448, 1.0727266166911295e+19], "last_log_ret": [845323, 0.009621728712230534, 1548.8179806572102], "sortino_ratio": [845323, 7.711026247391366, 299837180426.7125], "rolling_pnl_sigma": [845323, 0.014321979027686574, 612.3130503569406], "portfolio_cash_ratio": [845323, 0.8933184204342359, 43965.49682515855], "free_collateral": [845323, 40701196.74309018, 7.041714409558231e+20], "mm_reqs": [845323, 26889.26968421549, 2.029599048025838e+16], "unrealized_pnl_0": [845323, 4.41932783890621, 401154874947.82294], "unrealized_pnl_1": [845323, -2.5553075650216965, 2282316493157.685], "unrealized_pnl_2": [845323, 47057.29535947786, 5.964474766847214e+16], "unrealized_pnl_3": [845323, 93176.06359144345, 5.600326095653374e+17], "unrealized_pnl_4": [845323, 171.5612997384784, 8487725510070.363], "unrealized_pnl_5": [845323, 6024.203165128695, 2825477325324259.5], "unrealized_pnl_6": [845323, 107.31347495356322, 7962634436562.645], "unrealized_pnl_7": [845323, 91.64178690185213, 2045910691882.3574], "unrealized_pnl_8": [845323, 67.90375771166644, 1278731341402.7756], "unrealized_pnl_9": [845323, 1559.733502090511, 446830517568802.3], "margin_usage_ratio": [845323, 0.004028550143015756, 66.56566907295881]}, "pcr_min_ew": 0.992555702013885, "pcr_max_ew": 1.0000000000000049}