{"r_count": 470009.0001, "r_mean": 0.004591225031471534, "r_var": 1428.5072776737834, "tanh_k": 2.0, "feature_welford": {"unrealized_pnl": [470011, 87212.61050887154, 1.4737480683667776e+17], "realized_pnl": [470011, 42231.83583324322, 1.1283222368762131e+17], "compounded_returns": [470011, 18427.0560460898, 93916850947793.25], "balance": [470011, 34085377.69769872, 3.069697765470032e+20], "position_value": [470011, 215323.93757384215, 1.9328130699078582e+17], "current_position_size": [470011, 1076563.960310908, 4.832001906074597e+18], "last_log_ret": [470011, 0.00932907830181916, 1137.8077788069354], "sortino_ratio": [470011, 7.022539183435257, 198002348433.65274], "rolling_pnl_sigma": [470011, 0.01673699241423704, 463.4764841718408], "portfolio_cash_ratio": [470011, 0.8771532436028289, 29084.777890453577], "free_collateral": [470011, 34365055.40349278, 3.04051234007557e+20], "mm_reqs": [470011, 22904.706839511513, 8407978323789625.0], "unrealized_pnl_0": [470011, 5.883328222181666, 271893727233.51315], "unrealized_pnl_1": [470011, -4.071112345230329, 1355145570958.4783], "unrealized_pnl_2": [470011, 33675.472371135475, 1.732931118687802e+16], "unrealized_pnl_3": [470011, 74928.2390964589, 2.19377171919139e+17], "unrealized_pnl_4": [470011, 138.1313099090751, 4872479774566.2295], "unrealized_pnl_5": [470011, 4879.266666978677, 1566805844415681.2], "unrealized_pnl_6": [470011, 80.46808158577777, 4751372525567.032], "unrealized_pnl_7": [470011, 54.151813745489314, 688673021872.0562], "unrealized_pnl_8": [470011, 61.916585108225874, 697714307363.1521], "unrealized_pnl_9": [470011, 1348.1500148210143, 169860854257322.44], "margin_usage_ratio": [470011, 0.00456902446723817, 42.17753208220173]}, "pcr_min_ew": 0.9985264070526123, "pcr_max_ew": 1.0000000000000597}