{"r_count": 674420.0001000001, "r_mean": 0.005091088416706698, "r_var": 1655.4168987622527, "tanh_k": 2.0, "feature_welford": {"unrealized_pnl": [674422, 101349.46148867228, 2.5794439892216298e+17], "realized_pnl": [674422, 46366.22650778105, 1.9447389415520413e+17], "compounded_returns": [674422, 20506.689124589077, 151365045831520.03], "balance": [674422, 37593828.74380425, 5.0138647360167235e+20], "position_value": [674422, 231829.84342431105, 3.0928228497894176e+17], "current_position_size": [674422, 1159100.0496629942, 7.732035892847156e+18], "last_log_ret": [674422, 0.00951418870115324, 1361.5496386575167], "sortino_ratio": [674422, 10.566048398899005, 407707871757.85474], "rolling_pnl_sigma": [674422, 0.015105987669526021, 546.5639399682166], "portfolio_cash_ratio": [674422, 0.8879797417930021, 37355.25470316084], "free_collateral": [674422, 37902280.66769014, 4.9590759335434184e+20], "mm_reqs": [674422, 24770.494457051773, 1.3825067752261322e+16], "unrealized_pnl_0": [674422, 4.599561833694452, 316020693061.5254], "unrealized_pnl_1": [674422, -4.031983733205993, 1853148451809.0862], "unrealized_pnl_2": [674422, 41529.64853827057, 3.674537399842127e+16], "unrealized_pnl_3": [674422, 83809.3145413677, 3.7719414517726784e+17], "unrealized_pnl_4": [674422, 153.91295529300916, 6343070370072.371], "unrealized_pnl_5": [674422, 5435.674307545359, 2163340874088431.5], "unrealized_pnl_6": [674422, 88.02293472730098, 6718577002636.149], "unrealized_pnl_7": [674422, 78.5984756590825, 1313184005214.668], "unrealized_pnl_8": [674422, 71.07365262982182, 1094977989625.7474], "unrealized_pnl_9": [674422, 1423.9608526285326, 278597489376129.72], "margin_usage_ratio": [674422, 0.004197948538965545, 55.49475018591162]}, "pcr_min_ew": 0.994199142552911, "pcr_max_ew": 0.9999999922456583}