{"r_count": 987180.0001000001, "r_mean": 0.005777964110607023, "r_var": 1994.7808834427954, "tanh_k": 2.0, "feature_welford": {"unrealized_pnl": [987182, 124400.20557634269, 5.25240485212937e+17], "realized_pnl": [987182, 52241.30652283006, 3.721466225122438e+17], "compounded_returns": [987182, 23366.33585589584, 275188302342505.72], "balance": [987182, 42588406.90291646, 9.214999541414292e+20], "position_value": [987182, 254400.51286867433, 5.378248320350159e+17], "current_position_size": [987182, 1271939.1956661218, 1.3445603374758617e+19], "last_log_ret": [987182, 0.009694395468020334, 1702.3844725373267], "sortino_ratio": [987182, 6.035752483285178, 202011342996.03918], "rolling_pnl_sigma": [987182, 0.013862810800217956, 664.345475392367], "portfolio_cash_ratio": [987182, 0.896052478598912, 49625.039076947294], "free_collateral": [987182, 42938905.24565856, 9.110344530138787e+20], "mm_reqs": [987182, 28335.97405176831, 2.6323241014550184e+16], "unrealized_pnl_0": [987182, 3.525529809571598, 409880072347.41473], "unrealized_pnl_1": [987182, -3.8065996236208632, 2729978756302.4253], "unrealized_pnl_2": [987182, 51369.60161942516, 8.673513042216006e+16], "unrealized_pnl_3": [987182, 100271.54216940093, 7.439645698949975e+17], "unrealized_pnl_4": [987182, 190.4620283026168, 8893299314694.662], "unrealized_pnl_5": [987182, 6604.101452789807, 3425054480566717.5], "unrealized_pnl_6": [987182, 131.26676783124586, 11403857825515.43], "unrealized_pnl_7": [987182, 90.09663104529561, 2235224994404.9023], "unrealized_pnl_8": [987182, 65.85593467159002, 1442188871705.3645], "unrealized_pnl_9": [987182, 1554.6119907267791, 543000305250356.1], "margin_usage_ratio": [987182, 0.003941417080267483, 76.04580335671194]}, "pcr_min_ew": 0.9997046674601643, "pcr_max_ew": 0.9999999932135026}