{"r_count": 575007.0001000001, "r_mean": 0.004856690784177396, "r_var": 1545.09805556257, "tanh_k": 2.0, "feature_welford": {"unrealized_pnl": [575009, 94700.88996082621, 1.9804923791165226e+17], "realized_pnl": [575009, 44391.08720294442, 1.4804461564020125e+17], "compounded_returns": [575009, 19481.857933924555, 120989468828418.31], "balance": [575009, 35822576.29793723, 3.97912914521105e+20], "position_value": [575009, 225020.92911713725, 2.517646476359553e+17], "current_position_size": [575009, 1125057.7422436515, 6.294089113638622e+18], "last_log_ret": [575009, 0.009432465249284998, 1252.4190308587724], "sortino_ratio": [575009, 7.021136413179195, 199588366034.79153], "rolling_pnl_sigma": [575009, 0.015786982892180508, 506.87592384876956], "portfolio_cash_ratio": [575009, 0.8836316730754415, 33349.91858582554], "free_collateral": [575009, 36118338.94197551, 3.9381892522394714e+20], "mm_reqs": [575009, 23990.720294961644, 1.1035174640531894e+16], "unrealized_pnl_0": [575009, 4.849819112089809, 307770940363.557], "unrealized_pnl_1": [575009, -3.571601175176637, 1738798622536.459], "unrealized_pnl_2": [575009, 37923.33294754503, 2.620426265620232e+16], "unrealized_pnl_3": [575009, 79291.85868567288, 2.880062987707168e+17], "unrealized_pnl_4": [575009, 139.9460398041022, 5836226726959.638], "unrealized_pnl_5": [575009, 5109.330823925674, 1886021431696049.8], "unrealized_pnl_6": [575009, 82.05726512912017, 5568557135496.754], "unrealized_pnl_7": [575009, 70.04662874829582, 1098888086646.1752], "unrealized_pnl_8": [575009, 69.1507327386381, 927436337723.8789], "unrealized_pnl_9": [575009, 1385.7962664761826, 225093015131522.78], "margin_usage_ratio": [575009, 0.0043440584812344, 48.89994043055705]}, "pcr_min_ew": 0.9967567575220289, "pcr_max_ew": 0.9999999983194235}