{"r_count": 682239.0001000001, "r_mean": 0.005114784629807614, "r_var": 1664.420716140736, "tanh_k": 2.0, "feature_welford": {"unrealized_pnl": [682241, 103083.70375000667, 2.70263770902171e+17], "realized_pnl": [682241, 46510.575761129636, 1.9754842505878806e+17], "compounded_returns": [682241, 20631.767970819677, 155175728327074.2], "balance": [682241, 37828879.4097555, 5.144926218553567e+20], "position_value": [682241, 233571.4795018106, 3.1823836744707635e+17], "current_position_size": [682241, 1167810.3372601783, 7.955937061457282e+18], "last_log_ret": [682241, 0.00952171405811987, 1370.64310000841], "sortino_ratio": [682241, 6.594567317967108, 199801170906.56516], "rolling_pnl_sigma": [682241, 0.015078536093753342, 550.2573426307439], "portfolio_cash_ratio": [682241, 0.8882179006991104, 37685.38897885449], "free_collateral": [682241, 38140410.36360302, 5.0895686924244464e+20], "mm_reqs": [682241, 25145.251506736444, 1.4384901656825684e+16], "unrealized_pnl_0": [682241, 5.01160706453786, 322789265103.2436], "unrealized_pnl_1": [682241, -8.343266496830248, 2196374707688.235], "unrealized_pnl_2": [682241, 41559.842871151646, 3.71564085432631e+16], "unrealized_pnl_3": [682241, 85837.88028452832, 3.949532601124104e+17], "unrealized_pnl_4": [682241, 155.93924531425122, 6541795976154.194], "unrealized_pnl_5": [682241, 5533.593515010819, 2430586650403861.0], "unrealized_pnl_6": [682241, 87.93840622815777, 6652982197605.2295], "unrealized_pnl_7": [682241, 78.75734354663182, 1334822196360.615], "unrealized_pnl_8": [682241, 71.51180619233284, 1110282197637.0078], "unrealized_pnl_9": [682241, 1465.2201365521287, 293122068989379.4], "margin_usage_ratio": [682241, 0.004194421172302964, 56.05952436649867]}, "pcr_min_ew": 0.9950305547804096, "pcr_max_ew": 0.9999999993981343}