{"r_count": 869895.0001000001, "r_mean": 0.005529916297511501, "r_var": 1868.8693863436588, "tanh_k": 2.0, "feature_welford": {"unrealized_pnl": [869897, 117067.2560383858, 4.185498886621278e+17], "realized_pnl": [869897, 50328.1324200579, 2.978597884719794e+17], "compounded_returns": [869897, 22377.58159997909, 224692363079167.34], "balance": [869897, 40853777.051709674, 7.494352042456685e+20], "position_value": [869897, 247385.51647041322, 4.4930974406629485e+17], "current_position_size": [869897, 1236876.5751372604, 1.1232716357411666e+19], "last_log_ret": [869897, 0.00963741222389069, 1575.0952742044847], "sortino_ratio": [869897, 7.173501350263779, 294774978673.25836], "rolling_pnl_sigma": [869897, 0.014241616957815048, 621.4138903721444], "portfolio_cash_ratio": [869897, 0.893764575948668, 44986.10925777133], "free_collateral": [869897, 41191108.61924669, 7.410349364464408e+20], "mm_reqs": [869897, 27166.628166981507, 2.120373024050996e+16], "unrealized_pnl_0": [869897, 3.8279433374400993, 393403746811.51654], "unrealized_pnl_1": [869897, -4.141578978616833, 2486886240838.9956], "unrealized_pnl_2": [869897, 48099.72906836565, 6.5307477086906296e+16], "unrealized_pnl_3": [869897, 94909.35782840947, 5.878835667419005e+17], "unrealized_pnl_4": [869897, 181.0244865366381, 8628354828766.521], "unrealized_pnl_5": [869897, 6153.316956199506, 2966929563693988.0], "unrealized_pnl_6": [869897, 109.70939286893027, 8264388563622.335], "unrealized_pnl_7": [869897, 89.63569641270612, 2014834699441.9807], "unrealized_pnl_8": [869897, 67.43491609025753, 1321208782103.06], "unrealized_pnl_9": [869897, 1537.2620718231587, 437342713723843.0], "margin_usage_ratio": [869897, 0.004011720292463971, 68.16181681414874]}, "pcr_min_ew": 0.9996795340593889, "pcr_max_ew": 1.0000000000000646}