{"r_count": 810694.0001000001, "r_mean": 0.005413709589782468, "r_var": 1805.199202554156, "tanh_k": 2.0, "feature_welford": {"unrealized_pnl": [810696, 113142.90325332212, 3.740265949335359e+17], "realized_pnl": [810696, 49008.715465019035, 2.6475645735318928e+17], "compounded_returns": [810696, 21912.64464855121, 203273842350538.88], "balance": [810696, 40072785.33089852, 6.781351043192442e+20], "position_value": [810696, 242724.81394872922, 4.04916805434555e+17], "current_position_size": [810696, 1213579.6301858318, 1.0122905735588968e+19], "last_log_ret": [810696, 0.009607169117476074, 1511.398342685992], "sortino_ratio": [810696, 7.920497451654211, 259435151462.86], "rolling_pnl_sigma": [810696, 0.014462858088007059, 599.6903866799977], "portfolio_cash_ratio": [810696, 0.8923769528150258, 42632.953163470695], "free_collateral": [810696, 40402165.25566831, 6.706394234868922e+20], "mm_reqs": [810696, 26540.176734756915, 1.9023634125468216e+16], "unrealized_pnl_0": [810696, 5.154742574297186, 375614965164.16125], "unrealized_pnl_1": [810696, -3.4997862541720752, 2261245343324.7544], "unrealized_pnl_2": [810696, 46131.48428026933, 5.552343777358512e+16], "unrealized_pnl_3": [810696, 92816.25256138464, 5.3820842143502637e+17], "unrealized_pnl_4": [810696, 168.37257988659064, 7297818635050.705], "unrealized_pnl_5": [810696, 5868.414188490713, 2642628873617003.5], "unrealized_pnl_6": [810696, 106.73720961081506, 8431728675867.846], "unrealized_pnl_7": [810696, 88.0720727920054, 1830642529659.938], "unrealized_pnl_8": [810696, 69.28144702726361, 1262298155819.2717], "unrealized_pnl_9": [810696, 1503.9436762558523, 392524536645963.8], "margin_usage_ratio": [810696, 0.004058196046859822, 64.32450933409436]}, "pcr_min_ew": 0.9990672761054482, "pcr_max_ew": 0.9999999863147301}