{"r_count": 875480.0001000001, "r_mean": 0.005529204339005503, "r_var": 1875.3518949085365, "tanh_k": 2.0, "feature_welford": {"unrealized_pnl": [875482, 116974.3895028258, 4.2012523175759405e+17], "realized_pnl": [875482, 50130.86558064216, 2.970902584299451e+17], "compounded_returns": [875482, 22349.49722159253, 225198606468830.1], "balance": [875482, 40807261.08142616, 7.519038250175897e+20], "position_value": [875482, 247120.10196121945, 4.510463318802933e+17], "current_position_size": [875482, 1235560.368333097, 1.1276140374962285e+19], "last_log_ret": [875482, 0.009637488735079242, 1581.4523317138605], "sortino_ratio": [875482, 7.6135956245492045, 300114690730.2971], "rolling_pnl_sigma": [875482, 0.014212572455315438, 623.4900957954261], "portfolio_cash_ratio": [875482, 0.8939948570724081, 45157.13625716497], "free_collateral": [875482, 41144154.70365636, 7.4344922381751e+20], "mm_reqs": [875482, 27239.803372848237, 2.151675351333948e+16], "unrealized_pnl_0": [875482, 4.210336408110496, 402621278913.01654], "unrealized_pnl_1": [875482, -2.6513195146548427, 2310320408456.4604], "unrealized_pnl_2": [875482, 47984.63568811462, 6.468564387412047e+16], "unrealized_pnl_3": [875482, 94804.56976297604, 5.949293419075846e+17], "unrealized_pnl_4": [875482, 175.72986939832737, 8763590791043.048], "unrealized_pnl_5": [875482, 6132.098255804539, 2936818341925157.0], "unrealized_pnl_6": [875482, 112.54464354289081, 8542728787844.73], "unrealized_pnl_7": [875482, 93.36896026654703, 2157106557300.4817], "unrealized_pnl_8": [875482, 67.2603762319129, 1307711040605.2532], "unrealized_pnl_9": [875482, 1572.7698266228674, 478433882398151.3], "margin_usage_ratio": [875482, 0.004007253558929162, 68.56604074928956]}, "pcr_min_ew": 0.9968609003952834, "pcr_max_ew": 0.9999999999999631}