{"r_count": 665484.0001000001, "r_mean": 0.005080123687327903, "r_var": 1646.25861085569, "tanh_k": 2.0, "feature_welford": {"unrealized_pnl": [665486, 101947.33796070442, 2.573767927801587e+17], "realized_pnl": [665486, 46538.92138792619, 1.9035897985011792e+17], "compounded_returns": [665486, 20492.5825778646, 150170081882212.38], "balance": [665486, 37602642.486659884, 4.9803383162298794e+20], "position_value": [665486, 232514.28236085284, 3.081910698058845e+17], "current_position_size": [665486, 1162516.427469579, 7.704749710405414e+18], "last_log_ret": [665486, 0.009510832578195988, 1352.5932840974567], "sortino_ratio": [665486, 6.436692062411085, 199334280580.85797], "rolling_pnl_sigma": [665486, 0.01518563358044835, 543.8814875498067], "portfolio_cash_ratio": [665486, 0.8876523021380082, 36988.59283921715], "free_collateral": [665486, 37912149.09777827, 4.927242720972644e+20], "mm_reqs": [665486, 24997.709795982344, 1.3818176007280218e+16], "unrealized_pnl_0": [665486, 4.38751770566662, 344718211622.2076], "unrealized_pnl_1": [665486, -4.638061839422437, 1881865054730.0479], "unrealized_pnl_2": [665486, 41294.250492651816, 3.6375348974469736e+16], "unrealized_pnl_3": [665486, 84249.33497230448, 3.67061546350423e+17], "unrealized_pnl_4": [665486, 152.82172051531774, 6783169918829.618], "unrealized_pnl_5": [665486, 5385.123262732416, 2178803815836750.0], "unrealized_pnl_6": [665486, 87.04645432128004, 6600835017848.927], "unrealized_pnl_7": [665486, 77.98571455623724, 1328945317652.6252], "unrealized_pnl_8": [665486, 72.21958091964403, 1069237525529.9508], "unrealized_pnl_9": [665486, 1453.2480106224607, 287655139589509.75], "margin_usage_ratio": [665486, 0.004210314941261184, 54.839053165582335]}, "pcr_min_ew": 0.9951002492765076, "pcr_max_ew": 0.9999999986083933}