{"r_count": 563837.0001000001, "r_mean": 0.004856360848124658, "r_var": 1532.6084793192485, "tanh_k": 2.0, "feature_welford": {"unrealized_pnl": [563839, 94690.57468720613, 1.9667025064750323e+17], "realized_pnl": [563839, 44514.0348073117, 1.4696039967047754e+17], "compounded_returns": [563839, 19506.391011832464, 119877836922567.7], "balance": [563839, 35883887.74159218, 3.938743402232092e+20], "position_value": [563839, 224511.19511217458, 2.4696353164035306e+17], "current_position_size": [563839, 1122505.4347169492, 6.174059869024708e+18], "last_log_ret": [563839, 0.009428722562282691, 1240.2262538145928], "sortino_ratio": [563839, 7.39310705013684, 206346649101.75226], "rolling_pnl_sigma": [563839, 0.015869940864089375, 502.4480435472631], "portfolio_cash_ratio": [563839, 0.8829907302858021, 32930.71566607074], "free_collateral": [563839, 36179137.32537163, 3.8988925421205416e+20], "mm_reqs": [563839, 23987.680588721596, 1.0814507841147848e+16], "unrealized_pnl_0": [563839, 5.336554047108804, 290314794201.7413], "unrealized_pnl_1": [563839, -3.987294369799973, 1634551139892.5278], "unrealized_pnl_2": [563839, 37152.34606019114, 2.4937460038624564e+16], "unrealized_pnl_3": [563839, 80318.58019063948, 2.884806399868051e+17], "unrealized_pnl_4": [563839, 139.63037414431614, 5394449996458.29], "unrealized_pnl_5": [563839, 5239.910008026303, 1950242728996315.8], "unrealized_pnl_6": [563839, 90.61380555437913, 7143174637610.627], "unrealized_pnl_7": [563839, 65.51583224801846, 976761717361.8423], "unrealized_pnl_8": [563839, 69.39175678224608, 877372734024.6515], "unrealized_pnl_9": [563839, 1407.662350715219, 219925759886126.62], "margin_usage_ratio": [563839, 0.004368105322219754, 48.219063031782426]}, "pcr_min_ew": 0.9948924440260984, "pcr_max_ew": 1.000000000000025}