{"r_count": 480062.0001, "r_mean": 0.004619370578654527, "r_var": 1439.3516510630109, "tanh_k": 2.0, "feature_welford": {"unrealized_pnl": [480064, 87811.66526931553, 1.5086362107986806e+17], "realized_pnl": [480064, 42441.111796325065, 1.1515360136474125e+17], "compounded_returns": [480064, 18530.644656404926, 96235840706836.53], "balance": [480064, 34237273.89151357, 3.143201285117647e+20], "position_value": [480064, 216679.47640805464, 1.9875265953146813e+17], "current_position_size": [480064, 1083342.8220586276, 4.968786074061125e+18], "last_log_ret": [480064, 0.009339969005463442, 1148.4016651180345], "sortino_ratio": [480064, 6.953026463039344, 197942318041.2171], "rolling_pnl_sigma": [480064, 0.016630005151429123, 467.4735260288336], "portfolio_cash_ratio": [480064, 0.8778521093195127, 29506.83015259478], "free_collateral": [480064, 34518797.24445694, 3.1129131347798104e+20], "mm_reqs": [480064, 23007.8398464381, 8620136288044997.0], "unrealized_pnl_0": [480064, 6.0581697285268215, 278623473442.86707], "unrealized_pnl_1": [480064, -4.801277223770883, 1399690596197.4827], "unrealized_pnl_2": [480064, 34208.14739943728, 1.8155238784366816e+16], "unrealized_pnl_3": [480064, 75061.53762588241, 2.2343096371102915e+17], "unrealized_pnl_4": [480064, 137.02613517961086, 4941027987791.889], "unrealized_pnl_5": [480064, 4867.341801506056, 1583997268984251.0], "unrealized_pnl_6": [480064, 77.60851934599552, 4759836051444.844], "unrealized_pnl_7": [480064, 54.97143348485719, 726869618437.2767], "unrealized_pnl_8": [480064, 63.41540757856598, 721925234799.7153], "unrealized_pnl_9": [480064, 1367.9697053617538, 176182835323305.7], "margin_usage_ratio": [480064, 0.004543761875005599, 42.80306585238193]}, "pcr_min_ew": 0.9956237668244237, "pcr_max_ew": 0.9999999874734753}