{"r_count": 703462.0001000001, "r_mean": 0.005154680853697524, "r_var": 1687.441116856894, "tanh_k": 2.0, "feature_welford": {"unrealized_pnl": [703464, 103107.71788140922, 2.7674294355230864e+17], "realized_pnl": [703464, 46976.1814267327, 2.1037561269904224e+17], "compounded_returns": [703464, 20769.015770171824, 160585841048696.75], "balance": [703464, 38046843.243609786, 5.326873485606527e+20], "position_value": [703464, 233612.9502583799, 3.261372711477524e+17], "current_position_size": [703464, 1168014.9088041796, 8.153411964422915e+18], "last_log_ret": [703464, 0.009534110254674311, 1393.3588870816525], "sortino_ratio": [703464, 10.444454461562604, 408066846027.6951], "rolling_pnl_sigma": [703464, 0.014943121314386914, 558.0233326646062], "portfolio_cash_ratio": [703464, 0.889063150864014, 38492.71111420395], "free_collateral": [703464, 38358622.551777564, 5.267912722693689e+20], "mm_reqs": [703464, 24985.91594695713, 1.4674432777426038e+16], "unrealized_pnl_0": [703464, 4.705010675908374, 331766727594.744], "unrealized_pnl_1": [703464, -4.806513055067592, 1901131116533.2764], "unrealized_pnl_2": [703464, 42420.79963883207, 3.984709591863075e+16], "unrealized_pnl_3": [703464, 85083.75413542244, 4.061260979467548e+17], "unrealized_pnl_4": [703464, 157.80399175173412, 6562820740178.166], "unrealized_pnl_5": [703464, 5506.18049787358, 2240412983502575.2], "unrealized_pnl_6": [703464, 89.78060525347735, 6997388247167.137], "unrealized_pnl_7": [703464, 80.91346345686934, 1459699939382.8198], "unrealized_pnl_8": [703464, 72.01401697545329, 1142922239163.9185], "unrealized_pnl_9": [703464, 1438.2655594324071, 299542068490549.7], "margin_usage_ratio": [703464, 0.004161578920443562, 57.36644986455791]}, "pcr_min_ew": 0.9996065497212663, "pcr_max_ew": 0.9999999686663489}