{"r_count": 630857.0001000001, "r_mean": 0.005002180950747713, "r_var": 1607.735566391848, "tanh_k": 2.0, "feature_welford": {"unrealized_pnl": [630859, 99182.2178210887, 2.3638127588002195e+17], "realized_pnl": [630859, 45602.75272089263, 1.7536471923144234e+17], "compounded_returns": [630859, 20161.633654565812, 139337088498315.34], "balance": [630859, 37024491.98192655, 4.607317858160575e+20], "position_value": [630859, 229774.9288732286, 2.8727479924291907e+17], "current_position_size": [630859, 1148827.573764816, 7.181844338932069e+18], "last_log_ret": [630859, 0.00948471124415798, 1314.4156987644974], "sortino_ratio": [630859, 6.793673181485476, 199410244643.64606], "rolling_pnl_sigma": [630859, 0.015398075560242341, 530.0285805771559], "portfolio_cash_ratio": [630859, 0.8861311453294851, 35643.08331320094], "free_collateral": [630859, 37328794.349409245, 4.558885355113953e+20], "mm_reqs": [630859, 24678.452214428053, 1.2893097232424396e+16], "unrealized_pnl_0": [630859, 4.859277314225734, 305684851801.4852], "unrealized_pnl_1": [630859, -7.824212306936578, 2054366110733.928], "unrealized_pnl_2": [630859, 39530.97776134486, 3.082435459232403e+16], "unrealized_pnl_3": [630859, 83404.53936447682, 3.4885893111310586e+17], "unrealized_pnl_4": [630859, 149.19764407379168, 6075075651209.426], "unrealized_pnl_5": [630859, 5366.5689436178545, 2276600972112572.5], "unrealized_pnl_6": [630859, 84.01035022729276, 5850307039803.895], "unrealized_pnl_7": [630859, 73.55888042031026, 1138851640280.5874], "unrealized_pnl_8": [630859, 71.32378661805491, 1011982021085.5826], "unrealized_pnl_9": [630859, 1437.9027490645615, 261415464851691.7], "margin_usage_ratio": [630859, 0.004264235684237154, 52.71782505818704]}, "pcr_min_ew": 0.9975023305680105, "pcr_max_ew": 0.9999999985816552}