{"r_count": 836385.0001000001, "r_mean": 0.005456061045487767, "r_var": 1832.2792792144705, "tanh_k": 2.0, "feature_welford": {"unrealized_pnl": [836387, 113531.63964971609, 3.817352851948054e+17], "realized_pnl": [836387, 49557.88883724252, 2.803361190849374e+17], "compounded_returns": [836387, 22042.186588922705, 210402324972622.9], "balance": [836387, 40258590.39160393, 7.010487561067315e+20], "position_value": [836387, 243769.26915164758, 4.187353980270735e+17], "current_position_size": [836387, 1218801.558364362, 1.0468369915005037e+19], "last_log_ret": [836387, 0.00961768536993347, 1538.240553153752], "sortino_ratio": [836387, 9.436976792240564, 409201201953.7753], "rolling_pnl_sigma": [836387, 0.014340717819961914, 608.3274731398884], "portfolio_cash_ratio": [836387, 0.8929982489378844, 43684.15762263642], "free_collateral": [836387, 40589353.94031267, 6.931537586040727e+20], "mm_reqs": [836387, 26586.05898354068, 1.9596402343862576e+16], "unrealized_pnl_0": [836387, 4.583674938697295, 379917188503.67206], "unrealized_pnl_1": [836387, -4.63869464476723, 2209795522423.5405], "unrealized_pnl_2": [836387, 46800.73170056281, 5.827790990081768e+16], "unrealized_pnl_3": [836387, 92659.67651891656, 5.518821515852978e+17], "unrealized_pnl_4": [836387, 177.46924748555492, 8384269854301.47], "unrealized_pnl_5": [836387, 5993.8742657677185, 2676107171235060.5], "unrealized_pnl_6": [836387, 108.52217015772287, 8081302790758.261], "unrealized_pnl_7": [836387, 88.59836780318241, 1934657486234.9404], "unrealized_pnl_8": [836387, 69.32665807147254, 1324383270914.9187], "unrealized_pnl_9": [836387, 1518.6541904229662, 415738450474122.75], "margin_usage_ratio": [836387, 0.004035829032048493, 66.0067145984508]}, "pcr_min_ew": 0.9948218146491565, "pcr_max_ew": 1.0000000000000417}