{"r_count": 802875.0001000001, "r_mean": 0.005377303899788131, "r_var": 1796.1248084185822, "tanh_k": 2.0, "feature_welford": {"unrealized_pnl": [802877, 110853.15404182959, 3.526630629985885e+17], "realized_pnl": [802877, 48855.246595246026, 2.5961455143828214e+17], "compounded_returns": [802877, 21691.81670953548, 195863258584349.7], "balance": [802877, 39649712.87858658, 6.522825742339682e+20], "position_value": [802877, 241185.82348264905, 3.9377646309574694e+17], "current_position_size": [802877, 1205885.1218983298, 9.8443949820757e+18], "last_log_ret": [802877, 0.009597085810801043, 1501.9228041169151], "sortino_ratio": [802877, 9.59512763802202, 408478035408.1027], "rolling_pnl_sigma": [802877, 0.01447566498082208, 595.9276911421264], "portfolio_cash_ratio": [802877, 0.892139291739917, 42374.79913590337], "free_collateral": [802877, 39975664.85809326, 6.449230264830504e+20], "mm_reqs": [802877, 26135.770435063117, 1.818095192333371e+16], "unrealized_pnl_0": [802877, 4.5976833446463825, 363759818814.4031], "unrealized_pnl_1": [802877, -4.736139798507137, 2176892915799.422], "unrealized_pnl_2": [802877, 45745.72876005372, 5.319676701563277e+16], "unrealized_pnl_3": [802877, 90553.22531677458, 5.095381301468705e+17], "unrealized_pnl_4": [802877, 173.4976104309199, 7983976775150.318], "unrealized_pnl_5": [802877, 5874.573858114597, 2569389093912244.0], "unrealized_pnl_6": [802877, 103.14381971137125, 7727141658531.487], "unrealized_pnl_7": [802877, 86.85222286522628, 1789447780913.9028], "unrealized_pnl_8": [802877, 69.86665351213357, 1274976685228.1157], "unrealized_pnl_9": [802877, 1492.5341631673607, 381219626675363.4], "margin_usage_ratio": [802877, 0.00406260586214355, 63.80645863704011]}, "pcr_min_ew": 0.9992426186440799, "pcr_max_ew": 0.9999999998684499}