{"r_count": 666601.0001000001, "r_mean": 0.0050909018356267, "r_var": 1647.2783344817944, "tanh_k": 2.0, "feature_welford": {"unrealized_pnl": [666603, 102136.40672102185, 2.595352375981135e+17], "realized_pnl": [666603, 46591.226308668585, 1.9024143537112166e+17], "compounded_returns": [666603, 20508.4162234034, 150320274666364.97], "balance": [666603, 37623956.790789366, 4.980490838935319e+20], "position_value": [666603, 232625.2065338621, 3.0856818384503264e+17], "current_position_size": [666603, 1163075.778557293, 7.714176072769863e+18], "last_log_ret": [666603, 0.00951215755979296, 1353.7247928159493], "sortino_ratio": [666603, 7.199642240010229, 207240360101.9717], "rolling_pnl_sigma": [666603, 0.01516558675959011, 544.0409240514475], "portfolio_cash_ratio": [666603, 0.8877080614028896, 37019.3601441456], "free_collateral": [666603, 37933825.63982875, 4.927037784365593e+20], "mm_reqs": [666603, 24924.95170590331, 1.3733229669389608e+16], "unrealized_pnl_0": [666603, 4.7017271760974495, 318083488153.7241], "unrealized_pnl_1": [666603, -2.3259397179215036, 1818010898587.9321], "unrealized_pnl_2": [666603, 41185.29587561285, 3.598201434416635e+16], "unrealized_pnl_3": [666603, 84890.03295528908, 3.745351432811606e+17], "unrealized_pnl_4": [666603, 150.39928352660098, 6039043296047.5], "unrealized_pnl_5": [666603, 5541.550829492115, 2317137541423166.5], "unrealized_pnl_6": [666603, 94.1108148420286, 8005558423408.865], "unrealized_pnl_7": [666603, 77.2052723155039, 1325966342127.9846], "unrealized_pnl_8": [666603, 74.10004133080126, 1125101184049.9705], "unrealized_pnl_9": [666603, 1457.5498986855723, 287658177064949.25], "margin_usage_ratio": [666603, 0.004210085808559525, 54.955343279825414]}, "pcr_min_ew": 0.9983524476005621, "pcr_max_ew": 0.999999999999967}