{"r_count": 815162.0001000001, "r_mean": 0.005405489013846993, "r_var": 1808.7090250686153, "tanh_k": 2.0, "feature_welford": {"unrealized_pnl": [815164, 112381.37614376846, 3.68434429179896e+17], "realized_pnl": [815164, 49124.70589931407, 2.6406939863526944e+17], "compounded_returns": [815164, 21854.152764589107, 202322428099471.2], "balance": [815164, 39915185.670931496, 6.727537498154098e+20], "position_value": [815164, 242854.99956419555, 4.0701617824862214e+17], "current_position_size": [815164, 1214214.8380696017, 1.0175374086222823e+19], "last_log_ret": [815164, 0.009605290132579998, 1514.6947178189218], "sortino_ratio": [815164, 6.42273110463899, 204323993991.1249], "rolling_pnl_sigma": [815164, 0.014426986719969946, 600.3575512635308], "portfolio_cash_ratio": [815164, 0.8925143765777941, 42805.74133264779], "free_collateral": [815164, 40244084.46704833, 6.652469419832659e+20], "mm_reqs": [815164, 26374.74904963616, 1.891433402228617e+16], "unrealized_pnl_0": [815164, 4.649650800154945, 359870118685.3545], "unrealized_pnl_1": [815164, -10.119990930414787, 2957162753462.8804], "unrealized_pnl_2": [815164, 46190.62461923334, 5.53273702797596e+16], "unrealized_pnl_3": [815164, 91590.80292696922, 5.2747336509892717e+17], "unrealized_pnl_4": [815164, 170.68937742493534, 7900593231141.692], "unrealized_pnl_5": [815164, 6055.655457199923, 2735691855179379.5], "unrealized_pnl_6": [815164, 104.23126683396629, 8875162263125.137], "unrealized_pnl_7": [815164, 87.43920362219795, 1745677433351.4368], "unrealized_pnl_8": [815164, 66.82823863065941, 1378963254690.6326], "unrealized_pnl_9": [815164, 1512.4225200632072, 415741486621510.8], "margin_usage_ratio": [815164, 0.004047565197478475, 64.43154093065998]}, "pcr_min_ew": 0.9947809321237133, "pcr_max_ew": 0.9999999980912183}