{"r_count": 663250.0001000001, "r_mean": 0.005075811222455288, "r_var": 1643.7628545628963, "tanh_k": 2.0, "feature_welford": {"unrealized_pnl": [663252, 101797.2373662694, 2.5608674096514832e+17], "realized_pnl": [663252, 46496.60363811973, 1.89582375282221e+17], "compounded_returns": [663252, 20476.6287336628, 149583618807896.6], "balance": [663252, 37575162.73104176, 4.960222253877052e+20], "position_value": [663252, 232374.5571142209, 3.070173773435435e+17], "current_position_size": [663252, 1161817.6161613597, 7.675407347518517e+18], "last_log_ret": [663252, 0.00950937433496127, 1350.1226551741931], "sortino_ratio": [663252, 6.451937977127817, 199334137619.68637], "rolling_pnl_sigma": [663252, 0.015197852653261054, 542.9401747382203], "portfolio_cash_ratio": [663252, 0.8875685720587673, 36898.92562584825], "free_collateral": [663252, 37884392.176256806, 4.907424399382919e+20], "mm_reqs": [663252, 24984.88348036688, 1.3763873214626682e+16], "unrealized_pnl_0": [663252, 4.582918579724251, 341036841881.3915], "unrealized_pnl_1": [663252, -4.564952039461612, 1879468861690.5706], "unrealized_pnl_2": [663252, 41205.80406606858, 3.613769197821471e+16], "unrealized_pnl_3": [663252, 84197.51584315035, 3.6580690831252454e+17], "unrealized_pnl_4": [663252, 152.690719209674, 6775102320260.182], "unrealized_pnl_5": [663252, 5379.184480926733, 2173765033224453.8], "unrealized_pnl_6": [663252, 87.40445913491173, 6592145128453.196], "unrealized_pnl_7": [663252, 78.00538665503687, 1317970747273.253], "unrealized_pnl_8": [663252, 72.08133266354662, 1062318136614.6974], "unrealized_pnl_9": [663252, 1456.6891801055347, 286525749442785.3], "margin_usage_ratio": [663252, 0.004213322221185143, 54.69401453597837]}, "pcr_min_ew": 0.9975659381836306, "pcr_max_ew": 0.9999999984896841}