{"r_count": 820747.0001000001, "r_mean": 0.005419052215201127, "r_var": 1815.4488820498711, "tanh_k": 2.0, "feature_welford": {"unrealized_pnl": [820749, 112353.1431595785, 3.6840435326376544e+17], "realized_pnl": [820749, 49272.27640628804, 2.7113328101746525e+17], "compounded_returns": [820749, 21888.07560983864, 203900639214350.84], "balance": [820749, 39992232.17249747, 6.79309286552112e+20], "position_value": [820749, 242639.50503837626, 4.0757351747337645e+17], "current_position_size": [820749, 1213154.4868394332, 1.0189321856726835e+19], "last_log_ret": [820749, 0.009608453919183703, 1521.314724312417], "sortino_ratio": [820749, 9.548373129820957, 409184896450.54443], "rolling_pnl_sigma": [820749, 0.01440264205042155, 602.5520329807199], "portfolio_cash_ratio": [820749, 0.8926031316571341, 43072.5479138945], "free_collateral": [820749, 40320875.338604376, 6.71662255456255e+20], "mm_reqs": [820749, 26398.073918831506, 1.8982993975581936e+16], "unrealized_pnl_0": [820749, 4.539045987346737, 365075836105.9633], "unrealized_pnl_1": [820749, -4.806335398716621, 2203915588691.215], "unrealized_pnl_2": [820749, 46380.23242242372, 5.602304127024367e+16], "unrealized_pnl_3": [820749, 91745.90737096591, 5.328691185869899e+17], "unrealized_pnl_4": [820749, 176.16063869310264, 8175477583738.184], "unrealized_pnl_5": [820749, 5939.8023330499545, 2626160132478949.0], "unrealized_pnl_6": [820749, 105.23913909493923, 7852088071625.37], "unrealized_pnl_7": [820749, 87.77608828808096, 1879950178987.6792], "unrealized_pnl_8": [820749, 69.4364016363881, 1309968110895.8125], "unrealized_pnl_9": [820749, 1500.7361615527516, 396306633394139.25], "margin_usage_ratio": [820749, 0.004048048412501749, 64.97760297405453]}, "pcr_min_ew": 0.9947564772599903, "pcr_max_ew": 0.9999999979323657}736}