{"r_count": 921277.0001000001, "r_mean": 0.005640553951228709, "r_var": 1923.092855877289, "tanh_k": 2.0, "feature_welford": {"unrealized_pnl": [921279, 120339.25805157697, 4.651544489512538e+17], "realized_pnl": [921279, 51235.54010411945, 3.3098730850021664e+17], "compounded_returns": [921279, 22826.239365101395, 246856289880014.25], "balance": [921279, 41613375.50013774, 8.232528007343224e+20], "position_value": [921279, 250292.04493446084, 4.866169344458372e+17], "current_position_size": [921279, 1251404.5176952141, 1.2165399758327777e+19], "last_log_ret": [921279, 0.009663016169375396, 1629.962375672798], "sortino_ratio": [921279, 6.288663367762602, 205509470390.11328], "rolling_pnl_sigma": [921279, 0.014049594871717645, 639.6439468071134], "portfolio_cash_ratio": [921279, 0.8948818361890349, 46983.41224446986], "free_collateral": [921279, 41956394.53093186, 8.139780474859915e+20], "mm_reqs": [921279, 27649.417547395515, 2.349562434464239e+16], "unrealized_pnl_0": [921279, 4.972117104568183, 431919235527.43854], "unrealized_pnl_1": [921279, -9.86289093674495, 3255413985258.0176], "unrealized_pnl_2": [921279, 49678.91187583109, 7.391665776098267e+16], "unrealized_pnl_3": [921279, 97310.0274862931, 6.60872466134655e+17], "unrealized_pnl_4": [921279, 183.95390170145845, 8951665374084.176], "unrealized_pnl_5": [921279, 6431.166383564809, 3130227893023523.0], "unrealized_pnl_6": [921279, 115.94015122067991, 10170473517597.492], "unrealized_pnl_7": [921279, 91.98876356959805, 2074236127537.7178], "unrealized_pnl_8": [921279, 64.81316142511983, 1480984124468.273], "unrealized_pnl_9": [921279, 1524.8330674373974, 490955001329566.7], "margin_usage_ratio": [921279, 0.003972500195768763, 71.41515462499251]}, "pcr_min_ew": 0.9995800546594724, "pcr_max_ew": 0.9999999993272684}