{"r_count": 719100.0001000001, "r_mean": 0.005182210713746568, "r_var": 1705.250332328873, "tanh_k": 2.0, "feature_welford": {"unrealized_pnl": [719102, 105233.21326799333, 2.922228546791016e+17], "realized_pnl": [719102, 47268.27590360853, 2.141749100524494e+17], "compounded_returns": [719102, 20929.477413534387, 166716525980533.4], "balance": [719102, 38339165.965902984, 5.537456271326761e+20], "position_value": [719102, 236004.27027377137, 3.415557596024709e+17], "current_position_size": [719102, 1179977.2400832244, 8.538874904384934e+18], "last_log_ret": [719102, 0.009544808635054382, 1411.004233934602], "sortino_ratio": [719102, 8.384120393353477, 299526493490.4497], "rolling_pnl_sigma": [719102, 0.014872816945295826, 564.429555502179], "portfolio_cash_ratio": [719102, 0.8897322975845218, 39046.233729808686], "free_collateral": [719102, 38654969.956774, 5.477033766090146e+20], "mm_reqs": [719102, 25472.687239842122, 1.5556167722541628e+16], "unrealized_pnl_0": [719102, 4.319086977184992, 339644855093.1144], "unrealized_pnl_1": [719102, -2.9993819981300445, 1889657197671.5972], "unrealized_pnl_2": [719102, 43054.77520366221, 4.195091424642903e+16], "unrealized_pnl_3": [719102, 86420.48651355691, 4.205224003081257e+17], "unrealized_pnl_4": [719102, 157.5496228932751, 7046361274547.638], "unrealized_pnl_5": [719102, 5597.031877599508, 2417874454174357.5], "unrealized_pnl_6": [719102, 94.85842915014041, 6815455233464.145], "unrealized_pnl_7": [719102, 84.8381522768832, 1625731683186.5293], "unrealized_pnl_8": [719102, 70.47001686212367, 1155272508207.0442], "unrealized_pnl_9": [719102, 1487.3301565158727, 336481945068249.8], "margin_usage_ratio": [719102, 0.0041438712005561935, 58.34524198398499]}, "pcr_min_ew": 0.9946689754863942, "pcr_max_ew": 0.9999999999999563}