{"r_count": 923511.0001000001, "r_mean": 0.00564655388816823, "r_var": 1926.6197526889096, "tanh_k": 2.0, "feature_welford": {"unrealized_pnl": [923513, 121029.54962956683, 4.690548436572814e+17], "realized_pnl": [923513, 51335.953995299504, 3.316200023007631e+17], "compounded_returns": [923513, 22862.13624062152, 247863812756812.2], "balance": [923513, 41702073.46532432, 8.278911657109956e+20], "position_value": [923513, 251177.4052201619, 4.908142797129891e+17], "current_position_size": [923513, 1255835.4625813614, 1.2270329075311972e+19], "last_log_ret": [923513, 0.009665440527786562, 1633.3426609117284], "sortino_ratio": [923513, 6.959137867791089, 294942376998.00995], "rolling_pnl_sigma": [923513, 0.01406632433586064, 641.2151779656672], "portfolio_cash_ratio": [923513, 0.8948510399757874, 47106.57883640748], "free_collateral": [923513, 42046522.407767, 8.185744042963626e+20], "mm_reqs": [923513, 27806.166591237397, 2.3554279562495684e+16], "unrealized_pnl_0": [923513, 3.867880827269186, 409292369840.5944], "unrealized_pnl_1": [923513, -4.646681810454787, 2538301038122.714], "unrealized_pnl_2": [923513, 49830.00047926618, 7.496842679589747e+16], "unrealized_pnl_3": [923513, 97751.01005376002, 6.576518490877407e+17], "unrealized_pnl_4": [923513, 186.2421311837904, 9214707407075.17], "unrealized_pnl_5": [923513, 6349.009988740796, 3182766435674577.0], "unrealized_pnl_6": [923513, 114.8359304406774, 8706862048414.219], "unrealized_pnl_7": [923513, 90.34313069942618, 2139298493199.7742], "unrealized_pnl_8": [923513, 66.33569617755093, 1369679291228.2515], "unrealized_pnl_9": [923513, 1531.6768215632162, 472604763315032.0], "margin_usage_ratio": [923513, 0.003977640988541501, 71.70957195202304]}, "pcr_min_ew": 0.9996788691686107, "pcr_max_ew": 0.9999999858637929}