{"r_count": 859842.0001000001, "r_mean": 0.005507870267255115, "r_var": 1858.8220955975437, "tanh_k": 2.0, "feature_welford": {"unrealized_pnl": [859844, 115495.98340353876, 4.056200418868326e+17], "realized_pnl": [859844, 49890.776408127276, 2.928968212389891e+17], "compounded_returns": [859844, 22255.60259265711, 219933415487993.4], "balance": [859844, 40660641.38300447, 7.345272311988571e+20], "position_value": [859844, 245664.84689484295, 4.3965781266760896e+17], "current_position_size": [859844, 1228265.9047512028, 1.0991419552991312e+19], "last_log_ret": [859844, 0.009631319436870575, 1564.93443120547], "sortino_ratio": [859844, 7.881689602662997, 428199233950.28467], "rolling_pnl_sigma": [859844, 0.014269925067032715, 617.83102993991], "portfolio_cash_ratio": [859844, 0.8935853842138921, 44584.16348128441], "free_collateral": [859844, 40994872.88836212, 7.262557653786472e+20], "mm_reqs": [859844, 26969.831155667154, 2.098333233328634e+16], "unrealized_pnl_0": [859844, 4.183166991660857, 385938612427.1988], "unrealized_pnl_1": [859844, -1.7307971192205982, 2219423517184.897], "unrealized_pnl_2": [859844, 47425.93649004084, 6.222889423794791e+16], "unrealized_pnl_3": [859844, 93994.69069357238, 5.791983991386296e+17], "unrealized_pnl_4": [859844, 178.0815148895127, 7863787084911.497], "unrealized_pnl_5": [859844, 6120.4325392779865, 2857558607233631.5], "unrealized_pnl_6": [859844, 109.83468112688917, 9673261115810.043], "unrealized_pnl_7": [859844, 90.29489771527342, 1926555678381.4639], "unrealized_pnl_8": [859844, 67.2231088293622, 1305060380819.1035], "unrealized_pnl_9": [859844, 1534.757506430473, 437092239112158.75], "margin_usage_ratio": [859844, 0.004016788592270115, 67.57915209782418]}, "pcr_min_ew": 0.9945640186694713, "pcr_max_ew": 0.9999999979324232}