{"r_count": 981595.0001000001, "r_mean": 0.005767461662398503, "r_var": 1988.8302753478415, "tanh_k": 2.0, "feature_welford": {"unrealized_pnl": [981597, 124083.4628705033, 5.203487001481778e+17], "realized_pnl": [981597, 52181.61246217826, 3.687620441284741e+17], "compounded_returns": [981597, 23329.319934287916, 273054129246065.38], "balance": [981597, 42525247.65042568, 9.143167220279404e+20], "position_value": [981597, 254122.83415535724, 5.3383179853861005e+17], "current_position_size": [981597, 1270550.4418080687, 1.3345777362977067e+19], "last_log_ret": [981597, 0.009692161045334257, 1696.368471039271], "sortino_ratio": [981597, 6.056459165388682, 202010573334.45258], "rolling_pnl_sigma": [981597, 0.013878559133100649, 662.3196492767958], "portfolio_cash_ratio": [981597, 0.8959614244102009, 49400.99962283279], "free_collateral": [981597, 42875183.63479213, 9.039527880261835e+20], "mm_reqs": [981597, 28304.640882434902, 2.6118957075927692e+16], "unrealized_pnl_0": [981597, 3.5405638961203953, 409864103707.8318], "unrealized_pnl_1": [981597, -4.102680975166462, 2684608044319.9683], "unrealized_pnl_2": [981597, 51183.03637167064, 8.546878357720075e+16], "unrealized_pnl_3": [981597, 100106.52777658093, 7.372144863854669e+17], "unrealized_pnl_4": [981597, 189.84835796970313, 8848546286430.395], "unrealized_pnl_5": [981597, 6578.4351384770525, 3398929030948166.5], "unrealized_pnl_6": [981597, 130.1225293194346, 11340778584192.637], "unrealized_pnl_7": [981597, 90.00479237073974, 2221156267190.428], "unrealized_pnl_8": [981597, 65.94122978349333, 1435804074861.3928], "unrealized_pnl_9": [981597, 1552.2116882776413, 536841752021224.6], "margin_usage_ratio": [981597, 0.003944683581171968, 75.68119504142169]}, "pcr_min_ew": 0.9988443315489849, "pcr_max_ew": 0.999999999664124}