{"r_count": 473360.0001, "r_mean": 0.004599470273094988, "r_var": 1431.8665744813936, "tanh_k": 2.0, "feature_welford": {"unrealized_pnl": [473362, 87314.96412412393, 1.476775006295424e+17], "realized_pnl": [473362, 42265.91919762339, 1.125522096153858e+17], "compounded_returns": [473362, 18448.353165969398, 94424879136861.92], "balance": [473362, 34101187.11931122, 3.0831229383664894e+20], "position_value": [473362, 215937.677263109, 1.9508156608377754e+17], "current_position_size": [473362, 1079633.0544185943, 4.877008542980891e+18], "last_log_ret": [473362, 0.009332019040456817, 1141.0787104746823], "sortino_ratio": [473362, 6.9556764407680856, 197924172055.70288], "rolling_pnl_sigma": [473362, 0.016698262577506034, 464.62510242331837], "portfolio_cash_ratio": [473362, 0.8773901966527663, 29223.720928805527], "free_collateral": [473362, 34381553.3495038, 3.0535851146792835e+20], "mm_reqs": [473362, 22927.704168819066, 8443621292584033.0], "unrealized_pnl_0": [473362, 6.19174699670176, 278315306913.2706], "unrealized_pnl_1": [473362, -3.412976617842817, 1333487713014.3413], "unrealized_pnl_2": [473362, 33991.07673752424, 1.7793859393690362e+16], "unrealized_pnl_3": [473362, 74774.6444430175, 2.192725650031305e+17], "unrealized_pnl_4": [473362, 136.96273142281052, 4856686997648.808], "unrealized_pnl_5": [473362, 4822.968235899264, 1556731189269603.8], "unrealized_pnl_6": [473362, 78.0954782875887, 4728513361198.822], "unrealized_pnl_7": [473362, 54.401292303337364, 702894444416.694], "unrealized_pnl_8": [473362, 62.77432420709681, 712035626189.2059], "unrealized_pnl_9": [473362, 1362.075129707696, 173649618779524.2], "margin_usage_ratio": [473362, 0.0045599715621098815, 42.36647541566519]}, "pcr_min_ew": 0.9939068538572202, "pcr_max_ew": 1.000000000000048}