{"r_count": 734738.0001000001, "r_mean": 0.005220487528167944, "r_var": 1722.364209749581, "tanh_k": 2.0, "feature_welford": {"unrealized_pnl": [734740, 106307.98177102322, 3.033024835054407e+17], "realized_pnl": [734740, 47577.63183210683, 2.221991463968148e+17], "compounded_returns": [734740, 21085.80539713833, 172400642314408.97], "balance": [734740, 38611841.485409774, 5.7302950640092034e+20], "position_value": [734740, 237074.1897423824, 3.515736071506737e+17], "current_position_size": [734740, 1185327.7756862899, 8.789321433535157e+18], "last_log_ret": [734740, 0.009555465490025145, 1428.1199113437317], "sortino_ratio": [734740, 8.265131985872062, 299531513920.3431], "rolling_pnl_sigma": [734740, 0.014795092009608126, 570.5205340783633], "portfolio_cash_ratio": [734740, 0.8902494093911528, 39656.71994550495], "free_collateral": [734740, 38929632.79641698, 5.667493238314923e+20], "mm_reqs": [734740, 25631.492253221146, 1.60978046304047e+16], "unrealized_pnl_0": [734740, 4.118008565154541, 348668167425.6067], "unrealized_pnl_1": [734740, -3.573084081327845, 1980832676840.579], "unrealized_pnl_2": [734740, 43549.564503956986, 4.386645245774519e+16], "unrealized_pnl_3": [734740, 87191.63224740382, 4.365431536368036e+17], "unrealized_pnl_4": [734740, 159.10537604591727, 7145042251230.614], "unrealized_pnl_5": [734740, 5647.988089708936, 2466835102933894.0], "unrealized_pnl_6": [734740, 97.23848730459262, 6983810824901.303], "unrealized_pnl_7": [734740, 85.87592210146974, 1676245547966.767], "unrealized_pnl_8": [734740, 70.64743164840422, 1185656730882.5776], "unrealized_pnl_9": [734740, 1500.2778542061312, 348902188459652.75], "margin_usage_ratio": [734740, 0.004127550780815963, 59.377608271179575]}, "pcr_min_ew": 0.996826538275442, "pcr_max_ew": 0.9999999973530348}