{"r_count": 748142.0001000001, "r_mean": 0.005251237996667418, "r_var": 1736.5291486634123, "tanh_k": 2.0, "feature_welford": {"unrealized_pnl": [748144, 106169.38909406312, 3.070015608644722e+17], "realized_pnl": [748144, 47711.608721638426, 2.3107592355857616e+17], "compounded_returns": [748144, 21158.349183831422, 174996887240545.38], "balance": [748144, 38721204.363399155, 5.817345627366168e+20], "position_value": [748144, 236754.08853517327, 3.548947943054212e+17], "current_position_size": [748144, 1183723.2334863073, 8.872351687990375e+18], "last_log_ret": [748144, 0.009562648952941281, 1442.2570791604562], "sortino_ratio": [748144, 10.024881105775322, 408328655499.0002], "rolling_pnl_sigma": [748144, 0.01471872430787137, 575.3278552293486], "portfolio_cash_ratio": [748144, 0.890546776538883, 40240.03686816146], "free_collateral": [748144, 39038797.224049665, 5.751811786675002e+20], "mm_reqs": [748144, 25384.701334249843, 1.6063263171339626e+16], "unrealized_pnl_0": [748144, 4.543637411547189, 342299224833.26874], "unrealized_pnl_1": [748144, -5.173105765746559, 2024670088987.4326], "unrealized_pnl_2": [748144, 43932.774041738, 4.538864523288267e+16], "unrealized_pnl_3": [748144, 87084.36873448527, 4.485358636756703e+17], "unrealized_pnl_4": [748144, 164.0631264935875, 7027788688426.0205], "unrealized_pnl_5": [748144, 5691.982235995392, 2404166755656274.5], "unrealized_pnl_6": [748144, 95.57787085504752, 7303005248687.207], "unrealized_pnl_7": [748144, 83.8309541760221, 1625797705802.1038], "unrealized_pnl_8": [748144, 71.38755997826807, 1192413468110.7393], "unrealized_pnl_9": [748144, 1469.326153925531, 339325181556736.5], "margin_usage_ratio": [748144, 0.0041124267438605484, 60.264315135578094]}, "pcr_min_ew": 0.9994968509426958, "pcr_max_ew": 0.9999999987695539}