{"r_count": 796173.0001000001, "r_mean": 0.005356044278697357, "r_var": 1789.4954069651478, "tanh_k": 2.0, "feature_welford": {"unrealized_pnl": [796175, 111125.88971530925, 3.5212856603369254e+17], "realized_pnl": [796175, 48763.95113112088, 2.5409309660864397e+17], "compounded_returns": [796175, 21646.459696155714, 194359167005246.66], "balance": [796175, 39586319.49236657, 6.476192980936627e+20], "position_value": [796175, 241719.2096337741, 3.94650014998117e+17], "current_position_size": [796175, 1208552.0586681564, 9.866230278377066e+18], "last_log_ret": [796175, 0.009593452079040169, 1495.2280193883867], "sortino_ratio": [796175, 7.943881926983306, 299770344614.1382], "rolling_pnl_sigma": [796175, 0.014516375015099718, 593.8771765883703], "portfolio_cash_ratio": [796175, 0.8920660072474933, 42047.273587950935], "free_collateral": [796175, 39912844.01555011, 6.404290612928968e+20], "mm_reqs": [796175, 26362.877481615993, 1.8412935577439492e+16], "unrealized_pnl_0": [796175, 4.749791023861014, 397028075951.8434], "unrealized_pnl_1": [796175, -2.4504802422332363, 2062383343274.014], "unrealized_pnl_2": [796175, 45558.489432185335, 5.230968699667635e+16], "unrealized_pnl_3": [796175, 90627.35805596686, 5.0320927512744864e+17], "unrealized_pnl_4": [796175, 167.44262346708535, 7605964751453.08], "unrealized_pnl_5": [796175, 5836.244041464728, 2659716414722928.0], "unrealized_pnl_6": [796175, 102.05892348341122, 7626910489556.308], "unrealized_pnl_7": [796175, 89.94507926549866, 1868228154859.9546], "unrealized_pnl_8": [796175, 68.9004228254876, 1230784436471.6726], "unrealized_pnl_9": [796175, 1539.7563843854407, 403000393455985.7], "margin_usage_ratio": [796175, 0.004069761932514057, 63.41214578992461]}, "pcr_min_ew": 0.9994120327646848, "pcr_max_ew": 0.9999999983135991}