{"r_count": 569422.0001000001, "r_mean": 0.004853049666412241, "r_var": 1539.1418879209536, "tanh_k": 2.0, "feature_welford": {"unrealized_pnl": [569424, 94475.90475076875, 1.9761178944626765e+17], "realized_pnl": [569424, 44395.29504257336, 1.49278183569861e+17], "compounded_returns": [569424, 19507.824071540676, 120431534526443.84], "balance": [569424, 35889498.79938765, 3.9652422061895936e+20], "position_value": [569424, 224339.5132239806, 2.4862224653702768e+17], "current_position_size": [569424, 1121642.0233995388, 6.215530722882463e+18], "last_log_ret": [569424, 0.009431432837394229, 1246.5251824256718], "sortino_ratio": [569424, 9.747928032597637, 388801451090.75385], "rolling_pnl_sigma": [569424, 0.015828678862634026, 504.7946555504972], "portfolio_cash_ratio": [569424, 0.8832742336662246, 33170.2064307641], "free_collateral": [569424, 36184425.94991126, 3.9244771772426925e+20], "mm_reqs": [569424, 23937.454749047727, 1.0971177725094846e+16], "unrealized_pnl_0": [569424, 4.6100075710468165, 290231420065.41144], "unrealized_pnl_1": [569424, -2.364574583505602, 1612266780928.6326], "unrealized_pnl_2": [569424, 37612.098523943714, 2.5633491360348424e+16], "unrealized_pnl_3": [569424, 79530.60029221997, 2.8997145056043494e+17], "unrealized_pnl_4": [569424, 142.5376092873083, 5478559298734.049], "unrealized_pnl_5": [569424, 5137.341128440154, 1860791806808799.8], "unrealized_pnl_6": [569424, 79.61866368448788, 5924638908864.83], "unrealized_pnl_7": [569424, 65.27106879394596, 919672411333.882], "unrealized_pnl_8": [569424, 70.28383252808285, 942791186959.5424], "unrealized_pnl_9": [569424, 1392.9343975272561, 216456872730958.7], "margin_usage_ratio": [569424, 0.004357799814637855, 48.65922764848638]}, "pcr_min_ew": 0.9847596434009365, "pcr_max_ew": 0.9999999995818502}