{"r_count": 717983.0001000001, "r_mean": 0.005186764879158703, "r_var": 1703.6566598757577, "tanh_k": 2.0, "feature_welford": {"unrealized_pnl": [717985, 104282.65681612387, 2.87971757076707e+17], "realized_pnl": [717985, 47358.108948573805, 2.1488224407203206e+17], "compounded_returns": [717985, 20940.397371548246, 166553646376599.94], "balance": [717985, 38359494.46459061, 5.534518232831286e+20], "position_value": [717985, 234592.86325231227, 3.372739958465201e+17], "current_position_size": [717985, 1172907.751400737, 8.431826320273106e+18], "last_log_ret": [717985, 0.009545188763737555, 1409.5155988849883], "sortino_ratio": [717985, 6.61295218587932, 199750780413.4294], "rolling_pnl_sigma": [717985, 0.014872378242556503, 563.7662878141089], "portfolio_cash_ratio": [717985, 0.8896799304641453, 39029.47513931373], "free_collateral": [717985, 38673241.912934594, 5.473814363016132e+20], "mm_reqs": [717985, 25169.46553165584, 1.5232032159172864e+16], "unrealized_pnl_0": [717985, 3.805036144715108, 335954149678.87885], "unrealized_pnl_1": [717985, -6.217887738853832, 2185367698488.4377], "unrealized_pnl_2": [717985, 42711.35119054903, 4.1826929023743624e+16], "unrealized_pnl_3": [717985, 86000.79969852754, 4.1808047780687334e+17], "unrealized_pnl_4": [717985, 159.94473596647904, 6446687460428.616], "unrealized_pnl_5": [717985, 5556.839954871228, 2293262409165731.5], "unrealized_pnl_6": [717985, 95.6264052727222, 8360629425925.235], "unrealized_pnl_7": [717985, 81.26328149219947, 1385751222958.476], "unrealized_pnl_8": [717985, 70.82813648338113, 1153113586198.0793], "unrealized_pnl_9": [717985, 1485.8784120344853, 324882796769710.06], "margin_usage_ratio": [717985, 0.004143938150816643, 58.33793776853454]}, "pcr_min_ew": 0.9986610762572978, "pcr_max_ew": 0.999999965876315}