{"r_count": 904522.0001000001, "r_mean": 0.005606618154332044, "r_var": 1906.238417117761, "tanh_k": 2.0, "feature_welford": {"unrealized_pnl": [904524, 119814.34589031588, 4.5220606070114445e+17], "realized_pnl": [904524, 50999.20826250225, 3.198113498689773e+17], "compounded_returns": [904524, 22696.7359193686, 239731054968756.97], "balance": [904524, 41413155.005217776, 8.003534116022966e+20], "position_value": [904524, 249972.62311043043, 4.764343178271434e+17], "current_position_size": [904524, 1249810.470186638, 1.1910829452942645e+19], "last_log_ret": [904524, 0.009655928957240979, 1612.7528425531402], "sortino_ratio": [904524, 7.054917924425897, 294938955463.3358], "rolling_pnl_sigma": [904524, 0.014127115720378865, 634.2036840688296], "portfolio_cash_ratio": [904524, 0.894477354342147, 46353.873124163205], "free_collateral": [904524, 41755368.538492836, 7.913727187230981e+20], "mm_reqs": [904524, 27620.489837422414, 2.2756672435934164e+16], "unrealized_pnl_0": [904524, 3.8280511199274745, 403238484550.087], "unrealized_pnl_1": [904524, -4.190754021971022, 2510276111896.9883], "unrealized_pnl_2": [904524, 49196.849476514915, 7.122089486124025e+16], "unrealized_pnl_3": [904524, 96918.7065688123, 6.334449499003644e+17], "unrealized_pnl_4": [904524, 184.5761491227614, 9060215574350.014], "unrealized_pnl_5": [904524, 6271.978270963491, 3102122280375568.5], "unrealized_pnl_6": [904524, 113.26379714594921, 8479566870010.446], "unrealized_pnl_7": [904524, 90.1630265274064, 2094231713456.7556], "unrealized_pnl_8": [904524, 66.5424247360793, 1348600242092.57], "unrealized_pnl_9": [904524, 1537.5365378111906, 461514878022132.3], "margin_usage_ratio": [904524, 0.003989826683982133, 70.45455739867482]}, "pcr_min_ew": 0.9995192019702906, "pcr_max_ew": 0.9999999999999848}