{"r_count": 627506.0001000001, "r_mean": 0.004986404639397483, "r_var": 1603.6453539363704, "tanh_k": 2.0, "feature_welford": {"unrealized_pnl": [627508, 97574.0425137988, 2.2720559348092595e+17], "realized_pnl": [627508, 45708.447437346185, 1.758311432569016e+17], "compounded_returns": [627508, 20090.618094380054, 137662300613806.47], "balance": [627508, 36883077.19545025, 4.5460218408362705e+20], "position_value": [627508, 228149.08412677867, 2.8079462613959037e+17], "current_position_size": [627508, 1140698.943527822, 7.019839716722584e+18], "last_log_ret": [627508, 0.009479913332611799, 1310.28415722963], "sortino_ratio": [627508, 6.5916784332772735, 199605122594.3842], "rolling_pnl_sigma": [627508, 0.015402064613006614, 528.462181794872], "portfolio_cash_ratio": [627508, 0.8860849124482101, 35482.22545950981], "free_collateral": [627508, 37184676.71935906, 4.497616196728133e+20], "mm_reqs": [627508, 24175.711832797915, 1.2306305317749212e+16], "unrealized_pnl_0": [627508, 4.670788483133244, 310088379733.19836], "unrealized_pnl_1": [627508, -8.57434412719873, 2086309387097.6006], "unrealized_pnl_2": [627508, 39884.63878623032, 3.116139904993688e+16], "unrealized_pnl_3": [627508, 81132.63650474003, 3.355447679213815e+17], "unrealized_pnl_4": [627508, 147.0853163189359, 6362576100331.78], "unrealized_pnl_5": [627508, 5343.5510474408275, 2063746450004307.2], "unrealized_pnl_6": [627508, 86.1128302505466, 6866356440423.475], "unrealized_pnl_7": [627508, 72.33383040383094, 1088326614812.3307], "unrealized_pnl_8": [627508, 72.54842422260673, 1045015229941.6754], "unrealized_pnl_9": [627508, 1446.777234804695, 272699743156524.0], "margin_usage_ratio": [627508, 0.004256132906726608, 52.25851605774896]}, "pcr_min_ew": 0.9950394589242243, "pcr_max_ew": 0.999999999444641}