{"r_count": 621921.0001000001, "r_mean": 0.004978029274536448, "r_var": 1597.5884524135981, "tanh_k": 2.0, "feature_welford": {"unrealized_pnl": [621923, 97843.9733434538, 2.2729034766114902e+17], "realized_pnl": [621923, 45531.70236339213, 1.706986343059978e+17], "compounded_returns": [621923, 20068.33940672223, 136785760825105.53], "balance": [621923, 36859667.02447307, 4.5226054849693385e+20], "position_value": [621923, 228253.72737424597, 2.805846714555045e+17], "current_position_size": [621923, 1141206.861493607, 7.014590412527855e+18], "last_log_ret": [621923, 0.00947708041540309, 1304.3210505317572], "sortino_ratio": [621923, 6.843134695289802, 198986802365.59525], "rolling_pnl_sigma": [621923, 0.015442031100674564, 526.0100762462697], "portfolio_cash_ratio": [621923, 0.885862946260806, 35258.412654452455], "free_collateral": [621923, 37161380.99757469, 4.475222642969155e+20], "mm_reqs": [621923, 24426.042084809847, 1.2497168304430972e+16], "unrealized_pnl_0": [621923, 4.041580791878404, 323924380840.751], "unrealized_pnl_1": [621923, -4.777977880085511, 1669851033896.1646], "unrealized_pnl_2": [621923, 39400.02837143231, 3.059927451861577e+16], "unrealized_pnl_3": [621923, 81871.88742494433, 3.3313640137549715e+17], "unrealized_pnl_4": [621923, 146.98931510328526, 5720176431835.954], "unrealized_pnl_5": [621923, 5229.368865174177, 1993211603514653.8], "unrealized_pnl_6": [621923, 89.87754231187354, 7507738518468.925], "unrealized_pnl_7": [621923, 71.52425442239361, 1058784187166.5402], "unrealized_pnl_8": [621923, 71.50857034161876, 970585123764.2828], "unrealized_pnl_9": [621923, 1451.0690301452007, 262593426699169.88], "margin_usage_ratio": [621923, 0.004270871011736088, 52.08127517802352]}, "pcr_min_ew": 0.9962569045513293, "pcr_max_ew": 0.9999999959235485}