{"r_count": 850906.0001000001, "r_mean": 0.005489920956943046, "r_var": 1848.3723446588217, "tanh_k": 2.0, "feature_welford": {"unrealized_pnl": [850908, 115566.41069018222, 4.0080252744385306e+17], "realized_pnl": [850908, 49976.54785622336, 2.8662357823692918e+17], "compounded_returns": [850908, 22211.4377333561, 217035864429165.16], "balance": [850908, 40565197.1348306, 7.235113916701231e+20], "position_value": [850908, 246050.30020484657, 4.350596915630195e+17], "current_position_size": [850908, 1230199.3562378925, 1.0876464450836036e+19], "last_log_ret": [850908, 0.009627310934188168, 1554.4962516603996], "sortino_ratio": [850908, 6.824915112188974, 283123802404.6794], "rolling_pnl_sigma": [850908, 0.014309711993322776, 614.3169799349154], "portfolio_cash_ratio": [850908, 0.8933415948108843, 44235.92289738756], "free_collateral": [850908, 40899925.687484175, 7.154128420778095e+20], "mm_reqs": [850908, 26929.44797446351, 2.038369268344935e+16], "unrealized_pnl_0": [850908, 3.825669026925438, 392265549266.61707], "unrealized_pnl_1": [850908, -5.078990937753397, 2279726873945.2817], "unrealized_pnl_2": [850908, 47479.725648392225, 6.1826532644414664e+16], "unrealized_pnl_3": [850908, 93882.37471735141, 5.6522012770414765e+17], "unrealized_pnl_4": [850908, 178.18944013370577, 8409330478542.006], "unrealized_pnl_5": [850908, 6074.2663389196305, 2886868748759865.5], "unrealized_pnl_6": [850908, 107.55737651553662, 8158024140893.249], "unrealized_pnl_7": [850908, 88.96393320888235, 1961313877590.3928], "unrealized_pnl_8": [850908, 67.99881713383623, 1307892177279.7866], "unrealized_pnl_9": [850908, 1526.2438339936296, 420419716134680.5], "margin_usage_ratio": [850908, 0.004024980881130982, 66.91074130922082]}, "pcr_min_ew": 0.9986658233355643, "pcr_max_ew": 0.9999999920275973}