{"r_count": 809577.0001000001, "r_mean": 0.00538849728731413, "r_var": 1803.635469126152, "tanh_k": 2.0, "feature_welford": {"unrealized_pnl": [809579, 111287.62609905902, 3.5701796694587315e+17], "realized_pnl": [809579, 49226.90224776559, 2.6730800644613475e+17], "compounded_returns": [809579, 21778.188889939185, 199003235935405.75], "balance": [809579, 39806045.29452725, 6.627170914061683e+20], "position_value": [809579, 241787.1591169949, 3.9876650564916e+17], "current_position_size": [809579, 1208883.4553853658, 9.969142083139437e+18], "last_log_ret": [809579, 0.009601876885147397, 1509.433068857903], "sortino_ratio": [809579, 7.508104532408938, 277227773996.34485], "rolling_pnl_sigma": [809579, 0.014456125824283473, 598.6716204689573], "portfolio_cash_ratio": [809579, 0.8922876707370514, 42637.93913747501], "free_collateral": [809579, 40133013.16750239, 6.552022121355725e+20], "mm_reqs": [809579, 26148.207116584068, 1.8420883975179504e+16], "unrealized_pnl_0": [809579, 4.726084542720644, 463425135632.1374], "unrealized_pnl_1": [809579, -7.032038431447662, 2338762965762.2217], "unrealized_pnl_2": [809579, 46200.098841553576, 5.48332076894515e+16], "unrealized_pnl_3": [809579, 90664.43269548478, 5.195334753900597e+17], "unrealized_pnl_4": [809579, 171.87327207062697, 7579952001899.009], "unrealized_pnl_5": [809579, 5920.590413846816, 2680617054129521.0], "unrealized_pnl_6": [809579, 97.88912701961198, 8013188494708.104], "unrealized_pnl_7": [809579, 85.65597723524975, 1969570062832.3525], "unrealized_pnl_8": [809579, 70.2772768319592, 1268230542850.2522], "unrealized_pnl_9": [809579, 1503.2693429395572, 392971722707157.3], "margin_usage_ratio": [809579, 0.00405694923708179, 64.27885317840764]}, "pcr_min_ew": 0.9956367257232436, "pcr_max_ew": 0.9999563492221737}