{"r_count": 468892.0001, "r_mean": 0.0045857369637063855, "r_var": 1426.9492194903246, "tanh_k": 2.0, "feature_welford": {"unrealized_pnl": [468894, 86882.63044788828, 1.4543628070079226e+17], "realized_pnl": [468894, 42159.85778245244, 1.1112592808772907e+17], "compounded_returns": [468894, 18384.977900071142, 93131891041257.95], "balance": [468894, 33998212.44657817, 3.040764599653726e+20], "position_value": [468894, 215371.1080792397, 1.9251335493458803e+17], "current_position_size": [468894, 1076799.6812664114, 4.812803115827193e+18], "last_log_ret": [468894, 0.009326357497855303, 1136.2729116853343], "sortino_ratio": [468894, 6.931013067602461, 197904244694.11926], "rolling_pnl_sigma": [468894, 0.016745341451655422, 462.71884584323413], "portfolio_cash_ratio": [468894, 0.8771035295709881, 29026.552455240282], "free_collateral": [468894, 34277644.8486462, 3.011730509237693e+20], "mm_reqs": [468894, 22863.066019982805, 8321613366059249.0], "unrealized_pnl_0": [468894, 6.151485570484377, 276476365040.6319], "unrealized_pnl_1": [468894, -3.427255324133446, 1333396008724.0881], "unrealized_pnl_2": [468894, 33748.98740990872, 1.736646301620621e+16], "unrealized_pnl_3": [468894, 74458.94264301423, 2.158709953656418e+17], "unrealized_pnl_4": [468894, 137.03845061116593, 4841789589883.105], "unrealized_pnl_5": [468894, 4800.071240368494, 1539474490172456.0], "unrealized_pnl_6": [468894, 78.84136467045901, 4694122019301.829], "unrealized_pnl_7": [468894, 54.18398421296326, 695485081719.0721], "unrealized_pnl_8": [468894, 62.02704305662436, 703440360522.4796], "unrealized_pnl_9": [468894, 1359.7527890096292, 172452541100386.8], "margin_usage_ratio": [468894, 0.004570207779646717, 42.06009527851665]}, "pcr_min_ew": 0.9971659527953549, "pcr_max_ew": 0.9999999999999576}