{"r_count": 711281.0001000001, "r_mean": 0.005184409881906931, "r_var": 1696.5321627106277, "tanh_k": 2.0, "feature_welford": {"unrealized_pnl": [711283, 105101.68176473914, 2.8858299151709434e+17], "realized_pnl": [711283, 47268.037317046445, 2.1109547114972394e+17], "compounded_returns": [711283, 20903.128932144165, 164298216279182.47], "balance": [711283, 38301333.07178373, 5.455340193656783e+20], "position_value": [711283, 235780.1671846588, 3.364235979076026e+17], "current_position_size": [711283, 1178853.731037076, 8.410562493974318e+18], "last_log_ret": [711283, 0.009542285604685275, 1402.6028186327976], "sortino_ratio": [711283, 7.094811156016824, 207525191948.28925], "rolling_pnl_sigma": [711283, 0.01491237074526531, 561.4582708890238], "portfolio_cash_ratio": [711283, 0.8893751351483015, 38771.90621085119], "free_collateral": [711283, 38616964.653530344, 5.395441917195062e+20], "mm_reqs": [711283, 25292.606097100223, 1.5069609603449632e+16], "unrealized_pnl_0": [711283, 4.633676326720209, 323397780789.053], "unrealized_pnl_1": [711283, -1.8725329585673411, 1849988394417.3545], "unrealized_pnl_2": [711283, 42848.954742545684, 4.166179717207512e+16], "unrealized_pnl_3": [711283, 86645.61624955719, 4.15076757868273e+17], "unrealized_pnl_4": [711283, 159.1569464809004, 6466453282202.421], "unrealized_pnl_5": [711283, 5678.539861471749, 2459582836850233.0], "unrealized_pnl_6": [711283, 98.27774399793121, 8247715796935.579], "unrealized_pnl_7": [711283, 81.26002070215536, 1505760724709.4514], "unrealized_pnl_8": [711283, 73.82471675085802, 1195190415882.451], "unrealized_pnl_9": [711283, 1498.5568703203282, 324096616910787.7], "margin_usage_ratio": [711283, 0.004154476101672563, 57.85890460098365]}, "pcr_min_ew": 0.991444804384713, "pcr_max_ew": 0.9999999999999581}