{"r_count": 901171.0001000001, "r_mean": 0.005599726191316589, "r_var": 1902.626216612941, "tanh_k": 2.0, "feature_welford": {"unrealized_pnl": [901173, 119597.27539413965, 4.49353247455974e+17], "realized_pnl": [901173, 50933.41761021567, 3.177827785537386e+17], "compounded_returns": [901173, 22671.18505816413, 238447131943946.1], "balance": [901173, 41368841.668289416, 7.960078521955089e+20], "position_value": [901173, 249746.85682778255, 4.738381149873717e+17], "current_position_size": [901173, 1248681.4439208745, 1.1845924272387226e+19], "last_log_ret": [901173, 0.009654323710236232, 1609.108886531591], "sortino_ratio": [901173, 7.067837926403919, 294933821873.2981], "rolling_pnl_sigma": [901173, 0.014138298208692947, 632.9656889968169], "portfolio_cash_ratio": [901173, 0.8944068923454513, 46223.00501654778], "free_collateral": [901173, 41710662.41378418, 7.870807323136592e+20], "mm_reqs": [901173, 27569.717609395437, 2.2585170525644404e+16], "unrealized_pnl_0": [901173, 3.828058645636519, 403002125321.08636], "unrealized_pnl_1": [901173, -4.153386902334387, 2508372900612.3447], "unrealized_pnl_2": [901173, 49105.91622365756, 7.063495195628251e+16], "unrealized_pnl_3": [901173, 96760.35622346964, 6.294896073291712e+17], "unrealized_pnl_4": [901173, 184.13131755336528, 9027457512918.6], "unrealized_pnl_5": [901173, 6270.7751374308355, 3096096908757837.0], "unrealized_pnl_6": [901173, 113.44386515895803, 8426847558266.875], "unrealized_pnl_7": [901173, 90.22583972180594, 2088137344091.2092], "unrealized_pnl_8": [901173, 66.72978081896318, 1345858988550.3425], "unrealized_pnl_9": [901173, 1535.7865860493832, 459352767957787.3], "margin_usage_ratio": [901173, 0.003991540884040964, 70.22449113157224]}, "pcr_min_ew": 0.9960848838915068, "pcr_max_ew": 0.9999999981572267}