{"r_count": 951436.0001000001, "r_mean": 0.005705441430243601, "r_var": 1956.7076831102895, "tanh_k": 2.0, "feature_welford": {"unrealized_pnl": [951438, 123094.33732732674, 4.969571342418971e+17], "realized_pnl": [951438, 51801.987978884645, 3.4894111114384877e+17], "compounded_returns": [951438, 23096.29480008061, 259936430863593.6], "balance": [951438, 42115094.26656698, 8.690168056725e+20], "position_value": [951438, 253192.08818669664, 5.131979287095319e+17], "current_position_size": [951438, 1265910.3900982982, 1.2829921261417912e+19], "last_log_ret": [951438, 0.00967889847746456, 1663.810559747243], "sortino_ratio": [951438, 6.868628095825394, 295014634914.8213], "rolling_pnl_sigma": [951438, 0.013980682952723117, 651.6425984161377], "portfolio_cash_ratio": [951438, 0.8953602305856273, 48214.763106054605], "free_collateral": [951438, 42463280.7278324, 8.592220126698171e+20], "mm_reqs": [951438, 28146.075550781272, 2.4835158736725332e+16], "unrealized_pnl_0": [951438, 4.026016814177326, 419517557373.5418], "unrealized_pnl_1": [951438, -4.414177383721842, 2601906848477.7383], "unrealized_pnl_2": [951438, 50684.853621885355, 8.02444520885384e+16], "unrealized_pnl_3": [951438, 99201.34852264235, 6.953641798903854e+17], "unrealized_pnl_4": [951438, 188.7317575186887, 9442483804067.098], "unrealized_pnl_5": [951438, 6441.365755230405, 3277292669984211.0], "unrealized_pnl_6": [951438, 117.52976682615214, 9146620736759.295], "unrealized_pnl_7": [951438, 90.18760789025613, 2207537462106.0454], "unrealized_pnl_8": [951438, 65.96414624906592, 1418609925897.705], "unrealized_pnl_9": [951438, 1545.2738554644534, 494256294998348.4], "margin_usage_ratio": [951438, 0.003962246761061694, 73.5642205536181]}, "pcr_min_ew": 0.9994915341557987, "pcr_max_ew": 0.9999999593687658}