{"r_count": 830800.0001000001, "r_mean": 0.005445869733106363, "r_var": 1827.4176640698845, "tanh_k": 2.0, "feature_welford": {"unrealized_pnl": [830802, 113569.44424783278, 3.8192857256317286e+17], "realized_pnl": [830802, 49393.192846181824, 2.76907854745413e+17], "compounded_returns": [830802, 21996.824353108568, 208329943103664.84], "balance": [830802, 40212052.306915455, 6.953334578795064e+20], "position_value": [830802, 243636.9762900551, 4.1827155032095846e+17], "current_position_size": [830802, 1218126.787692904, 1.04567592571284e+19], "last_log_ret": [830802, 0.009615457560887724, 1533.3947343022548], "sortino_ratio": [830802, 8.012307017543664, 428093408166.51495], "rolling_pnl_sigma": [830802, 0.014380294652189731, 607.015091251101], "portfolio_cash_ratio": [830802, 0.8928758344586022, 43453.12687066493], "free_collateral": [830802, 40542641.63876058, 6.87531354245434e+20], "mm_reqs": [830802, 26656.877589535103, 1.9817112951111948e+16], "unrealized_pnl_0": [830802, 4.470878107057458, 374496657672.5595], "unrealized_pnl_1": [830802, -1.2751647345467414, 2186917451010.653], "unrealized_pnl_2": [830802, 46577.3380813677, 5.790148223755418e+16], "unrealized_pnl_3": [830802, 92551.39988906472, 5.4592627577547776e+17], "unrealized_pnl_4": [830802, 174.72353297689213, 7622993172382.104], "unrealized_pnl_5": [830802, 5987.358721795004, 2708220257000438.5], "unrealized_pnl_6": [830802, 107.30238264333127, 8643723559990.055], "unrealized_pnl_7": [830802, 89.15834255614605, 1810146366078.6465], "unrealized_pnl_8": [830802, 67.84697727080726, 1279879027962.5886], "unrealized_pnl_9": [830802, 1535.095136971586, 417258152531755.0], "margin_usage_ratio": [830802, 0.004039002291982051, 65.66060716284619]}, "pcr_min_ew": 0.998307147007095, "pcr_max_ew": 0.9999999999999561}