{"r_count": 846438.0001000001, "r_mean": 0.005496136858715822, "r_var": 1844.6977412047836, "tanh_k": 2.0, "feature_welford": {"unrealized_pnl": [846440, 116074.30650790247, 4.057035816802941e+17], "realized_pnl": [846440, 50352.96446135475, 2.92033180824785e+17], "compounded_returns": [846440, 22324.144931608294, 219424053200342.28], "balance": [846440, 40813514.26068326, 7.33278547321018e+20], "position_value": [846440, 246109.5497576604, 4.368165811359643e+17], "current_position_size": [846440, 1230498.8284025118, 1.092040116232703e+19], "last_log_ret": [846440, 0.00963118524891662, 1551.0334449294269], "sortino_ratio": [846440, 6.32035737220663, 201961258930.6916], "rolling_pnl_sigma": [846440, 0.014330803575222045, 613.3934701203073], "portfolio_cash_ratio": [846440, 0.8932394566329815, 44063.18393955873], "free_collateral": [846440, 41148498.88588686, 7.251976957004239e+20], "mm_reqs": [846440, 27246.743292792948, 2.091888470764911e+16], "unrealized_pnl_0": [846440, 3.875266680875527, 322259755721.7896], "unrealized_pnl_1": [846440, -3.624181622517127, 2105359463314.2747], "unrealized_pnl_2": [846440, 47132.399785916656, 6.001438973182577e+16], "unrealized_pnl_3": [846440, 94556.13024648985, 5.7324477390434477e+17], "unrealized_pnl_4": [846440, 179.17824948700343, 8935779764361.254], "unrealized_pnl_5": [846440, 6077.609916976765, 2843471027603970.0], "unrealized_pnl_6": [846440, 111.5544801861572, 9309873066459.152], "unrealized_pnl_7": [846440, 87.48107930711149, 1913380473851.487], "unrealized_pnl_8": [846440, 69.28884830931271, 1397599966207.007], "unrealized_pnl_9": [846440, 1500.8640371067993, 424693562589533.3], "margin_usage_ratio": [846440, 0.004033822533735611, 66.70707802242909]}, "pcr_min_ew": 0.9992444165807232, "pcr_max_ew": 1.000000000000068}