{"r_count": 885533.0001000001, "r_mean": 0.005578721798453867, "r_var": 1886.798884048001, "tanh_k": 2.0, "feature_welford": {"unrealized_pnl": [885535, 119144.112763592, 4.412134503813005e+17], "realized_pnl": [885535, 50969.35732545471, 3.1379445902591584e+17], "compounded_returns": [885535, 22660.40533969722, 235102329454891.5], "balance": [885535, 41393126.332041904, 7.86013149505665e+20], "position_value": [885535, 249015.23394617945, 4.6633274299097645e+17], "current_position_size": [885535, 1245029.403467352, 1.165830642439967e+19], "last_log_ret": [885535, 0.00965170076032974, 1593.4271395333153], "sortino_ratio": [885535, 6.205300306535567, 201997692001.41122], "rolling_pnl_sigma": [885535, 0.014191840081335614, 627.8791245933347], "portfolio_cash_ratio": [885535, 0.8940989428623627, 45597.84491040684], "free_collateral": [885535, 41733619.57768396, 7.772902393197864e+20], "mm_reqs": [885535, 27711.54217698514, 2.2533827546384436e+16], "unrealized_pnl_0": [885535, 3.796625245295756, 330843527802.4031], "unrealized_pnl_1": [885535, -2.8890938076464243, 2253250649099.391], "unrealized_pnl_2": [885535, 48446.666005543, 6.688777986069385e+16], "unrealized_pnl_3": [885535, 96680.76134792688, 6.202269242001135e+17], "unrealized_pnl_4": [885535, 182.88740139483423, 9225571608401.164], "unrealized_pnl_5": [885535, 6225.848663952892, 3008938194719936.5], "unrealized_pnl_6": [885535, 113.56435852803024, 9804349823202.408], "unrealized_pnl_7": [885535, 89.75753989975453, 2074871645951.0908], "unrealized_pnl_8": [885535, 67.86637821097563, 1434930568994.0618], "unrealized_pnl_9": [885535, 1492.49295291649, 456422315937280.4], "margin_usage_ratio": [885535, 0.0040068777477330385, 69.30388041685615]}, "pcr_min_ew": 0.9987476025527012, "pcr_max_ew": 0.9999999968306886}