{"r_count": 524742.0001000001, "r_mean": 0.004746792021784882, "r_var": 1489.1853438745602, "tanh_k": 2.0, "feature_welford": {"unrealized_pnl": [524744, 91904.38237270506, 1.7449982298491306e+17], "realized_pnl": [524744, 43517.91203841333, 1.3020493721150237e+17], "compounded_returns": [524744, 19069.010912699356, 108626333806779.36], "balance": [524744, 35149092.64271053, 3.56260909934729e+20], "position_value": [524744, 221369.7944022873, 2.243491997894409e+17], "current_position_size": [524744, 1106792.4103942951, 5.608702160771069e+18], "last_log_ret": [524744, 0.0093899945150054, 1197.5220048624108], "sortino_ratio": [524744, 7.511933686835039, 207071824822.79025], "rolling_pnl_sigma": [524744, 0.016201880070527686, 486.1783544853739], "portfolio_cash_ratio": [524744, 0.8807408708574472, 31334.634535117413], "free_collateral": [524744, 35438808.75156708, 3.5272911152855515e+20], "mm_reqs": [524744, 23602.037513899388, 9828789532809696.0], "unrealized_pnl_0": [524744, 5.223868542691338, 293804427088.29297], "unrealized_pnl_1": [524744, -1.8160636304778874, 1499308033895.3489], "unrealized_pnl_2": [524744, 36147.90367056546, 2.1836981015355256e+16], "unrealized_pnl_3": [524744, 77981.8968553488, 2.5638523700900784e+17], "unrealized_pnl_4": [524744, 142.1958652440501, 5362570418838.807], "unrealized_pnl_5": [524744, 5020.046407498473, 1739680505101790.0], "unrealized_pnl_6": [524744, 78.99892876648106, 5122124157289.99], "unrealized_pnl_7": [524744, 60.686586326871556, 825375640760.7854], "unrealized_pnl_8": [524744, 67.73395266988778, 800672777386.1447], "unrealized_pnl_9": [524744, 1388.129182657061, 195925899326214.75], "margin_usage_ratio": [524744, 0.004444673155106928, 45.69102990392059]}, "pcr_min_ew": 0.9993231076135217, "pcr_max_ew": 0.9999999984950598}