{"r_count": 495700.0001, "r_mean": 0.004669510790241806, "r_var": 1456.4980193246306, "tanh_k": 2.0, "feature_welford": {"unrealized_pnl": [495702, 89336.24888713054, 1.605201741432413e+17], "realized_pnl": [495702, 42825.922226367715, 1.2190731202442059e+17], "compounded_returns": [495702, 18749.24516362996, 101056749917319.25], "balance": [495702, 34594579.174103506, 3.3012101198770825e+20], "position_value": [495702, 218309.9646802401, 2.08349323802838e+17], "current_position_size": [495702, 1091492.4158984257, 5.20870292479516e+18], "last_log_ret": [495702, 0.00935901296325079, 1165.2127117415998], "sortino_ratio": [495702, 6.755486124202861, 197938440055.77615], "rolling_pnl_sigma": [495702, 0.01647176663434129, 474.00279140819276], "portfolio_cash_ratio": [495702, 0.878910181459359, 30168.063765630886], "free_collateral": [495702, 34879011.95059298, 3.269329807114428e+20], "mm_reqs": [495702, 23256.832631219306, 9065470247827062.0], "unrealized_pnl_0": [495702, 5.709905528655155, 281986497510.7113], "unrealized_pnl_1": [495702, -4.746838239394069, 1402171237376.301], "unrealized_pnl_2": [495702, 34696.65507466858, 1.935551808197976e+16], "unrealized_pnl_3": [495702, 76677.16925881873, 2.3933645722698595e+17], "unrealized_pnl_4": [495702, 138.17591680214133, 5130273627235.404], "unrealized_pnl_5": [495702, 4898.1121266308255, 1618859877257318.2], "unrealized_pnl_6": [495702, 77.65816311472595, 4854616534200.301], "unrealized_pnl_7": [495702, 56.53595212472932, 758104257631.5072], "unrealized_pnl_8": [495702, 64.82001147446749, 766109565370.8933], "unrealized_pnl_9": [495702, 1357.7797444097732, 181287135949661.88], "margin_usage_ratio": [495702, 0.004507913748952273, 43.85957772905595]}, "pcr_min_ew": 0.9982434106009026, "pcr_max_ew": 0.9999999698843489}