{"r_count": 865427.0001000001, "r_mean": 0.00552046551521846, "r_var": 1864.0696580598046, "tanh_k": 2.0, "feature_welford": {"unrealized_pnl": [865429, 116722.94390752175, 4.1425514593687264e+17], "realized_pnl": [865429, 50240.82757016349, 2.946721147213611e+17], "compounded_returns": [865429, 22336.67998640668, 222821612151532.9], "balance": [865429, 40783073.1137167, 7.431430555556175e+20], "position_value": [865429, 247100.65273139722, 4.460500593946019e+17], "current_position_size": [865429, 1235451.993110404, 1.1151224114197676e+19], "last_log_ret": [865429, 0.00963500250929666, 1570.2616082737686], "sortino_ratio": [865429, 6.746300162624035, 283125540925.6923], "rolling_pnl_sigma": [865429, 0.014258366101455712, 619.7827926107321], "portfolio_cash_ratio": [865429, 0.893665770918017, 44807.919059513566], "free_collateral": [865429, 41119825.61514943, 7.348176255181771e+20], "mm_reqs": [865429, 27115.325327302366, 2.1006965171400664e+16], "unrealized_pnl_0": [865429, 3.8237375136998337, 393316129113.32733], "unrealized_pnl_1": [865429, -4.162780393904159, 2486883168691.766], "unrealized_pnl_2": [865429, 47935.31262337677, 6.440911883607148e+16], "unrealized_pnl_3": [865429, 94656.72519699032, 5.815912751798179e+17], "unrealized_pnl_4": [865429, 180.50996206850454, 8581577863950.845], "unrealized_pnl_5": [865429, 6136.330940906176, 2947053975780025.0], "unrealized_pnl_6": [865429, 109.32665648243795, 8237936084026.192], "unrealized_pnl_7": [865429, 89.4387891411531, 2000257459498.8384], "unrealized_pnl_8": [865429, 67.5788887759321, 1319694745611.658], "unrealized_pnl_9": [865429, 1535.816068942363, 433158971151440.75], "margin_usage_ratio": [865429, 0.004014602794295243, 67.84776792955763]}, "pcr_min_ew": 0.9988956985568475, "pcr_max_ew": 0.9999999870120028}