{"r_count": 968191.0001000001, "r_mean": 0.005738164207848241, "r_var": 1975.0969560213957, "tanh_k": 2.0, "feature_welford": {"unrealized_pnl": [968193, 123205.63798818881, 5.068165637859034e+17], "realized_pnl": [968193, 51709.5163014977, 3.574246344779571e+17], "compounded_returns": [968193, 23199.216719913078, 266193595216928.1], "balance": [968193, 42302984.35397738, 8.906695191664907e+20], "position_value": [968193, 253085.37607958823, 5.2190938194064544e+17], "current_position_size": [968193, 1265373.4841420038, 1.3047715150633337e+19], "last_log_ret": [968193, 0.009685757691225455, 1682.3951623373428], "sortino_ratio": [968193, 7.803279135225891, 438706487567.09235], "rolling_pnl_sigma": [968193, 0.013920811408611873, 657.7170570506597], "portfolio_cash_ratio": [968193, 0.895752394400734, 48862.38855714938], "free_collateral": [968193, 42651127.23014316, 8.805517829149472e+20], "mm_reqs": [968193, 28187.585154163822, 2.5649192958059644e+16], "unrealized_pnl_0": [968193, 4.032218687709979, 400728654899.16376], "unrealized_pnl_1": [968193, -1.761593620951075, 2437919149665.2295], "unrealized_pnl_2": [968193, 50828.225374429625, 8.25294006149299e+16], "unrealized_pnl_3": [968193, 99500.7092664809, 7.16889549729989e+17], "unrealized_pnl_4": [968193, 185.9425636086003, 8690563222179.36], "unrealized_pnl_5": [968193, 6484.952449461684, 3255324632743418.5], "unrealized_pnl_6": [968193, 123.65564231476169, 10964786481733.191], "unrealized_pnl_7": [968193, 92.50753403503629, 2398644503550.086], "unrealized_pnl_8": [968193, 65.22052073739226, 1424105117698.723], "unrealized_pnl_9": [968193, 1541.7378225087596, 520529441559282.3], "margin_usage_ratio": [968193, 0.003948214299424136, 74.69536101414789]}, "pcr_min_ew": 0.9957244883468408, "pcr_max_ew": 0.9999999986952407}