{"r_count": 551550.0001000001, "r_mean": 0.004817821850687492, "r_var": 1519.1774174420032, "tanh_k": 2.0, "feature_welford": {"unrealized_pnl": [551552, 93732.74676575676, 1.9035920789008502e+17], "realized_pnl": [551552, 44190.71896375661, 1.4280016905999824e+17], "compounded_returns": [551552, 19389.928144062033, 116774007594520.86], "balance": [551552, 35695938.412251756, 3.837259679594995e+20], "position_value": [551552, 223257.23428727963, 2.4027854259712058e+17], "current_position_size": [551552, 1116226.2233676875, 6.006932209306857e+18], "last_log_ret": [551552, 0.009417536485192397, 1226.9163420926634], "sortino_ratio": [551552, 6.78702439600804, 198872712983.63315], "rolling_pnl_sigma": [551552, 0.015974417774023638, 497.548501501322], "portfolio_cash_ratio": [551552, 0.8823488849332839, 32439.73032747976], "free_collateral": [551552, 35989089.57705441, 3.79881385831909e+20], "mm_reqs": [551552, 23878.410762108477, 1.0586067226776136e+16], "unrealized_pnl_0": [551552, 5.474727335181298, 320828827710.7689], "unrealized_pnl_1": [551552, -6.1048565686903205, 1587548893258.6028], "unrealized_pnl_2": [551552, 37083.07487425568, 2.4540312876129616e+16], "unrealized_pnl_3": [551552, 79176.36048094851, 2.77688684618088e+17], "unrealized_pnl_4": [551552, 139.65814749746525, 5831826404752.861], "unrealized_pnl_5": [551552, 5123.459127653346, 1882953576856962.0], "unrealized_pnl_6": [551552, 78.58386900604005, 5347162231580.274], "unrealized_pnl_7": [551552, 63.72384546721995, 899020735239.6768], "unrealized_pnl_8": [551552, 68.99341690953216, 860785790822.7164], "unrealized_pnl_9": [551552, 1388.4703078138925, 215066713134686.88], "margin_usage_ratio": [551552, 0.004388731341059609, 47.45291904592357]}, "pcr_min_ew": 0.9988539406568249, "pcr_max_ew": 0.9999999976443807}