{"r_count": 562720.0001000001, "r_mean": 0.004840921896604679, "r_var": 1531.8817743291788, "tanh_k": 2.0, "feature_welford": {"unrealized_pnl": [562722, 94437.90198663203, 1.9437961805847194e+17], "realized_pnl": [562722, 44385.408124772235, 1.4630215398202822e+17], "compounded_returns": [562722, 19458.204502164386, 118921319524068.75], "balance": [562722, 35821690.426234454, 3.916964497829023e+20], "position_value": [562722, 224417.91514709214, 2.455373209462442e+17], "current_position_size": [562722, 1122036.8260684072, 6.138406101288958e+18], "last_log_ret": [562722, 0.00942627923771848, 1239.6072526129867], "sortino_ratio": [562722, 7.495594874638414, 207522921058.09888], "rolling_pnl_sigma": [562722, 0.015883392246657208, 502.0474013526848], "portfolio_cash_ratio": [562722, 0.8829375417042987, 32863.06327009172], "free_collateral": [562722, 36116651.63446987, 3.877039640275455e+20], "mm_reqs": [562722, 23944.059381107265, 1.0839321722116352e+16], "unrealized_pnl_0": [562722, 4.817190973458741, 295298573759.8149], "unrealized_pnl_1": [562722, -2.4467120662913167, 1542080948004.1926], "unrealized_pnl_2": [562722, 37583.31674845478, 2.516848170748053e+16], "unrealized_pnl_3": [562722, 79461.05658011827, 2.8398968859591978e+17], "unrealized_pnl_4": [562722, 143.90805578892406, 5586340566482.5205], "unrealized_pnl_5": [562722, 5095.8863730197945, 1848922321960487.8], "unrealized_pnl_6": [562722, 76.96230863922028, 5569032353741.917], "unrealized_pnl_7": [562722, 65.2585135202252, 1024208763706.7142], "unrealized_pnl_8": [562722, 69.86789108478229, 888763198175.1799], "unrealized_pnl_9": [562722, 1407.3988407442625, 218982714833215.28], "margin_usage_ratio": [562722, 0.004368530567493431, 48.13603581840912]}, "pcr_min_ew": 0.9919095538515516, "pcr_max_ew": 1.0000000000000526}