{"r_count": 684473.0001000001, "r_mean": 0.0051164235204851985, "r_var": 1667.8201548486438, "tanh_k": 2.0, "feature_welford": {"unrealized_pnl": [684475, 102283.99603290204, 2.6790156418466762e+17], "realized_pnl": [684475, 46684.730939174944, 2.0108356876993187e+17], "compounded_returns": [684475, 20623.73177198554, 155169569991890.62], "balance": [684475, 37841336.81996419, 5.157268431124007e+20], "position_value": [684475, 232435.31384071143, 3.1788301423195654e+17], "current_position_size": [684475, 1162120.3101102358, 7.947043029670496e+18], "last_log_ret": [684475, 0.009523166904633522, 1373.9042025853046], "sortino_ratio": [684475, 8.607648546612777, 426260319777.8635], "rolling_pnl_sigma": [684475, 0.015066387933864651, 551.3865947789185], "portfolio_cash_ratio": [684475, 0.8884055464451296, 37741.460153407956], "free_collateral": [684475, 38151058.67981399, 5.1012026978982894e+20], "mm_reqs": [684475, 25034.99475415235, 1.4510152097571274e+16], "unrealized_pnl_0": [684475, 4.713738224767955, 327706115925.343], "unrealized_pnl_1": [684475, -4.05466407404328, 1934417377420.7512], "unrealized_pnl_2": [684475, 41491.21600044412, 3.730060289649765e+16], "unrealized_pnl_3": [684475, 84804.1038352502, 3.902520228461558e+17], "unrealized_pnl_4": [684475, 159.70771631635458, 6539400481812.493], "unrealized_pnl_5": [684475, 5386.409399951117, 2172149248758645.8], "unrealized_pnl_6": [684475, 92.51590979278903, 7210708533349.95], "unrealized_pnl_7": [684475, 78.9653369585818, 1328305938805.665], "unrealized_pnl_8": [684475, 72.03489066606508, 1101320671076.098], "unrealized_pnl_9": [684475, 1466.8355232065137, 298435228602233.75], "margin_usage_ratio": [684475, 0.004185981787601242, 56.17403325828359]}, "pcr_min_ew": 0.992845000460454, "pcr_max_ew": 0.9999999999999916}