{"r_count": 798407.0001000001, "r_mean": 0.005364757098187568, "r_var": 1791.0339213639675, "tanh_k": 2.0, "feature_welford": {"unrealized_pnl": [798409, 111229.85008795436, 3.535943773131489e+17], "realized_pnl": [798409, 48561.26295205494, 2.536407754761562e+17], "compounded_returns": [798409, 21649.634817894163, 194158050576731.75], "balance": [798409, 39566555.873868026, 6.457699037994215e+20], "position_value": [798409, 241519.15970709175, 3.936844472115635e+17], "current_position_size": [798409, 1207553.3491439882, 9.842094321252854e+18], "last_log_ret": [798409, 0.009593990322785932, 1496.8338589327661], "sortino_ratio": [798409, 6.837111407458228, 205511029816.73343], "rolling_pnl_sigma": [798409, 0.014499923538149996, 594.3589932453602], "portfolio_cash_ratio": [798409, 0.8919961101188317, 42213.34424221695], "free_collateral": [798409, 39893124.336136974, 6.385320701207617e+20], "mm_reqs": [798409, 26208.19736120595, 1.8197124767051616e+16], "unrealized_pnl_0": [798409, 4.76731658253036, 372768475106.37213], "unrealized_pnl_1": [798409, -7.80060667325815, 2450662819334.226], "unrealized_pnl_2": [798409, 45565.25549798202, 5.2927179927703544e+16], "unrealized_pnl_3": [798409, 91020.86578127439, 5.072006086841317e+17], "unrealized_pnl_4": [798409, 173.3234463814012, 7846122785562.241], "unrealized_pnl_5": [798409, 5934.081668683495, 2831682282898629.0], "unrealized_pnl_6": [798409, 95.99118632870365, 8224936005314.862], "unrealized_pnl_7": [798409, 88.3119484717202, 1783647492258.9644], "unrealized_pnl_8": [798409, 68.44596342083938, 1256791444280.9285], "unrealized_pnl_9": [798409, 1501.2463779617174, 376052416610927.8], "margin_usage_ratio": [798409, 0.00407040277612622, 63.605522433032625]}, "pcr_min_ew": 0.9997200604175722, "pcr_max_ew": 0.9999999984486708}