{"r_count": 505753.0001, "r_mean": 0.004704666532907975, "r_var": 1468.0649795088807, "tanh_k": 2.0, "feature_welford": {"unrealized_pnl": [505755, 90078.5312214435, 1.6523264034296512e+17], "realized_pnl": [505755, 43083.11631496877, 1.2545930872282518e+17], "compounded_returns": [505755, 18869.717066497637, 103701151292162.9], "balance": [505755, 34815885.57696905, 3.3957717962493624e+20], "position_value": [505755, 218859.07237616723, 2.129804646943552e+17], "current_position_size": [505755, 1094242.1012817046, 5.324482853882319e+18], "last_log_ret": [505755, 0.009370715594922604, 1176.6864986350538], "sortino_ratio": [505755, 6.821127313621673, 198149020391.1286], "rolling_pnl_sigma": [505755, 0.016376402975735147, 478.520425551059], "portfolio_cash_ratio": [505755, 0.8795524676027368, 30579.86346467447], "free_collateral": [505755, 35101518.3446191, 3.3625730447152126e+20], "mm_reqs": [505755, 23346.030863158227, 9322327393232340.0], "unrealized_pnl_0": [505755, 5.295824874500333, 275355778996.76306], "unrealized_pnl_1": [505755, -3.6483537089444726, 1441150715746.729], "unrealized_pnl_2": [505755, 35085.76549563691, 2.006576729855307e+16], "unrealized_pnl_3": [505755, 76872.31900289211, 2.4463253163045632e+17], "unrealized_pnl_4": [505755, 139.11356336311297, 5646872886872.493], "unrealized_pnl_5": [505755, 4924.894239851987, 1660333055333811.0], "unrealized_pnl_6": [505755, 79.42138654949879, 5018458150577.453], "unrealized_pnl_7": [505755, 57.83604822464507, 756055184126.0239], "unrealized_pnl_8": [505755, 64.73044368176713, 761174312254.6461], "unrealized_pnl_9": [505755, 1369.5712948430748, 192453890385616.9], "margin_usage_ratio": [505755, 0.0044872498245074974, 44.54416679787337]}, "pcr_min_ew": 0.9996972138195235, "pcr_max_ew": 0.9999999975758246}