{"r_count": 611868.0001000001, "r_mean": 0.004967154850211968, "r_var": 1586.4235493528213, "tanh_k": 2.0, "feature_welford": {"unrealized_pnl": [611870, 98016.97945791864, 2.2437891482600483e+17], "realized_pnl": [611870, 45438.25119995641, 1.655431270895063e+17], "compounded_returns": [611870, 19978.5250849636, 133584909429233.92], "balance": [611870, 36702710.46020995, 4.408201406279064e+20], "position_value": [611870, 228405.17866218853, 2.7520786705415107e+17], "current_position_size": [611870, 1141976.668851032, 6.880170442820146e+18], "last_log_ret": [611870, 0.009469859867773586, 1293.3943584892804], "sortino_ratio": [611870, 7.420867872253392, 207052778225.03293], "rolling_pnl_sigma": [611870, 0.01551291317813943, 522.0938770342846], "portfolio_cash_ratio": [611870, 0.885392688162748, 34852.210107044535], "free_collateral": [611870, 37004733.072285116, 4.362232580792851e+20], "mm_reqs": [611870, 24436.9698680972, 1.2169800589574796e+16], "unrealized_pnl_0": [611870, 5.354624801508271, 304491749810.9992], "unrealized_pnl_1": [611870, -2.402647381460523, 1784767346400.5776], "unrealized_pnl_2": [611870, 39026.9934958042, 2.9617831401585344e+16], "unrealized_pnl_3": [611870, 82341.54254088082, 3.2685698773809946e+17], "unrealized_pnl_4": [611870, 142.3549740508476, 5646414184867.195], "unrealized_pnl_5": [611870, 5351.376998960669, 2082872665696033.5], "unrealized_pnl_6": [611870, 91.55085544478774, 7734485056487.778], "unrealized_pnl_7": [611870, 70.79598614597478, 1115502990250.6294], "unrealized_pnl_8": [611870, 70.8557386387264, 977277599611.1937], "unrealized_pnl_9": [611870, 1424.7236595213685, 252588248074347.8], "margin_usage_ratio": [611870, 0.004287195623567403, 51.36214459606611]}, "pcr_min_ew": 0.999461862170086, "pcr_max_ew": 0.9999999417361771}