{"r_count": 771599.0001000001, "r_mean": 0.005310489421223369, "r_var": 1761.6697157501337, "tanh_k": 2.0, "feature_welford": {"unrealized_pnl": [771601, 108852.43996781395, 3.326262732415398e+17], "realized_pnl": [771601, 48395.04410982258, 2.445119982997343e+17], "compounded_returns": [771601, 21462.375296508962, 186094370480310.84], "balance": [771601, 39244372.03614879, 6.182947611297034e+20], "position_value": [771601, 239456.57248019628, 3.7617700255486304e+17], "current_position_size": [771601, 1197219.309022323, 9.40439302182308e+18], "last_log_ret": [771601, 0.009579924766651583, 1467.5744768109464], "sortino_ratio": [771601, 6.48649984552369, 202701932996.64407], "rolling_pnl_sigma": [771601, 0.01461398352366712, 584.2291887137941], "portfolio_cash_ratio": [771601, 0.8913226398103223, 41102.296322293194], "free_collateral": [771601, 39566864.38573546, 6.114423610989657e+20], "mm_reqs": [771601, 25860.427258946198, 1.7289244056281006e+16], "unrealized_pnl_0": [771601, 4.393711792856734, 345661076927.8038], "unrealized_pnl_1": [771601, -10.897754769551561, 2854735512501.867], "unrealized_pnl_2": [771601, 44652.68741303117, 4.832026463811099e+16], "unrealized_pnl_3": [771601, 89195.75853028231, 4.81454025864321e+17], "unrealized_pnl_4": [771601, 165.86277005472223, 7593512708775.708], "unrealized_pnl_5": [771601, 5911.233409443116, 2585352891471231.0], "unrealized_pnl_6": [771601, 97.12170750044135, 8311033186976.504], "unrealized_pnl_7": [771601, 84.98628596908831, 1589003537241.9744], "unrealized_pnl_8": [771601, 68.06955438741656, 1340865722212.4446], "unrealized_pnl_9": [771601, 1493.4629667067068, 380281964673012.8], "margin_usage_ratio": [771601, 0.0040861761127333395, 61.62412898458277]}, "pcr_min_ew": 0.9971849523963611, "pcr_max_ew": 0.9999999999999578}