{"r_count": 606283.0001000001, "r_mean": 0.004941492779402753, "r_var": 1580.809590248599, "tanh_k": 2.0, "feature_welford": {"unrealized_pnl": [606285, 96725.99121746887, 2.1881829894319946e+17], "realized_pnl": [606285, 45155.991454680756, 1.658441473427523e+17], "compounded_returns": [606285, 19883.0328443228, 131274195591220.5], "balance": [606285, 36554636.086480744, 4.339156344642617e+20], "position_value": [606285, 226477.7654019732, 2.7006023645034896e+17], "current_position_size": [606285, 1132336.1115696488, 6.751477946108574e+18], "last_log_ret": [606285, 0.009463962435513649, 1287.7135201690762], "sortino_ratio": [606285, 6.849745905557855, 198821966024.48608], "rolling_pnl_sigma": [606285, 0.015557824711112346, 520.108440932232], "portfolio_cash_ratio": [606285, 0.8851378270423178, 34642.75068315945], "free_collateral": [606285, 36853602.33159136, 4.293746214035067e+20], "mm_reqs": [606285, 24280.294965775523, 1.2130251375391116e+16], "unrealized_pnl_0": [606285, 4.612377100201191, 310644899048.4057], "unrealized_pnl_1": [606285, -3.2481802827885766, 1781533546750.8665], "unrealized_pnl_2": [606285, 38533.93138333226, 2.836152434922032e+16], "unrealized_pnl_3": [606285, 81276.69391590121, 3.209728458234993e+17], "unrealized_pnl_4": [606285, 150.76448433099702, 5944832902970.4], "unrealized_pnl_5": [606285, 5143.568238774945, 1937855502825906.8], "unrealized_pnl_6": [606285, 91.44223526856359, 6298638686108.234], "unrealized_pnl_7": [606285, 70.32694130367969, 1049988214687.6443], "unrealized_pnl_8": [606285, 70.96571533459472, 968875163389.6758], "unrealized_pnl_9": [606285, 1422.6154423202518, 245233985499779.38], "margin_usage_ratio": [606285, 0.004295100187009864, 51.08661514323868]}, "pcr_min_ew": 0.9959810020622432, "pcr_max_ew": 0.9999999999555818}