{"r_count": 221090.0001, "r_mean": -0.04399024102954643, "r_var": 1907.6485676468096, "tanh_k": 2.0, "feature_welford": {"unrealized_pnl": [221092, 12184.34758138615, 3891118705124789.0], "realized_pnl": [221092, 22491.44182465885, 1.401967997856688e+16], "compounded_returns": [221092, 10269.29113562482, 22766573215645.562], "balance": [221092, 18081393.588492222, 5.865028001460949e+19], "position_value": [221092, 137630.30224960422, 3.3488999902400696e+16], "current_position_size": [221092, 688000.7884441797, 8.371851990574442e+17], "last_log_ret": [221092, 0.008076181174538214, 864.0350261709525], "sortino_ratio": [221092, 7.401192925084493, 1365879461.0898075], "rolling_pnl_sigma": [221092, 0.026066539440929695, 388.9645470769892], "portfolio_cash_ratio": [221092, 0.7869893763341288, 23325.25261447876], "free_collateral": [221092, 18220904.08973961, 5.829366019706885e+19], "mm_reqs": [221092, 10357.890168453327, 620954477305072.0], "unrealized_pnl_0": [221092, 15.915795866442677, 361245997763.72797], "unrealized_pnl_1": [221092, 24.567563417829113, 1626332131576.6978], "unrealized_pnl_2": [221092, 6596.306020365457, 639137311052469.8], "unrealized_pnl_3": [221092, 17237.96601197901, 1.3510425288097024e+16], "unrealized_pnl_4": [221092, 107.6820725869425, 2762006469945.8574], "unrealized_pnl_5": [221092, 3287.0897828686657, 485676686518715.8], "unrealized_pnl_6": [221092, 119.03830607955739, 4728370359998.77], "unrealized_pnl_7": [221092, 54.585562408823236, 838764331768.6917], "unrealized_pnl_8": [221092, 36.84858959781923, 583263934580.5173], "unrealized_pnl_9": [221092, 658.9349669080456, 56196651173823.125], "margin_usage_ratio": [221092, 0.007599274445082298, 31.41626576558545]}, "pcr_min_ew": 0.985448122259649, "pcr_max_ew": 1.000000000000067}