{"r_count": 434437.0001, "r_mean": -0.032551958022048265, "r_var": 2147.793700482704, "tanh_k": 2.0, "feature_welford": {"unrealized_pnl": [434439, 18853.404255114096, 1.0583236726655524e+16], "realized_pnl": [434439, 30051.080584937845, 3.5260998499068736e+16], "compounded_returns": [434439, 15162.122534394413, 68575273986548.75], "balance": [434439, 24369213.79930445, 1.60640551509089e+20], "position_value": [434439, 148033.82267960114, 7.539232100343926e+16], "current_position_size": [434439, 740057.7108367804, 1.8847545206485783e+18], "last_log_ret": [434439, 0.008821470214776885, 1021.8609199904035], "sortino_ratio": [434439, 15.088261084428112, 9022009436.360716], "rolling_pnl_sigma": [434439, 0.0184701102613271, 476.55753436180805], "portfolio_cash_ratio": [434439, 0.8430327593544579, 35740.42680925836], "free_collateral": [434439, 24524868.070554707, 1.5937730967553153e+20], "mm_reqs": [434439, 11282.130741988263, 1497610614036613.5], "unrealized_pnl_0": [434439, 14.847720563152876, 464523847412.73645], "unrealized_pnl_1": [434439, 17.432316003969348, 2332802777090.0566], "unrealized_pnl_2": [434439, 12925.414748070776, 2593070977866353.0], "unrealized_pnl_3": [434439, 22609.105610747618, 3.3876571397141708e+16], "unrealized_pnl_4": [434439, 176.21484401286241, 5942095397602.741], "unrealized_pnl_5": [434439, 3714.3531057694245, 955674295247299.0], "unrealized_pnl_6": [434439, 123.96073346167665, 7136766724322.402], "unrealized_pnl_7": [434439, 38.77183707264552, 1015130091573.7457], "unrealized_pnl_8": [434439, 79.89635574231222, 1158602879845.3486], "unrealized_pnl_9": [434439, 835.8767174929486, 107841641581053.69], "margin_usage_ratio": [434439, 0.005594996145679485, 46.814233815252706]}, "pcr_min_ew": 0.9980560685975157, "pcr_max_ew": 1.0000000000000886}