{"r_count": 256834.0001, "r_mean": -0.040890557228352664, "r_var": 1953.7825888276802, "tanh_k": 2.0, "feature_welford": {"unrealized_pnl": [256836, 13067.263919742069, 4505010829863890.0], "realized_pnl": [256836, 24199.498901319166, 1.6974447292018852e+16], "compounded_returns": [256836, 11295.23736829317, 28962691366523.953], "balance": [256836, 19347862.072710548, 7.263109681337166e+19], "position_value": [256836, 138657.01464660096, 3.964190556830908e+16], "current_position_size": [256836, 693087.4487274116, 9.909883198202557e+17], "last_log_ret": [256836, 0.00827155141283265, 891.0468251452455], "sortino_ratio": [256836, 9.38401761071303, 3433080464.02585], "rolling_pnl_sigma": [256836, 0.024050873112347812, 407.0620113109748], "portfolio_cash_ratio": [256836, 0.8020531286018341, 25684.56051999851], "free_collateral": [256836, 19489194.85239536, 7.215300428115718e+19], "mm_reqs": [256836, 10444.325004835573, 752296584555668.9], "unrealized_pnl_0": [256836, 17.100899306159096, 439720526771.825], "unrealized_pnl_1": [256836, 26.575225958700134, 1776758562455.5847], "unrealized_pnl_2": [256836, 7703.958608022713, 863126658595192.2], "unrealized_pnl_3": [256836, 18144.967524172454, 1.6208919886832974e+16], "unrealized_pnl_4": [256836, 112.7325744046122, 3354481028600.466], "unrealized_pnl_5": [256836, 3487.961576430543, 638855736456818.9], "unrealized_pnl_6": [256836, 128.21950245025857, 5988269237433.239], "unrealized_pnl_7": [256836, 40.60796697994099, 876041685508.4277], "unrealized_pnl_8": [256836, 40.96608832957183, 643292047100.7312], "unrealized_pnl_9": [256836, 667.4324459228915, 66594286044166.93], "margin_usage_ratio": [256836, 0.007037022017982929, 34.11808292540106]}, "pcr_min_ew": 0.9926545263182145, "pcr_max_ew": 0.9999999995003105}