{"r_count": 90401.0001, "r_mean": -0.0713999307459956, "r_var": 1643.21993871342, "tanh_k": 2.0, "feature_welford": {"unrealized_pnl": [90403, 5395.68269518502, 742900307121836.6], "realized_pnl": [90403, 11226.4952559341, 2591873325878168.0], "compounded_returns": [90403, 3373.6042809156024, 2089167356501.4634], "balance": [90403, 8851896.123890605, 1.0505222510847439e+19], "position_value": [90403, 133235.80584935407, 1.2090754422855124e+16], "current_position_size": [90403, 665837.6071123405, 3.022323689505791e+17], "last_log_ret": [90403, 0.00617617065208494, 747.1780749871198], "sortino_ratio": [90403, 1.4037446126392348, 64385936.51749104], "rolling_pnl_sigma": [90403, 0.04379032639370269, 282.13009438509886], "portfolio_cash_ratio": [90403, 0.65151994697795, 12311.613672604793], "free_collateral": [90403, 8980957.443604017, 1.049472327658895e+19], "mm_reqs": [90403, 9628.041130288013, 176360217572368.4], "unrealized_pnl_0": [90403, 6.104217463059156, 333006617533.1509], "unrealized_pnl_1": [90403, 41.883897874796276, 1421091556623.5493], "unrealized_pnl_2": [90403, 1269.9774422171556, 82534796524512.33], "unrealized_pnl_3": [90403, 8407.563856769999, 2070143555906652.2], "unrealized_pnl_4": [90403, 40.750083184389105, 1277377746709.741], "unrealized_pnl_5": [90403, 2018.3646424859724, 170221172393392.1], "unrealized_pnl_6": [90403, 130.4834364675001, 3714915033035.5317], "unrealized_pnl_7": [90403, 54.7253321765274, 463163754257.25134], "unrealized_pnl_8": [90403, 37.60347317547695, 487932048651.93427], "unrealized_pnl_9": [90403, 583.534347013306, 29582698109767.027], "margin_usage_ratio": [90403, 0.012540260629269936, 17.84323016696506]}, "pcr_min_ew": 0.9880212453055841, "pcr_max_ew": 0.9999999980707676}