{"r_count": 278057.0001, "r_mean": -0.03960356213613464, "r_var": 1985.0153418527627, "tanh_k": 2.0, "feature_welford": {"unrealized_pnl": [278059, 13650.652964979923, 5142729689340970.0], "realized_pnl": [278059, 24634.781660680237, 1.9192803287898508e+16], "compounded_returns": [278059, 11656.67422470956, 32152851653858.477], "balance": [278059, 19878171.14447162, 7.979924462286275e+19], "position_value": [278059, 141105.34771209338, 4.411448547024053e+16], "current_position_size": [278059, 705364.2506656371, 1.1028158942692362e+18], "last_log_ret": [278059, 0.00835941669418193, 909.9082845813977], "sortino_ratio": [278059, 8.555055873381994, 1671353943.2161043], "rolling_pnl_sigma": [278059, 0.02311218991458993, 419.0271290581328], "portfolio_cash_ratio": [278059, 0.8095744401935764, 26942.12602115946], "free_collateral": [278059, 20022259.881103706, 7.925321447937006e+19], "mm_reqs": [278059, 10733.322026361258, 839989197481144.4], "unrealized_pnl_0": [278059, 15.225512376827767, 430019550199.3619], "unrealized_pnl_1": [278059, 18.173073994409485, 1845448445173.5908], "unrealized_pnl_2": [278059, 8353.159330205484, 999095260527449.2], "unrealized_pnl_3": [278059, 18121.359363162475, 1.7689377932585908e+16], "unrealized_pnl_4": [278059, 137.59885703135404, 3608196118282.491], "unrealized_pnl_5": [278059, 3484.428286196309, 670852807405905.5], "unrealized_pnl_6": [278059, 147.02834955581105, 7198668722383.958], "unrealized_pnl_7": [278059, 43.079782975330836, 746964860224.0121], "unrealized_pnl_8": [278059, 42.36097389642619, 717153676806.1268], "unrealized_pnl_9": [278059, 657.8396915617918, 70235480733689.836], "margin_usage_ratio": [278059, 0.006780027186580519, 35.72791419660037]}, "pcr_min_ew": 0.9963765781181397, "pcr_max_ew": 1.0000000000000426}