{"r_count": 510393.0001, "r_mean": -0.030598608604245917, "r_var": 2223.7664968557538, "tanh_k": 2.0, "feature_welford": {"unrealized_pnl": [510395, 20700.50891840391, 1.36399255848971e+16], "realized_pnl": [510395, 31956.069269299296, 4.489569453943607e+16], "compounded_returns": [510395, 16138.351679345065, 88178923353068.97], "balance": [510395, 25773034.02314637, 2.0143081091707984e+20], "position_value": [510395, 152308.5195284912, 9.350699582136475e+16], "current_position_size": [510395, 761451.8120181863, 2.337637085134311e+18], "last_log_ret": [510395, 0.008947371717743471, 1078.736282965901], "sortino_ratio": [510395, 76.80406648586097, 404768676392043.44], "rolling_pnl_sigma": [510395, 0.017157084967388794, 502.3440259812375], "portfolio_cash_ratio": [510395, 0.8523440712310221, 39718.53694429181], "free_collateral": [510395, 25934396.49897634, 1.997825313372648e+20], "mm_reqs": [510395, 11701.498091269812, 1918423000909529.5], "unrealized_pnl_0": [510395, 11.634697502414259, 550779247658.9176], "unrealized_pnl_1": [510395, 12.69203901297204, 2453102645058.2485], "unrealized_pnl_2": [510395, 14131.480133338644, 3341885218161818.0], "unrealized_pnl_3": [510395, 23840.612313893198, 4.1867299517986424e+16], "unrealized_pnl_4": [510395, 186.77046331323407, 7920533156850.538], "unrealized_pnl_5": [510395, 3822.735605568305, 1140191484583739.0], "unrealized_pnl_6": [510395, 120.67090065293974, 8890236254812.748], "unrealized_pnl_7": [510395, 39.081806920001554, 912642191996.7162], "unrealized_pnl_8": [510395, 99.38560146623598, 1512975053741.4858], "unrealized_pnl_9": [510395, 961.2077420118507, 145326187314527.62], "margin_usage_ratio": [510395, 0.005272794562679314, 51.87595305286685]}, "pcr_min_ew": 0.991884565426648, "pcr_max_ew": 1.0000000000000098}