{"r_count": 85933.0001, "r_mean": -0.07397097812490804, "r_var": 1628.1781372723817, "tanh_k": 2.0, "feature_welford": {"unrealized_pnl": [85935, 5326.692836124649, 796181420494413.5], "realized_pnl": [85935, 10391.818344560666, 2298983488754465.0], "compounded_returns": [85935, 2883.9418362863125, 1508167950744.1328], "balance": [85935, 8204000.638370822, 8.989007818891141e+18], "position_value": [85935, 135629.90588154396, 1.1680914252672488e+16], "current_position_size": [85935, 677818.6235025629, 2.919885348479762e+17], "last_log_ret": [85935, 0.006016769722544058, 743.713328985073], "sortino_ratio": [85935, 1.0521652359637677, 6489563.879906816], "rolling_pnl_sigma": [85935, 0.04542299473864647, 275.73673731854024], "portfolio_cash_ratio": [85935, 0.6400130720659092, 11777.365778853802], "free_collateral": [85935, 8335229.880691595, 8.987071336101853e+18], "mm_reqs": [85935, 9784.359538510838, 156693062631311.28], "unrealized_pnl_0": [85935, 6.912165065096026, 319722632992.84814], "unrealized_pnl_1": [85935, 45.00634848721153, 1344717024467.7808], "unrealized_pnl_2": [85935, 1044.881364723839, 69273736340353.06], "unrealized_pnl_3": [85935, 8487.90126018079, 2012088875771471.2], "unrealized_pnl_4": [85935, 47.406585508035704, 1693055831539.96], "unrealized_pnl_5": [85935, 2127.7664057483717, 170004811562370.34], "unrealized_pnl_6": [85935, 119.64927946945173, 3547618846965.7046], "unrealized_pnl_7": [85935, 58.68715643248258, 464852724494.32715], "unrealized_pnl_8": [85935, 40.22087111714666, 402633017224.0859], "unrealized_pnl_9": [85935, 486.24661334633805, 24342326042289.867], "margin_usage_ratio": [85935, 0.012972450085583977, 17.167654801496973]}, "pcr_min_ew": 0.9836626035369541, "pcr_max_ew": 0.9999999952470556}