{"r_count": 454543.0001, "r_mean": -0.03207507718274738, "r_var": 2174.531349801427, "tanh_k": 2.0, "feature_welford": {"unrealized_pnl": [454545, 19712.292504832312, 1.1674264724424788e+16], "realized_pnl": [454545, 30392.223209853768, 3.751075572791312e+16], "compounded_returns": [454545, 15344.326259490756, 72736863846185.7], "balance": [454545, 24656056.13261055, 1.6988540732237745e+20], "position_value": [454545, 149351.65689435936, 8.001107004469331e+16], "current_position_size": [454545, 746645.0133246555, 2.000231059334504e+18], "last_log_ret": [454545, 0.008854765270255156, 1040.6178839341999], "sortino_ratio": [454545, 16.088260476934146, 20306552103.221127], "rolling_pnl_sigma": [454545, 0.018123173440073533, 486.24463991414405], "portfolio_cash_ratio": [454545, 0.8453299326449806, 36966.878940720475], "free_collateral": [454545, 24813818.56244041, 1.6853914571776344e+20], "mm_reqs": [454545, 11354.229471743722, 1541527003993387.0], "unrealized_pnl_0": [454545, 12.862048523552563, 473055680563.22876], "unrealized_pnl_1": [454545, 14.338725447856579, 2401601184449.8354], "unrealized_pnl_2": [454545, 13370.629351887643, 2847031818958303.5], "unrealized_pnl_3": [454545, 22824.05451087025, 3.554310280902333e+16], "unrealized_pnl_4": [454545, 193.0665083274697, 7533273268525.4375], "unrealized_pnl_5": [454545, 3751.9532975885213, 1111779847973495.8], "unrealized_pnl_6": [454545, 142.6067170054736, 10255293019949.541], "unrealized_pnl_7": [454545, 38.88781415920123, 916847186681.7743], "unrealized_pnl_8": [454545, 84.60524346754683, 1128612360027.7307], "unrealized_pnl_9": [454545, 936.6643026987092, 134883813751762.61], "margin_usage_ratio": [454545, 0.005512747052329185, 48.21192144224443]}, "pcr_min_ew": 0.9926591011477707, "pcr_max_ew": 0.999999983346448}