{"r_count": 399810.0001, "r_mean": -0.03379154246414987, "r_var": 2121.2106984783063, "tanh_k": 2.0, "feature_welford": {"unrealized_pnl": [399812, 18064.49396891532, 9474652628142040.0], "realized_pnl": [399812, 28924.295076747476, 3.1362341259712732e+16], "compounded_returns": [399812, 14393.028420237813, 59156670615231.6], "balance": [399812, 23411524.969900474, 1.3965218312496888e+20], "position_value": [399812, 146022.73232385996, 6.7623486822707224e+16], "current_position_size": [399812, 729994.358985629, 1.690545137590042e+18], "last_log_ret": [399812, 0.008742624041999412, 1001.2520507425711], "sortino_ratio": [399812, 14.376214594209426, 17572704461.94031], "rolling_pnl_sigma": [399812, 0.019260378568872735, 468.26710274452523], "portfolio_cash_ratio": [399812, 0.837231239564524, 34064.39144730349], "free_collateral": [399812, 23564597.465580128, 1.3859019804718044e+20], "mm_reqs": [399812, 11068.780181742435, 1283130567673186.8], "unrealized_pnl_0": [399812, 13.49634807399353, 460540243058.9018], "unrealized_pnl_1": [399812, 17.28798377060623, 2220663409894.4233], "unrealized_pnl_2": [399812, 12037.677176595304, 2225723861861079.2], "unrealized_pnl_3": [399812, 21528.31984036987, 2.9252658977208988e+16], "unrealized_pnl_4": [399812, 186.91410676905977, 6681602310131.717], "unrealized_pnl_5": [399812, 3605.4651900301196, 993372468847901.5], "unrealized_pnl_6": [399812, 142.54842374037975, 9237949442259.338], "unrealized_pnl_7": [399812, 38.35786429057336, 858915168298.3579], "unrealized_pnl_8": [399812, 71.1227020537293, 926018942478.3722], "unrealized_pnl_9": [399812, 879.5174029090251, 118611360670859.64], "margin_usage_ratio": [399812, 0.005794610651596583, 44.50918143346085]}, "pcr_min_ew": 0.9952898715222657, "pcr_max_ew": 0.9999999989676734}