{"r_count": 274706.0001, "r_mean": -0.03986798642554169, "r_var": 1984.647820355757, "tanh_k": 2.0, "feature_welford": {"unrealized_pnl": [274708, 13775.487109352507, 5211779495628206.0], "realized_pnl": [274708, 24617.773746953648, 1.8637484915876384e+16], "compounded_returns": [274708, 11577.11335631217, 31249949415973.082], "balance": [274708, 19814992.704522286, 7.809794648550205e+19], "position_value": [274708, 138863.19380887583, 4.21386670769364e+16], "current_position_size": [274708, 694154.0030464034, 1.0534218214985555e+18], "last_log_ret": [274708, 0.00834909210981484, 909.7194538633889], "sortino_ratio": [274708, 10.075826987629432, 7854048759.932231], "rolling_pnl_sigma": [274708, 0.023297527672876763, 419.27663383483673], "portfolio_cash_ratio": [274708, 0.8074863694173514, 26956.47285210348], "free_collateral": [274708, 19957286.05920627, 7.756784054061387e+19], "mm_reqs": [274708, 10405.47341737474, 769043268380025.2], "unrealized_pnl_0": [274708, 15.408869764083336, 402344577929.98627], "unrealized_pnl_1": [274708, 21.26711425284304, 1793366951167.9949], "unrealized_pnl_2": [274708, 8417.553636714005, 1014351234944734.1], "unrealized_pnl_3": [274708, 18109.930677240147, 1.731391109399089e+16], "unrealized_pnl_4": [274708, 138.62647534247216, 3091849052394.22], "unrealized_pnl_5": [274708, 3478.5124480379795, 740684510952855.4], "unrealized_pnl_6": [274708, 153.72569324922335, 7800638724186.921], "unrealized_pnl_7": [274708, 42.19435817318714, 763506119198.6215], "unrealized_pnl_8": [274708, 42.48126516643883, 564605700412.4265], "unrealized_pnl_9": [274708, 780.1545101851908, 87097204216608.16], "margin_usage_ratio": [274708, 0.006840385942455685, 35.624092813322164]}, "pcr_min_ew": 0.9959480159514624, "pcr_max_ew": 0.999999999999949}