{"r_count": 327205.0001, "r_mean": -0.03666633446204459, "r_var": 2036.5610809397758, "tanh_k": 2.0, "feature_welford": {"unrealized_pnl": [327207, 15170.391791977565, 6448078000876785.0], "realized_pnl": [327207, 26690.16505119288, 2.342443693835753e+16], "compounded_returns": [327207, 12946.490339289743, 42257267835018.234], "balance": [327207, 21446240.589833755, 1.022445618326421e+20], "position_value": [327207, 141355.5582842662, 5.242723281604499e+16], "current_position_size": [327207, 706617.7820930711, 1.3106242079226268e+18], "last_log_ret": [327207, 0.008544220940145349, 943.8071171011363], "sortino_ratio": [327207, 12.559131126890968, 6865987119.25428], "rolling_pnl_sigma": [327207, 0.021218663102846806, 438.19194191830604], "portfolio_cash_ratio": [327207, 0.8231786246703815, 29923.172239105428], "free_collateral": [327207, 21592137.081537463, 1.0150358011061934e+20], "mm_reqs": [327207, 10680.80266143723, 1017774829896827.4], "unrealized_pnl_0": [327207, 17.25260216381105, 472707475832.2418], "unrealized_pnl_1": [327207, 19.999149932377943, 1911606892203.604], "unrealized_pnl_2": [327207, 9873.2413020877, 1462169691490648.5], "unrealized_pnl_3": [327207, 19882.845161669105, 2.2443859630616596e+16], "unrealized_pnl_4": [327207, 145.4024210248402, 4634927177152.645], "unrealized_pnl_5": [327207, 3532.7015999341156, 766427769409445.6], "unrealized_pnl_6": [327207, 141.2401918525065, 8182560538804.539], "unrealized_pnl_7": [327207, 34.784132561441204, 950264730440.8331], "unrealized_pnl_8": [327207, 54.74877904879186, 817286285555.3486], "unrealized_pnl_9": [327207, 738.8584844915312, 85400820357967.77], "margin_usage_ratio": [327207, 0.0062844775769048825, 39.353119354446825]}, "pcr_min_ew": 0.9937798887249993, "pcr_max_ew": 0.9999999980970533}