{"r_count": 249015.0001, "r_mean": -0.041583926872143205, "r_var": 1950.2215416499926, "tanh_k": 2.0, "feature_welford": {"unrealized_pnl": [249017, 12483.499481086115, 4176998666544362.0], "realized_pnl": [249017, 23732.169125948432, 1.6286965291739908e+16], "compounded_returns": [249017, 10843.896469024781, 28060448497265.785], "balance": [249017, 19034124.481099233, 6.841170239349553e+19], "position_value": [249017, 137511.14192893117, 3.78254241268741e+16], "current_position_size": [249017, 687409.7047573893, 9.455994624039391e+17], "last_log_ret": [249017, 0.008231226987975081, 888.0578629382927], "sortino_ratio": [249017, 8.46274129129583, 1806678704.8525546], "rolling_pnl_sigma": [249017, 0.02446702664375828, 406.20234835416176], "portfolio_cash_ratio": [249017, 0.7989300893482847, 25245.448508806163], "free_collateral": [249017, 19173837.903858986, 6.797780559890402e+19], "mm_reqs": [249017, 10355.779546024276, 723598469552985.8], "unrealized_pnl_0": [249017, 15.184482552115016, 423747179719.4778], "unrealized_pnl_1": [249017, 20.010731226488453, 1957860205127.6143], "unrealized_pnl_2": [249017, 7405.718640862795, 800514255036790.2], "unrealized_pnl_3": [249017, 17143.57401419597, 1.4745390936923576e+16], "unrealized_pnl_4": [249017, 114.95051877608655, 3019076413434.4185], "unrealized_pnl_5": [249017, 3268.803583770164, 536447651296158.5], "unrealized_pnl_6": [249017, 139.8298133803679, 6136832690714.135], "unrealized_pnl_7": [249017, 45.500379378145986, 740868621859.675], "unrealized_pnl_8": [249017, 36.62056717172396, 570180935660.0424], "unrealized_pnl_9": [249017, 704.5585540975317, 73149083862758.8], "margin_usage_ratio": [249017, 0.007143179707857277, 33.52009996332367]}, "pcr_min_ew": 0.9984457575655107, "pcr_max_ew": 0.9999999999999659}