{"r_count": 226675.0001, "r_mean": -0.043583413799446406, "r_var": 1918.2350987762004, "tanh_k": 2.0, "feature_welford": {"unrealized_pnl": [226677, 12313.183714490782, 4175429680131665.5], "realized_pnl": [226677, 22438.324036376885, 1.4214182829471864e+16], "compounded_returns": [226677, 10251.461839891806, 23433902164153.07], "balance": [226677, 17993701.789610136, 5.986993748600243e+19], "position_value": [226677, 141364.37799431337, 3.5849833852774536e+16], "current_position_size": [226677, 706652.555751374, 8.962088555899355e+17], "last_log_ret": [226677, 0.008092657354219074, 870.1384963350121], "sortino_ratio": [226677, 7.162031292527487, 2400266306.8749456], "rolling_pnl_sigma": [226677, 0.025828119992685996, 392.60703574351857], "portfolio_cash_ratio": [226677, 0.7887258500236052, 23760.45225982259], "free_collateral": [226677, 18136800.936072893, 5.949726558764484e+19], "mm_reqs": [226677, 10636.38320375464, 660215840307815.4], "unrealized_pnl_0": [226677, 19.099096035093865, 406456621679.89105], "unrealized_pnl_1": [226677, 25.531480206122986, 1949077399978.734], "unrealized_pnl_2": [226677, 6685.702948713959, 659166158657205.2], "unrealized_pnl_3": [226677, 16969.47122706797, 1.3253319364698404e+16], "unrealized_pnl_4": [226677, 87.18206160923167, 2349637530251.423], "unrealized_pnl_5": [226677, 3241.847540298699, 539278008717847.0], "unrealized_pnl_6": [226677, 120.34389513617427, 4895678380318.191], "unrealized_pnl_7": [226677, 55.32847278696861, 840786047600.5454], "unrealized_pnl_8": [226677, 35.53612367351086, 525103598327.7641], "unrealized_pnl_9": [226677, 698.3226318910733, 64234278364566.555], "margin_usage_ratio": [226677, 0.007545343061297558, 31.968636714941862]}, "pcr_min_ew": 0.990792215352995, "pcr_max_ew": 0.9999999986959547}