{"r_count": 233377.0001, "r_mean": -0.04308198395646385, "r_var": 1931.49811180688, "tanh_k": 2.0, "feature_welford": {"unrealized_pnl": [233379, 12668.43443425208, 4279182230930215.5], "realized_pnl": [233379, 22898.889600077906, 1.5010079304551232e+16], "compounded_returns": [233379, 10434.05746706349, 23868873760612.895], "balance": [233379, 18407028.83437121, 6.191229821686029e+19], "position_value": [233379, 137651.07331738202, 3.5371913845028228e+16], "current_position_size": [233379, 688101.6775599557, 8.842572810193338e+17], "last_log_ret": [233379, 0.008145165264008153, 878.3524739163877], "sortino_ratio": [233379, 6.944302276980596, 1150133274.630947], "rolling_pnl_sigma": [233379, 0.02543380846504983, 398.80777300297274], "portfolio_cash_ratio": [233379, 0.791472311989471, 24317.15367378263], "free_collateral": [233379, 18547086.03443712, 6.152190268905658e+19], "mm_reqs": [233379, 10323.298861293948, 642086860030721.9], "unrealized_pnl_0": [233379, 14.75635247261116, 392110016329.78015], "unrealized_pnl_1": [233379, 23.195269884115365, 1642893750907.546], "unrealized_pnl_2": [233379, 7109.232911596806, 728703441721505.1], "unrealized_pnl_3": [233379, 16949.253357545902, 1.3749423267263604e+16], "unrealized_pnl_4": [233379, 109.3198959060299, 2179412894337.1047], "unrealized_pnl_5": [233379, 3444.468407620036, 660284435790080.4], "unrealized_pnl_6": [233379, 156.68457338165467, 7343182608460.308], "unrealized_pnl_7": [233379, 48.017748544452516, 739197986976.3762], "unrealized_pnl_8": [233379, 38.00711616578084, 528954246069.702], "unrealized_pnl_9": [233379, 774.6733865554933, 80032401907637.56], "margin_usage_ratio": [233379, 0.007418580216775647, 32.42611400259983]}, "pcr_min_ew": 0.9967075739249344, "pcr_max_ew": 0.9999999991997697}