{"r_count": 393108.0001, "r_mean": -0.03389398194034844, "r_var": 2107.1498518231, "tanh_k": 2.0, "feature_welford": {"unrealized_pnl": [393110, 17623.94907398832, 9044480220455256.0], "realized_pnl": [393110, 28893.656144179113, 3.0728494400024704e+16], "compounded_returns": [393110, 14440.879707725711, 58608304567337.79], "balance": [393110, 23418631.918173492, 1.382440194307332e+20], "position_value": [393110, 145404.21776786796, 6.584493381663309e+16], "current_position_size": [393110, 726914.0928021326, 1.646078781511931e+18], "last_log_ret": [393110, 0.008732690501627964, 991.9229152086485], "sortino_ratio": [393110, 14.232445283936446, 8100063438.349864], "rolling_pnl_sigma": [393110, 0.019370773672984974, 462.6801503470041], "portfolio_cash_ratio": [393110, 0.8366041671844363, 33523.794187461644], "free_collateral": [393110, 23570670.52921362, 1.3719142732716052e+20], "mm_reqs": [393110, 11038.704086148384, 1293133853181578.5], "unrealized_pnl_0": [393110, 15.93786096283476, 454981756579.89655], "unrealized_pnl_1": [393110, 19.058546563037254, 2282897594832.6924], "unrealized_pnl_2": [393110, 11976.70913389402, 2174580569750506.8], "unrealized_pnl_3": [393110, 21739.481472548825, 2.9634048016511656e+16], "unrealized_pnl_4": [393110, 169.37628578160812, 5389739814006.646], "unrealized_pnl_5": [393110, 3598.2090726410133, 861063606865097.9], "unrealized_pnl_6": [393110, 122.55114626583128, 6571032318552.453], "unrealized_pnl_7": [393110, 39.52590209734526, 996294778752.5872], "unrealized_pnl_8": [393110, 70.02026728924001, 1015757020379.2753], "unrealized_pnl_9": [393110, 774.5087958230752, 93617094719115.64], "margin_usage_ratio": [393110, 0.005819559113195177, 43.999185765002146]}, "pcr_min_ew": 0.9899558935762025, "pcr_max_ew": 1.0000000000000673}