{"r_count": 165240.0001, "r_mean": -0.05116720256358364, "r_var": 1819.2785758525733, "tanh_k": 2.0, "feature_welford": {"unrealized_pnl": [165242, 9621.433842745266, 2382798863955150.0], "realized_pnl": [165242, 18594.593728307293, 8178142608094580.0], "compounded_returns": [165242, 7905.6826355250405, 12216851651133.63], "balance": [165242, 15175531.388543641, 3.6275736015102644e+19], "position_value": [165242, 135708.12974894763, 2.429205243892055e+16], "current_position_size": [165242, 678212.2617622582, 6.07097473390193e+17], "last_log_ret": [165242, 0.007605249940786697, 819.7372148751025], "sortino_ratio": [165242, 4.451285069508519, 573292606.212486], "rolling_pnl_sigma": [165242, 0.03076195929055355, 353.9442825454436], "portfolio_cash_ratio": [165242, 0.7522143214883312, 19295.70213008016], "free_collateral": [165242, 15310728.481275585, 3.609421713497758e+19], "mm_reqs": [165242, 10187.751387553732, 434291271510503.5], "unrealized_pnl_0": [165242, 12.088577215345378, 366988694209.68146], "unrealized_pnl_1": [165242, 20.85954893242997, 1576524436911.0283], "unrealized_pnl_2": [165242, 4343.560747296915, 338661703150034.25], "unrealized_pnl_3": [165242, 14543.23844756343, 8022607070498748.0], "unrealized_pnl_4": [165242, 70.9501384688199, 1864989207847.0771], "unrealized_pnl_5": [165242, 3105.735626919692, 385428186146078.5], "unrealized_pnl_6": [165242, 112.59309074380224, 4023063258287.04], "unrealized_pnl_7": [165242, 62.09856792310395, 738204742800.3541], "unrealized_pnl_8": [165242, 30.243835278694068, 464063699816.3085], "unrealized_pnl_9": [165242, 683.1664038397895, 46071327320664.08], "margin_usage_ratio": [165242, 0.008867705063890206, 26.450878693692374]}, "pcr_min_ew": 0.9947856475109171, "pcr_max_ew": 0.9999999993347636}