{"r_count": 80721.0001, "r_mean": -0.0765542578191096, "r_var": 1619.0151366603934, "tanh_k": 2.0, "feature_welford": {"unrealized_pnl": [80723, 4798.71127414765, 563408398290625.6], "realized_pnl": [80723, 9530.021837184499, 1837109332818005.8], "compounded_returns": [80723, 2579.622459382021, 1250301158185.5342], "balance": [80723, 7560551.247016307, 7.740414389609219e+18], "position_value": [80723, 134739.04775649073, 1.0807700831539052e+16], "current_position_size": [80723, 673186.2945818726, 2.700213516223538e+17], "last_log_ret": [80723, 0.005880037961911203, 736.1985225397085], "sortino_ratio": [80723, 0.9766051862970941, 9657121.524997348], "rolling_pnl_sigma": [80723, 0.04708030394664814, 267.3548019965128], "portfolio_cash_ratio": [80723, 0.6256379304635074, 11138.476230287433], "free_collateral": [80723, 7690541.264903391, 7.744704932023384e+18], "mm_reqs": [80723, 9607.192755127577, 136614796256825.12], "unrealized_pnl_0": [80723, 8.088266243442774, 330863977610.0486], "unrealized_pnl_1": [80723, 44.83199259319019, 1293241086218.867], "unrealized_pnl_2": [80723, 1048.1714260919914, 66083664533885.414], "unrealized_pnl_3": [80723, 7075.14529032737, 1393903448356531.0], "unrealized_pnl_4": [80723, 27.453133111137735, 1278234348643.9536], "unrealized_pnl_5": [80723, 2028.253409503824, 161701085986250.53], "unrealized_pnl_6": [80723, 122.43251376763318, 3423659535065.372], "unrealized_pnl_7": [80723, 47.387975022608245, 430271578550.04474], "unrealized_pnl_8": [80723, 36.397057366527086, 408705349839.3638], "unrealized_pnl_9": [80723, 508.00918758259735, 22866744092839.375], "margin_usage_ratio": [80723, 0.013485260609212825, 16.315560451463607]}, "pcr_min_ew": 0.985202151990506, "pcr_max_ew": 0.9999995858876339}