{"r_count": 413214.0001, "r_mean": -0.03332765520516742, "r_var": 2134.2350591274685, "tanh_k": 2.0, "feature_welford": {"unrealized_pnl": [413216, 18482.07177794828, 1.0031107476750474e+16], "realized_pnl": [413216, 29358.22838980243, 3.300762236764981e+16], "compounded_returns": [413216, 14666.275103965449, 62799391578122.484], "balance": [413216, 23765527.782732584, 1.475737687194636e+20], "position_value": [413216, 146870.6109839726, 7.072053170375391e+16], "current_position_size": [413216, 734237.6219757041, 1.7679716643959585e+18], "last_log_ret": [413216, 0.008773282700897582, 1010.7196426100045], "sortino_ratio": [413216, 14.812794878777929, 17998688636.971558], "rolling_pnl_sigma": [413216, 0.018953243781041688, 472.703306411083], "portfolio_cash_ratio": [413216, 0.8394227089907255, 34772.716378521676], "free_collateral": [413216, 23919781.978217956, 1.4644019036879992e+20], "mm_reqs": [413216, 11152.4391784681, 1352235847333979.2], "unrealized_pnl_0": [413216, 13.214511608856524, 465294361404.1529], "unrealized_pnl_1": [413216, 16.566260627120297, 2222724572933.818], "unrealized_pnl_2": [413216, 12397.859001187811, 2384191090336890.0], "unrealized_pnl_3": [413216, 21904.838276687733, 3.0960510668523116e+16], "unrealized_pnl_4": [413216, 189.4775086800285, 6897016495116.238], "unrealized_pnl_5": [413216, 3635.1407315358542, 1023149577423994.1], "unrealized_pnl_6": [413216, 142.68591551844494, 9450350905069.293], "unrealized_pnl_7": [413216, 38.34583522729366, 862250785584.8956], "unrealized_pnl_8": [413216, 73.83222084679358, 965179558955.6372], "unrealized_pnl_9": [413216, 892.8390705407015, 122036167397866.52], "margin_usage_ratio": [413216, 0.0057191592666961735, 45.4132267421195]}, "pcr_min_ew": 0.9963143113121506, "pcr_max_ew": 0.9999999489617539}