{"r_count": 322737.0001, "r_mean": -0.037072024507514914, "r_var": 2037.119467928204, "tanh_k": 2.0, "feature_welford": {"unrealized_pnl": [322739, 15122.600561672009, 6520278305218505.0], "realized_pnl": [322739, 26353.49690057481, 2.3671978050107348e+16], "compounded_returns": [322739, 12745.705673891089, 41250950181932.12], "balance": [322739, 21283217.508822776, 1.0015369840357856e+20], "position_value": [322739, 142909.32178547306, 5.252403860768861e+16], "current_position_size": [322739, 714406.6133779834, 1.3130555399251965e+18], "last_log_ret": [322739, 0.00852673496212391, 943.607628532178], "sortino_ratio": [322739, 11.195778712832741, 9152666298.622604], "rolling_pnl_sigma": [322739, 0.021415104076751432, 438.4173616611017], "portfolio_cash_ratio": [322739, 0.8222883290547491, 29568.014007028713], "free_collateral": [322739, 21430417.09202584, 9.943044668179515e+19], "mm_reqs": [322739, 10899.811138420968, 1012209881080151.0], "unrealized_pnl_0": [322739, 15.552616302233492, 443416867365.8789], "unrealized_pnl_1": [322739, 17.428768462118203, 1923946815086.5366], "unrealized_pnl_2": [322739, 9739.489221668782, 1390290702483994.8], "unrealized_pnl_3": [322739, 19334.008818195405, 2.188108203185453e+16], "unrealized_pnl_4": [322739, 156.22858154542814, 4334762696222.445], "unrealized_pnl_5": [322739, 3514.9519635016504, 752570829655122.2], "unrealized_pnl_6": [322739, 149.23379284868548, 7639323926471.414], "unrealized_pnl_7": [322739, 41.296323753759395, 779175796096.0858], "unrealized_pnl_8": [322739, 48.29752622256725, 801196642966.268], "unrealized_pnl_9": [322739, 699.7009656263036, 77795521447957.95], "margin_usage_ratio": [322739, 0.006332762074272927, 39.04891113850263]}, "pcr_min_ew": 0.9967339282262326, "pcr_max_ew": 0.9999999935727314}