{"r_count": 493638.0001, "r_mean": -0.03103072882484013, "r_var": 2204.32923762083, "tanh_k": 2.0, "feature_welford": {"unrealized_pnl": [493640, 20478.201343073302, 1.3299683382993898e+16], "realized_pnl": [493640, 31193.914582799833, 4.2082179451981896e+16], "compounded_returns": [493640, 15906.741925285181, 82518829371352.61], "balance": [493640, 25281080.141400535, 1.9108422994798392e+20], "position_value": [493640, 153464.1815074245, 9.128507095383774e+16], "current_position_size": [493640, 767226.4374287293, 2.282094584015018e+18], "last_log_ret": [493640, 0.008912532734485832, 1064.8364415350588], "sortino_ratio": [493640, 16.284175972045617, 19173673313.49992], "rolling_pnl_sigma": [493640, 0.017441890237668026, 495.06809385736466], "portfolio_cash_ratio": [493640, 0.8502624625097911, 38833.76151289953], "free_collateral": [493640, 25443376.96950678, 1.8951508886056023e+20], "mm_reqs": [493640, 11700.511441524206, 1800757833672335.0], "unrealized_pnl_0": [493640, 16.478140503817322, 552160364972.4377], "unrealized_pnl_1": [493640, 19.39602417199602, 2600239845148.7656], "unrealized_pnl_2": [493640, 14082.884083499745, 3278661720393815.0], "unrealized_pnl_3": [493640, 23493.064045900002, 4.006464633795162e+16], "unrealized_pnl_4": [493640, 180.54157355153274, 6765072352243.363], "unrealized_pnl_5": [493640, 3833.8953956019154, 1233291883104213.5], "unrealized_pnl_6": [493640, 107.43390783591724, 7036172182675.381], "unrealized_pnl_7": [493640, 39.167602723712115, 1044164102282.7987], "unrealized_pnl_8": [493640, 92.8417196831642, 1461148571739.3496], "unrealized_pnl_9": [493640, 939.185874948612, 137116689713706.48], "margin_usage_ratio": [493640, 0.00535505371672139, 50.936716588394056]}, "pcr_min_ew": 0.9889870109955294, "pcr_max_ew": 0.999999996783811}