{"r_count": 423267.0001, "r_mean": -0.033050816608600826, "r_var": 2140.732183322042, "tanh_k": 2.0, "feature_welford": {"unrealized_pnl": [423269, 18432.361141030935, 1.0283866730127188e+16], "realized_pnl": [423269, 29492.07874951528, 3.4367535650477244e+16], "compounded_returns": [423269, 14755.008258783264, 64291843111152.6], "balance": [423269, 23863422.8182056, 1.5098550093270552e+20], "position_value": [423269, 148541.3927223806, 7.405722412667022e+16], "current_position_size": [423269, 742598.3149178209, 1.8513885908234483e+18], "last_log_ret": [423269, 0.008788777667114184, 1016.3919161994617], "sortino_ratio": [423269, 13.796466479519484, 12238376391.284681], "rolling_pnl_sigma": [423269, 0.018735094178827717, 474.5641504041883], "portfolio_cash_ratio": [423269, 0.841622333601777, 35086.483265026676], "free_collateral": [423269, 24019043.917503275, 1.4980237121435864e+20], "mm_reqs": [423269, 11415.954678407981, 1493678790003730.0], "unrealized_pnl_0": [423269, 15.07985012730652, 462011292787.7573], "unrealized_pnl_1": [423269, 13.605832824313843, 2401764205992.241], "unrealized_pnl_2": [423269, 12426.455028514902, 2416185306485201.0], "unrealized_pnl_3": [423269, 21829.67848657977, 3.194983780021477e+16], "unrealized_pnl_4": [423269, 181.82896258987438, 6080999089743.45], "unrealized_pnl_5": [423269, 3600.3908318810554, 948937456745171.4], "unrealized_pnl_6": [423269, 138.5459510980262, 9678058752752.193], "unrealized_pnl_7": [423269, 40.55137144123145, 952260996602.0422], "unrealized_pnl_8": [423269, 75.81348779202035, 1132939376276.213], "unrealized_pnl_9": [423269, 802.3335483383054, 102658747448983.84], "margin_usage_ratio": [423269, 0.005651347836508799, 46.01810756902317]}, "pcr_min_ew": 0.991870657029678, "pcr_max_ew": 0.9999999999999509}