{"r_count": 231143.0001, "r_mean": -0.043005205878393384, "r_var": 1920.080689621646, "tanh_k": 2.0, "feature_welford": {"unrealized_pnl": [231145, 12251.52970946783, 3904097600700265.5], "realized_pnl": [231145, 22880.06290426524, 1.4427996841477484e+16], "compounded_returns": [231145, 10488.138355663481, 23913854491602.043], "balance": [231145, 18306727.55693103, 6.1336662334302134e+19], "position_value": [231145, 137901.5373898248, 3.5107967997423376e+16], "current_position_size": [231145, 689309.7563616483, 8.776481640282913e+17], "last_log_ret": [231145, 0.008131266256284115, 871.2952333928372], "sortino_ratio": [231145, 7.573596143836345, 2808729309.793494], "rolling_pnl_sigma": [231145, 0.025459673135215993, 394.027891813843], "portfolio_cash_ratio": [231145, 0.7913706640456026, 24045.2980628364], "free_collateral": [231145, 18446621.2453694, 6.094787630782096e+19], "mm_reqs": [231145, 10313.11406085081, 642048144743725.1], "unrealized_pnl_0": [231145, 17.278236647483027, 427376074415.52405], "unrealized_pnl_1": [231145, 29.89023384077242, 1724472482029.3293], "unrealized_pnl_2": [231145, 6777.988980073903, 679745073905784.0], "unrealized_pnl_3": [231145, 17226.5119655566, 1.3793440259564794e+16], "unrealized_pnl_4": [231145, 95.88811731685384, 3020457071842.4653], "unrealized_pnl_5": [231145, 3459.573613651021, 590596865098983.6], "unrealized_pnl_6": [231145, 127.8267340790143, 5725260753134.271], "unrealized_pnl_7": [231145, 43.47739246468113, 866672192507.5697], "unrealized_pnl_8": [231145, 38.19848697493307, 625540469803.9282], "unrealized_pnl_9": [231145, 659.631116411809, 60137031502479.04], "margin_usage_ratio": [231145, 0.007422801153168827, 32.120338534843]}, "pcr_min_ew": 0.9928934931553115, "pcr_max_ew": 0.9999999994271154}