{"r_count": 453426.0001, "r_mean": -0.032105385020544955, "r_var": 2173.3700167389, "tanh_k": 2.0, "feature_welford": {"unrealized_pnl": [453428, 19694.663152005684, 1.1647765451808836e+16], "realized_pnl": [453428, 30377.21995556279, 3.740589505679618e+16], "compounded_returns": [453428, 15330.955121648749, 72522340848924.98], "balance": [453428, 24637649.576711737, 1.6937230247652917e+20], "position_value": [453428, 149293.0021366115, 7.976016689562502e+16], "current_position_size": [453428, 746351.4613358695, 1.9939584498265984e+18], "last_log_ret": [453428, 0.008852880648210106, 1039.760869015954], "sortino_ratio": [453428, 16.01420799741919, 20233990045.83178], "rolling_pnl_sigma": [453428, 0.018142667180360936, 485.84533816016756], "portfolio_cash_ratio": [453428, 0.8451856244538121, 36906.36476901285], "free_collateral": [453428, 24795336.687493768, 1.680320558583393e+20], "mm_reqs": [453428, 11353.348203240865, 1537513409949986.2], "unrealized_pnl_0": [453428, 12.69577512815236, 471863907424.5577], "unrealized_pnl_1": [453428, 14.446718839639379, 2400736597193.6772], "unrealized_pnl_2": [453428, 13346.51347773802, 2833240887093637.5], "unrealized_pnl_3": [453428, 22836.331023997955, 3.54868809535562e+16], "unrealized_pnl_4": [453428, 193.27011308641508, 7529570979197.406], "unrealized_pnl_5": [453428, 3748.6889201105523, 1109232159306619.5], "unrealized_pnl_6": [453428, 142.40913825964986, 10251054674284.682], "unrealized_pnl_7": [453428, 38.89822094843962, 916712338087.0735], "unrealized_pnl_8": [453428, 84.24153681130721, 1123532471802.8591], "unrealized_pnl_9": [453428, 936.3403774921125, 134778229047291.94], "margin_usage_ratio": [453428, 0.005518072940935444, 48.139541897815526]}, "pcr_min_ew": 0.9955180329291875, "pcr_max_ew": 0.9999999992836957}