{"r_count": 244547.0001, "r_mean": -0.04183991916739247, "r_var": 1937.8759718628864, "tanh_k": 2.0, "feature_welford": {"unrealized_pnl": [244549, 12669.555041542277, 4218224315071648.0], "realized_pnl": [244549, 23596.089434271536, 1.5783101082953742e+16], "compounded_returns": [244549, 10934.804503363746, 26643852491535.58], "balance": [244549, 18880069.7462116, 6.737384101701762e+19], "position_value": [244549, 138325.22948867877, 3.752870086100503e+16], "current_position_size": [244549, 691433.87014995, 9.381668231895684e+17], "last_log_ret": [244549, 0.008208235853796767, 881.5279922952047], "sortino_ratio": [244549, 8.595516145100701, 3110619003.4579206], "rolling_pnl_sigma": [244549, 0.024687057334676524, 400.94508008821293], "portfolio_cash_ratio": [244549, 0.7972016122650665, 24907.275427420216], "free_collateral": [244549, 19020741.948325925, 6.6938761536576225e+19], "mm_reqs": [244549, 10375.377123948216, 698442905539634.1], "unrealized_pnl_0": [244549, 17.022443802858486, 438444042704.69305], "unrealized_pnl_1": [244549, 26.74578289897117, 1753078393915.3], "unrealized_pnl_2": [244549, 7264.776217114964, 765347006762407.2], "unrealized_pnl_3": [244549, 17696.43149953592, 1.5059645213609534e+16], "unrealized_pnl_4": [244549, 104.5078805527214, 3156117989381.202], "unrealized_pnl_5": [244549, 3466.897118007434, 615790654234728.8], "unrealized_pnl_6": [244549, 128.69480553281366, 5815292867324.01], "unrealized_pnl_7": [244549, 42.14822573242318, 875118838016.9562], "unrealized_pnl_8": [244549, 39.30873925939715, 632412275977.6526], "unrealized_pnl_9": [244549, 664.0030682914933, 63907813451909.7], "margin_usage_ratio": [244549, 0.007212696247969383, 33.17441025180959]}, "pcr_min_ew": 0.9839283770879108, "pcr_max_ew": 1.000000000000093}