{"r_count": 455660.0001, "r_mean": -0.03196305782548018, "r_var": 2166.0846171260946, "tanh_k": 2.0, "feature_welford": {"unrealized_pnl": [455662, 19394.90682131508, 1.1408140143022242e+16], "realized_pnl": [455662, 30535.240069835945, 3.80759689245574e+16], "compounded_returns": [455662, 15419.54866352146, 73163456455414.89], "balance": [455662, 24684971.404280733, 1.710804074885742e+20], "position_value": [455662, 149450.47507636892, 8.075842058859229e+16], "current_position_size": [455662, 747127.4799112977, 2.018901509891699e+18], "last_log_ret": [455662, 0.008856211746535128, 1036.796604703086], "sortino_ratio": [455662, 15.745402216437379, 24952171127.580334], "rolling_pnl_sigma": [455662, 0.018070728826562042, 483.01702677342877], "portfolio_cash_ratio": [455662, 0.8458700641350664, 36900.655086760824], "free_collateral": [455662, 24842439.277034406, 1.6972528347179706e+20], "mm_reqs": [455662, 11424.091786590408, 1641710406409496.8], "unrealized_pnl_0": [455662, 14.924097843280524, 501991335432.46497], "unrealized_pnl_1": [455662, 18.884487003903878, 2236757257201.471], "unrealized_pnl_2": [455662, 13190.777454530726, 2812923125283989.5], "unrealized_pnl_3": [455662, 23049.916413893738, 3.63755835909381e+16], "unrealized_pnl_4": [455662, 177.42840210732768, 6495643612768.586], "unrealized_pnl_5": [455662, 3743.438524208225, 1049981543051948.5], "unrealized_pnl_6": [455662, 128.76065951532732, 8966008514419.975], "unrealized_pnl_7": [455662, 33.66832072444339, 1000086975974.1287], "unrealized_pnl_8": [455662, 84.76134716190494, 1246862493435.9705], "unrealized_pnl_9": [455662, 912.9344824150164, 127145934044123.27], "margin_usage_ratio": [455662, 0.005492060559516918, 48.200735492435214]}, "pcr_min_ew": 0.9816182743824496, "pcr_max_ew": 0.9999999973415209}