{"r_count": 303748.0001, "r_mean": -0.03806327162188239, "r_var": 2018.914209396615, "tanh_k": 2.0, "feature_welford": {"unrealized_pnl": [303750, 14813.873473516713, 6058476231904580.0], "realized_pnl": [303750, 25568.341129097622, 2.1100544658576696e+16], "compounded_returns": [303750, 12309.154134693825, 36988862702107.31], "balance": [303750, 20729584.686759006, 9.067113986411844e+19], "position_value": [303750, 140086.4479937708, 4.74791987569507e+16], "current_position_size": [303750, 700284.930906551, 1.1869359479486474e+18], "last_log_ret": [303750, 0.008464064179982534, 931.2193115801897], "sortino_ratio": [303750, 10.777703283768803, 8205395527.695032], "rolling_pnl_sigma": [303750, 0.022099560711698496, 432.02390445638343], "portfolio_cash_ratio": [303750, 0.8163882302747628, 28699.825797918347], "free_collateral": [303750, 20874019.399937276, 9.003192364578421e+19], "mm_reqs": [303750, 10522.953286273454, 874169904435964.8], "unrealized_pnl_0": [303750, 15.44127108955302, 406828978418.4255], "unrealized_pnl_1": [303750, 18.61261890269707, 1873832558213.6697], "unrealized_pnl_2": [303750, 9384.271491221976, 1273142602302014.8], "unrealized_pnl_3": [303750, 19142.295591343773, 2.0056164518108324e+16], "unrealized_pnl_4": [303750, 147.4384712500513, 3652643695902.3066], "unrealized_pnl_5": [303750, 3474.5105709040586, 806405995073565.8], "unrealized_pnl_6": [303750, 152.849953705119, 7994009608933.521], "unrealized_pnl_7": [303750, 39.79637322236613, 777125611202.3448], "unrealized_pnl_8": [303750, 48.83849287458306, 633120130624.5519], "unrealized_pnl_9": [303750, 802.1029698519003, 95717152719589.64], "margin_usage_ratio": [303750, 0.006523755065403175, 37.76618929802438]}, "pcr_min_ew": 0.991164794023236, "pcr_max_ew": 0.9999999967576029}