{"r_count": 222207.0001, "r_mean": -0.04383976638998631, "r_var": 1907.721429537106, "tanh_k": 2.0, "feature_welford": {"unrealized_pnl": [222209, 12049.680895578304, 3738972640270916.0], "realized_pnl": [222209, 22492.04806540987, 1.373666516642827e+16], "compounded_returns": [222209, 10200.116343917827, 22334049049811.953], "balance": [222209, 17936906.705527615, 5.776095322020472e+19], "position_value": [222209, 137614.7100080971, 3.353666703965507e+16], "current_position_size": [222209, 687867.6600980447, 8.383655084017338e+17], "last_log_ret": [222209, 0.008076316517261407, 864.3128358284474], "sortino_ratio": [222209, 6.782186865826298, 1133520086.2761323], "rolling_pnl_sigma": [222209, 0.026012589486377354, 389.17915883445386], "portfolio_cash_ratio": [222209, 0.787182910767528, 23451.786490328213], "free_collateral": [222209, 18076359.75077328, 5.740048110059683e+19], "mm_reqs": [222209, 10264.9276924341, 605188494220558.0], "unrealized_pnl_0": [222209, 14.8191902776156, 378594406245.84766], "unrealized_pnl_1": [222209, 30.297927754993893, 1691348465746.4219], "unrealized_pnl_2": [222209, 6502.358572714076, 627834649107023.4], "unrealized_pnl_3": [222209, 16932.570879371073, 1.3016716782282396e+16], "unrealized_pnl_4": [222209, 92.22071279905316, 2532143660714.4976], "unrealized_pnl_5": [222209, 3440.5780163227146, 577659529762871.9], "unrealized_pnl_6": [222209, 128.41722412569396, 5569078693938.012], "unrealized_pnl_7": [222209, 43.64451129552689, 837269536147.2233], "unrealized_pnl_8": [222209, 37.932729720968524, 621607039021.4133], "unrealized_pnl_9": [222209, 654.9432792732978, 58504458517418.836], "margin_usage_ratio": [222209, 0.0075738315653190455, 31.39842012874266]}, "pcr_min_ew": 0.9959533955075758, "pcr_max_ew": 1.000000000000126}