{"r_count": 135081.0001, "r_mean": -0.05708553133880884, "r_var": 1766.229584731386, "tanh_k": 2.0, "feature_welford": {"unrealized_pnl": [135083, 8099.999935040688, 1715796435951072.0], "realized_pnl": [135083, 16538.13889065523, 6172942279135309.0], "compounded_returns": [135083, 6137.675337864248, 8837288782468.008], "balance": [135083, 13226976.767232744, 2.5744836740612555e+19], "position_value": [135083, 134491.03364560514, 1.918036145829604e+16], "current_position_size": [135083, 672196.1813624108, 4.7947160173781395e+17], "last_log_ret": [135083, 0.007210455546973635, 795.4918696516688], "sortino_ratio": [135083, 3.163311172528392, 353561965.64692277], "rolling_pnl_sigma": [135083, 0.03452469780269711, 332.7010204198686], "portfolio_cash_ratio": [135083, 0.723264813411645, 16793.158414162914], "free_collateral": [135083, 13359739.074688962, 2.5638932242189054e+19], "mm_reqs": [135083, 9904.355873160455, 315356645537273.25], "unrealized_pnl_0": [135083, 8.126220893651276, 359411335545.4233], "unrealized_pnl_1": [135083, 30.425259487588647, 1540435004547.3398], "unrealized_pnl_2": [135083, 3130.191680211009, 207277171016919.34], "unrealized_pnl_3": [135083, 12965.11449006498, 5874969240303672.0], "unrealized_pnl_4": [135083, 45.979811190079396, 1771695289098.5623], "unrealized_pnl_5": [135083, 2623.833925816012, 285997406855164.94], "unrealized_pnl_6": [135083, 130.29963707199323, 4657131087048.964], "unrealized_pnl_7": [135083, 67.18105583334105, 605256519229.4708], "unrealized_pnl_8": [135083, 34.06961270334437, 509377384321.2267], "unrealized_pnl_9": [135083, 698.3752940996673, 48564015405816.19], "margin_usage_ratio": [135083, 0.009923979592406157, 23.39163479215818]}, "pcr_min_ew": 0.9912016414665595, "pcr_max_ew": 0.9999999701661983}