{"r_count": 144017.0001, "r_mean": -0.055030431814798865, "r_var": 1778.8569341551856, "tanh_k": 2.0, "feature_welford": {"unrealized_pnl": [144019, 8723.327323041087, 1957413984011993.2], "realized_pnl": [144019, 17185.6149526342, 6730341176295126.0], "compounded_returns": [144019, 6840.950720218545, 8961629132446.395], "balance": [144019, 13651646.077562537, 2.781951624670284e+19], "position_value": [144019, 136161.64594919703, 2.0666610742130804e+16], "current_position_size": [144019, 680507.036089346, 5.1661278781608365e+17], "last_log_ret": [144019, 0.007335696440114343, 800.9282123067733], "sortino_ratio": [144019, 3.3263850107467454, 292927361.64258605], "rolling_pnl_sigma": [144019, 0.03330379098461066, 337.36775160063536], "portfolio_cash_ratio": [144019, 0.7328958725247436, 17582.739941718613], "free_collateral": [144019, 13786705.704824833, 2.7689136026067775e+19], "mm_reqs": [144019, 9880.98715415741, 318277253784619.2], "unrealized_pnl_0": [144019, 7.1812697889469534, 357697845628.58325], "unrealized_pnl_1": [144019, 39.05313590298108, 1548664878772.0986], "unrealized_pnl_2": [144019, 3517.857172258801, 241360580032968.44], "unrealized_pnl_3": [144019, 13260.20685451069, 6356454571054707.0], "unrealized_pnl_4": [144019, 47.865424529781386, 1411878781967.2915], "unrealized_pnl_5": [144019, 2985.5431203298303, 369197177908747.3], "unrealized_pnl_6": [144019, 102.11984918857979, 4181042285121.818], "unrealized_pnl_7": [144019, 59.61183632010987, 776479822993.5477], "unrealized_pnl_8": [144019, 31.056881963435654, 490456456734.877], "unrealized_pnl_9": [144019, 646.1966913441385, 42664536515441.414], "margin_usage_ratio": [144019, 0.009569229003040976, 24.307317803725745]}, "pcr_min_ew": 0.990049425536331, "pcr_max_ew": 1.0000000000000382}