{"r_count": 483585.0001, "r_mean": -0.031320394414055715, "r_var": 2202.043063646301, "tanh_k": 2.0, "feature_welford": {"unrealized_pnl": [483587, 20377.137976687703, 1.2723116014073996e+16], "realized_pnl": [483587, 31067.582434548942, 4.081309759453033e+16], "compounded_returns": [483587, 15762.096476176082, 79629909235560.25], "balance": [483587, 25207731.885174513, 1.8543527852865002e+20], "position_value": [483587, 150852.30271193423, 8.640810322582072e+16], "current_position_size": [483587, 754147.3686915213, 2.160154684760021e+18], "last_log_ret": [483587, 0.00890408866497118, 1061.6895970998942], "sortino_ratio": [483587, 16.625491557320135, 21198034926.343555], "rolling_pnl_sigma": [483587, 0.017615101073266786, 495.38698533382546], "portfolio_cash_ratio": [483587, 0.8489695824352885, 38467.21022105704], "free_collateral": [483587, 25367555.96841576, 1.8393481260095373e+20], "mm_reqs": [483587, 11457.90037912378, 1664943223723674.5], "unrealized_pnl_0": [483587, 12.573482154975574, 479486350377.16187], "unrealized_pnl_1": [483587, 15.232609300930466, 2463788237265.232], "unrealized_pnl_2": [483587, 13927.471542531568, 3157215719533309.5], "unrealized_pnl_3": [483587, 23400.82895684942, 3.882205546503799e+16], "unrealized_pnl_4": [483587, 195.35233750126415, 8238285613602.424], "unrealized_pnl_5": [483587, 3813.7606501006744, 1172205026642338.5], "unrealized_pnl_6": [483587, 138.9785026471513, 10375515762761.01], "unrealized_pnl_7": [483587, 39.82777960893667, 969313981501.4542], "unrealized_pnl_8": [483587, 92.2905798240385, 1268477075757.771], "unrealized_pnl_9": [483587, 974.707185931165, 144994783602804.47], "margin_usage_ratio": [483587, 0.005386974389740355, 50.14447458670049]}, "pcr_min_ew": 0.9874418118223398, "pcr_max_ew": 0.9999999256197417}