{"r_count": 213271.0001, "r_mean": -0.04475309370463031, "r_var": 1895.1750454554644, "tanh_k": 2.0, "feature_welford": {"unrealized_pnl": [213273, 11705.925620946335, 3544897739849111.0], "realized_pnl": [213273, 21951.274195812315, 1.2865227741867362e+16], "compounded_returns": [213273, 9864.167107595717, 20530600098714.527], "balance": [213273, 17510301.977933813, 5.381648470917528e+19], "position_value": [213273, 137268.22635086774, 3.1900207600423056e+16], "current_position_size": [213273, 686126.6154141215, 7.974538634327177e+17], "last_log_ret": [213273, 0.008015896830044913, 857.4799863340019], "sortino_ratio": [213273, 6.351427028518988, 1020331548.2276933], "rolling_pnl_sigma": [213273, 0.02661160486104539, 384.281040932409], "portfolio_cash_ratio": [213273, 0.7827993230280013, 22832.902928908876], "free_collateral": [213273, 17649105.016235646, 5.348657153128122e+19], "mm_reqs": [213273, 10223.247712150394, 570367864004499.6], "unrealized_pnl_0": [213273, 13.671001411424804, 374838009391.11847], "unrealized_pnl_1": [213273, 31.288209299354367, 1687766578549.8308], "unrealized_pnl_2": [213273, 6145.452402898277, 565048886104130.6], "unrealized_pnl_3": [213273, 16598.77395138121, 1.2306614231241346e+16], "unrealized_pnl_4": [213273, 87.7703355228055, 2474358803351.2993], "unrealized_pnl_5": [213273, 3397.1019220957523, 559856462237892.5], "unrealized_pnl_6": [213273, 128.14825096845667, 5524910137307.383], "unrealized_pnl_7": [213273, 45.03915700678773, 835428369139.1646], "unrealized_pnl_8": [213273, 37.52333311506707, 613852140320.0343], "unrealized_pnl_9": [213273, 656.2986632480686, 57481859546953.195], "margin_usage_ratio": [213273, 0.007734487275915734, 30.65012767176864]}, "pcr_min_ew": 0.9985035541772611, "pcr_max_ew": 0.9999999900227696}