{"r_count": 144390.0001, "r_mean": -0.05504649571093098, "r_var": 1796.4499500472912, "tanh_k": 2.0, "feature_welford": {"unrealized_pnl": [144392, 9071.772241456436, 2136630847582088.0], "realized_pnl": [144392, 17499.181136710966, 7124698721161748.0], "compounded_returns": [144392, 6886.508449884818, 10470827212083.445], "balance": [144392, 14087942.969671527, 3.025825220701309e+19], "position_value": [144392, 136817.43114914457, 2.1333804098317304e+16], "current_position_size": [144392, 683794.6393288756, 5.331750476353141e+17], "last_log_ret": [144392, 0.007396202216109719, 804.08384316938], "sortino_ratio": [144392, 2.8571348847145215, 218992124.69166553], "rolling_pnl_sigma": [144392, 0.03327551082639215, 340.0975742920121], "portfolio_cash_ratio": [144392, 0.7323410231498955, 17649.799505999275], "free_collateral": [144392, 14223763.530241504, 3.012337951128592e+19], "mm_reqs": [144392, 10127.057411558117, 339477056856589.1], "unrealized_pnl_0": [144392, 12.220755351068794, 350828334039.06824], "unrealized_pnl_1": [144392, 31.077197615422598, 1539102059374.52], "unrealized_pnl_2": [144392, 3418.061082100658, 234850140441256.44], "unrealized_pnl_3": [144392, 13498.458956278584, 6775776238421196.0], "unrealized_pnl_4": [144392, 53.27035643783668, 1509516671800.2998], "unrealized_pnl_5": [144392, 3094.0299758767796, 388546272486972.6], "unrealized_pnl_6": [144392, 114.93961072282337, 4462458218584.72], "unrealized_pnl_7": [144392, 73.15763779057339, 769574816651.8252], "unrealized_pnl_8": [144392, 33.04986878584432, 461787074116.66077], "unrealized_pnl_9": [144392, 735.8226508336355, 49484019681992.68], "margin_usage_ratio": [144392, 0.00959591555558967, 24.364806455854367]}, "pcr_min_ew": 0.9962187767983095, "pcr_max_ew": 0.9999999992040244}