{"r_count": 238962.0001, "r_mean": -0.042553690244544744, "r_var": 1935.564354364786, "tanh_k": 2.0, "feature_welford": {"unrealized_pnl": [238964, 12629.061940096273, 4331414768825575.0], "realized_pnl": [238964, 22944.849201779914, 1.56233236471129e+16], "compounded_returns": [238964, 10510.542393331192, 24473955692769.49], "balance": [238964, 18443786.254650727, 6.3030578669093994e+19], "position_value": [238964, 140509.05381185695, 3.741252388943865e+16], "current_position_size": [238964, 702368.84719051, 9.352714704166365e+17], "last_log_ret": [238964, 0.008168133360933923, 880.5085742927349], "sortino_ratio": [238964, 6.883384072609336, 1095010420.6853733], "rolling_pnl_sigma": [238964, 0.02506475390737425, 400.19497248316384], "portfolio_cash_ratio": [238964, 0.795090297361153, 24471.41911496663], "free_collateral": [238964, 18586342.68598987, 6.2627944772629864e+19], "mm_reqs": [238964, 10651.365776574452, 696604847358373.9], "unrealized_pnl_0": [238964, 15.038487838485674, 423981557341.7006], "unrealized_pnl_1": [238964, 16.416098391115035, 1711178376169.9016], "unrealized_pnl_2": [238964, 7089.749759871084, 723939401247664.8], "unrealized_pnl_3": [238964, 17099.00926933446, 1.4430158341245734e+16], "unrealized_pnl_4": [238964, 117.47137520529516, 3016304856028.7656], "unrealized_pnl_5": [238964, 3450.0843879026925, 599853988154076.6], "unrealized_pnl_6": [238964, 145.28195605749005, 6818288547878.355], "unrealized_pnl_7": [238964, 48.201920161183445, 732935709393.4507], "unrealized_pnl_8": [238964, 36.633498954039034, 677890554793.8412], "unrealized_pnl_9": [238964, 632.63309542983, 64935118428032.85], "margin_usage_ratio": [238964, 0.007305567947618452, 32.732527555566485]}, "pcr_min_ew": 0.9885878549944221, "pcr_max_ew": 0.9999999951335126}