{"r_count": 193165.0001, "r_mean": -0.04743909512707129, "r_var": 1873.5121904511477, "tanh_k": 2.0, "feature_welford": {"unrealized_pnl": [193167, 11271.341364491258, 3350756362670748.5], "realized_pnl": [193167, 20685.7409193227, 1.1469982644015242e+16], "compounded_returns": [193167, 8982.967389999656, 16656241369256.863], "balance": [193167, 16641082.107695565, 4.635761843393951e+19], "position_value": [193167, 136866.4078249855, 2.8790090977908224e+16], "current_position_size": [193167, 684155.4691089286, 7.197121147345016e+17], "last_log_ret": [193167, 0.007868139908409184, 847.5499753073871], "sortino_ratio": [193167, 4.88750508256331, 635975621.9071773], "rolling_pnl_sigma": [193167, 0.028284057717541836, 375.99755248689166], "portfolio_cash_ratio": [193167, 0.7705190957532, 21524.38325657722], "free_collateral": [193167, 16779021.354137544, 4.6095790797564174e+19], "mm_reqs": [193167, 10267.631076615482, 505729263178515.25], "unrealized_pnl_0": [193167, 12.990059895487395, 376511984189.0114], "unrealized_pnl_1": [193167, 24.55041804279192, 1566309791888.859], "unrealized_pnl_2": [193167, 5702.641167754391, 487995736614626.0], "unrealized_pnl_3": [193167, 15616.880641715763, 1.0657715450961542e+16], "unrealized_pnl_4": [193167, 84.08410257338916, 1818709146124.7344], "unrealized_pnl_5": [193167, 3029.6229062998345, 437516231666201.0], "unrealized_pnl_6": [193167, 156.50438183173318, 7022612206429.402], "unrealized_pnl_7": [193167, 53.801939195730085, 712387160940.5402], "unrealized_pnl_8": [193167, 34.94345729930667, 504473529259.46173], "unrealized_pnl_9": [193167, 822.1891217404102, 74542677748826.8], "margin_usage_ratio": [193167, 0.008189908546530985, 29.07238291386958]}, "pcr_min_ew": 0.9973027300527171, "pcr_max_ew": 0.9999724445315699}