{"r_count": 212154.0001, "r_mean": -0.04487348920152776, "r_var": 1893.6054242095072, "tanh_k": 2.0, "feature_welford": {"unrealized_pnl": [212156, 11691.881875427936, 3516068822844648.0], "realized_pnl": [212156, 21870.61448053418, 1.2716418878287016e+16], "compounded_returns": [212156, 9814.680247968767, 20266607959614.023], "balance": [212156, 17446933.56048563, 5.325270699985115e+19], "position_value": [212156, 137205.2448925963, 3.1710156617667484e+16], "current_position_size": [212156, 685810.5790212114, 7.927025599030482e+17], "last_log_ret": [212156, 0.008007787607974676, 856.6423170552503], "sortino_ratio": [212156, 6.078106167516778, 922322333.860503], "rolling_pnl_sigma": [212156, 0.026689803886661746, 383.65830392979257], "portfolio_cash_ratio": [212156, 0.7822260281100037, 22755.208770619276], "free_collateral": [212156, 17585658.165637385, 5.292648025495869e+19], "mm_reqs": [212156, 10224.626489707296, 566374917220428.5], "unrealized_pnl_0": [212156, 13.48750132720333, 374635167439.913], "unrealized_pnl_1": [212156, 31.46215002006992, 1687723288868.1926], "unrealized_pnl_2": [212156, 6108.221459711184, 558724212809228.1], "unrealized_pnl_3": [212156, 16535.219064929857, 1.2150803059655644e+16], "unrealized_pnl_4": [212156, 86.97905693485335, 2461769016124.7812], "unrealized_pnl_5": [212156, 3415.6683908786385, 557494242200794.7], "unrealized_pnl_6": [212156, 128.5680571162714, 5524360366983.941], "unrealized_pnl_7": [212156, 45.25504049286663, 835402074269.4142], "unrealized_pnl_8": [212156, 37.48804249091437, 613534007234.17], "unrealized_pnl_9": [212156, 657.7986648582657, 57463516592538.27], "margin_usage_ratio": [212156, 0.007755216876945444, 30.554549861427226]}, "pcr_min_ew": 0.9955403454599734, "pcr_max_ew": 0.9999999999999875}