{"r_count": 234494.0001, "r_mean": -0.042976336308534514, "r_var": 1932.929842842852, "tanh_k": 2.0, "feature_welford": {"unrealized_pnl": [234496, 12711.533956214766, 4316008968442334.0], "realized_pnl": [234496, 22960.61355455237, 1.5139871827546006e+16], "compounded_returns": [234496, 10471.336674009564, 24081221557857.355], "balance": [234496, 18449321.15774719, 6.233436702611964e+19], "position_value": [234496, 137642.45923286316, 3.5525921436065456e+16], "current_position_size": [234496, 688059.3390417247, 8.881074677896303e+17], "last_log_ret": [234496, 0.008151579084584252, 879.1288044186462], "sortino_ratio": [234496, 7.0202923452822175, 1166279919.2518325], "rolling_pnl_sigma": [234496, 0.025363240830040885, 399.36376807074714], "portfolio_cash_ratio": [234496, 0.7919494011332027, 24393.43407468355], "free_collateral": [234496, 18589419.75675486, 6.193989892238402e+19], "mm_reqs": [234496, 10316.245772137561, 645016401905217.1], "unrealized_pnl_0": [234496, 14.737401911162127, 392277626352.31775], "unrealized_pnl_1": [234496, 23.10729576676723, 1642912635933.436], "unrealized_pnl_2": [234496, 7152.563976834118, 735719557041090.4], "unrealized_pnl_3": [234496, 17020.12360489817, 1.3905631705413964e+16], "unrealized_pnl_4": [234496, 109.23617702389453, 2182006054339.9407], "unrealized_pnl_5": [234496, 3439.613540913301, 660746523823735.4], "unrealized_pnl_6": [234496, 157.6298907163721, 7362485962858.426], "unrealized_pnl_7": [234496, 47.89696024752524, 739321471766.4817], "unrealized_pnl_8": [234496, 38.49923566220214, 531094452231.21906], "unrealized_pnl_9": [234496, 777.3656456937565, 80200260869913.98], "margin_usage_ratio": [234496, 0.00740051402187007, 32.51591954515347]}, "pcr_min_ew": 0.994770049011838, "pcr_max_ew": 0.9999999975296854}