{"r_count": 362949.0001, "r_mean": -0.035046565593026754, "r_var": 2076.2400523385036, "tanh_k": 2.0, "feature_welford": {"unrealized_pnl": [362951, 16718.40987976088, 7953800762570474.0], "realized_pnl": [362951, 28059.962151076932, 2.7662193852021744e+16], "compounded_returns": [362951, 13864.95184231214, 51730196709283.03], "balance": [362951, 22666598.143512893, 1.2287842760705481e+20], "position_value": [362951, 143612.80497773102, 5.961794611048053e+16], "current_position_size": [362951, 717950.1105901118, 1.490402818650324e+18], "last_log_ret": [362951, 0.008657478995338695, 969.9684260019852], "sortino_ratio": [362951, 13.33511370118371, 7002718324.957515], "rolling_pnl_sigma": [362951, 0.020139424254922163, 452.00571502794907], "portfolio_cash_ratio": [362951, 0.8309405706480038, 31900.71989445755], "free_collateral": [362951, 22816084.05205413, 1.2196820310543956e+20], "mm_reqs": [362951, 10895.539690796915, 1167830250096176.2], "unrealized_pnl_0": [362951, 16.57763430486587, 432247510512.0966], "unrealized_pnl_1": [362951, 20.75338741329065, 2243977174072.2085], "unrealized_pnl_2": [362951, 11136.241718533849, 1853582901257497.0], "unrealized_pnl_3": [362951, 21085.85863389835, 2.658397403962572e+16], "unrealized_pnl_4": [362951, 164.08596800831972, 4952064227900.819], "unrealized_pnl_5": [362951, 3560.8189994662303, 805376140626335.6], "unrealized_pnl_6": [362951, 123.25345562663601, 6318844014890.174], "unrealized_pnl_7": [362951, 42.536004474970575, 918395709619.9213], "unrealized_pnl_8": [362951, 60.86098710859066, 808131280141.015], "unrealized_pnl_9": [362951, 741.7932738470298, 85975275551223.88], "margin_usage_ratio": [362951, 0.006018401283573548, 41.95717941402913]}, "pcr_min_ew": 0.9937441375703208, "pcr_max_ew": 0.9999999999999122}