{"r_count": 137315.0001, "r_mean": -0.0565799843198332, "r_var": 1771.2513656368528, "tanh_k": 2.0, "feature_welford": {"unrealized_pnl": [137317, 8249.083447258286, 1774779964025744.8], "realized_pnl": [137317, 16757.580090838685, 6346173352309424.0], "compounded_returns": [137317, 6294.470916206842, 9278713865585.87], "balance": [137317, 13455470.29075293, 2.692975466172358e+19], "position_value": [137317, 134543.16084709179, 1.9580964411010376e+16], "current_position_size": [137317, 672461.0287186094, 4.894866943253938e+17], "last_log_ret": [137317, 0.00724765706691885, 797.6668510059221], "sortino_ratio": [137317, 3.276367402085174, 371367416.4346893], "rolling_pnl_sigma": [137317, 0.03420652549488496, 334.7252371046577], "portfolio_cash_ratio": [137317, 0.7256504836172482, 16992.301046629433], "free_collateral": [137317, 13588396.180849023, 2.6816692904979956e+19], "mm_reqs": [137317, 9945.629125804615, 328174857677086.0], "unrealized_pnl_0": [137317, 8.391447323378515, 359812496272.79065], "unrealized_pnl_1": [137317, 30.244060948576813, 1541425199753.0066], "unrealized_pnl_2": [137317, 3241.254549382615, 216913019612085.75], "unrealized_pnl_3": [137317, 13100.557577179788, 6055432646144973.0], "unrealized_pnl_4": [137317, 46.80198932476657, 1776375158324.5164], "unrealized_pnl_5": [137317, 2626.5088956700697, 290189793744597.5], "unrealized_pnl_6": [137317, 132.60070007604244, 4702273131024.057], "unrealized_pnl_7": [137317, 67.1261500612909, 618838712282.0994], "unrealized_pnl_8": [137317, 33.50725207617425, 510295509511.8899], "unrealized_pnl_9": [137317, 695.6184512083964, 49432746372377.51], "margin_usage_ratio": [137317, 0.009839157895868804, 23.647720685421476]}, "pcr_min_ew": 0.986871902354052, "pcr_max_ew": 0.9999999853174498}