{"r_count": 472415.0001, "r_mean": -0.03150664847479292, "r_var": 2183.744811694674, "tanh_k": 2.0, "feature_welford": {"unrealized_pnl": [472417, 19987.818276509453, 1.2189304565129002e+16], "realized_pnl": [472417, 30951.747297420603, 3.9773968936504344e+16], "compounded_returns": [472417, 15770.35683656305, 78150884587118.92], "balance": [472417, 25175359.333429016, 1.8214606488072493e+20], "position_value": [472417, 150370.5444437724, 8.41795151257553e+16], "current_position_size": [472417, 751741.2076956667, 2.1044327219911698e+18], "last_log_ret": [472417, 0.008891400725326968, 1049.1641517923667], "sortino_ratio": [472417, 15.966867638925796, 11516456296.504204], "rolling_pnl_sigma": [472417, 0.017768409502769214, 488.593278405861], "portfolio_cash_ratio": [472417, 0.8480508185361053, 37708.238985012256], "free_collateral": [472417, 25334308.194077656, 1.8067697959691452e+20], "mm_reqs": [472417, 11456.72763810229, 1680279555898575.5], "unrealized_pnl_0": [472417, 13.982657085730049, 466838398058.3513], "unrealized_pnl_1": [472417, 16.473306741903908, 2372110278772.256], "unrealized_pnl_2": [472417, 13763.511887627461, 3039725547386584.0], "unrealized_pnl_3": [472417, 23385.690038340796, 3.819428423609763e+16], "unrealized_pnl_4": [472417, 183.8958664488957, 6500761050263.243], "unrealized_pnl_5": [472417, 3878.0872448347222, 1094249614507739.1], "unrealized_pnl_6": [472417, 118.7627167912942, 7343758083223.787], "unrealized_pnl_7": [472417, 38.58087832921346, 1061326924130.6288], "unrealized_pnl_8": [472417, 91.3336573665101, 1396731274957.1018], "unrealized_pnl_9": [472417, 894.830367550687, 122554472731844.28], "margin_usage_ratio": [472417, 0.005420747527282877, 49.35376758649257]}, "pcr_min_ew": 0.9947972920939223, "pcr_max_ew": 0.9999999999999977}