{"r_count": 98593.0001, "r_mean": -0.06834516233289012, "r_var": 1683.8448874178275, "tanh_k": 2.0, "feature_welford": {"unrealized_pnl": [98595, 6235.006725262277, 897937885350289.4], "realized_pnl": [98595, 12265.108436238066, 2888330848234396.0], "compounded_returns": [98595, 3722.1516754614095, 3589221680883.4663], "balance": [98595, 9828597.984409954, 1.3376901468899015e+19], "position_value": [98595, 136383.4595762701, 1.4029316286588092e+16], "current_position_size": [98595, 681500.6061270967, 3.5056241767165216e+17], "last_log_ret": [98595, 0.00648802577200597, 759.7886541407696], "sortino_ratio": [98595, 1.361853197935794, 27794888.011473514], "rolling_pnl_sigma": [98595, 0.041777595841138486, 294.0755845704428], "portfolio_cash_ratio": [98595, 0.6668423717779057, 13274.86582228289], "free_collateral": [98595, 9961387.96105635, 1.3353422106284497e+19], "mm_reqs": [98595, 9885.55775911286, 196323165146958.84], "unrealized_pnl_0": [98595, 9.325186030639586, 334516069892.848], "unrealized_pnl_1": [98595, 41.57708893644412, 1377032471838.0864], "unrealized_pnl_2": [98595, 1791.80574796818, 108153430531916.44], "unrealized_pnl_3": [98595, 8932.062942526309, 2409810250617527.5], "unrealized_pnl_4": [98595, 31.407814250173615, 1350963682876.1067], "unrealized_pnl_5": [98595, 2424.0197348742477, 229220114960336.47], "unrealized_pnl_6": [98595, 115.4628734847528, 3693338152318.7363], "unrealized_pnl_7": [98595, 60.20906243515629, 502457897847.7946], "unrealized_pnl_8": [98595, 35.32591494805356, 440705000680.7455], "unrealized_pnl_9": [98595, 646.7211165648205, 32701440132512.484], "margin_usage_ratio": [98595, 0.0119885024107856, 18.989401913374103]}, "pcr_min_ew": 0.9892744439338111, "pcr_max_ew": 1.0000000000000053}