{"r_count": 169708.0001, "r_mean": -0.05039461647159288, "r_var": 1826.881506795923, "tanh_k": 2.0, "feature_welford": {"unrealized_pnl": [169710, 10187.427605861425, 2689935213920260.0], "realized_pnl": [169710, 19222.945967718453, 9013699310668482.0], "compounded_returns": [169710, 8110.996037118778, 13023267185185.68], "balance": [169710, 15305452.49242791, 3.7239338520044536e+19], "position_value": [169710, 136581.72703527578, 2.4821242799199252e+16], "current_position_size": [169710, 682653.0359617386, 6.204787736239616e+17], "last_log_ret": [169710, 0.007648104620306221, 822.9251687315877], "sortino_ratio": [169710, 4.166424047703783, 440284695.0841208], "rolling_pnl_sigma": [169710, 0.03029536967260185, 356.9321635964366], "portfolio_cash_ratio": [169710, 0.7554225867602719, 19675.681670893082], "free_collateral": [169710, 15442236.679658273, 3.704163884214059e+19], "mm_reqs": [169710, 10037.836714232453, 410232948055133.94], "unrealized_pnl_0": [169710, 10.568520949515891, 364406149270.0321], "unrealized_pnl_1": [169710, 36.70766699944893, 1626264560552.803], "unrealized_pnl_2": [169710, 4470.3899391902105, 338833481454703.2], "unrealized_pnl_3": [169710, 14894.444674448068, 8737139126654523.0], "unrealized_pnl_4": [169710, 60.23311208664311, 1887401986732.7217], "unrealized_pnl_5": [169710, 3315.620374197587, 487410239630762.2], "unrealized_pnl_6": [169710, 122.24809873835541, 5144183319374.672], "unrealized_pnl_7": [169710, 53.38952900818066, 815405531050.5592], "unrealized_pnl_8": [169710, 33.40924988447074, 507616470838.1763], "unrealized_pnl_9": [169710, 641.2728014037384, 47097005451502.58], "margin_usage_ratio": [169710, 0.008736235171798773, 26.825768161797047]}, "pcr_min_ew": 0.9901619975719826, "pcr_max_ew": 0.9999999999999678}