{"r_count": 505925.0001, "r_mean": -0.030709292358371075, "r_var": 2212.558559048535, "tanh_k": 2.0, "feature_welford": {"unrealized_pnl": [505927, 20608.430222310588, 1.3305331552980044e+16], "realized_pnl": [505927, 31603.033165146084, 4.3790994016468376e+16], "compounded_returns": [505927, 16104.345241675966, 84962872251038.2], "balance": [505927, 25579134.14003489, 1.9752657331226896e+20], "position_value": [505927, 152356.60696499972, 9.224149956133534e+16], "current_position_size": [505927, 761666.0062098092, 2.3059783664648924e+18], "last_log_ret": [505927, 0.008937047578424446, 1072.7564997512056], "sortino_ratio": [505927, 16.82675054531705, 28562666199.757137], "rolling_pnl_sigma": [505927, 0.01723370411664648, 498.24895311901764], "portfolio_cash_ratio": [505927, 0.8518179422644212, 39486.59224790986], "free_collateral": [505927, 25740535.399092857, 1.9590785240607008e+20], "mm_reqs": [505927, 11610.416679460934, 1857076021403794.5], "unrealized_pnl_0": [505927, 14.087791175256953, 529600177436.82623], "unrealized_pnl_1": [505927, 19.108152044812588, 2436031146146.2046], "unrealized_pnl_2": [505927, 14214.457711170075, 3409133862103029.5], "unrealized_pnl_3": [505927, 23852.190805557577, 4.177830775808729e+16], "unrealized_pnl_4": [505927, 185.502908257703, 7262595641105.078], "unrealized_pnl_5": [505927, 3950.504330055047, 1202802821783511.2], "unrealized_pnl_6": [505927, 121.39373990090795, 9317474267613.209], "unrealized_pnl_7": [505927, 35.05941570187255, 1069970235215.7971], "unrealized_pnl_8": [505927, 98.588597040602, 1505569414739.1162], "unrealized_pnl_9": [505927, 969.5660548454705, 145567093246808.0], "margin_usage_ratio": [505927, 0.005286932975616741, 51.56030359560978]}, "pcr_min_ew": 0.9917999011007169, "pcr_max_ew": 0.9999999999999213}