{"r_count": 317152.0001, "r_mean": -0.0371724692413538, "r_var": 2025.5092553589714, "tanh_k": 2.0, "feature_welford": {"unrealized_pnl": [317154, 14825.184197512788, 6091827616134478.0], "realized_pnl": [317154, 26283.090348620957, 2.2257358450441988e+16], "compounded_returns": [317154, 12698.465305813714, 39937531464084.72], "balance": [317154, 21122821.826309513, 9.711927965464581e+19], "position_value": [317154, 141001.9606608728, 5.060379834368924e+16], "current_position_size": [317154, 704845.135943402, 1.2650379928909504e+18], "last_log_ret": [317154, 0.008510171943042101, 936.4295582761681], "sortino_ratio": [317154, 12.257377809216422, 6609985838.93693], "rolling_pnl_sigma": [317154, 0.02156103429289924, 434.18708140664455], "portfolio_cash_ratio": [317154, 0.8206758716190886, 29334.13401404169], "free_collateral": [317154, 21268052.814631496, 9.642090572142002e+19], "mm_reqs": [317154, 10648.726301848175, 979097732162646.6], "unrealized_pnl_0": [317154, 17.466409262872986, 461869437734.7706], "unrealized_pnl_1": [317154, 21.05278972490266, 1899634453690.1877], "unrealized_pnl_2": [317154, 9601.89396856529, 1374518461472408.2], "unrealized_pnl_3": [317154, 19606.274289346187, 2.1333406526223284e+16], "unrealized_pnl_4": [317154, 141.23664528557543, 4387880259665.7144], "unrealized_pnl_5": [317154, 3481.1587908581755, 733849646939815.4], "unrealized_pnl_6": [317154, 139.780113265153, 8095441136081.095], "unrealized_pnl_7": [317154, 35.279093958863136, 946355833431.661], "unrealized_pnl_8": [317154, 51.732677558840976, 740897295543.9016], "unrealized_pnl_9": [317154, 724.480642621102, 82990533073244.25], "margin_usage_ratio": [317154, 0.006372913524445306, 38.61131349479734]}, "pcr_min_ew": 0.9913067902714922, "pcr_max_ew": 0.9999999991013103}