{"r_count": 79231.0001, "r_mean": -0.07715750778828519, "r_var": 1601.4959243378355, "tanh_k": 2.0, "feature_welford": {"unrealized_pnl": [79233, 4787.683522692744, 596158169927309.0], "realized_pnl": [79233, 9307.809700707814, 1822455581376330.5], "compounded_returns": [79233, 2451.1382991364494, 1085435393662.8486], "balance": [79233, 7285498.4622641755, 6.992656320604486e+18], "position_value": [79233, 135775.05133350528, 1.0549819183271566e+16], "current_position_size": [79233, 678458.3814610526, 2.6370177401000723e+17], "last_log_ret": [79233, 0.005747331115379579, 732.7755349161256], "sortino_ratio": [79233, 0.9646528469186986, 13061178.745095996], "rolling_pnl_sigma": [79233, 0.04753749824489803, 264.46650073532965], "portfolio_cash_ratio": [79233, 0.6229545273161656, 10943.66598805984], "free_collateral": [79233, 7416532.087133562, 6.999009416545833e+18], "mm_reqs": [79233, 9592.126295689435, 131354062777158.47], "unrealized_pnl_0": [79233, 4.742258340926534, 326533756235.8481], "unrealized_pnl_1": [79233, 50.83200995713174, 1266882322761.0928], "unrealized_pnl_2": [79233, 1019.3415677900472, 60594551002126.25], "unrealized_pnl_3": [79233, 7070.483708388863, 1461265744921335.8], "unrealized_pnl_4": [79233, 26.697460573819704, 1143365607098.2656], "unrealized_pnl_5": [79233, 2102.3909091348714, 170614336827297.47], "unrealized_pnl_6": [79233, 105.53627430960354, 3172649175984.24], "unrealized_pnl_7": [79233, 45.512262208704726, 478724288129.0118], "unrealized_pnl_8": [79233, 30.25442685780306, 407820471295.0413], "unrealized_pnl_9": [79233, 450.6711570170829, 21428682163029.766], "margin_usage_ratio": [79233, 0.013576920779137528, 16.08637613143211]}, "pcr_min_ew": 0.9841905877199824, "pcr_max_ew": 0.9999999999998289}