{"r_count": 378587.0001, "r_mean": -0.03442478297872382, "r_var": 2092.169926941044, "tanh_k": 2.0, "feature_welford": {"unrealized_pnl": [378589, 17129.89486738946, 8485810521332473.0], "realized_pnl": [378589, 28458.130625179885, 2.9197769046040356e+16], "compounded_returns": [378589, 14168.855303514774, 55256769582618.34], "balance": [378589, 23056015.989258785, 1.3063924035946429e+20], "position_value": [378589, 144462.28912209405, 6.2768331719725064e+16], "current_position_size": [378589, 722202.2359548921, 1.5691628106816154e+18], "last_log_ret": [378589, 0.008697549789821611, 981.2008750196912], "sortino_ratio": [378589, 13.642412203934116, 7253268828.844438], "rolling_pnl_sigma": [378589, 0.019721159323392634, 457.50983381744436], "portfolio_cash_ratio": [378589, 0.8339854724316995, 32750.373598016824], "free_collateral": [378589, 23206687.355405197, 1.2965681018264273e+20], "mm_reqs": [378589, 10970.266632508112, 1231802701338539.2], "unrealized_pnl_0": [378589, 15.938558062309335, 438562083087.97296], "unrealized_pnl_1": [378589, 19.99132972171176, 2270068858886.882], "unrealized_pnl_2": [378589, 11520.260514903812, 2000982668652108.0], "unrealized_pnl_3": [378589, 21386.86492167691, 2.813206329075209e+16], "unrealized_pnl_4": [378589, 166.44961763495002, 5155340271473.132], "unrealized_pnl_5": [378589, 3595.8472403745473, 832073690126596.8], "unrealized_pnl_6": [378589, 123.05761812182966, 6463983911013.223], "unrealized_pnl_7": [378589, 41.83594746739543, 934225926310.4312], "unrealized_pnl_8": [378589, 65.32132198643272, 857897657034.0184], "unrealized_pnl_9": [378589, 762.1864443658905, 90050564480426.17], "margin_usage_ratio": [378589, 0.005911558759034422, 43.02562290040276]}, "pcr_min_ew": 0.9981437634811012, "pcr_max_ew": 1.0000000000000675}