{"r_count": 101944.0001, "r_mean": -0.06707474674494641, "r_var": 1693.7780965434733, "tanh_k": 2.0, "feature_welford": {"unrealized_pnl": [101946, 6362.143711339364, 939434842371827.0], "realized_pnl": [101946, 12608.500191776391, 3014906235657645.0], "compounded_returns": [101946, 3928.20992626038, 3861650163384.4497], "balance": [101946, 10106364.888367964, 1.4110539632391004e+19], "position_value": [101946, 136728.60604900867, 1.4569805284847404e+16], "current_position_size": [101946, 683240.0352917279, 3.640747849898708e+17], "last_log_ret": [101946, 0.00657513340927653, 763.5983382538448], "sortino_ratio": [101946, 1.384426520825662, 28065431.880772617], "rolling_pnl_sigma": [101946, 0.04096661479783771, 298.19854977451996], "portfolio_cash_ratio": [101946, 0.6732741035965467, 13638.870206810914], "free_collateral": [101946, 10239611.14210098, 1.4082705819624004e+19], "mm_reqs": [101946, 9900.360964374202, 204322576592121.78], "unrealized_pnl_0": [101946, 9.713546922412652, 334843979742.6321], "unrealized_pnl_1": [101946, 42.194581459652284, 1394876804470.7048], "unrealized_pnl_2": [101946, 1898.303294460574, 114157845640104.0], "unrealized_pnl_3": [101946, 9009.050513197864, 2484041220089892.0], "unrealized_pnl_4": [101946, 32.892209814782085, 1356526368275.5586], "unrealized_pnl_5": [101946, 2542.1603159640595, 260226890357856.75], "unrealized_pnl_6": [101946, 113.79379547907166, 3704428632568.4976], "unrealized_pnl_7": [101946, 64.23904606104276, 524740758067.2921], "unrealized_pnl_8": [101946, 34.84184660427014, 442015178467.1524], "unrealized_pnl_9": [101946, 684.8692602433462, 36273564454017.03], "margin_usage_ratio": [101946, 0.011754344795427535, 19.441229917847135]}, "pcr_min_ew": 0.9941350097027752, "pcr_max_ew": 1.0000000000000993}