{"r_count": 250132.0001, "r_mean": -0.041395953533378306, "r_var": 1945.0674389835822, "tanh_k": 2.0, "feature_welford": {"unrealized_pnl": [250134, 12892.952355697826, 4356602882475823.0], "realized_pnl": [250134, 23834.287732474397, 1.6218613470459692e+16], "compounded_returns": [250134, 11085.677673914157, 27569633181957.016], "balance": [250134, 19067561.731595654, 6.941807095268362e+19], "position_value": [250134, 138517.46294870376, 3.846423366254268e+16], "current_position_size": [250134, 692384.3952250453, 9.615464510518522e+17], "last_log_ret": [250134, 0.008236750188835507, 885.8033543078842], "sortino_ratio": [250134, 9.067861453133618, 3323209527.838956], "rolling_pnl_sigma": [250134, 0.02438848465771065, 403.7399427991983], "portfolio_cash_ratio": [250134, 0.7994784532597154, 25258.63893339145], "free_collateral": [250134, 19208611.87980044, 6.8965943032112914e+19], "mm_reqs": [250134, 10413.182001425981, 719332811992675.8], "unrealized_pnl_0": [250134, 16.93475135466224, 438652110123.0373], "unrealized_pnl_1": [250134, 27.000323871446973, 1772194597823.306], "unrealized_pnl_2": [250134, 7486.233004362068, 813493163252142.5], "unrealized_pnl_3": [250134, 17923.10811212248, 1.5519845412713184e+16], "unrealized_pnl_4": [250134, 107.67819447647251, 3227719087147.304], "unrealized_pnl_5": [250134, 3449.4692324126436, 622023572809430.2], "unrealized_pnl_6": [250134, 127.7463734067965, 5895051088949.202], "unrealized_pnl_7": [250134, 41.50156822532265, 875662606264.9385], "unrealized_pnl_8": [250134, 39.73644999091332, 637433532974.3245], "unrealized_pnl_9": [250134, 669.5811116595962, 65772213235616.75], "margin_usage_ratio": [250134, 0.007130998148579147, 33.600983689174974]}, "pcr_min_ew": 0.9810744084315622, "pcr_max_ew": 0.9998107428690062}