{"r_count": 108273.0001, "r_mean": -0.06454296093363754, "r_var": 1695.6063399270588, "tanh_k": 2.0, "feature_welford": {"unrealized_pnl": [108275, 6636.198818033938, 1081895567440199.9], "realized_pnl": [108275, 13310.833428032884, 3605475294693697.0], "compounded_returns": [108275, 4592.432816498317, 3898113671864.822], "balance": [108275, 10571098.645338384, 1.531455319739933e+19], "position_value": [108275, 135841.64043253977, 1.4949621536649302e+16], "current_position_size": [108275, 678831.5682206934, 3.736877657890774e+17], "last_log_ret": [108275, 0.006674004501074165, 767.0377132058135], "sortino_ratio": [108275, 1.8009725275730972, 67887135.28031974], "rolling_pnl_sigma": [108275, 0.039424951041109484, 303.22735284096046], "portfolio_cash_ratio": [108275, 0.6860008571640858, 14270.828466380557], "free_collateral": [108275, 10703832.906503329, 1.5271022615252142e+19], "mm_reqs": [108275, 9804.315826870667, 214523722328504.53], "unrealized_pnl_0": [108275, 4.737392504251346, 348344608509.1177], "unrealized_pnl_1": [108275, 40.887568408255405, 1339031537396.186], "unrealized_pnl_2": [108275, 2007.4669250094241, 121406631465404.44], "unrealized_pnl_3": [108275, 9963.065848607108, 3132620028174366.0], "unrealized_pnl_4": [108275, 33.54221588164199, 1222931075439.5588], "unrealized_pnl_5": [108275, 2605.6779444054073, 239910743832909.75], "unrealized_pnl_6": [108275, 92.29165605819094, 3672092852705.124], "unrealized_pnl_7": [108275, 61.28010578024412, 551246616778.4319], "unrealized_pnl_8": [108275, 26.628681898322906, 434235346787.2681], "unrealized_pnl_9": [108275, 628.1070956464487, 34537045562661.074], "margin_usage_ratio": [108275, 0.01129009848287682, 20.270838644758413]}, "pcr_min_ew": 0.9793115816663236, "pcr_max_ew": 0.9999999862177961}