{"r_count": 366300.0001, "r_mean": -0.03494573058178313, "r_var": 2078.175386871678, "tanh_k": 2.0, "feature_welford": {"unrealized_pnl": [366302, 16655.29538791268, 7992410810887585.0], "realized_pnl": [366302, 27971.893869593026, 2.7600117893859292e+16], "compounded_returns": [366302, 13792.64998101791, 51237372322237.9], "balance": [366302, 22550486.72085925, 1.2221305260319798e+20], "position_value": [366302, 144009.76979343148, 6.096676972881917e+16], "current_position_size": [366302, 719905.9141189149, 1.5241140229329498e+18], "last_log_ret": [366302, 0.008658795506009415, 972.5045119813147], "sortino_ratio": [366302, 13.787182774020685, 16992344988.166798], "rolling_pnl_sigma": [366302, 0.020066884573962114, 453.07763867827714], "portfolio_cash_ratio": [366302, 0.8315828995113099, 32125.49031216377], "free_collateral": [366302, 22700238.87320666, 1.2130354927931759e+20], "mm_reqs": [366302, 10963.314661539413, 1203739182178318.5], "unrealized_pnl_0": [366302, 16.775835299086253, 479938814580.10236], "unrealized_pnl_1": [366302, 19.865475020624377, 2011056937370.9531], "unrealized_pnl_2": [366302, 10980.913456872442, 1839486990857419.8], "unrealized_pnl_3": [366302, 20995.018975658906, 2.6485942523144644e+16], "unrealized_pnl_4": [366302, 158.38790685080878, 5202349397043.728], "unrealized_pnl_5": [366302, 3539.654883531183, 847926025271147.4], "unrealized_pnl_6": [366302, 136.15878572601133, 8484941724225.055], "unrealized_pnl_7": [366302, 32.83513541790411, 969966844460.7163], "unrealized_pnl_8": [366302, 63.81510438509374, 933861211785.6528], "unrealized_pnl_9": [366302, 789.7207017998744, 97531090381914.27], "margin_usage_ratio": [366302, 0.005991198991382269, 42.12507524714331]}, "pcr_min_ew": 0.9982051081782141, "pcr_max_ew": 1.0000000000000338}