{"r_count": 391991.0001, "r_mean": -0.033966658498569266, "r_var": 2104.595947741151, "tanh_k": 2.0, "feature_welford": {"unrealized_pnl": [391993, 17577.092240542148, 9075569073072566.0], "realized_pnl": [391993, 28848.90419219238, 3.0758974791943556e+16], "compounded_returns": [391993, 14334.333820729431, 57799091096483.56], "balance": [391993, 23272857.398994833, 1.3696844753563104e+20], "position_value": [391993, 145540.0233809066, 6.664102083055529e+16], "current_position_size": [391993, 727557.575806118, 1.6659638506873836e+18], "last_log_ret": [391993, 0.00872492214814752, 991.2579390298575], "sortino_ratio": [391993, 14.46835914890951, 17570844252.21012], "rolling_pnl_sigma": [391993, 0.019412438614627457, 462.27070091453544], "portfolio_cash_ratio": [391993, 0.8363683102622197, 33511.757955727924], "free_collateral": [391993, 23424912.09059632, 1.3593323886482435e+20], "mm_reqs": [391993, 11112.754744404392, 1338803822378038.8], "unrealized_pnl_0": [391993, 16.499958383350634, 485993346360.7071], "unrealized_pnl_1": [391993, 19.814690503498284, 2055304382774.1301], "unrealized_pnl_2": [391993, 11685.033614255959, 2119978122105998.5], "unrealized_pnl_3": [391993, 21655.452701004353, 2.935054092657432e+16], "unrealized_pnl_4": [391993, 164.29267240000001, 5565815939087.169], "unrealized_pnl_5": [391993, 3593.020884033923, 905017651584008.1], "unrealized_pnl_6": [391993, 133.17124303311397, 8639687302064.541], "unrealized_pnl_7": [391993, 33.156962547585024, 976958416470.8818], "unrealized_pnl_8": [391993, 71.47647219407993, 1029147720480.1786], "unrealized_pnl_9": [391993, 820.7895506940935, 103741139725705.44], "margin_usage_ratio": [391993, 0.005822879482484717, 43.875169851072265]}, "pcr_min_ew": 0.9955683338309282, "pcr_max_ew": 0.9999999996225902}