{"r_count": 475766.0001, "r_mean": -0.0314324100478869, "r_var": 2184.9020082816187, "tanh_k": 2.0, "feature_welford": {"unrealized_pnl": [475768, 19886.048217397485, 1.2112361636733738e+16], "realized_pnl": [475768, 30947.45576056149, 4.016421475247708e+16], "compounded_returns": [475768, 15698.026357526891, 77751732248245.34], "balance": [475768, 25046704.65311335, 1.8137277541570108e+20], "position_value": [475768, 150565.28320335067, 8.52201568290294e+16], "current_position_size": [475768, 752701.9706832424, 2.1304437358647273e+18], "last_log_ret": [475768, 0.008890025424605177, 1051.1948425924334], "sortino_ratio": [475768, 16.291506039946437, 27235133911.190445], "rolling_pnl_sigma": [475768, 0.01771717030652759, 489.20707637921834], "portfolio_cash_ratio": [475768, 0.8484083200408655, 37935.47675327308], "free_collateral": [475768, 25205701.920430638, 1.7991450152409616e+20], "mm_reqs": [475768, 11501.126193112628, 1727815272916482.0], "unrealized_pnl_0": [475768, 14.739303073357359, 525298029059.4468], "unrealized_pnl_1": [475768, 20.017545249285597, 2394960859058.2744], "unrealized_pnl_2": [475768, 13592.6822292453, 3030386183512962.0], "unrealized_pnl_3": [475768, 23377.77586336866, 3.8400323797123864e+16], "unrealized_pnl_4": [475768, 181.47678321174467, 6874151618593.17], "unrealized_pnl_5": [475768, 3822.7958905683377, 1105004054306545.6], "unrealized_pnl_6": [475768, 125.44787607207438, 9169626307736.705], "unrealized_pnl_7": [475768, 33.82444431535795, 1041330609542.3403], "unrealized_pnl_8": [475768, 89.78532033665542, 1329252458991.343], "unrealized_pnl_9": [475768, 932.8470268330981, 134464498915839.2], "margin_usage_ratio": [475768, 0.005404988805538954, 49.552359497738074]}, "pcr_min_ew": 0.9985246817574681, "pcr_max_ew": 0.9999999729366107}