{"r_count": 132847.0001, "r_mean": -0.05757499644926413, "r_var": 1755.6349938883711, "tanh_k": 2.0, "feature_welford": {"unrealized_pnl": [132849, 7774.425659667915, 1463648686048405.5], "realized_pnl": [132849, 15901.808270631596, 5215464814466327.0], "compounded_returns": [132849, 6111.968655498832, 6800437470771.646], "balance": [132849, 12812623.029666847, 2.360616406717662e+19], "position_value": [132849, 134789.8989052795, 1.879253930854532e+16], "current_position_size": [132849, 673581.7182799089, 4.69617533745321e+17], "last_log_ret": [132849, 0.007165867726141599, 791.3853668722155], "sortino_ratio": [132849, 2.7232041926623487, 208467525.67661735], "rolling_pnl_sigma": [132849, 0.03490638332864086, 328.09607557814934], "portfolio_cash_ratio": [132849, 0.7207211906481347, 16592.80572782896], "free_collateral": [132849, 12945269.202166034, 2.350862915142102e+19], "mm_reqs": [132849, 9974.097045262728, 306752178118183.44], "unrealized_pnl_0": [132849, 9.872251371834253, 346710206471.70776], "unrealized_pnl_1": [132849, 25.590759382264288, 1522190171074.126], "unrealized_pnl_2": [132849, 3004.3205363731195, 196908249657428.2], "unrealized_pnl_3": [132849, 11843.604244651957, 4697303225492274.0], "unrealized_pnl_4": [132849, 51.81100230203957, 1683047929017.7815], "unrealized_pnl_5": [132849, 2872.9045348800373, 305323655745996.94], "unrealized_pnl_6": [132849, 112.57697010554737, 3764672688529.2026], "unrealized_pnl_7": [132849, 68.54176312656645, 695744779525.7657], "unrealized_pnl_8": [132849, 29.826324369438776, 451345235472.78357], "unrealized_pnl_9": [132849, 707.4383153057469, 38957524397275.68], "margin_usage_ratio": [132849, 0.010023543509026428, 23.1804719737123]}, "pcr_min_ew": 0.9883746335996361, "pcr_max_ew": 0.9999999756723196}