{"r_count": 121677.0001, "r_mean": -0.06066974909129896, "r_var": 1732.7762299694305, "tanh_k": 2.0, "feature_welford": {"unrealized_pnl": [121679, 8005.694275041953, 1659418134893291.0], "realized_pnl": [121679, 15294.159798397317, 5713989908044558.0], "compounded_returns": [121679, 5548.330362510127, 6220540737265.083], "balance": [121679, 12184481.936892368, 2.1770889665982968e+19], "position_value": [121679, 138072.04922113565, 1.7845226899361202e+16], "current_position_size": [121679, 690090.623744969, 4.460939805491834e+17], "last_log_ret": [121679, 0.006975650862800938, 782.422922382493], "sortino_ratio": [121679, 2.0686690612366134, 112488032.48304465], "rolling_pnl_sigma": [121679, 0.03677990011547791, 318.9213551512288], "portfolio_cash_ratio": [121679, 0.7062856381591529, 15546.451839194928], "free_collateral": [121679, 12320447.588768367, 2.1693105018450317e+19], "mm_reqs": [121679, 10179.65116201235, 287094553843709.2], "unrealized_pnl_0": [121679, 10.475198238359413, 366949180877.00146], "unrealized_pnl_1": [121679, 35.312134211210825, 1487094549216.9814], "unrealized_pnl_2": [121679, 2729.200227257865, 177213707998541.3], "unrealized_pnl_3": [121679, 12460.020205289617, 5330807880564785.0], "unrealized_pnl_4": [121679, 58.40124475065383, 1754578374670.9565], "unrealized_pnl_5": [121679, 2574.736882954028, 269001925234962.5], "unrealized_pnl_6": [121679, 137.5415793946728, 4825266279315.719], "unrealized_pnl_7": [121679, 69.52150333618383, 631998730299.0533], "unrealized_pnl_8": [121679, 29.447670006967833, 578836070470.0057], "unrealized_pnl_9": [121679, 681.6783645446395, 43551201915475.63], "margin_usage_ratio": [121679, 0.010565972109567638, 21.90526560198629]}, "pcr_min_ew": 0.9963550667444697, "pcr_max_ew": 0.9999999992150553}