{"r_count": 494755.0001, "r_mean": -0.031045859103193664, "r_var": 2212.476529596043, "tanh_k": 2.0, "feature_welford": {"unrealized_pnl": [494757, 20638.568948824923, 1.3176917506023566e+16], "realized_pnl": [494757, 31284.610371468247, 4.211059547345239e+16], "compounded_returns": [494757, 15914.550745303428, 82307584969152.61], "balance": [494757, 25406899.50241181, 1.9145398102891135e+20], "position_value": [494757, 151561.40780854662, 8.89264776363359e+16], "current_position_size": [494757, 757695.4698131628, 2.2231144376186834e+18], "last_log_ret": [494757, 0.008921604457352603, 1069.697675764994], "sortino_ratio": [494757, 16.758893724089344, 21423939707.653164], "rolling_pnl_sigma": [494757, 0.017434741134206618, 498.788955000264], "portfolio_cash_ratio": [494757, 0.8502583544531401, 39038.018809769535], "free_collateral": [494757, 25567635.582203567, 1.8989615422276308e+20], "mm_reqs": [494757, 11515.80798761923, 1714560268246307.0], "unrealized_pnl_0": [494757, 12.49387842128182, 481272522727.40875], "unrealized_pnl_1": [494757, 14.892922439843883, 2520308742025.0327], "unrealized_pnl_2": [494757, 14136.510841231124, 3277119855355211.0], "unrealized_pnl_3": [494757, 23592.06186065555, 4.006734009589799e+16], "unrealized_pnl_4": [494757, 195.94353032570635, 8355820573665.361], "unrealized_pnl_5": [494757, 3844.8456833546547, 1193848199082894.2], "unrealized_pnl_6": [494757, 137.62928682663778, 10443815640513.861], "unrealized_pnl_7": [494757, 40.21489196097606, 975647828304.165], "unrealized_pnl_8": [494757, 95.04415009130749, 1319241607682.8484], "unrealized_pnl_9": [494757, 985.2267664561982, 148873765655941.56], "margin_usage_ratio": [494757, 0.005342780022258237, 50.87840233843944]}, "pcr_min_ew": 0.9953160581975948, "pcr_max_ew": 1.0000000000001013}