{"r_count": 485819.0001, "r_mean": -0.03129412723040464, "r_var": 2200.055129830005, "tanh_k": 2.0, "feature_welford": {"unrealized_pnl": [485821, 20142.374868707084, 1.2782977583685358e+16], "realized_pnl": [485821, 31080.58134758874, 4.170970321369022e+16], "compounded_returns": [485821, 15746.799286179934, 79857708023847.72], "balance": [485821, 25162058.136640742, 1.857871917325765e+20], "position_value": [485821, 151988.89590028705, 8.841287234111234e+16], "current_position_size": [485821, 759844.6563236378, 2.2102808007805422e+18], "last_log_ret": [485821, 0.008903210792562974, 1061.1989307837546], "sortino_ratio": [485821, 17.995515665930316, 116406529236.19685], "rolling_pnl_sigma": [485821, 0.0175713080573445, 494.2066709567255], "portfolio_cash_ratio": [485821, 0.8498336016574483, 38348.14785399507], "free_collateral": [485821, 25322540.167399287, 1.8427413648866034e+20], "mm_reqs": [485821, 11709.002412809903, 1800309561366706.8], "unrealized_pnl_0": [485821, 14.516574745066448, 478985648483.4738], "unrealized_pnl_1": [485821, 12.58134789711848, 2516765881987.2803], "unrealized_pnl_2": [485821, 13772.041312803567, 3105532301676049.0], "unrealized_pnl_3": [485821, 23217.11643690829, 3.9173605125852024e+16], "unrealized_pnl_4": [485821, 202.7994048192111, 11322518695977.41], "unrealized_pnl_5": [485821, 3809.0970444383042, 1104690227013266.4], "unrealized_pnl_6": [485821, 136.56919277728204, 10499171696070.53], "unrealized_pnl_7": [485821, 40.92524997914969, 982856792741.5765], "unrealized_pnl_8": [485821, 91.28141922881674, 1430096742685.76], "unrealized_pnl_9": [485821, 889.0517261860654, 125105223839901.58], "margin_usage_ratio": [485821, 0.00536698685310004, 50.253409497881016]}, "pcr_min_ew": 0.9921900261013161, "pcr_max_ew": 0.9999999977361945}