{"r_count": 496989.0001, "r_mean": -0.03091591275953066, "r_var": 2204.400416986226, "tanh_k": 2.0, "feature_welford": {"unrealized_pnl": [496991, 20400.538274824936, 1.2977708854516076e+16], "realized_pnl": [496991, 31397.77217554524, 4.2736013120906264e+16], "compounded_returns": [496991, 15985.946654116362, 82799897574782.77], "balance": [496991, 25423433.051011663, 1.9266697248135506e+20], "position_value": [496991, 151838.9999374255, 9.015614988658586e+16], "current_position_size": [496991, 759075.8673090906, 2.2538443176784768e+18], "last_log_ret": [496991, 0.008923527355946518, 1066.3827809420407], "sortino_ratio": [496991, 16.70793046089298, 28234663527.374874], "rolling_pnl_sigma": [496991, 0.0173741393053685, 495.6233057857581], "portfolio_cash_ratio": [496991, 0.8508563762986024, 39024.50926986785], "free_collateral": [496991, 25584142.336479925, 1.9109787835337772e+20], "mm_reqs": [496991, 11577.59160019683, 1816482114115365.0], "unrealized_pnl_0": [496991, 14.283744309251565, 527959553588.86865], "unrealized_pnl_1": [496991, 19.471961644000736, 2430909965097.1567], "unrealized_pnl_2": [496991, 14024.285169469225, 3293151258261709.0], "unrealized_pnl_3": [496991, 23774.63150261919, 4.098044309453945e+16], "unrealized_pnl_4": [496991, 183.0475978513538, 7084591266343.172], "unrealized_pnl_5": [496991, 3910.1524275859974, 1179478220608961.2], "unrealized_pnl_6": [496991, 122.15748400439938, 9284360308871.209], "unrealized_pnl_7": [496991, 34.526622297599936, 1049400847719.3646], "unrealized_pnl_8": [496991, 95.95410776634716, 1438550043421.0056], "unrealized_pnl_9": [496991, 957.837078772278, 142485789140607.8], "margin_usage_ratio": [496991, 0.005320178269334088, 50.95802767244561]}, "pcr_min_ew": 0.9920556412614702, "pcr_max_ew": 1.0000000000000604}