{"r_count": 257951.0001, "r_mean": -0.041065139757793225, "r_var": 1963.7120360706956, "tanh_k": 2.0, "feature_welford": {"unrealized_pnl": [257953, 13339.929559252816, 4841388504554239.0], "realized_pnl": [257953, 23910.984984149116, 1.7056017494760416e+16], "compounded_returns": [257953, 11113.784890085604, 27982888777313.938], "balance": [257953, 19235383.63907616, 7.091411201808171e+19], "position_value": [257953, 138193.9990275868, 3.9264077510474936e+16], "current_position_size": [257953, 690802.9414115306, 9.815563685342593e+17], "last_log_ret": [257953, 0.0082723444899691, 897.0799577619633], "sortino_ratio": [257953, 9.107317509735587, 7453366710.724284], "rolling_pnl_sigma": [257953, 0.02409222953262467, 411.2984507125708], "portfolio_cash_ratio": [257953, 0.8014844120674235, 25919.799077357067], "free_collateral": [257953, 19376636.520833123, 7.0442143348452385e+19], "mm_reqs": [257953, 10339.360993519203, 714455111558463.0], "unrealized_pnl_0": [257953, 15.09352807652989, 397204437421.80963], "unrealized_pnl_1": [257953, 23.6342112635618, 1763747279427.2307], "unrealized_pnl_2": [257953, 7922.866110248334, 896093112040987.6], "unrealized_pnl_3": [257953, 17574.188378285337, 1.5764034314269946e+16], "unrealized_pnl_4": [257953, 127.71744165892959, 2825182743253.8623], "unrealized_pnl_5": [257953, 3497.5055612852093, 709311353645016.8], "unrealized_pnl_6": [257953, 155.00876659652405, 7646711430967.966], "unrealized_pnl_7": [257953, 43.83670521624533, 753098649532.4098], "unrealized_pnl_8": [257953, 40.396366384106734, 549887422450.5762], "unrealized_pnl_9": [257953, 763.5853096231056, 82921250708266.62], "margin_usage_ratio": [257953, 0.007054626219254228, 34.36322637099009]}, "pcr_min_ew": 0.9924678507530472, "pcr_max_ew": 0.9999999999999474}