{"r_count": 302631.0001, "r_mean": -0.037925048370972714, "r_var": 2008.7055995929816, "tanh_k": 2.0, "feature_welford": {"unrealized_pnl": [302633, 14288.307542009888, 5534126603990346.0], "realized_pnl": [302633, 25797.533158579572, 2.086677604993319e+16], "compounded_returns": [302633, 12390.737074696057, 37200558168193.93], "balance": [302633, 20719262.95756972, 9.090106303292493e+19], "position_value": [302633, 140296.00810346333, 4.780329052926858e+16], "current_position_size": [302633, 701309.5867232975, 1.1950244401292805e+18], "last_log_ret": [302633, 0.008460145492738541, 925.3134360681012], "sortino_ratio": [302633, 11.52564580205823, 4800448133.712129], "rolling_pnl_sigma": [302633, 0.022074722769666634, 427.91219671799917], "portfolio_cash_ratio": [302633, 0.816743565891552, 28495.695758197475], "free_collateral": [302633, 20863319.487090513, 9.025879840700971e+19], "mm_reqs": [302633, 10579.96871798063, 921501891098203.5], "unrealized_pnl_0": [302633, 17.331417077819943, 459460399134.945], "unrealized_pnl_1": [302633, 22.375425774142602, 1893597151522.4094], "unrealized_pnl_2": [302633, 9139.848393679677, 1247706928731464.8], "unrealized_pnl_3": [302633, 19180.526230960102, 1.986056050285884e+16], "unrealized_pnl_4": [302633, 135.093901226022, 4183955432499.257], "unrealized_pnl_5": [302633, 3473.874973176772, 712892881358977.4], "unrealized_pnl_6": [302633, 143.4973185720502, 7996825878628.486], "unrealized_pnl_7": [302633, 35.74518647729555, 943196732968.1932], "unrealized_pnl_8": [302633, 50.44903144747254, 707387980984.4891], "unrealized_pnl_9": [302633, 705.8049977685514, 77238635296005.75], "margin_usage_ratio": [302633, 0.006512237075634992, 37.5738590097322]}, "pcr_min_ew": 0.9941978585784585, "pcr_max_ew": 0.999999999423375}