{"r_count": 348428.0001, "r_mean": -0.03567892792706147, "r_var": 2066.032924740805, "tanh_k": 2.0, "feature_welford": {"unrealized_pnl": [348430, 15824.931929601358, 6985851207874513.0], "realized_pnl": [348430, 27550.209015346143, 2.5807458077198404e+16], "compounded_returns": [348430, 13345.270196054753, 48676112964582.805], "balance": [348430, 22158996.629923366, 1.1355995810348768e+20], "position_value": [348430, 142491.03165424414, 5.665699494854646e+16], "current_position_size": [348430, 712342.0215836184, 1.4163914683670769e+18], "last_log_ret": [348430, 0.008612799198923467, 961.9129416681221], "sortino_ratio": [348430, 13.027411747925491, 6638822629.28011], "rolling_pnl_sigma": [348430, 0.020556699872975866, 449.1322705479721], "portfolio_cash_ratio": [348430, 0.8279426080832966, 31153.61266044289], "free_collateral": [348430, 22306546.75829198, 1.1273616547461027e+20], "mm_reqs": [348430, 10830.59488326377, 1117769948610119.5], "unrealized_pnl_0": [348430, 14.808103925486336, 473446888426.2364], "unrealized_pnl_1": [348430, 17.979715883540425, 2236791453924.475], "unrealized_pnl_2": [348430, 10468.335357776461, 1649315735677611.8], "unrealized_pnl_3": [348430, 19975.563476843112, 2.354702735160056e+16], "unrealized_pnl_4": [348430, 159.04058592088782, 5301120689329.755], "unrealized_pnl_5": [348430, 3468.9644132219555, 723840929008515.4], "unrealized_pnl_6": [348430, 137.4403331000016, 7319701583238.712], "unrealized_pnl_7": [348430, 38.96606713004285, 812283496690.3118], "unrealized_pnl_8": [348430, 54.69710669000275, 748314979160.4454], "unrealized_pnl_9": [348430, 756.979994846264, 92425727918589.48], "margin_usage_ratio": [348430, 0.006115752548299927, 40.847376507641236]}, "pcr_min_ew": 0.9961998603377462, "pcr_max_ew": 0.9999999999597692}