{"r_count": 474649.0001, "r_mean": -0.03146034082540219, "r_var": 2183.8663027312427, "tanh_k": 2.0, "feature_welford": {"unrealized_pnl": [474651, 19864.885133935695, 1.207677978549441e+16], "realized_pnl": [474651, 30933.956301028036, 4.003925879279653e+16], "compounded_returns": [474651, 15688.345061037679, 77570307610385.02], "balance": [474651, 25035114.466439225, 1.8095886429114047e+20], "position_value": [474651, 150504.8775436208, 8.498246649357349e+16], "current_position_size": [474651, 752399.6495811959, 2.124501441657404e+18], "last_log_ret": [474651, 0.00888845732206539, 1050.3855181379706], "sortino_ratio": [474651, 16.294061235864955, 27229262833.585064], "rolling_pnl_sigma": [474651, 0.017736435067874038, 488.8701197051481], "portfolio_cash_ratio": [474651, 0.8482766487727578, 37877.44368751805], "free_collateral": [474651, 25194031.518352665, 1.7950598450655445e+20], "mm_reqs": [474651, 11499.766096134212, 1724043952205481.0], "unrealized_pnl_0": [474651, 14.733395773310393, 524996175604.9719], "unrealized_pnl_1": [474651, 19.99437229188998, 2394369046915.0684], "unrealized_pnl_2": [474651, 13568.264850464211, 3015648762547943.5], "unrealized_pnl_3": [474651, 23357.506084783563, 3.826464857496474e+16], "unrealized_pnl_4": [474651, 181.53971323298597, 6866305106177.61], "unrealized_pnl_5": [474651, 3825.4238236912197, 1103422428460918.6], "unrealized_pnl_6": [474651, 124.90301982397561, 9143449305508.469], "unrealized_pnl_7": [474651, 33.98996379152566, 1038009929714.8756], "unrealized_pnl_8": [474651, 89.4247470903979, 1323539925538.3567], "unrealized_pnl_9": [474651, 933.1759563002473, 133948600582937.72], "margin_usage_ratio": [474651, 0.005409691928036974, 49.47823256471065]}, "pcr_min_ew": 0.9880334533649289, "pcr_max_ew": 0.9999999999999236}