{"r_count": 150719.0001, "r_mean": -0.05380372737421283, "r_var": 1798.2993393701686, "tanh_k": 2.0, "feature_welford": {"unrealized_pnl": [150721, 8793.048260963347, 2068291001932900.8], "realized_pnl": [150721, 17817.108110254736, 7383929732812814.0], "compounded_returns": [150721, 6999.383908029352, 11163350831930.852], "balance": [150721, 14343720.02560375, 3.1333262143935963e+19], "position_value": [150721, 134199.1691059479, 2.157218971873229e+16], "current_position_size": [150721, 670763.7266735312, 5.392672077023269e+17], "last_log_ret": [150721, 0.007434616665941971, 809.7462966267193], "sortino_ratio": [150721, 3.9056499156717464, 475093976.8980826], "rolling_pnl_sigma": [150721, 0.03240962959243713, 345.87686702736994], "portfolio_cash_ratio": [150721, 0.7394747848251872, 18144.890746285837], "free_collateral": [150721, 14476839.682217652, 3.1187470884007817e+19], "mm_reqs": [150721, 9953.007843306812, 368239958414253.5], "unrealized_pnl_0": [150721, 9.649262166338687, 364672306234.1161], "unrealized_pnl_1": [150721, 27.3240376347525, 1568158734629.733], "unrealized_pnl_2": [150721, 3784.829578070775, 268832557696273.84], "unrealized_pnl_3": [150721, 13727.917535530265, 6941559875071771.0], "unrealized_pnl_4": [150721, 60.67965132064939, 2198777309002.1775], "unrealized_pnl_5": [150721, 2739.1942148438275, 310291484793970.06], "unrealized_pnl_6": [150721, 138.00538310543752, 5123004075664.276], "unrealized_pnl_7": [150721, 64.9778083148209, 633629469956.3922], "unrealized_pnl_8": [150721, 32.81396834190136, 518032464359.00885], "unrealized_pnl_9": [150721, 717.5260751760497, 54180740153305.555], "margin_usage_ratio": [150721, 0.009329418326021395, 25.026909057647106]}, "pcr_min_ew": 0.9866334264548198, "pcr_max_ew": 1.0000000000001394}