{"r_count": 211037.0001, "r_mean": -0.04502283242495972, "r_var": 1894.6690159385332, "tanh_k": 2.0, "feature_welford": {"unrealized_pnl": [211039, 11998.715601987042, 4019813742335261.5], "realized_pnl": [211039, 22129.969947834925, 1.3771716788054628e+16], "compounded_returns": [211039, 9954.288164073188, 20970589149649.414], "balance": [211039, 17788121.47426669, 5.564470791962171e+19], "position_value": [211039, 137646.64138691503, 3.242183802435344e+16], "current_position_size": [211039, 688058.1606497887, 8.105043742829914e+17], "last_log_ret": [211039, 0.00801490011931417, 857.0489060264629], "sortino_ratio": [211039, 6.369919385713339, 1056407737.3094754], "rolling_pnl_sigma": [211039, 0.026733865555842118, 383.91961221546285], "portfolio_cash_ratio": [211039, 0.782279284557799, 22611.578784560777], "free_collateral": [211039, 17927368.118310943, 5.5310004873574195e+19], "mm_reqs": [211039, 10456.944937629843, 619391774623575.9], "unrealized_pnl_0": [211039, 16.44605835843528, 380261230190.0747], "unrealized_pnl_1": [211039, 21.684632727563567, 1512178770942.762], "unrealized_pnl_2": [211039, 6242.308284280227, 566457599737722.4], "unrealized_pnl_3": [211039, 16914.25654636308, 1.3243878089482138e+16], "unrealized_pnl_4": [211039, 94.47547432063332, 2297287482700.52], "unrealized_pnl_5": [211039, 3183.727885408129, 460032325598946.5], "unrealized_pnl_6": [211039, 111.73627474886139, 4411520387807.114], "unrealized_pnl_7": [211039, 50.35798422255244, 673082087839.33], "unrealized_pnl_8": [211039, 36.33845904855613, 578546385956.7886], "unrealized_pnl_9": [211039, 707.7574468153937, 58077772842788.17], "margin_usage_ratio": [211039, 0.007763855675073677, 30.417249789446014]}, "pcr_min_ew": 0.9944858439737583, "pcr_max_ew": 0.9999999999739232}