{"r_count": 196516.0001, "r_mean": -0.04671262509269939, "r_var": 1872.27109538384, "tanh_k": 2.0, "feature_welford": {"unrealized_pnl": [196518, 11437.89869007996, 3386767871922747.5], "realized_pnl": [196518, 21135.952583790207, 1.1906667792204372e+16], "compounded_returns": [196518, 9377.005667726404, 18370164938117.21], "balance": [196518, 16985836.15984125, 4.913400230560128e+19], "position_value": [196518, 137410.58364031758, 2.9670421108766172e+16], "current_position_size": [196518, 686899.0857042709, 7.417259695905628e+17], "last_log_ret": [196518, 0.007901670984859393, 845.310411597944], "sortino_ratio": [196518, 6.593553258248455, 1183749450.5954666], "rolling_pnl_sigma": [196518, 0.02783991874727884, 375.02216414494416], "portfolio_cash_ratio": [196518, 0.7738245854479051, 21622.82220993489], "free_collateral": [196518, 17124428.61439047, 4.885729879466945e+19], "mm_reqs": [196518, 10310.373053762612, 539406353883650.9], "unrealized_pnl_0": [196518, 14.119466024541882, 354585559563.3419], "unrealized_pnl_1": [196518, 25.433155650043958, 1590288284888.8923], "unrealized_pnl_2": [196518, 5654.7317893689005, 501273460094398.06], "unrealized_pnl_3": [196518, 16490.884195216797, 1.144448265376007e+16], "unrealized_pnl_4": [196518, 95.03402962902054, 2481063863204.454], "unrealized_pnl_5": [196518, 3226.3523781997383, 437811562805042.75], "unrealized_pnl_6": [196518, 115.68093120065066, 4549131368740.56], "unrealized_pnl_7": [196518, 61.1521283239043, 819765597309.3273], "unrealized_pnl_8": [196518, 35.21355856618673, 572558501995.3445], "unrealized_pnl_9": [196518, 678.8598985959799, 53938207606611.6], "margin_usage_ratio": [196518, 0.008085036675489737, 29.370274184769308]}, "pcr_min_ew": 0.9851032769192317, "pcr_max_ew": 0.9999999597068108}