{"r_count": 105295.0001, "r_mean": -0.0658417256817268, "r_var": 1703.4220582121502, "tanh_k": 2.0, "feature_welford": {"unrealized_pnl": [105297, 6718.286200497315, 1007587087906871.1], "realized_pnl": [105297, 13207.03541516254, 3280673765702850.5], "compounded_returns": [105297, 4226.5843969360285, 4401182655589.38], "balance": [105297, 10541223.426001063, 1.5562158398754734e+19], "position_value": [105297, 136663.44709123738, 1.5075821205332032e+16], "current_position_size": [105297, 682927.0655224677, 3.76725156759161e+17], "last_log_ret": [105297, 0.006664826398399254, 767.1930201286301], "sortino_ratio": [105297, 1.4525986703973688, 31652111.798358195], "rolling_pnl_sigma": [105297, 0.04017461689157989, 302.18236514755074], "portfolio_cash_ratio": [105297, 0.6792901036144408, 14001.556110470832], "free_collateral": [105297, 10674736.577081233, 1.5526464447824951e+19], "mm_reqs": [105297, 9924.361404754069, 214576796937083.22], "unrealized_pnl_0": [105297, 9.90582081563003, 335042832102.47253], "unrealized_pnl_1": [105297, 40.618284280102486, 1396348241546.4126], "unrealized_pnl_2": [105297, 2026.636355114104, 120892252769300.39], "unrealized_pnl_3": [105297, 9413.261194682542, 2733979083986223.0], "unrealized_pnl_4": [105297, 34.63270181636962, 1376061503503.9148], "unrealized_pnl_5": [105297, 2762.7901395146478, 288053602851382.6], "unrealized_pnl_6": [105297, 113.51359905680468, 3716274196457.3384], "unrealized_pnl_7": [105297, 72.39542973271512, 602661915313.7538], "unrealized_pnl_8": [105297, 34.20101034230994, 442190281080.9219], "unrealized_pnl_9": [105297, 697.9270736603137, 37266511498077.45], "margin_usage_ratio": [105297, 0.011534069353436361, 19.883740941747256]}, "pcr_min_ew": 0.9949810877511047, "pcr_max_ew": 0.9999999999999022}