{"r_count": 349545.0001, "r_mean": -0.03564878382639317, "r_var": 2060.5269345614024, "tanh_k": 2.0, "feature_welford": {"unrealized_pnl": [349547, 15924.366000737644, 7187410225671365.0], "realized_pnl": [349547, 27400.314250151463, 2.5751998998913136e+16], "compounded_returns": [349547, 13430.232808992767, 47257530942761.195], "balance": [349547, 22073423.80432587, 1.133240706301536e+20], "position_value": [349547, 142805.26878110805, 5.7258989504642744e+16], "current_position_size": [349547, 713876.5600333022, 1.431418885158349e+18], "last_log_ret": [349547, 0.008611853495617407, 960.243469282565], "sortino_ratio": [349547, 13.05355383505202, 7250332008.071262], "rolling_pnl_sigma": [349547, 0.02053202147990772, 446.8471136677711], "portfolio_cash_ratio": [349547, 0.8281755550076954, 31199.60710249566], "free_collateral": [349547, 22221374.685767103, 1.1248838749639542e+20], "mm_reqs": [349547, 10829.494889518788, 1119374544488882.5], "unrealized_pnl_0": [349547, 16.920900981669163, 475411257422.69775], "unrealized_pnl_1": [349547, 20.64522034158155, 1964719532116.7185], "unrealized_pnl_2": [349547, 10499.561939334277, 1664679754068532.8], "unrealized_pnl_3": [349547, 20385.701814168904, 2.456445273576262e+16], "unrealized_pnl_4": [349547, 153.5189510521505, 4949563285608.768], "unrealized_pnl_5": [349547, 3550.2655401658226, 805958579186514.1], "unrealized_pnl_6": [349547, 137.61117346744456, 8371883585091.059], "unrealized_pnl_7": [349547, 33.441882595064264, 966233880026.2106], "unrealized_pnl_8": [349547, 59.18708945903007, 861723823600.0302], "unrealized_pnl_9": [349547, 759.072894225379, 91660619590484.06], "margin_usage_ratio": [349547, 0.006110002945181784, 40.96505527073028]}, "pcr_min_ew": 0.997302005086547, "pcr_max_ew": 0.9999999996667164}