{"r_count": 440022.0001, "r_mean": -0.0324123795695049, "r_var": 2151.388621928292, "tanh_k": 2.0, "feature_welford": {"unrealized_pnl": [440024, 18977.70089970459, 1.0777540929136076e+16], "realized_pnl": [440024, 30113.19755194542, 3.617865391179395e+16], "compounded_returns": [440024, 15153.554847038813, 69035228161471.17], "balance": [440024, 24336738.470823877, 1.6198054134396482e+20], "position_value": [440024, 148533.01698054423, 7.713594489286837e+16], "current_position_size": [440024, 742535.7517750972, 1.9283390944664876e+18], "last_log_ret": [440024, 0.008826511426001334, 1025.7219687779875], "sortino_ratio": [440024, 15.402601033394705, 23908226776.331898], "rolling_pnl_sigma": [440024, 0.018367926496949648, 478.1465861721252], "portfolio_cash_ratio": [440024, 0.8437774040838993, 36079.657523071444], "free_collateral": [440024, 24492935.536479138, 1.6071154086596313e+20], "mm_reqs": [440024, 11361.308145328245, 1569665110832098.5], "unrealized_pnl_0": [440024, 15.136780963084133, 499430183269.11224], "unrealized_pnl_1": [440024, 19.66752599330964, 2225779871033.1455], "unrealized_pnl_2": [440024, 12840.853262788529, 2634675879600157.5], "unrealized_pnl_3": [440024, 22701.970915810296, 3.4491359691202136e+16], "unrealized_pnl_4": [440024, 175.26190235977288, 6303527916532.583], "unrealized_pnl_5": [440024, 3711.1790516966907, 1017961875814934.6], "unrealized_pnl_6": [440024, 129.59623712483048, 8894181564833.637], "unrealized_pnl_7": [440024, 33.67804690565513, 996279828108.9021], "unrealized_pnl_8": [440024, 81.4670862100446, 1192064131432.3508], "unrealized_pnl_9": [440024, 894.6582068761192, 121669031686586.77], "margin_usage_ratio": [440024, 0.005565229275424929, 47.14942855879573]}, "pcr_min_ew": 0.9946065321678638, "pcr_max_ew": 1.000000000000085}