{"r_count": 342843.0001, "r_mean": -0.03592212074693937, "r_var": 2055.3838272272446, "tanh_k": 2.0, "feature_welford": {"unrealized_pnl": [342845, 16077.109360895829, 7270818311372034.0], "realized_pnl": [342845, 27404.617170688543, 2.5454532044818308e+16], "compounded_returns": [342845, 13422.35328474196, 46901313642697.81], "balance": [342845, 22098812.143332228, 1.123484061752385e+20], "position_value": [342845, 142476.06150561126, 5.545502412827523e+16], "current_position_size": [342845, 712269.6018018943, 1.3863299711553692e+18], "last_log_ret": [342845, 0.008599899645388487, 955.5648623131606], "sortino_ratio": [342845, 12.424583645448998, 4469499362.2664585], "rolling_pnl_sigma": [342845, 0.02072571895673008, 444.6356669664424], "portfolio_cash_ratio": [342845, 0.8266858145800947, 30777.47192650386], "free_collateral": [342845, 22246618.608284295, 1.1152858445426234e+20], "mm_reqs": [342845, 10797.144538038978, 1080490545529121.6], "unrealized_pnl_0": [342845, 16.429696032554137, 428575976357.17554], "unrealized_pnl_1": [342845, 20.440559867841333, 2192167186039.1748], "unrealized_pnl_2": [342845, 10568.468190618882, 1638737698971926.8], "unrealized_pnl_3": [342845, 20662.219619882515, 2.4555669606950908e+16], "unrealized_pnl_4": [342845, 155.9351596094653, 4342499101847.7764], "unrealized_pnl_5": [342845, 3552.0363496511914, 773368333707065.1], "unrealized_pnl_6": [342845, 124.24770438716271, 6227512976136.025], "unrealized_pnl_7": [342845, 43.583066998748784, 905485674290.7462], "unrealized_pnl_8": [342845, 54.252308928411836, 750120601930.5006], "unrealized_pnl_9": [342845, 710.2155286467782, 80694939292437.95], "margin_usage_ratio": [342845, 0.006167674957757638, 40.53864362947333]}, "pcr_min_ew": 0.9952067182323086, "pcr_max_ew": 0.9999999970912294}