{"r_count": 379704.0001, "r_mean": -0.03438294030908873, "r_var": 2093.3318574027007, "tanh_k": 2.0, "feature_welford": {"unrealized_pnl": [379706, 17162.393920512415, 8514288969407892.0], "realized_pnl": [379706, 28499.809376244215, 2.9345982183508304e+16], "compounded_returns": [379706, 14197.304563581663, 55610215035089.086], "balance": [379706, 23095702.032148402, 1.3144798214063456e+20], "position_value": [379706, 144525.6957798882, 6.304041943920497e+16], "current_position_size": [379706, 722519.5905113351, 1.5759650298977444e+18], "last_log_ret": [379706, 0.008700643960303022, 982.0281937839693], "sortino_ratio": [379706, 13.713278808820906, 7302783432.678158], "rolling_pnl_sigma": [379706, 0.019693811762831206, 457.91224267951657], "portfolio_cash_ratio": [379706, 0.8341867224485474, 32812.083165617325], "free_collateral": [379706, 23246463.06960243, 1.3045866962760742e+20], "mm_reqs": [379706, 10977.034545437336, 1239755904227691.5], "unrealized_pnl_0": [379706, 15.90790367475884, 438585280754.3238], "unrealized_pnl_1": [379706, 19.92647902075107, 2270078134665.297], "unrealized_pnl_2": [379706, 11562.886347977757, 2015244356402639.2], "unrealized_pnl_3": [379706, 21396.715806324126, 2.8215113070697184e+16], "unrealized_pnl_4": [379706, 166.72181491441532, 5177156705754.231], "unrealized_pnl_5": [379706, 3595.1340851607915, 833636873453413.4], "unrealized_pnl_6": [379706, 123.30869748675424, 6477596066925.437], "unrealized_pnl_7": [379706, 41.65426940100308, 936752186877.6992], "unrealized_pnl_8": [379706, 65.65436511648329, 863760431906.769], "unrealized_pnl_9": [379706, 762.5993364706253, 90228389034525.02], "margin_usage_ratio": [379706, 0.005904840795554005, 43.10865548258869]}, "pcr_min_ew": 0.9977949909209743, "pcr_max_ew": 1.0000000000000568}