{"r_count": 276940.0001, "r_mean": -0.039469260633589284, "r_var": 1978.3879944212183, "tanh_k": 2.0, "feature_welford": {"unrealized_pnl": [276942, 13540.743561576955, 4931822819818575.0], "realized_pnl": [276942, 24940.536886074045, 1.8741066374513444e+16], "compounded_returns": [276942, 11799.403975480895, 32485348690159.793], "balance": [276942, 19966985.82493265, 8.032279199746236e+19], "position_value": [276942, 138899.65466674403, 4.295975507529915e+16], "current_position_size": [276942, 694312.4935269254, 1.0739351635404655e+18], "last_log_ret": [276942, 0.008360772489705395, 906.015964623591], "sortino_ratio": [276942, 10.412596239336114, 3957950804.1305757], "rolling_pnl_sigma": [276942, 0.02310930039921736, 416.5005881720109], "portfolio_cash_ratio": [276942, 0.8090175477714512, 26945.44318921684], "free_collateral": [276942, 20109008.153387714, 7.97743181349715e+19], "mm_reqs": [276942, 10469.133518987368, 820641245505440.4], "unrealized_pnl_0": [276942, 16.69704207264948, 451501466377.6688], "unrealized_pnl_1": [276942, 25.38832790740846, 1841967303565.308], "unrealized_pnl_2": [276942, 8307.618227343723, 1006632998372323.9], "unrealized_pnl_3": [276942, 18687.04774526819, 1.7863148342956124e+16], "unrealized_pnl_4": [276942, 125.3911037361033, 3787363336026.314], "unrealized_pnl_5": [276942, 3464.296923539966, 664808730414443.9], "unrealized_pnl_6": [276942, 141.24334426759344, 7685192399010.053], "unrealized_pnl_7": [276942, 36.525201150543715, 929731248714.1305], "unrealized_pnl_8": [276942, 43.94305741216944, 660031620638.22], "unrealized_pnl_9": [276942, 676.0830346522813, 70684618444427.08], "margin_usage_ratio": [276942, 0.006785924066359757, 35.64990351155864]}, "pcr_min_ew": 0.9968429421901988, "pcr_max_ew": 0.9999684289118755}