{"r_count": 120560.0001, "r_mean": -0.060762210221121264, "r_var": 1727.216313279393, "tanh_k": 2.0, "feature_welford": {"unrealized_pnl": [120562, 7182.417387130863, 1220959867972194.5], "realized_pnl": [120562, 14668.397509364777, 4391198607469184.0], "compounded_returns": [120562, 5381.711174485462, 5345956881851.893], "balance": [120562, 11680421.86414745, 1.910165226404467e+19], "position_value": [120562, 136423.7528391814, 1.7055585615283516e+16], "current_position_size": [120562, 681758.9786144475, 4.2633726924466157e+17], "last_log_ret": [120562, 0.006939069833180235, 779.5218313842719], "sortino_ratio": [120562, 2.3282150178463916, 153405258.23589155], "rolling_pnl_sigma": [120562, 0.036987671072801764, 316.2876306272497], "portfolio_cash_ratio": [120562, 0.7048442868250528, 15486.372510629293], "free_collateral": [120562, 11814218.622269513, 1.9032676672642716e+19], "mm_reqs": [120562, 9867.447440429352, 250237782472387.47], "unrealized_pnl_0": [120562, 5.952131894349892, 352771101624.9144], "unrealized_pnl_1": [120562, 38.812774620602696, 1414580637602.8176], "unrealized_pnl_2": [120562, 2577.394286628867, 163982210148013.6], "unrealized_pnl_3": [120562, 10809.135018611254, 3842786914949608.5], "unrealized_pnl_4": [120562, 40.49059468607835, 1262134801158.6423], "unrealized_pnl_5": [120562, 2797.71410583757, 280968488493886.6], "unrealized_pnl_6": [120562, 93.4865029639676, 3911148617537.5083], "unrealized_pnl_7": [120562, 60.4230368887261, 570187003421.0889], "unrealized_pnl_8": [120562, 29.747220853821517, 479271373078.8657], "unrealized_pnl_9": [120562, 679.3994699197802, 38116957793304.14], "margin_usage_ratio": [120562, 0.010602766965320606, 21.773671130153215]}, "pcr_min_ew": 0.9903478587191853, "pcr_max_ew": 0.9999999990588093}