{"r_count": 429969.0001, "r_mean": -0.03271204253050278, "r_var": 2141.828612464296, "tanh_k": 2.0, "feature_welford": {"unrealized_pnl": [429971, 18782.409098861877, 1.0449821614518538e+16], "realized_pnl": [429971, 29879.56081122826, 3.50620651983519e+16], "compounded_returns": [429971, 15001.014077265168, 66776382332017.305], "balance": [429971, 24141636.53553283, 1.5698555334591486e+20], "position_value": [429971, 148016.10857111673, 7.494039961117035e+16], "current_position_size": [429971, 739948.1861529521, 1.873450167879195e+18], "last_log_ret": [429971, 0.008807412860735598, 1018.5560244606914], "sortino_ratio": [429971, 15.249358845977836, 23692362510.417873], "rolling_pnl_sigma": [429971, 0.01857164516219955, 474.9491181531598], "portfolio_cash_ratio": [429971, 0.8423397217598373, 35545.753791244446], "free_collateral": [429971, 24297155.74815445, 1.5576595168498808e+20], "mm_reqs": [429971, 11327.71776476812, 1528287412311112.5], "unrealized_pnl_0": [429971, 15.353277408085829, 498296945281.8074], "unrealized_pnl_1": [429971, 19.68959452739202, 2211777504436.8926], "unrealized_pnl_2": [429971, 12650.115523849076, 2536921857778139.0], "unrealized_pnl_3": [429971, 22465.272870653, 3.335533315512882e+16], "unrealized_pnl_4": [429971, 172.39400113534867, 6148754945976.575], "unrealized_pnl_5": [429971, 3726.794454879593, 999318215897245.5], "unrealized_pnl_6": [429971, 130.10122386710145, 8848657567341.56], "unrealized_pnl_7": [429971, 33.7343781902413, 992126954397.4037], "unrealized_pnl_8": [429971, 79.96000577475499, 1159799426227.3662], "unrealized_pnl_9": [429971, 868.1391486682222, 115476427002782.88], "margin_usage_ratio": [429971, 0.00561565133653532, 46.47614926625738]}, "pcr_min_ew": 0.9976783288693768, "pcr_max_ew": 0.9999999985347979}