{"r_count": 209920.0001, "r_mean": -0.04520495593986159, "r_var": 1896.842276970503, "tanh_k": 2.0, "feature_welford": {"unrealized_pnl": [209922, 11418.119045389996, 3384064037996113.0], "realized_pnl": [209922, 21897.761986004592, 1.2966448612801472e+16], "compounded_returns": [209922, 9618.503983095516, 21312126726713.805], "balance": [209922, 17554103.896731477, 5.3691714115957195e+19], "position_value": [209922, 136197.4784692674, 3.1375617342279576e+16], "current_position_size": [209922, 680814.5870964063, 7.843537090411956e+17], "last_log_ret": [209922, 0.007999701195914944, 857.838872228565], "sortino_ratio": [209922, 6.499987540904465, 1196847791.684861], "rolling_pnl_sigma": [209922, 0.02684701636781998, 385.22423626670576], "portfolio_cash_ratio": [209922, 0.781250204422305, 22606.95961998989], "free_collateral": [209922, 17691573.646491375, 5.338158458613263e+19], "mm_reqs": [209922, 10225.588460613748, 584976177698678.9], "unrealized_pnl_0": [209922, 14.127225076913025, 410609091715.7267], "unrealized_pnl_1": [209922, 23.71300227513832, 1819470254572.148], "unrealized_pnl_2": [209922, 6135.804324555159, 558291029750528.5], "unrealized_pnl_3": [209922, 16235.131866861131, 1.174973996895051e+16], "unrealized_pnl_4": [209922, 88.40149200879999, 2554652498656.903], "unrealized_pnl_5": [209922, 3158.433946491957, 465731669940385.75], "unrealized_pnl_6": [209922, 139.16004977424535, 5652981400328.501], "unrealized_pnl_7": [209922, 51.5205507891058, 682287159797.4825], "unrealized_pnl_8": [209922, 33.36870638216918, 542832103595.9013], "unrealized_pnl_9": [209922, 682.2655413286357, 67342848952141.125], "margin_usage_ratio": [209922, 0.007785662679940778, 30.342051203158874]}, "pcr_min_ew": 0.9917809013203328, "pcr_max_ew": 0.9999999979558318}