{"r_count": 428852.0001, "r_mean": -0.03272008161177481, "r_var": 2142.216155225235, "tanh_k": 2.0, "feature_welford": {"unrealized_pnl": [428854, 18676.443576105343, 1.034794219688758e+16], "realized_pnl": [428854, 29896.702867493932, 3.46011455816234e+16], "compounded_returns": [428854, 15071.452846124224, 67249805981285.81], "balance": [428854, 24246636.452956863, 1.5758944460311767e+20], "position_value": [428854, 147686.16284038385, 7.410207386400773e+16], "current_position_size": [428854, 738317.9621745622, 1.8524981729863027e+18], "last_log_ret": [428854, 0.008810365117577901, 1017.7416707828637], "sortino_ratio": [428854, 15.074056328096011, 8982180422.958546], "rolling_pnl_sigma": [428854, 0.01858071184238714, 474.6947212718599], "portfolio_cash_ratio": [428854, 0.8422182086736023, 35447.010370772085], "free_collateral": [428854, 24401803.33927946, 1.5635489418675238e+20], "mm_reqs": [428854, 11245.133804438387, 1465942262250241.8], "unrealized_pnl_0": [428854, 14.903976857270395, 463995524929.7579], "unrealized_pnl_1": [428854, 17.758816729971958, 2331403787132.623], "unrealized_pnl_2": [428854, 12799.60544671739, 2538229115327082.5], "unrealized_pnl_3": [428854, 22486.732430192493, 3.323851174491118e+16], "unrealized_pnl_4": [428854, 175.3872346258679, 5889562216511.437], "unrealized_pnl_5": [428854, 3693.436200092173, 942095156724278.9], "unrealized_pnl_6": [428854, 123.16284415065638, 7069185728854.255], "unrealized_pnl_7": [428854, 38.82797258435848, 1012544181360.801], "unrealized_pnl_8": [428854, 78.73883164786696, 1139052802575.0525], "unrealized_pnl_9": [428854, 829.32226438509, 106210703288437.62], "margin_usage_ratio": [428854, 0.005623695323322719, 46.44275061185901]}, "pcr_min_ew": 0.9903166046957048, "pcr_max_ew": 1.0000000000000808}