{"r_count": 384172.0001, "r_mean": -0.03424585777012395, "r_var": 2096.545174958021, "tanh_k": 2.0, "feature_welford": {"unrealized_pnl": [384174, 17329.47210611992, 8788371637795649.0], "realized_pnl": [384174, 28584.67944865137, 2.9754930621498456e+16], "compounded_returns": [384174, 14177.696668448089, 55836296477291.91], "balance": [384174, 23058418.119891923, 1.3244484071103875e+20], "position_value": [384174, 145090.2282396935, 6.4967510698684776e+16], "current_position_size": [384174, 725305.6995087917, 1.6241258456190953e+18], "last_log_ret": [384174, 0.008705596014762432, 985.4167382960468], "sortino_ratio": [384174, 14.313669504258225, 17398989158.761295], "rolling_pnl_sigma": [384174, 0.019598855756527634, 459.41828462235367], "portfolio_cash_ratio": [384174, 0.8349655217785931, 33093.9506154205], "free_collateral": [384174, 23209817.90086124, 1.3144925320963305e+20], "mm_reqs": [384174, 11069.95558393399, 1294257428827366.8], "unrealized_pnl_0": [384174, 16.395824066193644, 482718506503.54675], "unrealized_pnl_1": [384174, 19.39221486771656, 2036793159173.844], "unrealized_pnl_2": [384174, 11470.284451229194, 2032744147833916.0], "unrealized_pnl_3": [384174, 21456.002645415003, 2.843923594468134e+16], "unrealized_pnl_4": [384174, 162.24957482501364, 5462137985279.95], "unrealized_pnl_5": [384174, 3591.428242928236, 889579642232196.4], "unrealized_pnl_6": [384174, 133.59087074673317, 8603662215722.683], "unrealized_pnl_7": [384174, 33.088394887081485, 974747520776.7317], "unrealized_pnl_8": [384174, 69.5676785334225, 999196980037.1047], "unrealized_pnl_9": [384174, 808.8279662276086, 101421930014371.6], "margin_usage_ratio": [384174, 0.005872747578812595, 43.35570723844268]}, "pcr_min_ew": 0.9842777538998944, "pcr_max_ew": 0.9998427769163756}