{"r_count": 76997.0001, "r_mean": -0.07872347109909845, "r_var": 1593.5732549059937, "tanh_k": 2.0, "feature_welford": {"unrealized_pnl": [76999, 4471.491234765333, 551876870226596.9], "realized_pnl": [76999, 9103.826489503086, 1924431002751555.2], "compounded_returns": [76999, 2237.464633921754, 964160449564.4249], "balance": [76999, 7089868.66394313, 6.867780527460804e+18], "position_value": [76999, 136477.9431366102, 1.0373934552869106e+16], "current_position_size": [76999, 681987.8980197316, 2.5931128407863133e+17], "last_log_ret": [76999, 0.005651089193340182, 731.121000731611], "sortino_ratio": [76999, 0.8390712646851555, 3361403.2988582863], "rolling_pnl_sigma": [76999, 0.048446640914857335, 261.65437777251265], "portfolio_cash_ratio": [76999, 0.6162361022461437, 10630.345317755698], "free_collateral": [76999, 7221228.239680081, 6.877543503358525e+18], "mm_reqs": [76999, 9660.275821041172, 127805941685002.33], "unrealized_pnl_0": [76999, 6.470007252667193, 326222398125.0804], "unrealized_pnl_1": [76999, 51.3622118334836, 1337661626871.0027], "unrealized_pnl_2": [76999, 952.0864669214435, 66216136846037.35], "unrealized_pnl_3": [76999, 7049.0200771842565, 1476796866375252.0], "unrealized_pnl_4": [76999, 46.38700158819074, 1493023055979.7815], "unrealized_pnl_5": [76999, 1748.0372328239887, 152040225685708.8], "unrealized_pnl_6": [76999, 110.96244052007897, 3654008497624.2896], "unrealized_pnl_7": [76999, 48.89660549463629, 447052711287.8397], "unrealized_pnl_8": [76999, 41.092875829907854, 493668018972.8092], "unrealized_pnl_9": [76999, 450.2072253242652, 24000100244387.82], "margin_usage_ratio": [76999, 0.013832826575227532, 15.687413770870727]}, "pcr_min_ew": 0.9837318114076126, "pcr_max_ew": 0.9999999845056731}