{"r_count": 481351.0001, "r_mean": -0.03129584768298459, "r_var": 2190.2350633189467, "tanh_k": 2.0, "feature_welford": {"unrealized_pnl": [481353, 20051.95419689336, 1.2357429419831716e+16], "realized_pnl": [481353, 31055.27045824244, 4.078386702240221e+16], "compounded_returns": [481353, 15770.13028768416, 79008818514703.47], "balance": [481353, 25142567.355280384, 1.842236091561626e+20], "position_value": [481353, 150870.34946000986, 8.64626121245553e+16], "current_position_size": [481353, 754228.7452344011, 2.1615052994205796e+18], "last_log_ret": [481353, 0.008898937264471628, 1055.293312433486], "sortino_ratio": [481353, 16.432077461120212, 27401036868.412563], "rolling_pnl_sigma": [481353, 0.01762475371809225, 490.9766663498437], "portfolio_cash_ratio": [481353, 0.8490756728147208, 38219.72250066145], "free_collateral": [481353, 25302017.516759597, 1.827358741177602e+20], "mm_reqs": [481353, 11520.016244637764, 1749659758789849.8], "unrealized_pnl_0": [481353, 14.569397095904637, 525660317544.29266], "unrealized_pnl_1": [481353, 19.461010421719894, 2409904580622.7896], "unrealized_pnl_2": [481353, 13712.952012166, 3100432481577044.0], "unrealized_pnl_3": [481353, 23495.991208075215, 3.907650412804438e+16], "unrealized_pnl_4": [481353, 181.31389808708292, 6922797258963.336], "unrealized_pnl_5": [481353, 3875.5786140421988, 1139627510871243.8], "unrealized_pnl_6": [481353, 124.56333306979059, 9194807063975.137], "unrealized_pnl_7": [481353, 34.07595871948528, 1043691514803.1665], "unrealized_pnl_8": [481353, 91.76963370680816, 1363648409482.342], "unrealized_pnl_9": [481353, 937.7506255238258, 136484795114875.69], "margin_usage_ratio": [481353, 0.005381834291906384, 49.91821832577541]}, "pcr_min_ew": 0.9967401031169254, "pcr_max_ew": 0.9999999999999137}