{"r_count": 133220.0001, "r_mean": -0.057571760392997155, "r_var": 1772.9017979374685, "tanh_k": 2.0, "feature_welford": {"unrealized_pnl": [133222, 8521.514998319322, 1801075360413853.8], "realized_pnl": [133222, 16483.627905742585, 6111366159524168.0], "compounded_returns": [133222, 6246.237902394955, 8791176463710.721], "balance": [133222, 13275054.524472144, 2.637529482074127e+19], "position_value": [133222, 137152.86385951733, 1.9642979240543532e+16], "current_position_size": [133222, 685447.2868749112, 4.909045650005643e+17], "last_log_ret": [133222, 0.007230633549868291, 794.166215371205], "sortino_ratio": [133222, 2.6230055737155564, 189531503.32541794], "rolling_pnl_sigma": [133222, 0.0348926481683913, 330.48719145444295], "portfolio_cash_ratio": [133222, 0.7198590947657445, 16680.312157128126], "free_collateral": [133222, 13410651.499265496, 2.6269218107601244e+19], "mm_reqs": [133222, 10136.999457899265, 308138429224990.75], "unrealized_pnl_0": [133222, 12.346053459780473, 345390659174.0002], "unrealized_pnl_1": [133222, 33.75566845632633, 1523882398075.7034], "unrealized_pnl_2": [133222, 3028.6814809901634, 198337907436236.88], "unrealized_pnl_3": [133222, 12525.752198360191, 5623050910095940.0], "unrealized_pnl_4": [133222, 46.43847906174214, 1461230874752.5532], "unrealized_pnl_5": [133222, 3006.5572336832556, 360733517669354.2], "unrealized_pnl_6": [133222, 116.49921027198144, 4349856248159.0005], "unrealized_pnl_7": [133222, 74.0533248235349, 699903726831.3083], "unrealized_pnl_8": [133222, 32.772607798674514, 457208301136.4339], "unrealized_pnl_9": [133222, 746.9299565297695, 47247903965349.68], "margin_usage_ratio": [133222, 0.010053702944504294, 23.187766928381297]}, "pcr_min_ew": 0.9831266323239117, "pcr_max_ew": 0.9999999983132478}