{"r_count": 111624.0001, "r_mean": -0.06344537445547355, "r_var": 1704.5751389409054, "tanh_k": 2.0, "feature_welford": {"unrealized_pnl": [111626, 6780.901335204535, 1115156526043389.4], "realized_pnl": [111626, 13652.155149915847, 3767513723919372.0], "compounded_returns": [111626, 4805.659279455971, 4244781346775.518], "balance": [111626, 10870387.946653308, 1.6229297048363995e+19], "position_value": [111626, 135748.44972885362, 1.5425675454094632e+16], "current_position_size": [111626, 678364.7360214744, 3.8558907150091725e+17], "last_log_ret": [111626, 0.0067511683894667576, 770.5444554245294], "sortino_ratio": [111626, 1.8400369469936162, 68131379.81814922], "rolling_pnl_sigma": [111626, 0.03870234271981869, 307.02172102826984], "portfolio_cash_ratio": [111626, 0.6915784882464254, 14611.959143044298], "free_collateral": [111626, 11003197.873270374, 1.6179463041678905e+19], "mm_reqs": [111626, 9779.535692485913, 221462962105343.06], "unrealized_pnl_0": [111626, 5.106330091894499, 348510554181.396], "unrealized_pnl_1": [111626, 40.12858990674742, 1341498868327.2932], "unrealized_pnl_2": [111626, 2165.1181437323476, 130625041586568.4], "unrealized_pnl_3": [111626, 10143.249318038987, 3280951822678782.5], "unrealized_pnl_4": [111626, 35.334244231535315, 1229191018916.7578], "unrealized_pnl_5": [111626, 2673.960669752059, 258424888489064.5], "unrealized_pnl_6": [111626, 96.74102527626683, 3748988399130.4155], "unrealized_pnl_7": [111626, 60.184242134931004, 552326670694.0931], "unrealized_pnl_8": [111626, 29.053910358155008, 477152391924.8942], "unrealized_pnl_9": [111626, 640.5098079418714, 35314804423259.87], "margin_usage_ratio": [111626, 0.011084502968470522, 20.688222057764918]}, "pcr_min_ew": 0.9899226443428786, "pcr_max_ew": 0.9999055530544858}