{"r_count": 464596.0001, "r_mean": -0.03171938987659704, "r_var": 2174.385537560628, "tanh_k": 2.0, "feature_welford": {"unrealized_pnl": [464598, 19611.304797845805, 1.1698319973485306e+16], "realized_pnl": [464598, 30700.07302819022, 3.8899773674448936e+16], "compounded_returns": [464598, 15539.840397189098, 75115501779785.0], "balance": [464598, 24837584.77037955, 1.7540468358607546e+20], "position_value": [464598, 149917.61455240482, 8.261641099039019e+16], "current_position_size": [464598, 749465.5783353035, 2.065351536740991e+18], "last_log_ret": [464598, 0.008871244339989, 1043.1389776583464], "sortino_ratio": [464598, 16.01801410589239, 25425565777.164085], "rolling_pnl_sigma": [464598, 0.01790967158478112, 485.76445709022744], "portfolio_cash_ratio": [464598, 0.8470202821593077, 37364.39298064683], "free_collateral": [464598, 24995710.53437295, 1.7400580302331222e+20], "mm_reqs": [464598, 11450.007223420474, 1676595802019322.5], "unrealized_pnl_0": [464598, 14.971285763850842, 524133784141.8081], "unrealized_pnl_1": [464598, 20.34744592590698, 2381021113685.6074], "unrealized_pnl_2": [464598, 13371.738610723869, 2913050141479680.0], "unrealized_pnl_3": [464598, 23191.70028157807, 3.719989563344603e+16], "unrealized_pnl_4": [464598, 178.9315304168886, 6633998344936.769], "unrealized_pnl_5": [464598, 3770.8523956965814, 1068605491068206.4], "unrealized_pnl_6": [464598, 126.45158707092102, 9062628954662.1], "unrealized_pnl_7": [464598, 33.64352833153827, 1009224793269.6073], "unrealized_pnl_8": [464598, 87.10313665298726, 1284371115439.1003], "unrealized_pnl_9": [464598, 923.4314261624955, 129884237603005.11], "margin_usage_ratio": [464598, 0.005452527890043423, 48.80460049294412]}, "pcr_min_ew": 0.9870972045105216, "pcr_max_ew": 0.9999999999999628}