{"r_count": 357364.0001, "r_mean": -0.0354500170448132, "r_var": 2077.8845455334904, "tanh_k": 2.0, "feature_welford": {"unrealized_pnl": [357366, 16586.759884232386, 7827911204365414.0], "realized_pnl": [357366, 27509.529367084473, 2.668606249882442e+16], "compounded_returns": [357366, 13501.977166214885, 48503772138121.76], "balance": [357366, 22255313.76589815, 1.1622190170171598e+20], "position_value": [357366, 143240.97009215632, 5.829084381098828e+16], "current_position_size": [357366, 716077.4636084815, 1.457229347447692e+18], "last_log_ret": [357366, 0.00863387817523356, 970.6693775200725], "sortino_ratio": [357366, 12.930347190686495, 10933321168.715977], "rolling_pnl_sigma": [357366, 0.020357492848363766, 453.28736249667617], "portfolio_cash_ratio": [357366, 0.8292295401323204, 31777.370043544866], "free_collateral": [357366, 22404377.67907594, 1.153627578584571e+20], "mm_reqs": [357366, 10821.031224240875, 1091536470804799.0], "unrealized_pnl_0": [357366, 13.840537245248429, 452972857534.4262], "unrealized_pnl_1": [357366, 20.011366105023253, 2187401721054.6995], "unrealized_pnl_2": [357366, 10843.077450331093, 1758264961160984.2], "unrealized_pnl_3": [357366, 20505.679532743514, 2.501101068097688e+16], "unrealized_pnl_4": [357366, 173.82774186911513, 5948935397735.621], "unrealized_pnl_5": [357366, 3518.6729151628238, 902864225830124.4], "unrealized_pnl_6": [357366, 145.82819882675517, 8503150568582.129], "unrealized_pnl_7": [357366, 37.151935511262145, 801120198722.0966], "unrealized_pnl_8": [357366, 57.34762390519679, 739560721411.2096], "unrealized_pnl_9": [357366, 829.0393035958743, 107398813728252.44], "margin_usage_ratio": [357366, 0.00607259318760259, 41.6016532930695]}, "pcr_min_ew": 0.9973818987045482, "pcr_max_ew": 0.9999999960929371}