{"r_count": 337258.0001, "r_mean": -0.03636775524450981, "r_var": 2053.353171945298, "tanh_k": 2.0, "feature_welford": {"unrealized_pnl": [337260, 15564.369444094225, 6976779268956811.0], "realized_pnl": [337260, 26847.796898866687, 2.4928628798310428e+16], "compounded_returns": [337260, 13065.146088257456, 44315588119127.3], "balance": [337260, 21696405.95457877, 1.0699553301007491e+20], "position_value": [337260, 143674.54407836398, 5.550316738309622e+16], "current_position_size": [337260, 718238.7521915428, 1.3875341054572337e+18], "last_log_ret": [337260, 0.008572860443588164, 954.4470275006821], "sortino_ratio": [337260, 11.482765348242213, 9365809295.685362], "rolling_pnl_sigma": [337260, 0.02094930075084341, 444.2507389403841], "portfolio_cash_ratio": [337260, 0.825765039549054, 30396.147620102336], "free_collateral": [337260, 21844740.518470455, 1.0621286518100132e+20], "mm_reqs": [337260, 10971.835608947065, 1075842454569845.5], "unrealized_pnl_0": [337260, 15.953029353399659, 447985588703.8401], "unrealized_pnl_1": [337260, 13.87966201459101, 2142430255723.3777], "unrealized_pnl_2": [337260, 10136.001960470445, 1518151036501032.0], "unrealized_pnl_3": [337260, 19616.453565334843, 2.299467012518967e+16], "unrealized_pnl_4": [337260, 158.0550668062089, 4481638180540.656], "unrealized_pnl_5": [337260, 3515.377812883264, 778812832872126.1], "unrealized_pnl_6": [337260, 145.53651724061277, 7923769101391.263], "unrealized_pnl_7": [337260, 40.37261498157091, 782757376424.5896], "unrealized_pnl_8": [337260, 50.7030820821252, 827872425223.5183], "unrealized_pnl_9": [337260, 717.1200372938123, 81212928637350.23], "margin_usage_ratio": [337260, 0.006209106716635609, 40.07094909531516]}, "pcr_min_ew": 0.9955852773532886, "pcr_max_ew": 0.9999999999964686}