{"r_count": 110507.0001, "r_mean": -0.06380463004893466, "r_var": 1701.635078143645, "tanh_k": 2.0, "feature_welford": {"unrealized_pnl": [110509, 6745.28085795482, 1107943327188949.8], "realized_pnl": [110509, 13571.507682439382, 3737637234266209.5], "compounded_returns": [110509, 4740.331865080453, 4142518588275.7207], "balance": [110509, 10784050.331503646, 1.5976184324340165e+19], "position_value": [110509, 135882.38237025857, 1.5292233838046662e+16], "current_position_size": [110509, 679042.8917708441, 3.8225309024908346e+17], "last_log_ret": [110509, 0.006726489928013846, 769.4095390714136], "sortino_ratio": [110509, 1.8306345605612981, 68088349.5912473], "rolling_pnl_sigma": [110509, 0.038941163294751655, 305.7617158598015], "portfolio_cash_ratio": [110509, 0.6897236336812911, 14499.506856985137], "free_collateral": [110509, 10916942.778187154, 1.59284032207268e+19], "mm_reqs": [110509, 9795.513229874028, 219674014648700.28], "unrealized_pnl_0": [110509, 4.906883161652832, 348429336696.59064], "unrealized_pnl_1": [110509, 40.02959764024829, 1339886417262.7979], "unrealized_pnl_2": [110509, 2115.772090648437, 128432531835232.2], "unrealized_pnl_3": [110509, 10143.08418281181, 3257930530124041.0], "unrealized_pnl_4": [110509, 34.54683486433588, 1226786487833.3782], "unrealized_pnl_5": [110509, 2654.4646915549356, 253179009400538.5], "unrealized_pnl_6": [110509, 92.57425559885043, 3680634130402.2], "unrealized_pnl_7": [110509, 60.82402098065125, 552088416136.7708], "unrealized_pnl_8": [110509, 29.244581185347826, 477118349873.5068], "unrealized_pnl_9": [110509, 638.4660014874793, 35063598200397.594], "margin_usage_ratio": [110509, 0.011151969684623689, 20.54639605896348]}, "pcr_min_ew": 0.9863445876011884, "pcr_max_ew": 0.999999999999842}