{"r_count": 319386.0001, "r_mean": -0.03706309741914849, "r_var": 2034.40196429462, "tanh_k": 2.0, "feature_welford": {"unrealized_pnl": [319388, 14701.783328497932, 5980766097849701.0], "realized_pnl": [319388, 26472.901909846176, 2.2865139894795936e+16], "compounded_returns": [319388, 12663.202362408361, 41916949567638.41], "balance": [319388, 21285715.679846074, 9.869094345799506e+19], "position_value": [319388, 140630.73929407157, 5.057319374571691e+16], "current_position_size": [319388, 703030.2773346764, 1.264295702275113e+18], "last_log_ret": [319388, 0.008521014133443635, 940.5962555126567], "sortino_ratio": [319388, 12.37401118056741, 6153220209.638951], "rolling_pnl_sigma": [319388, 0.021481933978858198, 437.74234870316997], "portfolio_cash_ratio": [319388, 0.821158953711024, 29516.06698098957], "free_collateral": [319388, 21430464.264752302, 9.799369402190694e+19], "mm_reqs": [319388, 10651.313994949693, 986630401227350.6], "unrealized_pnl_0": [319388, 15.728531442763229, 448174605318.14795], "unrealized_pnl_1": [319388, 16.979571831451565, 2093198629292.4685], "unrealized_pnl_2": [319388, 9594.04753691531, 1370337258304236.5], "unrealized_pnl_3": [319388, 19075.45484462512, 2.06916353079949e+16], "unrealized_pnl_4": [319388, 154.72334055240736, 4493050942720.3125], "unrealized_pnl_5": [319388, 3398.248118522796, 671449363676054.6], "unrealized_pnl_6": [319388, 143.40857355604896, 7031306148724.329], "unrealized_pnl_7": [319388, 40.47039232631476, 782858475093.4644], "unrealized_pnl_8": [319388, 48.48041341384084, 682380209369.8347], "unrealized_pnl_9": [319388, 728.0949226250008, 86213670258379.58], "margin_usage_ratio": [319388, 0.006353362093904438, 38.78087465757481]}, "pcr_min_ew": 0.9937859363392463, "pcr_max_ew": 1.0000000000000469}