{"r_count": 314918.0001, "r_mean": -0.03728747053034918, "r_var": 2022.9702221138834, "tanh_k": 2.0, "feature_welford": {"unrealized_pnl": [314920, 14707.790443644002, 5938392644058140.0], "realized_pnl": [314920, 26175.720165050672, 2.199868757862918e+16], "compounded_returns": [314920, 12636.77046064913, 39367983089348.375], "balance": [314920, 21039434.15932732, 9.582036405514872e+19], "position_value": [314920, 140875.08850075127, 5.012925362178556e+16], "current_position_size": [314920, 704209.6070866003, 1.2531743084916104e+18], "last_log_ret": [314920, 0.008502039534394178, 934.7626462812484], "sortino_ratio": [314920, 12.110777386865553, 6542859620.418662], "rolling_pnl_sigma": [314920, 0.02163650128251492, 433.260137309706], "portfolio_cash_ratio": [314920, 0.8200950577354648, 29207.185899209406], "free_collateral": [314920, 21184442.76224434, 9.513155579241338e+19], "mm_reqs": [314920, 10626.668058923238, 966852552862857.0], "unrealized_pnl_0": [314920, 17.492015111624248, 461789076107.1276], "unrealized_pnl_1": [314920, 21.251854778666353, 1899319847970.6523], "unrealized_pnl_2": [314920, 9556.502811166574, 1359705652801181.5], "unrealized_pnl_3": [314920, 19462.610097366058, 2.0993739047804336e+16], "unrealized_pnl_4": [314920, 140.06030522029036, 4345289849864.8433], "unrealized_pnl_5": [314920, 3469.825996919767, 730510184752308.4], "unrealized_pnl_6": [314920, 140.019426590229, 8088893014628.797], "unrealized_pnl_7": [314920, 35.405081795442534, 946173968077.3347], "unrealized_pnl_8": [314920, 51.311663713366094, 736931677798.3712], "unrealized_pnl_9": [314920, 725.2868776915274, 82897977575535.81], "margin_usage_ratio": [314920, 0.0063932395435151845, 38.45230255190027]}, "pcr_min_ew": 0.9941689527139326, "pcr_max_ew": 0.9999999939667733}