{"r_count": 259068.0001, "r_mean": -0.04072813905025099, "r_var": 1956.6110083464162, "tanh_k": 2.0, "feature_welford": {"unrealized_pnl": [259070, 13098.025849917844, 4549673355031587.0], "realized_pnl": [259070, 24257.294650183227, 1.712940713696143e+16], "compounded_returns": [259070, 11336.146999226117, 29227718135032.586], "balance": [259070, 19395408.65460747, 7.323551893642481e+19], "position_value": [259070, 138714.10158008922, 3.998443435740914e+16], "current_position_size": [259070, 693374.5874964743, 9.995515686259224e+17], "last_log_ret": [259070, 0.008281239535540528, 892.7873462644536], "sortino_ratio": [259070, 9.436631722837152, 3513483112.2990165], "rolling_pnl_sigma": [259070, 0.023943564995586423, 408.16467658776884], "portfolio_cash_ratio": [259070, 0.8028899116359907, 25823.770471554137], "free_collateral": [259070, 19536821.47613233, 7.27512775108012e+19], "mm_reqs": [259070, 10451.566844115207, 758837373638547.2], "unrealized_pnl_0": [259070, 17.073793347460548, 439823293506.234], "unrealized_pnl_1": [259070, 26.382157841572212, 1780171632732.185], "unrealized_pnl_2": [259070, 7783.62961266219, 879898355013043.9], "unrealized_pnl_3": [259070, 18175.75912879627, 1.6367576990387784e+16], "unrealized_pnl_4": [259070, 115.64041288226258, 3403417414930.9175], "unrealized_pnl_5": [259070, 3474.6412553211285, 639907116133251.4], "unrealized_pnl_6": [259070, 128.3809655244229, 5997161220052.709], "unrealized_pnl_7": [259070, 40.3821587410296, 876128461872.079], "unrealized_pnl_8": [259070, 41.43704946785941, 645923042554.0195], "unrealized_pnl_9": [259070, 666.0291024984759, 66785919587498.41], "margin_usage_ratio": [259070, 0.0070068611907767335, 34.283632183407384]}, "pcr_min_ew": 0.9980563434072259, "pcr_max_ew": 0.9999999993890476}