{"r_count": 400927.0001, "r_mean": -0.03362299264787769, "r_var": 2115.0050367336653, "tanh_k": 2.0, "feature_welford": {"unrealized_pnl": [400929, 17753.634994583972, 9244730734680724.0], "realized_pnl": [400929, 29123.295825124296, 3.157540493232741e+16], "compounded_returns": [400929, 14590.824289295722, 60557539483630.7], "balance": [400929, 23618915.99072281, 1.4265337798374236e+20], "position_value": [400929, 145711.39972889365, 6.7454839730766584e+16], "current_position_size": [400929, 728445.8689902879, 1.6863239726337124e+18], "last_log_ret": [400929, 0.008751037684758772, 997.6255585748243], "sortino_ratio": [400929, 14.549110886612006, 8330472879.7786455], "rolling_pnl_sigma": [400929, 0.01918883906886128, 465.3913858927178], "portfolio_cash_ratio": [400929, 0.8379493648891221, 33942.25834805027], "free_collateral": [400929, 23771361.869526137, 1.4156010727893341e+20], "mm_reqs": [400929, 11069.187803832438, 1329502236321902.5], "unrealized_pnl_0": [400929, 15.740470256191722, 455120071331.4391], "unrealized_pnl_1": [400929, 18.94085380548964, 2285379707308.153], "unrealized_pnl_2": [400929, 12120.968297758749, 2238291351373233.8], "unrealized_pnl_3": [400929, 21812.943716160516, 3.0239754958413204e+16], "unrealized_pnl_4": [400929, 171.39462092626374, 5495476522351.007], "unrealized_pnl_5": [400929, 3608.607773005714, 876576782832064.8], "unrealized_pnl_6": [400929, 123.1429726354928, 6714478709555.607], "unrealized_pnl_7": [400929, 39.270915533372566, 1000298698855.9199], "unrealized_pnl_8": [400929, 71.95030297129239, 1038409708867.9729], "unrealized_pnl_9": [400929, 789.5098187265388, 96233455200062.61], "margin_usage_ratio": [400929, 0.005772172967702157, 44.520565435143546]}, "pcr_min_ew": 0.9996150587204146, "pcr_max_ew": 1.0000000000000935}