{"r_count": 321620.0001, "r_mean": -0.03693908381055053, "r_var": 2030.4461248652904, "tanh_k": 2.0, "feature_welford": {"unrealized_pnl": [321622, 14999.258947323628, 6265473927567611.0], "realized_pnl": [321622, 26482.808901443237, 2.2794221580607708e+16], "compounded_returns": [321622, 12819.901015598767, 41075474162281.28], "balance": [321622, 21282364.81860823, 9.961748361074555e+19], "position_value": [321622, 141232.78736639474, 5.146505067172244e+16], "current_position_size": [321622, 706001.1491091904, 1.2865695898072197e+18], "last_log_ret": [321622, 0.008525973930647579, 939.6916691331651], "sortino_ratio": [321622, 12.546172646423612, 6827604130.430533], "rolling_pnl_sigma": [321622, 0.021405994561539653, 435.96090019418756], "portfolio_cash_ratio": [321622, 0.8217993747908598, 29597.426648495868], "free_collateral": [321622, 21427977.128071684, 9.88996095379192e+19], "mm_reqs": [321622, 10672.481297032276, 998313291094663.9], "unrealized_pnl_0": [321622, 17.734720123583337, 465035321417.7207], "unrealized_pnl_1": [321622, 20.93171710814873, 1901041531310.8796], "unrealized_pnl_2": [321622, 9729.993882221643, 1415751629546143.2], "unrealized_pnl_3": [321622, 19740.0905990986, 2.1808825069927708e+16], "unrealized_pnl_4": [321622, 142.8716371208891, 4530331927425.367], "unrealized_pnl_5": [321622, 3497.1167924964493, 745586699466798.4], "unrealized_pnl_6": [321622, 140.4551484687504, 8138877525899.4375], "unrealized_pnl_7": [321622, 35.06310295276935, 947888829808.0571], "unrealized_pnl_8": [321622, 53.97090415243339, 802715138936.385], "unrealized_pnl_9": [321622, 731.4429323889899, 84300636228187.02], "margin_usage_ratio": [321622, 0.006333071655955654, 38.937335884738246]}, "pcr_min_ew": 0.9915818741891368, "pcr_max_ew": 0.9999999999998967}