{"r_count": 116465.0001, "r_mean": -0.062114644895447636, "r_var": 1733.0213460735638, "tanh_k": 2.0, "feature_welford": {"unrealized_pnl": [116467, 7093.830913926131, 1161823058350332.8], "realized_pnl": [116467, 14507.194595853416, 4064986736110940.5], "compounded_returns": [116467, 5045.174855590394, 5911136961260.62], "balance": [116467, 11631166.609898116, 1.924075667038306e+19], "position_value": [116467, 136624.735829931, 1.6790173625240946e+16], "current_position_size": [116467, 682770.928139193, 4.195839530655696e+17], "last_log_ret": [116467, 0.006917794797442748, 778.2226598165049], "sortino_ratio": [116467, 1.8793804189286194, 79731533.15958828], "rolling_pnl_sigma": [116467, 0.03778345756720412, 314.37444963759003], "portfolio_cash_ratio": [116467, 0.6976383002760171, 15131.258023763163], "free_collateral": [116467, 11764958.080683397, 1.917901452199625e+19], "mm_reqs": [116467, 9981.5136430339, 247152879051865.66], "unrealized_pnl_0": [116467, 11.132227965474064, 336005408066.1885], "unrealized_pnl_1": [116467, 37.360188065347145, 1440720761823.8372], "unrealized_pnl_2": [116467, 2420.2025720352567, 149249096895347.9], "unrealized_pnl_3": [116467, 10275.13185533021, 3350103326264336.0], "unrealized_pnl_4": [116467, 37.47073282444045, 1402650211442.8936], "unrealized_pnl_5": [116467, 2854.832434143037, 312685454438331.8], "unrealized_pnl_6": [116467, 119.93923665822727, 4208818220310.3203], "unrealized_pnl_7": [116467, 72.37668534210034, 636556263011.4369], "unrealized_pnl_8": [116467, 34.01431862687919, 450583387385.64905], "unrealized_pnl_9": [116467, 710.736936104863, 41847609368982.95], "margin_usage_ratio": [116467, 0.010865118055438218, 21.27473337051377]}, "pcr_min_ew": 0.9828963861882344, "pcr_max_ew": 0.9999999969161514}