{"r_count": 405395.0001, "r_mean": -0.03347451845448111, "r_var": 2119.360104584723, "tanh_k": 2.0, "feature_welford": {"unrealized_pnl": [405397, 17868.183808861504, 9388820650875444.0], "realized_pnl": [405397, 29211.994323542785, 3.1973836228186616e+16], "compounded_returns": [405397, 14657.491490676277, 61447281797204.26], "balance": [405397, 23702027.468310192, 1.4462732586516914e+20], "position_value": [405397, 145991.91574457395, 6.837733024067795e+16], "current_position_size": [405397, 729849.6735593395, 1.709386360598983e+18], "last_log_ret": [405397, 0.008760399166371632, 1000.8202715784668], "sortino_ratio": [405397, 14.689459809670831, 8487363433.222731], "rolling_pnl_sigma": [405397, 0.01908728857882223, 466.89440299503036], "portfolio_cash_ratio": [405397, 0.8386702579216435, 34184.444254225724], "free_collateral": [405397, 23854847.23454788, 1.435145776992419e+20], "mm_reqs": [405397, 11090.10857455361, 1348061437416858.2], "unrealized_pnl_0": [405397, 15.489374277633091, 457919713071.06964], "unrealized_pnl_1": [405397, 18.696738021336905, 2294920548213.838], "unrealized_pnl_2": [405397, 12220.939285644368, 2279860334162662.5], "unrealized_pnl_3": [405397, 21904.30909086097, 3.0709037332343228e+16], "unrealized_pnl_4": [405397, 171.79077847896377, 5575902797193.835], "unrealized_pnl_5": [405397, 3619.256549397284, 886832959874430.5], "unrealized_pnl_6": [405397, 123.43428453057463, 6733663889764.344], "unrealized_pnl_7": [405397, 38.8507927268337, 1007248307685.1069], "unrealized_pnl_8": [405397, 73.03733891976043, 1060050214058.0057], "unrealized_pnl_9": [405397, 794.4614714808022, 97198425950199.14], "margin_usage_ratio": [405397, 0.005746712960738446, 44.822707271198816]}, "pcr_min_ew": 0.9970904044255096, "pcr_max_ew": 1.0000000000000655}