{"r_count": 480234.0001, "r_mean": -0.03132388058380653, "r_var": 2189.2030773198994, "tanh_k": 2.0, "feature_welford": {"unrealized_pnl": [480236, 20023.3619284573, 1.2319932192791218e+16], "realized_pnl": [480236, 31027.107717041272, 4.067998183591153e+16], "compounded_returns": [480236, 15753.309076707319, 78731726161216.14], "balance": [480236, 25120484.83739029, 1.8361036458711027e+20], "position_value": [480236, 150805.56411400496, 8.617703719686072e+16], "current_position_size": [480236, 753904.5324089827, 2.1543658878535421e+18], "last_log_ret": [480236, 0.008897081124443125, 1054.497281582554], "sortino_ratio": [480236, 16.4117879853866, 27383025107.910664], "rolling_pnl_sigma": [480236, 0.017644184026295653, 490.6311306651718], "portfolio_cash_ratio": [480236, 0.8489453363594939, 38161.470148035136], "free_collateral": [480236, 25279844.773717105, 1.8212882455465368e+20], "mm_reqs": [480236, 11516.878461441112, 1745050861147243.5], "unrealized_pnl_0": [480236, 14.597903739151166, 525649539958.7181], "unrealized_pnl_1": [480236, 19.580339124275817, 2408495352756.8286], "unrealized_pnl_2": [480236, 13681.830059669961, 3083380687582456.5], "unrealized_pnl_3": [480236, 23472.739057505303, 3.897549555540624e+16], "unrealized_pnl_4": [480236, 180.8985722324829, 6890455443788.419], "unrealized_pnl_5": [480236, 3873.2616826279154, 1137228533226206.5], "unrealized_pnl_6": [480236, 124.7776482050653, 9192822259145.072], "unrealized_pnl_7": [480236, 33.96187020569952, 1042559333627.9323], "unrealized_pnl_8": [480236, 91.5400782727366, 1360668034965.5024], "unrealized_pnl_9": [480236, 934.4131298455709, 135605001789856.62], "margin_usage_ratio": [480236, 0.005386357853115242, 49.84229529475976]}, "pcr_min_ew": 0.9947726124812234, "pcr_max_ew": 1.0000000000000564}