{"r_count": 269121.0001, "r_mean": -0.04000263589945603, "r_var": 1968.9423625922125, "tanh_k": 2.0, "feature_welford": {"unrealized_pnl": [269123, 13359.192967528184, 4786126481686572.0], "realized_pnl": [269123, 24669.48100232119, 1.809910092951784e+16], "compounded_returns": [269123, 11609.19944469728, 31125837681403.766], "balance": [269123, 19733288.78945932, 7.735192837001205e+19], "position_value": [269123, 138803.3724549007, 4.167625181499714e+16], "current_position_size": [269123, 693828.2603795812, 1.0418470507604956e+18], "last_log_ret": [269123, 0.008327539286155808, 900.2168317919036], "sortino_ratio": [269123, 10.225847015566329, 3881445134.9349756], "rolling_pnl_sigma": [269123, 0.02345855374305549, 412.8859900046311], "portfolio_cash_ratio": [269123, 0.8064256321132787, 26462.415767032802], "free_collateral": [269123, 19875033.22100504, 7.683134251120809e+19], "mm_reqs": [269123, 10469.675114931655, 796658867310481.4], "unrealized_pnl_0": [269123, 17.13191153626099, 440905642445.8451], "unrealized_pnl_1": [269123, 25.870145262969878, 1837891827819.869], "unrealized_pnl_2": [269123, 8050.026776702617, 945215355223976.4], "unrealized_pnl_3": [269123, 18488.91545962437, 1.723034685204988e+16], "unrealized_pnl_4": [269123, 122.06564888211777, 3686504225904.4004], "unrealized_pnl_5": [269123, 3466.519891985337, 651600394522670.9], "unrealized_pnl_6": [269123, 140.89813137119774, 7654554114331.008], "unrealized_pnl_7": [269123, 39.24098471085703, 878845533091.6549], "unrealized_pnl_8": [269123, 42.8823775897489, 654233577187.0957], "unrealized_pnl_9": [269123, 677.0669673208698, 69675899784138.016], "margin_usage_ratio": [269123, 0.006879941830271148, 35.06311231489333]}, "pcr_min_ew": 0.9968133314889336, "pcr_max_ew": 1.0000000000000162}