{"r_count": 285876.0001, "r_mean": -0.03894239948622726, "r_var": 1990.9702221129571, "tanh_k": 2.0, "feature_welford": {"unrealized_pnl": [285878, 14163.423730405311, 5438802373795143.0], "realized_pnl": [285878, 25202.36261363829, 1.9685566969712084e+16], "compounded_returns": [285878, 12063.737874137782, 34498376872274.96], "balance": [285878, 20337267.465924457, 8.470529442044822e+19], "position_value": [285878, 139438.24491697623, 4.423568399958746e+16], "current_position_size": [285878, 697062.0084645675, 1.1058449249650382e+18], "last_log_ret": [285878, 0.008401190105401626, 913.3316785532828], "sortino_ratio": [285878, 10.477637407239254, 2752122442.0888715], "rolling_pnl_sigma": [285878, 0.02273047329088526, 421.05818426181776], "portfolio_cash_ratio": [285878, 0.8117948252226068, 27471.396798177233], "free_collateral": [285878, 20480438.0399835, 8.412091674729465e+19], "mm_reqs": [285878, 10481.706221268281, 838877385233586.4], "unrealized_pnl_0": [285878, 16.856938756851886, 390141477051.6911], "unrealized_pnl_1": [285878, 21.55852171050837, 1977918542849.2815], "unrealized_pnl_2": [285878, 8822.662667269999, 1098167630577401.6], "unrealized_pnl_3": [285878, 19159.744254179863, 1.9138140567968572e+16], "unrealized_pnl_4": [285878, 136.5681060737621, 3546838169666.177], "unrealized_pnl_5": [285878, 3441.451891249273, 637049527941742.9], "unrealized_pnl_6": [285878, 125.88423254714934, 5895044733499.991], "unrealized_pnl_7": [285878, 47.83752416820972, 894111345494.118], "unrealized_pnl_8": [285878, 43.864763351372666, 644767686846.9016], "unrealized_pnl_9": [285878, 671.3635504238811, 66255652609278.8], "margin_usage_ratio": [285878, 0.006694535530448892, 36.43244389861822]}, "pcr_min_ew": 0.9901984652312437, "pcr_max_ew": 0.9999999999999022}