{"r_count": 331673.0001, "r_mean": -0.036463338648522574, "r_var": 2041.4132252527036, "tanh_k": 2.0, "feature_welford": {"unrealized_pnl": [331675, 15284.653775571758, 6567605705074923.0], "realized_pnl": [331675, 26840.58071463974, 2.3876162211891156e+16], "compounded_returns": [331675, 13038.620530125214, 43225248909936.99], "balance": [331675, 21566218.32394487, 1.0440532590054076e+20], "position_value": [331675, 141703.81285278418, 5.356841050157174e+16], "current_position_size": [331675, 708361.210306729, 1.3391538325616315e+18], "last_log_ret": [331675, 0.008557989313139502, 947.1425338357337], "sortino_ratio": [331675, 12.851793763299316, 7026696167.443323], "rolling_pnl_sigma": [331675, 0.021074986501665425, 439.9864023738799], "portfolio_cash_ratio": [331675, 0.8242241627343665, 30183.903823308177], "free_collateral": [331675, 21712540.02637792, 1.0364686071712236e+20], "mm_reqs": [331675, 10718.276541847501, 1039104202529144.5], "unrealized_pnl_0": [331675, 17.328494073251118, 473388205667.44543], "unrealized_pnl_1": [331675, 20.4983183206366, 1931499473056.7693], "unrealized_pnl_2": [331675, 9981.751419029344, 1499793788607085.0], "unrealized_pnl_3": [331675, 19964.165138235403, 2.2855303624355044e+16], "unrealized_pnl_4": [331675, 148.33741483142268, 4721164204794.857], "unrealized_pnl_5": [331675, 3536.183254696378, 772544491129093.8], "unrealized_pnl_6": [331675, 141.42317113500204, 8216899057238.619], "unrealized_pnl_7": [331675, 34.67779975779636, 951208169680.2256], "unrealized_pnl_8": [331675, 55.44570697997785, 822428163125.8376], "unrealized_pnl_9": [331675, 746.2234975223474, 87359623912551.97], "margin_usage_ratio": [331675, 0.006248424806919594, 39.682304044170124]}, "pcr_min_ew": 0.9967352699763272, "pcr_max_ew": 1.0008831482162}