{"r_count": 498106.0001, "r_mean": -0.030892037189215786, "r_var": 2208.011901032734, "tanh_k": 2.0, "feature_welford": {"unrealized_pnl": [498108, 20602.75046811016, 1.3246321986551414e+16], "realized_pnl": [498108, 31482.899325103317, 4.279425027487795e+16], "compounded_returns": [498108, 16107.4165334904, 84190667823556.83], "balance": [498108, 25627049.303142063, 1.9590803983057292e+20], "position_value": [498108, 151762.9557445726, 9.012289436247541e+16], "current_position_size": [498108, 758708.7781851343, 2.2530181024188815e+18], "last_log_ret": [498108, 0.008931972766412269, 1067.9329237870077], "sortino_ratio": [498108, 16.956071462418247, 14122246495.730896], "rolling_pnl_sigma": [498108, 0.017353224863261397, 496.61201294217284], "portfolio_cash_ratio": [498108, 0.851040847234605, 39026.821628859965], "free_collateral": [498108, 25787902.621952485, 1.9429735800082507e+20], "mm_reqs": [498108, 11557.96459024929, 1801873382493578.2], "unrealized_pnl_0": [498108, 13.566928573555538, 470671519758.416], "unrealized_pnl_1": [498108, 15.890876342929253, 2480908863576.5977], "unrealized_pnl_2": [498108, 14307.602144449666, 3357326200221832.5], "unrealized_pnl_3": [498108, 23793.866159959383, 4.112779748673794e+16], "unrealized_pnl_4": [498108, 186.94728888951664, 7022581099267.697], "unrealized_pnl_5": [498108, 3971.402853021637, 1166954514291354.8], "unrealized_pnl_6": [498108, 118.82280552866732, 7633508633874.675], "unrealized_pnl_7": [498108, 38.82244066879998, 1068543294481.3312], "unrealized_pnl_8": [498108, 96.04840096584007, 1538693884044.1104], "unrealized_pnl_9": [498108, 923.2437366250252, 130375795563239.33], "margin_usage_ratio": [498108, 0.005318454015459401, 51.08675320230462]}, "pcr_min_ew": 0.9958980817037161, "pcr_max_ew": 0.9999999999999809}