{"r_count": 385289.0001, "r_mean": -0.034208783851110425, "r_var": 2097.716818937608, "tanh_k": 2.0, "feature_welford": {"unrealized_pnl": [385291, 17399.76662727391, 8879652119504728.0], "realized_pnl": [385291, 28644.064113517772, 3.0011795993500776e+16], "compounded_returns": [385291, 14206.095539189884, 56195306767073.11], "balance": [385291, 23099987.565343022, 1.3331187605250313e+20], "position_value": [385291, 145148.866091248, 6.522645132449225e+16], "current_position_size": [385291, 725599.3100521927, 1.6305993942560036e+18], "last_log_ret": [385291, 0.008708698622025425, 986.2871313597922], "sortino_ratio": [385291, 14.337655599378394, 17421370545.98194], "rolling_pnl_sigma": [385291, 0.01957316092281951, 459.8463911702714], "portfolio_cash_ratio": [385291, 0.8351690069997004, 33152.4211247574], "free_collateral": [385291, 23251504.22933574, 1.3230990603810977e+20], "mm_reqs": [385291, 11081.975177455446, 1306892272986216.8], "unrealized_pnl_0": [385291, 16.40908287768984, 482862206561.99896], "unrealized_pnl_1": [385291, 19.730481346400257, 2048445924193.6738], "unrealized_pnl_2": [385291, 11507.466049988067, 2045020325621981.5], "unrealized_pnl_3": [385291, 21532.94697680556, 2.8738253877408356e+16], "unrealized_pnl_4": [385291, 163.01955475054916, 5486134776808.146], "unrealized_pnl_5": [385291, 3589.355983573179, 891195247637442.2], "unrealized_pnl_6": [385291, 133.77300450333075, 8619822053376.678], "unrealized_pnl_7": [385291, 33.07563887454668, 974920319591.5011], "unrealized_pnl_8": [385291, 70.26861960157073, 1009890239615.3055], "unrealized_pnl_9": [385291, 812.2935563476592, 101974166539404.95], "margin_usage_ratio": [385291, 0.005865555964916399, 43.430811666385885]}, "pcr_min_ew": 0.9943604440632027, "pcr_max_ew": 0.9999999838290647}