{"r_count": 61359.000100000005, "r_mean": -0.08909719840636636, "r_var": 1523.827947117537, "tanh_k": 2.0, "feature_welford": {"unrealized_pnl": [61361, 3350.103836426431, 367416466903992.4], "realized_pnl": [61361, 6859.114728523117, 1195575855029025.5], "compounded_returns": [61361, 1227.609295706191, 270052699432.61816], "balance": [61361, 5154291.533651188, 3.8134823119902653e+18], "position_value": [61361, 127717.38540519746, 7115690906603057.0], "current_position_size": [61361, 638147.3497034278, 1.778565587048078e+17], "last_log_ret": [61361, 0.0048111831124746625, 705.3832640606468], "sortino_ratio": [61361, 0.6363185370469115, 785640.3161917878], "rolling_pnl_sigma": [61361, 0.055144456621726706, 233.24986253813336], "portfolio_cash_ratio": [61361, 0.5619165887078645, 8423.922376671471], "free_collateral": [61361, 5276578.976191855, 3.830455253398815e+18], "mm_reqs": [61361, 8846.222525370173, 84231954568257.47], "unrealized_pnl_0": [61361, 4.8972476137469645, 317581685887.475], "unrealized_pnl_1": [61361, 56.37151069757948, 1199455922426.5579], "unrealized_pnl_2": [61361, 538.0602369358251, 38067538449900.805], "unrealized_pnl_3": [61361, 5252.937673061758, 898872776385673.2], "unrealized_pnl_4": [61361, 17.822820950685504, 940041130158.2643], "unrealized_pnl_5": [61361, 1399.5693254170822, 88029279735523.77], "unrealized_pnl_6": [61361, 93.5334716940266, 2747065539469.9526], "unrealized_pnl_7": [61361, 42.588831454044566, 384713063731.06793], "unrealized_pnl_8": [61361, 35.776667763074606, 392298866687.0329], "unrealized_pnl_9": [61361, 383.9773893843878, 16675347510025.025], "margin_usage_ratio": [61361, 0.015739312174467848, 12.845143930822156]}, "pcr_min_ew": 0.979178859396137, "pcr_max_ew": 0.9999537411912239}