{"r_count": 131730.0001, "r_mean": -0.058290422422537506, "r_var": 1759.6305568862488, "tanh_k": 2.0, "feature_welford": {"unrealized_pnl": [131732, 8383.189566138872, 1722485919556198.2], "realized_pnl": [131732, 16243.65619587364, 6003456962221712.0], "compounded_returns": [131732, 6025.985032119535, 7014905204193.211], "balance": [131732, 12922697.715491576, 2.4511222198510342e+19], "position_value": [131732, 136479.34326746603, 1.9131600209409784e+16], "current_position_size": [131732, 682167.7789640599, 4.7825794528520826e+17], "last_log_ret": [131732, 0.007155442011140663, 795.3489483603171], "sortino_ratio": [131732, 3.0186006321113736, 249712026.09923917], "rolling_pnl_sigma": [131732, 0.035302319433130905, 329.91037406536753], "portfolio_cash_ratio": [131732, 0.717709734631866, 16568.213770480266], "free_collateral": [131732, 13057440.243226565, 2.441553707655854e+19], "mm_reqs": [131732, 10188.066667266741, 312486879756436.8], "unrealized_pnl_0": [131732, 9.140099969264416, 347961840209.82434], "unrealized_pnl_1": [131732, 30.939277220520744, 1439283326767.5388], "unrealized_pnl_2": [131732, 2996.981180405783, 200240043410391.4], "unrealized_pnl_3": [131732, 12205.049573598131, 5120321641469971.0], "unrealized_pnl_4": [131732, 44.73223866030707, 1471416690417.6438], "unrealized_pnl_5": [131732, 2686.345256835198, 297514261863730.2], "unrealized_pnl_6": [131732, 140.80617504855255, 4795204605656.305], "unrealized_pnl_7": [131732, 66.80963921392681, 627883725622.441], "unrealized_pnl_8": [131732, 35.18708305645384, 460775073921.2469], "unrealized_pnl_9": [131732, 819.7878089287551, 55715739443834.125], "margin_usage_ratio": [131732, 0.010143929928387157, 23.14307764637035]}, "pcr_min_ew": 0.995610564883303, "pcr_max_ew": 1.0000000000000826}