{"r_count": 359598.0001, "r_mean": -0.03522123784984353, "r_var": 2071.1417262513464, "tanh_k": 2.0, "feature_welford": {"unrealized_pnl": [359600, 16408.515770933016, 7692042713560484.0], "realized_pnl": [359600, 27750.13307395655, 2.682548400632703e+16], "compounded_returns": [359600, 13651.724836368609, 49649929346848.26], "balance": [359600, 22365745.703219738, 1.1868513809957849e+20], "position_value": [359600, 143627.593813684, 5.956000909997423e+16], "current_position_size": [359600, 717992.3711114437, 1.4889448065510252e+18], "last_log_ret": [359600, 0.008640597909547, 967.6089095536655], "sortino_ratio": [359600, 13.217363525663012, 7464246822.0623045], "rolling_pnl_sigma": [359600, 0.020251274877035364, 450.61160658609236], "portfolio_cash_ratio": [359600, 0.8302459883391071, 31756.106686896273], "free_collateral": [359600, 22514911.028628066, 1.178062272172752e+20], "mm_reqs": [359600, 10921.437982494306, 1171671464797844.2], "unrealized_pnl_0": [359600, 17.01025530807935, 479831014930.7414], "unrealized_pnl_1": [359600, 19.710222740072894, 1997150209342.4924], "unrealized_pnl_2": [359600, 10815.599286238923, 1772558397469553.0], "unrealized_pnl_3": [359600, 20792.411133119193, 2.574942606148345e+16], "unrealized_pnl_4": [359600, 155.7006597828418, 5090097682804.343], "unrealized_pnl_5": [359600, 3558.4176671498003, 838731023040309.5], "unrealized_pnl_6": [359600, 137.66223723838797, 8445656700898.475], "unrealized_pnl_7": [359600, 33.10859124292471, 969251555077.3348], "unrealized_pnl_8": [359600, 61.957014769510046, 914658636592.5797], "unrealized_pnl_9": [359600, 771.5090255170711, 94055289441504.5], "margin_usage_ratio": [359600, 0.0060378784882908045, 41.65937844182957]}, "pcr_min_ew": 0.9989892437424934, "pcr_max_ew": 0.9999999999998996}