{"r_count": 433320.0001, "r_mean": -0.032731587448551425, "r_var": 2150.3098754807065, "tanh_k": 2.0, "feature_welford": {"unrealized_pnl": [433322, 18704.995473405084, 1.0626979188300076e+16], "realized_pnl": [433322, 29789.569374369876, 3.5514440582466096e+16], "compounded_returns": [433322, 14934.129016360715, 66861220754250.984], "balance": [433322, 24094247.881591957, 1.5660568156827773e+20], "position_value": [433322, 149189.90998628017, 7.63132214917251e+16], "current_position_size": [433322, 745843.4212260458, 1.9077888237192036e+18], "last_log_ret": [433322, 0.008809382284184467, 1023.4963445823947], "sortino_ratio": [433322, 13.936182176017555, 12408857862.290606], "rolling_pnl_sigma": [433322, 0.01852496264573294, 477.74206642014195], "portfolio_cash_ratio": [433322, 0.8430843798736276, 35614.49051637169], "free_collateral": [433322, 24250738.24416749, 1.553709484959624e+20], "mm_reqs": [433322, 11467.459389889224, 1540564212453616.2], "unrealized_pnl_0": [433322, 15.072466193992787, 464510231099.57043], "unrealized_pnl_1": [433322, 12.89576771260099, 2411799992204.036], "unrealized_pnl_2": [433322, 12654.83341347081, 2516906929362437.0], "unrealized_pnl_3": [433322, 22054.88375415759, 3.3056168093158388e+16], "unrealized_pnl_4": [433322, 186.0475891257921, 6745694989169.506], "unrealized_pnl_5": [433322, 3636.045023033269, 970576395216254.9], "unrealized_pnl_6": [433322, 139.08010751609274, 9940934780492.914], "unrealized_pnl_7": [433322, 40.990444560390024, 964023267808.0027], "unrealized_pnl_8": [433322, 78.84379092959897, 1180774614892.1184], "unrealized_pnl_9": [433322, 816.3465265907304, 106440607276944.27], "margin_usage_ratio": [433322, 0.005599949012033042, 46.686746274420074]}, "pcr_min_ew": 0.9927585730587032, "pcr_max_ew": 1.0000000000000453}