{"r_count": 386406.0001, "r_mean": -0.03427391811312311, "r_var": 2107.517818497474, "tanh_k": 2.0, "feature_welford": {"unrealized_pnl": [386408, 17643.149076203215, 8964058922471022.0], "realized_pnl": [386408, 28485.444665237334, 2.9852979534438916e+16], "compounded_returns": [386408, 14116.561240301375, 55632896553009.445], "balance": [386408, 23042680.65325208, 1.3172757149639913e+20], "position_value": [386408, 145157.81577581746, 6.457974788694383e+16], "current_position_size": [386408, 725665.6381837332, 1.6144512512241385e+18], "last_log_ret": [386408, 0.008710017041370468, 991.466992595337], "sortino_ratio": [386408, 14.189817659533144, 17358951819.968975], "rolling_pnl_sigma": [386408, 0.01958093108394376, 463.5910866783073], "portfolio_cash_ratio": [386408, 0.8348931459398864, 33349.11863238693], "free_collateral": [386408, 23194541.111510165, 1.3073481457568301e+20], "mm_reqs": [386408, 10995.190414857785, 1221113171586016.2], "unrealized_pnl_0": [386408, 13.484427612600168, 455291456466.5929], "unrealized_pnl_1": [386408, 18.499418340089903, 2207109108050.114], "unrealized_pnl_2": [386408, 11704.213354822536, 2084063583701717.0], "unrealized_pnl_3": [386408, 21217.092549842964, 2.789649342127666e+16], "unrealized_pnl_4": [386408, 182.7532938483813, 6455148371019.555], "unrealized_pnl_5": [386408, 3592.2702047271337, 965353888865621.6], "unrealized_pnl_6": [386408, 144.36108574694705, 9155436612037.74], "unrealized_pnl_7": [386408, 37.97940637303316, 851065383412.9269], "unrealized_pnl_8": [386408, 67.92981573821389, 875986390978.247], "unrealized_pnl_9": [386408, 863.5408794249626, 115405412323126.1], "margin_usage_ratio": [386408, 0.005875633835927351, 43.59646674931044]}, "pcr_min_ew": 0.99930613676103, "pcr_max_ew": 0.9999999989794064}