{"r_count": 179761.0001, "r_mean": -0.04899487371205862, "r_var": 1850.4237408870465, "tanh_k": 2.0, "feature_welford": {"unrealized_pnl": [179763, 10264.634666385857, 2781424011206722.0], "realized_pnl": [179763, 20029.742701847492, 1.021250942346803e+16], "compounded_returns": [179763, 8403.501128912303, 15998137989055.715], "balance": [179763, 16093021.493634427, 4.225799052638602e+19], "position_value": [179763, 135231.77791418452, 2.642886288008827e+16], "current_position_size": [179763, 675957.1036867903, 6.606844934368908e+17], "last_log_ret": [179763, 0.007755507235685114, 834.2009007604472], "sortino_ratio": [179763, 4.705483500626951, 649703112.1608442], "rolling_pnl_sigma": [179763, 0.02931145827047129, 366.7573941652979], "portfolio_cash_ratio": [179763, 0.7629318619450747, 20439.655003350905], "free_collateral": [179763, 16228469.556442767, 4.203623380463717e+19], "mm_reqs": [179763, 10125.57521083715, 479510784082669.3], "unrealized_pnl_0": [179763, 12.568008895564173, 378788596141.3895], "unrealized_pnl_1": [179763, 23.926967337363312, 1607439214944.5654], "unrealized_pnl_2": [179763, 4945.741692745462, 401234669159015.2], "unrealized_pnl_3": [179763, 15316.865290320091, 9570841916503212.0], "unrealized_pnl_4": [179763, 71.91476069055676, 2347418452879.981], "unrealized_pnl_5": [179763, 2994.976308589963, 391174453690669.94], "unrealized_pnl_6": [179763, 137.81517584461898, 5392640061757.476], "unrealized_pnl_7": [179763, 58.38395489673538, 665712410618.8171], "unrealized_pnl_8": [179763, 33.23042867338899, 531541329478.89813], "unrealized_pnl_9": [179763, 699.1751250759029, 63058603360366.21], "margin_usage_ratio": [179763, 0.008462546478858777, 27.770364147303876]}, "pcr_min_ew": 0.9909953582068938, "pcr_max_ew": 0.9999999699905124}