{"r_count": 442256.0001, "r_mean": -0.03242471720027476, "r_var": 2162.611399151573, "tanh_k": 2.0, "feature_welford": {"unrealized_pnl": [442258, 19269.361998487813, 1.1041343910278168e+16], "realized_pnl": [442258, 30093.344536254088, 3.601621989179751e+16], "compounded_returns": [442258, 15136.43099669982, 69515856107815.34], "balance": [442258, 24377512.800219968, 1.626319035671729e+20], "position_value": [442258, 148562.82341427234, 7.714540852321382e+16], "current_position_size": [442258, 742705.0711179117, 1.9285948983894743e+18], "last_log_ret": [442258, 0.008831330877413994, 1031.675016463521], "sortino_ratio": [442258, 15.634527699741048, 19174601239.68568], "rolling_pnl_sigma": [442258, 0.01835353167290125, 482.1993779081988], "portfolio_cash_ratio": [442258, 0.8437370874065782, 36308.27039411977], "free_collateral": [442258, 24534118.825701494, 1.6135195967676288e+20], "mm_reqs": [442258, 11278.884546803967, 1477107169763855.8], "unrealized_pnl_0": [442258, 12.94606996954179, 471367479184.7646], "unrealized_pnl_1": [442258, 15.429537222190046, 2371653714121.485], "unrealized_pnl_2": [442258, 13082.246559072379, 2706626245815196.5], "unrealized_pnl_3": [442258, 22482.185607959254, 3.3901210318430836e+16], "unrealized_pnl_4": [442258, 192.6087557272203, 7406739074942.007], "unrealized_pnl_5": [442258, 3710.4137215561186, 1081208784788594.6], "unrealized_pnl_6": [442258, 143.53430370312813, 10205906231801.73], "unrealized_pnl_7": [442258, 38.98991633207966, 912103399231.4247], "unrealized_pnl_8": [442258, 81.17724431898782, 1078886331351.6427], "unrealized_pnl_9": [442258, 923.3281216689247, 130975303077723.77], "margin_usage_ratio": [442258, 0.005567877505876381, 47.35666317319978]}, "pcr_min_ew": 0.9948287849064458, "pcr_max_ew": 0.9999999992060267}