{"r_count": 291461.0001, "r_mean": -0.038778579948800684, "r_var": 2001.3553549634842, "tanh_k": 2.0, "feature_welford": {"unrealized_pnl": [291463, 14030.731088552298, 5491445209892024.0], "realized_pnl": [291463, 25189.449666158394, 2.052815156343646e+16], "compounded_returns": [291463, 12001.862309385779, 34819175545679.594], "balance": [291463, 20329898.63945955, 8.586393407368769e+19], "position_value": [291463, 141433.25895604712, 4.654412005666014e+16], "current_position_size": [291463, 707011.2790915892, 1.1635569075858414e+18], "last_log_ret": [291463, 0.008414590535322699, 920.2131788423923], "sortino_ratio": [291463, 9.280574439047598, 4134512321.6486897], "rolling_pnl_sigma": [291463, 0.022553414738065738, 425.16004634188954], "portfolio_cash_ratio": [291463, 0.8137753362139336, 27743.487372839107], "free_collateral": [291463, 20474662.940390978, 8.526464957581817e+19], "mm_reqs": [291463, 10767.641290221769, 890375768704640.9], "unrealized_pnl_0": [291463, 15.060151746011018, 431374301511.19635], "unrealized_pnl_1": [291463, 17.21811105220248, 1853815718559.6604], "unrealized_pnl_2": [291463, 8818.753884740283, 1122109804472166.0], "unrealized_pnl_3": [291463, 18489.95882353738, 1.8942790244407136e+16], "unrealized_pnl_4": [291463, 144.10163475807994, 3807088378715.5195], "unrealized_pnl_5": [291463, 3459.611902181803, 687405646117833.1], "unrealized_pnl_6": [291463, 148.18007196371732, 7311966149720.919], "unrealized_pnl_7": [291463, 41.74215325786555, 751860776982.9591], "unrealized_pnl_8": [291463, 43.17169059797627, 728913217959.3644], "unrealized_pnl_9": [291463, 666.9230547629182, 72132159531701.28], "margin_usage_ratio": [291463, 0.006631300036071807, 36.74085105003893]}, "pcr_min_ew": 0.9944150471184704, "pcr_max_ew": 0.9999999944395392}