{"r_count": 187580.0001, "r_mean": -0.04777796805805971, "r_var": 1856.5255447834074, "tanh_k": 2.0, "feature_welford": {"unrealized_pnl": [187582, 10881.676119376974, 3061387152053081.0], "realized_pnl": [187582, 20391.430542210725, 1.061485539895963e+16], "compounded_returns": [187582, 8901.395308394074, 16111772042752.193], "balance": [187582, 16299071.848114833, 4.404973476624614e+19], "position_value": [187582, 136665.6110768133, 2.766569892486514e+16], "current_position_size": [187582, 683089.9780302375, 6.915905688647087e+17], "last_log_ret": [187582, 0.007818217653292681, 837.2295454779024], "sortino_ratio": [187582, 5.226881750812225, 715832802.7321187], "rolling_pnl_sigma": [187582, 0.028593850400347367, 368.8303974597327], "portfolio_cash_ratio": [187582, 0.7680590573528324, 21011.61197041145], "free_collateral": [187582, 16436566.85244488, 4.379789522881368e+19], "mm_reqs": [187582, 10103.500669270717, 475462306442299.25], "unrealized_pnl_0": [187582, 12.143762906691306, 371314100622.50085], "unrealized_pnl_1": [187582, 33.813312928290316, 1639557192374.5847], "unrealized_pnl_2": [187582, 5212.07575834239, 427887571174335.2], "unrealized_pnl_3": [187582, 15598.11912896597, 1.019254542469862e+16], "unrealized_pnl_4": [187582, 74.4285018174029, 2114079797046.4626], "unrealized_pnl_5": [187582, 3313.9897331218826, 507641763862103.3], "unrealized_pnl_6": [187582, 122.06279681040813, 5269597012323.332], "unrealized_pnl_7": [187582, 50.16819913515449, 830657025812.8971], "unrealized_pnl_8": [187582, 35.315436477429934, 588721283288.7212], "unrealized_pnl_9": [187582, 653.3349311006774, 53078299053194.02], "margin_usage_ratio": [187582, 0.008273667269028938, 28.449080235514224]}, "pcr_min_ew": 0.9867428481618032, "pcr_max_ew": 0.9999999884192549}