{"r_count": 123167.0001, "r_mean": -0.06017214231809168, "r_var": 1749.7652643225094, "tanh_k": 2.0, "feature_welford": {"unrealized_pnl": [123169, 7635.459405790981, 1397122066272132.0], "realized_pnl": [123169, 15316.944778583173, 4920647916094563.0], "compounded_returns": [123169, 5536.455550278955, 6999840683556.658], "balance": [123169, 12309638.139533004, 2.2006109532486447e+19], "position_value": [123169, 136672.64232946257, 1.7876860708507816e+16], "current_position_size": [123169, 683020.3043513683, 4.467513975842569e+17], "last_log_ret": [123169, 0.007051664986636697, 784.7566906527815], "sortino_ratio": [123169, 2.386983614404569, 172433077.19915888], "rolling_pnl_sigma": [123169, 0.036546117323337735, 321.092324092451], "portfolio_cash_ratio": [123169, 0.7072408328319472, 15763.94784086018], "free_collateral": [123169, 12443991.25039273, 2.1925111105872765e+19], "mm_reqs": [123169, 10015.128870305116, 270291998163263.47], "unrealized_pnl_0": [123169, 11.352633271405109, 337826819016.33734], "unrealized_pnl_1": [123169, 33.95092335086542, 1478228896560.1147], "unrealized_pnl_2": [123169, 2672.43849722428, 171247755070513.4], "unrealized_pnl_3": [123169, 11087.243068793583, 4266534716049537.0], "unrealized_pnl_4": [123169, 42.93627546372228, 1424465703430.1382], "unrealized_pnl_5": [123169, 2956.079009864154, 331148248593610.94], "unrealized_pnl_6": [123169, 118.00147701410481, 4308773002713.323], "unrealized_pnl_7": [123169, 75.34340348703567, 677507540561.0852], "unrealized_pnl_8": [123169, 34.01775300579048, 452613088138.98944], "unrealized_pnl_9": [123169, 716.5858767665324, 43898827642272.71], "margin_usage_ratio": [123169, 0.010512361789398373, 22.058424510304746]}, "pcr_min_ew": 0.9936937017496279, "pcr_max_ew": 0.999999999440986}