{"r_count": 247898.0001, "r_mean": -0.041576933263610207, "r_var": 1942.2649273997715, "tanh_k": 2.0, "feature_welford": {"unrealized_pnl": [247900, 12761.049715913889, 4292160690421360.5], "realized_pnl": [247900, 23730.039203153035, 1.6046194221744654e+16], "compounded_returns": [247900, 11020.860242071383, 27162915189079.664], "balance": [247900, 18988405.05571804, 6.854677185566888e+19], "position_value": [247900, 138315.67730681613, 3.8037260320521224e+16], "current_position_size": [247900, 691388.7082916173, 9.508808053309092e+17], "last_log_ret": [247900, 0.008225278157770483, 884.1504378896456], "sortino_ratio": [247900, 9.050502680831098, 3306021151.8295774], "rolling_pnl_sigma": [247900, 0.02450829634693517, 402.65001613004193], "portfolio_cash_ratio": [247900, 0.7986101300162542, 25117.346780888667], "free_collateral": [247900, 19129146.99870747, 6.810156274903378e+19], "mm_reqs": [247900, 10387.717446257753, 709889132343615.9], "unrealized_pnl_0": [247900, 16.965186581483216, 438587875752.7452], "unrealized_pnl_1": [247900, 27.319374994249078, 1771908446746.335], "unrealized_pnl_2": [247900, 7374.47934523001, 791013923804561.0], "unrealized_pnl_3": [247900, 17821.916398412715, 1.5348318932158268e+16], "unrealized_pnl_4": [247900, 106.05260686801616, 3196284684207.781], "unrealized_pnl_5": [247900, 3455.3377680100443, 618554386076589.2], "unrealized_pnl_6": [247900, 128.3361218822873, 5826918918398.623], "unrealized_pnl_7": [247900, 41.82028343894506, 875526181108.7981], "unrealized_pnl_8": [247900, 39.5373572150113, 634099574145.3804], "unrealized_pnl_9": [247900, 671.0909016092095, 65146351308445.5], "margin_usage_ratio": [247900, 0.007162306543035386, 33.427374429621224]}, "pcr_min_ew": 0.9906284817964095, "pcr_max_ew": 0.999999999584007}