{"r_count": 178644.0001, "r_mean": -0.04945444983080027, "r_var": 1850.2228710181234, "tanh_k": 2.0, "feature_welford": {"unrealized_pnl": [178646, 10740.782191950308, 3059235701057030.0], "realized_pnl": [178646, 19745.55534632681, 1.019569766204894e+16], "compounded_returns": [178646, 8357.248501171756, 14058245556799.521], "balance": [178646, 15880181.509790432, 4.073138663153826e+19], "position_value": [178646, 136336.06925480676, 2.6359396557866124e+16], "current_position_size": [178646, 681490.9029293562, 6.589442822645466e+17], "last_log_ret": [178646, 0.0077401576637262616, 836.1826636393454], "sortino_ratio": [178646, 4.129016274052205, 484313652.86761785], "rolling_pnl_sigma": [178646, 0.02958328180049737, 366.7294825289901], "portfolio_cash_ratio": [178646, 0.7608370366009088, 20456.70617002302], "free_collateral": [178646, 16017116.435827687, 4.051134166455682e+19], "mm_reqs": [178646, 10211.806446602348, 453656118679856.56], "unrealized_pnl_0": [178646, 11.946372531403444, 372578654956.3349], "unrealized_pnl_1": [178646, 26.942483759651, 1547956766431.708], "unrealized_pnl_2": [178646, 5019.661142442692, 399672070866753.9], "unrealized_pnl_3": [178646, 15079.745559783601, 9522544370742660.0], "unrealized_pnl_4": [178646, 76.56232904557471, 1729615434329.3782], "unrealized_pnl_5": [178646, 3011.7443337692907, 413658923491374.75], "unrealized_pnl_6": [178646, 159.5623565565032, 6959682395309.562], "unrealized_pnl_7": [178646, 57.32427245448844, 689445774195.5022], "unrealized_pnl_8": [178646, 34.34399814224274, 498619088999.50433], "unrealized_pnl_9": [178646, 810.563300618219, 70364535142692.78], "margin_usage_ratio": [178646, 0.008546294967923737, 27.78851860857716]}, "pcr_min_ew": 0.9989391912630811, "pcr_max_ew": 0.9999999595736855}