{"r_count": 426618.0001, "r_mean": -0.032811204607231616, "r_var": 2138.5964602081026, "tanh_k": 2.0, "feature_welford": {"unrealized_pnl": [426620, 18696.58738339815, 1.033933690010633e+16], "realized_pnl": [426620, 29799.50393857851, 3.4683961274125292e+16], "compounded_returns": [426620, 14950.183069565082, 66027073703565.09], "balance": [426620, 24074595.63402004, 1.5525216502930607e+20], "position_value": [426620, 147777.41869749237, 7.418024130507051e+16], "current_position_size": [426620, 738753.6971682449, 1.8544460743212255e+18], "last_log_ret": [426620, 0.008800812443948236, 1016.1219129856429], "sortino_ratio": [426620, 15.179546744103622, 23598676507.54324], "rolling_pnl_sigma": [426620, 0.018639297282733423, 473.832496399338], "portfolio_cash_ratio": [426620, 0.8418478845506357, 35373.47596847594], "free_collateral": [426620, 24229808.410678204, 1.540480097530454e+20], "mm_reqs": [426620, 11309.87167367535, 1511660748917664.0], "unrealized_pnl_0": [426620, 15.422703070538027, 498092149863.0921], "unrealized_pnl_1": [426620, 19.723463884616585, 2210437388254.7583], "unrealized_pnl_2": [426620, 12594.178796348642, 2509700636427040.0], "unrealized_pnl_3": [426620, 22365.833652088804, 3.2958382778811316e+16], "unrealized_pnl_4": [426620, 171.00850686411792, 6091855739348.746], "unrealized_pnl_5": [426620, 3715.8886045120985, 993535664638144.0], "unrealized_pnl_6": [426620, 129.95659258675022, 8803847524784.484], "unrealized_pnl_7": [426620, 33.6376139378407, 991398207548.2952], "unrealized_pnl_8": [426620, 79.67368902633781, 1151748627808.5234], "unrealized_pnl_9": [426620, 860.6807866872787, 114424579938940.64], "margin_usage_ratio": [426620, 0.0056329050518662965, 46.258153445632956]}, "pcr_min_ew": 0.995567480567221, "pcr_max_ew": 0.9999556725852253}