{"r_count": 387523.0001, "r_mean": -0.034235189692688156, "r_var": 2108.6723106259165, "tanh_k": 2.0, "feature_welford": {"unrealized_pnl": [387525, 17681.411459440424, 9011860385815818.0], "realized_pnl": [387525, 28527.03511181068, 3.0001827100722604e+16], "compounded_returns": [387525, 14141.37984390622, 55940979451422.71], "balance": [387525, 23077022.01497649, 1.3243944737963149e+20], "position_value": [387525, 145201.60855942947, 6.4814279910388856e+16], "current_position_size": [387525, 725884.957856971, 1.6203145727436434e+18], "last_log_ret": [387525, 0.008712893604304666, 992.3042862952979], "sortino_ratio": [387525, 14.209109029607507, 17374040531.421795], "rolling_pnl_sigma": [387525, 0.019554750550154393, 463.9941607068006], "portfolio_cash_ratio": [387525, 0.8350939678910878, 33410.17356053818], "free_collateral": [387525, 23228960.06886315, 1.3144043139639837e+20], "mm_reqs": [387525, 10999.649371921132, 1226371374596163.5], "unrealized_pnl_0": [387525, 13.453735473231482, 455302955900.71326], "unrealized_pnl_1": [387525, 18.44218513911219, 2207111459518.092], "unrealized_pnl_2": [387525, 11729.88249112772, 2093525182102132.8], "unrealized_pnl_3": [387525, 21240.237735935316, 2.8015816817408204e+16], "unrealized_pnl_4": [387525, 183.5275049792455, 6489176116280.299], "unrealized_pnl_5": [387525, 3600.196926095472, 969249407690771.4], "unrealized_pnl_6": [387525, 143.891803768858, 9157168421539.475], "unrealized_pnl_7": [387525, 38.0036010707528, 851262360252.637], "unrealized_pnl_8": [387525, 67.99825540343514, 877560386158.7883], "unrealized_pnl_9": [387525, 863.7110863379175, 115584758536544.69], "margin_usage_ratio": [387525, 0.005868735996134787, 43.67745575260832]}, "pcr_min_ew": 0.9875424675339992, "pcr_max_ew": 0.999999999249406}