{"r_count": 146251.0001, "r_mean": -0.05481713279466309, "r_var": 1786.9982678219055, "tanh_k": 2.0, "feature_welford": {"unrealized_pnl": [146253, 9133.25480536693, 2213205254344625.5], "realized_pnl": [146253, 17345.024115255423, 7610060993292351.0], "compounded_returns": [146253, 6873.692164726577, 9429642525347.963], "balance": [146253, 13903475.686600264, 2.9458656400046625e+19], "position_value": [146253, 139201.73251302837, 2.1997840616134796e+16], "current_position_size": [146253, 695757.5000198614, 5.4990805740968685e+17], "last_log_ret": [146253, 0.0073686139377069715, 805.312636729816], "sortino_ratio": [146253, 2.721904758918352, 187811821.4424261], "rolling_pnl_sigma": [146253, 0.03303888412971855, 340.93899632991804], "portfolio_cash_ratio": [146253, 0.7352734028855121, 17698.298493067497], "free_collateral": [146253, 14041521.428069646, 2.932593813523497e+19], "mm_reqs": [146253, 10363.868516883536, 369154759904645.56], "unrealized_pnl_0": [146253, 13.4807227031197, 373758286299.55194], "unrealized_pnl_1": [146253, 24.874789679472055, 1524086576028.4966], "unrealized_pnl_2": [146253, 3552.7727834944194, 246520117913737.7], "unrealized_pnl_3": [146253, 13760.076263141493, 7241286546134576.0], "unrealized_pnl_4": [146253, 68.34691430726745, 1890670688430.9822], "unrealized_pnl_5": [146253, 2891.7295094462843, 349171494463585.6], "unrealized_pnl_6": [146253, 133.7926902198589, 4977692323532.954], "unrealized_pnl_7": [146253, 66.83833711410261, 686409203727.6575], "unrealized_pnl_8": [146253, 29.90567071040546, 589452649067.31], "unrealized_pnl_9": [146253, 633.9200685386149, 48238037203440.37], "margin_usage_ratio": [146253, 0.009509147776604238, 24.56293177017803]}, "pcr_min_ew": 0.9785334822332971, "pcr_max_ew": 0.999999999999931}