{"r_count": 114975.0001, "r_mean": -0.0631450779050963, "r_var": 1730.2899359366265, "tanh_k": 2.0, "feature_welford": {"unrealized_pnl": [114977, 7283.009370383863, 1309790894671151.5], "realized_pnl": [114977, 13928.698274691464, 4369465047214482.0], "compounded_returns": [114977, 4756.307340979183, 6491133324060.129], "balance": [114977, 11400798.075009713, 1.873437342134276e+19], "position_value": [114977, 137029.87764076522, 1.6553091813996218e+16], "current_position_size": [114977, 684822.291107883, 4.137889130733387e+17], "last_log_ret": [114977, 0.0068325405487439815, 782.9122943217565], "sortino_ratio": [114977, 2.236305770703202, 161797377.27591828], "rolling_pnl_sigma": [114977, 0.03831938108327969, 316.55729044140213], "portfolio_cash_ratio": [114977, 0.6953230665255028, 14905.42568981182], "free_collateral": [114977, 11535150.509963468, 1.8669052181886915e+19], "mm_reqs": [114977, 10025.360309759413, 252067294888026.84], "unrealized_pnl_0": [114977, 10.927348963614712, 340841241687.84705], "unrealized_pnl_1": [114977, 30.836306234761928, 1514989345613.8027], "unrealized_pnl_2": [114977, 2626.3359368890465, 151664254377633.94], "unrealized_pnl_3": [114977, 11189.980650259698, 4257366633451695.0], "unrealized_pnl_4": [114977, 42.04502148253983, 1476117811117.2356], "unrealized_pnl_5": [114977, 2567.057956771921, 249283732216412.7], "unrealized_pnl_6": [114977, 131.67300519215843, 4252165020942.95], "unrealized_pnl_7": [114977, 65.63048152851205, 643351553268.1387], "unrealized_pnl_8": [114977, 26.022016317071014, 459092420960.02277], "unrealized_pnl_9": [114977, 634.1338556632643, 38381111574764.22], "margin_usage_ratio": [114977, 0.01098112520206025, 21.215811724795543]}, "pcr_min_ew": 0.9961820615699511, "pcr_max_ew": 0.999999999118734}