{"r_count": 122794.0001, "r_mean": -0.06013400496364151, "r_var": 1732.455189747383, "tanh_k": 2.0, "feature_welford": {"unrealized_pnl": [122796, 7330.244712494263, 1285843438768222.0], "realized_pnl": [122796, 14955.37597456136, 4570359607108396.0], "compounded_returns": [122796, 5544.270367646501, 5712001950510.139], "balance": [122796, 11903312.974081613, 1.998144710623647e+19], "position_value": [122796, 136229.83122444578, 1.735143029000602e+16], "current_position_size": [122796, 680795.916038902, 4.337333022802952e+17], "last_log_ret": [122796, 0.006983506094064942, 781.5913490849093], "sortino_ratio": [122796, 2.5121299820936542, 171566745.0491174], "rolling_pnl_sigma": [122796, 0.036581843586713556, 318.42632159003847], "portfolio_cash_ratio": [122796, 0.7080411489881139, 15694.817294415687], "free_collateral": [122796, 12037087.88733045, 1.990646049805236e+19], "mm_reqs": [122796, 9842.63820092014, 254421869551853.97], "unrealized_pnl_0": [122796, 6.24696831077465, 352949407495.49], "unrealized_pnl_1": [122796, 38.15151286494711, 1419070375180.9456], "unrealized_pnl_2": [122796, 2671.8844044009215, 172393675435031.44], "unrealized_pnl_3": [122796, 11023.21091466395, 4016516577452432.5], "unrealized_pnl_4": [122796, 42.33729216875675, 1275293631506.2878], "unrealized_pnl_5": [122796, 2919.8595926535027, 331297142723897.44], "unrealized_pnl_6": [122796, 94.1139343186875, 3920388941807.9907], "unrealized_pnl_7": [122796, 60.46439470853928, 573198474059.3257], "unrealized_pnl_8": [122796, 29.811198811826348, 479644519049.66736], "unrealized_pnl_9": [122796, 672.8622957904348, 38259431977275.32], "margin_usage_ratio": [122796, 0.010485084519817382, 22.030503855496868]}, "pcr_min_ew": 0.9875743003938773, "pcr_max_ew": 0.9999999999999678}