{"r_count": 489170.0001, "r_mean": -0.031106883203183243, "r_var": 2197.470797353233, "tanh_k": 2.0, "feature_welford": {"unrealized_pnl": [489172, 20192.03023504952, 1.2644775277571638e+16], "realized_pnl": [489172, 31234.566790898123, 4.173224320309887e+16], "compounded_returns": [489172, 15878.943081941057, 80921934025675.52], "balance": [489172, 25288461.329331882, 1.8858366595536624e+20], "position_value": [489172, 151252.5276330408, 8.820239718632248e+16], "current_position_size": [489172, 756141.6020857565, 2.2050001524311647e+18], "last_log_ret": [489172, 0.008911546183957208, 1060.9660477863777], "sortino_ratio": [489172, 16.673525559871738, 28123105187.950787], "rolling_pnl_sigma": [489172, 0.017499242972749532, 493.3806540497964], "portfolio_cash_ratio": [489172, 0.8499991998355686, 38614.68738894005], "free_collateral": [489172, 25448410.290988114, 1.870534563134549e+20], "mm_reqs": [489172, 11543.11149977439, 1780682114044314.8], "unrealized_pnl_0": [489172, 14.426076329548373, 527804977730.27936], "unrealized_pnl_1": [489172, 19.458461421132853, 2415021362437.5264], "unrealized_pnl_2": [489172, 13848.313086205642, 3186313044058117.5], "unrealized_pnl_3": [489172, 23627.2756499204, 3.995446151671908e+16], "unrealized_pnl_4": [489172, 181.90027587864884, 6993695777365.613], "unrealized_pnl_5": [489172, 3887.968401306314, 1152253461904286.8], "unrealized_pnl_6": [489172, 123.73377442260522, 9266238856210.928], "unrealized_pnl_7": [489172, 34.24998979789288, 1047358369901.7759], "unrealized_pnl_8": [489172, 93.74078363174158, 1399375943744.7058], "unrealized_pnl_9": [489172, 945.487405150669, 138964142848424.02], "margin_usage_ratio": [489172, 0.005349857986601627, 50.42382736889033]}, "pcr_min_ew": 0.992546943448725, "pcr_max_ew": 0.9999999930282402}