{"r_count": 163006.0001, "r_mean": -0.0514896470090614, "r_var": 1815.0804823892772, "tanh_k": 2.0, "feature_welford": {"unrealized_pnl": [163008, 9718.616815231164, 2488397569948790.0], "realized_pnl": [163008, 18775.664046038924, 8455677619053911.0], "compounded_returns": [163008, 7815.108282212599, 12022746175419.895], "balance": [163008, 14935236.056704385, 3.5002861562833084e+19], "position_value": [163008, 136422.1965742742, 2.3736502609725348e+16], "current_position_size": [163008, 681844.8749113806, 5.933601992082255e+17], "last_log_ret": [163008, 0.007576589423623238, 817.3834875494331], "sortino_ratio": [163008, 4.035497213764321, 404487781.41000164], "rolling_pnl_sigma": [163008, 0.031006312063191842, 352.16576237439443], "portfolio_cash_ratio": [163008, 0.7500744782390038, 19149.183145686464], "free_collateral": [163008, 15071448.10213545, 3.4821365471077143e+19], "mm_reqs": [163008, 9981.892413747451, 384261255548525.94], "unrealized_pnl_0": [163008, 9.224051081777988, 359732139890.8568], "unrealized_pnl_1": [163008, 36.98323217276783, 1608202572488.9714], "unrealized_pnl_2": [163008, 4173.5128623521305, 307114879270543.94], "unrealized_pnl_3": [163008, 14475.008223042716, 8169607379423580.0], "unrealized_pnl_4": [163008, 58.14245362081507, 1866936982226.5476], "unrealized_pnl_5": [163008, 3248.1536649345794, 468681593327519.9], "unrealized_pnl_6": [163008, 105.50429113691835, 4343447903552.762], "unrealized_pnl_7": [163008, 54.43726995673458, 808646694363.9928], "unrealized_pnl_8": [163008, 33.40544451919198, 505749455121.10944], "unrealized_pnl_9": [163008, 636.5345575896629, 45977733919193.28], "margin_usage_ratio": [163008, 0.008931770395650948, 26.185524991513038]}, "pcr_min_ew": 0.9924710640454562, "pcr_max_ew": 0.9999999999999787}