{"r_count": 112741.0001, "r_mean": -0.06331966702061262, "r_var": 1710.2354449098386, "tanh_k": 2.0, "feature_welford": {"unrealized_pnl": [112743, 7463.013189064782, 1421887841823284.8], "realized_pnl": [112743, 14347.299289434135, 4904430476231615.0], "compounded_returns": [112743, 4976.169547995949, 5085348924041.492], "balance": [112743, 11397905.151963737, 1.8841945738597855e+19], "position_value": [112743, 138442.56195600817, 1.647740358984933e+16], "current_position_size": [112743, 691921.8182154099, 4.118985185035412e+17], "last_log_ret": [112743, 0.006791469695487944, 773.4918060891196], "sortino_ratio": [112743, 1.8150796400329605, 81612237.41135907], "rolling_pnl_sigma": [112743, 0.038495603997793226, 309.66760793447594], "portfolio_cash_ratio": [112743, 0.6934074704895102, 14669.38855999092], "free_collateral": [112743, 11533711.162150215, 1.8785056934587466e+19], "mm_reqs": [112743, 10172.448309351244, 260152502272780.7], "unrealized_pnl_0": [112743, 10.142217451924145, 362118328016.25085], "unrealized_pnl_1": [112743, 36.262725802059045, 1458105466376.3293], "unrealized_pnl_2": [112743, 2452.374327645102, 152781757954028.3], "unrealized_pnl_3": [112743, 11557.246867297803, 4410802591685073.5], "unrealized_pnl_4": [112743, 55.61616329811516, 1731354457265.2622], "unrealized_pnl_5": [112743, 2454.7402538835813, 252374096462096.4], "unrealized_pnl_6": [112743, 136.51507182680726, 4708533340843.244], "unrealized_pnl_7": [112743, 70.19686373376085, 591109238584.2509], "unrealized_pnl_8": [112743, 29.506670305448154, 564621064900.9686], "unrealized_pnl_9": [112743, 643.3692555370195, 38358247085928.26], "margin_usage_ratio": [112743, 0.011041304903473598, 20.8251094398951]}, "pcr_min_ew": 0.9891082879727683, "pcr_max_ew": 0.9999999641839277}