{"r_count": 125028.0001, "r_mean": -0.060254310949591695, "r_var": 1755.3950713355462, "tanh_k": 2.0, "feature_welford": {"unrealized_pnl": [125030, 7681.076460752655, 1445841341520658.5], "realized_pnl": [125030, 15075.669502404844, 5235995411665073.0], "compounded_returns": [125030, 5444.330459861654, 7927076108131.806], "balance": [125030, 12329541.742073856, 2.2315506494293963e+19], "position_value": [125030, 136982.48993370368, 1.819239633917619e+16], "current_position_size": [125030, 684611.651902608, 4.5477150950955584e+17], "last_log_ret": [125030, 0.007034579806615131, 792.9607851018526], "sortino_ratio": [125030, 2.6222381428569665, 236130896.59097558], "rolling_pnl_sigma": [125030, 0.03647197294111919, 326.86588240620205], "portfolio_cash_ratio": [125030, 0.7097772964513592, 15856.205377078666], "free_collateral": [125030, 12464229.417573666, 2.222506713519594e+19], "mm_reqs": [125030, 10054.099290478762, 285835549151499.25], "unrealized_pnl_0": [125030, 12.543593057544841, 348793362627.80524], "unrealized_pnl_1": [125030, 29.40894164282302, 1530868504102.5496], "unrealized_pnl_2": [125030, 3023.813208447106, 184621153263822.97], "unrealized_pnl_3": [125030, 12120.477898017647, 5135975807189066.0], "unrealized_pnl_4": [125030, 44.774225469441966, 1496927904220.4993], "unrealized_pnl_5": [125030, 2710.0659430510755, 281174674374695.62], "unrealized_pnl_6": [125030, 127.73269056814718, 4326836747794.707], "unrealized_pnl_7": [125030, 68.83268764728955, 692383428862.7007], "unrealized_pnl_8": [125030, 25.456192251452165, 485556995290.5541], "unrealized_pnl_9": [125030, 649.7520836603312, 40945561234029.06], "margin_usage_ratio": [125030, 0.01045021026463276, 22.39870840269671]}, "pcr_min_ew": 0.9898717176382023, "pcr_max_ew": 0.9999999974302508}