{"r_count": 202101.0001, "r_mean": -0.04597056736722842, "r_var": 1878.9453383970267, "tanh_k": 2.0, "feature_welford": {"unrealized_pnl": [202103, 11383.630659217148, 3326568598478198.5], "realized_pnl": [202103, 21354.38888840999, 1.1847271849353956e+16], "compounded_returns": [202103, 9481.318458520947, 18674105528191.71], "balance": [202103, 17032194.83033761, 4.968999515677126e+19], "position_value": [202103, 137040.9033596651, 3.0039299876394572e+16], "current_position_size": [202103, 684983.5440097708, 7.509307613438428e+17], "last_log_ret": [202103, 0.007936787654821326, 848.7025127004855], "sortino_ratio": [202103, 5.698608465638262, 815608169.573274], "rolling_pnl_sigma": [202103, 0.02741873790806416, 377.754754676029], "portfolio_cash_ratio": [202103, 0.7767814640307745, 22053.16769132515], "free_collateral": [202103, 17170486.2976653, 4.939430767290312e+19], "mm_reqs": [202103, 10185.289995408451, 529836660516674.56], "unrealized_pnl_0": [202103, 13.07380864761651, 373273234783.1145], "unrealized_pnl_1": [202103, 33.05079297093641, 1678339025366.2595], "unrealized_pnl_2": [202103, 5782.54774335599, 507591789630100.0], "unrealized_pnl_3": [202103, 16182.814272688645, 1.1300316545975692e+16], "unrealized_pnl_4": [202103, 78.37286834811228, 2359004356160.1997], "unrealized_pnl_5": [202103, 3353.926136687163, 529390222909017.7], "unrealized_pnl_6": [202103, 123.47332928354055, 5339456433674.744], "unrealized_pnl_7": [202103, 47.070952250235834, 831988096862.2107], "unrealized_pnl_8": [202103, 36.68286944814303, 604849590914.6315], "unrealized_pnl_9": [202103, 662.0079060294598, 56063594081130.27], "margin_usage_ratio": [202103, 0.007952341906837633, 29.694402551930615]}, "pcr_min_ew": 0.9847413288021314, "pcr_max_ew": 0.9999999985106922}