{"r_count": 198750.0001, "r_mean": -0.046375204998388785, "r_var": 1873.935834288086, "tanh_k": 2.0, "feature_welford": {"unrealized_pnl": [198752, 11241.158660567571, 3272527699749682.0], "realized_pnl": [198752, 21135.87473423157, 1.1579591772711512e+16], "compounded_returns": [198752, 9342.63535621054, 18029682127221.824], "balance": [198752, 16859462.2052464, 4.831673919013241e+19], "position_value": [198752, 136965.96001866081, 2.9507748032408444e+16], "current_position_size": [198752, 684605.1018024639, 7.37641931569246e+17], "last_log_ret": [198752, 0.007910594583815135, 846.1503842256758], "sortino_ratio": [198752, 5.642416039520549, 807313207.1089035], "rolling_pnl_sigma": [198752, 0.027679093191206122, 375.75847371438635], "portfolio_cash_ratio": [198752, 0.7748374390519865, 21818.701569332872], "free_collateral": [198752, 16997555.59693483, 4.803188672915596e+19], "mm_reqs": [198752, 10166.178412932057, 518033034173123.44], "unrealized_pnl_0": [198752, 12.90944848420375, 373079031414.0086], "unrealized_pnl_1": [198752, 33.59941862734369, 1668461531984.5347], "unrealized_pnl_2": [198752, 5577.783853072322, 476152279509118.5], "unrealized_pnl_3": [198752, 16099.858523749122, 1.1094940946886652e+16], "unrealized_pnl_4": [198752, 75.68998737867611, 2328694687776.7744], "unrealized_pnl_5": [198752, 3350.1587777297145, 526535633786117.44], "unrealized_pnl_6": [198752, 124.30763031344937, 5329181748408.862], "unrealized_pnl_7": [198752, 47.70290828329142, 831848464204.3927], "unrealized_pnl_8": [198752, 36.46735053858553, 603471737299.8805], "unrealized_pnl_9": [198752, 665.300669568812, 55875684131029.66], "margin_usage_ratio": [198752, 0.008022995094078979, 29.41092991355947]}, "pcr_min_ew": 0.9905791456582435, "pcr_max_ew": 0.9999999981869804}