{"r_count": 254600.0001, "r_mean": -0.041057285104452425, "r_var": 1950.9846315235782, "tanh_k": 2.0, "feature_welford": {"unrealized_pnl": [254602, 13019.616715349035, 4460190467515154.5], "realized_pnl": [254602, 24119.653788887383, 1.6770334533908804e+16], "compounded_returns": [254602, 11238.270592821016, 28596859776595.73], "balance": [254602, 19277455.601276767, 7.1820141258590904e+19], "position_value": [254602, 138696.98161286785, 3.929910546087859e+16], "current_position_size": [254602, 693285.5495456067, 9.824183373187713e+17], "last_log_ret": [254602, 0.008260807793595271, 889.3541421434091], "sortino_ratio": [254602, 9.085534903140994, 3338852450.4133277], "rolling_pnl_sigma": [254602, 0.024164486443164362, 405.97987100695775], "portfolio_cash_ratio": [254602, 0.8012164615970728, 25540.857702246933], "free_collateral": [254602, 19418771.781515874, 7.1349961114590446e+19], "mm_reqs": [254602, 10453.258434797835, 744766172984271.1], "unrealized_pnl_0": [254602, 17.080523362796672, 439599937337.32935], "unrealized_pnl_1": [254602, 26.868497424743087, 1775293785571.984], "unrealized_pnl_2": [254602, 7637.711498541147, 846155432113069.0], "unrealized_pnl_3": [254602, 18091.03232160985, 1.5998747458102372e+16], "unrealized_pnl_4": [254602, 112.87387649091184, 3345625946966.677], "unrealized_pnl_5": [254602, 3467.206968245201, 630301282840580.6], "unrealized_pnl_6": [254602, 127.78118593789159, 5968975389095.6045], "unrealized_pnl_7": [254602, 40.95840502172411, 875829789270.9814], "unrealized_pnl_8": [254602, 40.630816084201456, 641711283106.1647], "unrealized_pnl_9": [254602, 668.1833952578547, 66361125858075.93], "margin_usage_ratio": [254602, 0.007068191894204347, 33.94368150744453]}, "pcr_min_ew": 0.9989700221317541, "pcr_max_ew": 0.9999999999999848}