{"r_count": 265770.0001, "r_mean": -0.040235306606718195, "r_var": 1964.8563802027668, "tanh_k": 2.0, "feature_welford": {"unrealized_pnl": [265772, 13222.83060697731, 4699111622398245.0], "realized_pnl": [265772, 24514.580226530557, 1.7774858134068354e+16], "compounded_returns": [265772, 11513.30157790365, 30444630014275.68], "balance": [265772, 19610692.340637185, 7.585131571878796e+19], "position_value": [265772, 138727.00029138362, 4.107651000783081e+16], "current_position_size": [265772, 693444.0215652533, 1.0268534666963305e+18], "last_log_ret": [265772, 0.008312032364607296, 897.7060240450289], "sortino_ratio": [265772, 9.809396707118193, 3684946451.106196], "rolling_pnl_sigma": [265772, 0.02361752587076751, 411.32011030690046], "portfolio_cash_ratio": [265772, 0.8052670443664416, 26249.941183842908], "free_collateral": [265772, 19752236.694018472, 7.534355178104475e+19], "mm_reqs": [265772, 10456.964839961996, 783277606890833.9], "unrealized_pnl_0": [265772, 17.159272947556985, 440321402778.22577], "unrealized_pnl_1": [265772, 25.336029665206713, 1791034141329.57], "unrealized_pnl_2": [265772, 7941.7815794674025, 918838792542148.6], "unrealized_pnl_3": [265772, 18327.072158254978, 1.6896148978820326e+16], "unrealized_pnl_4": [265772, 119.22463197341843, 3613807235259.006], "unrealized_pnl_5": [265772, 3465.6628358742673, 647452071566704.9], "unrealized_pnl_6": [265772, 140.93886583389153, 7643105946178.765], "unrealized_pnl_7": [265772, 39.466786610406054, 877733128928.6589], "unrealized_pnl_8": [265772, 42.25086857220314, 651309450551.7196], "unrealized_pnl_9": [265772, 671.3509541247323, 68938029800615.12], "margin_usage_ratio": [265772, 0.00692108067871584, 34.80063480606624]}, "pcr_min_ew": 0.9965660381412104, "pcr_max_ew": 0.9999999986905388}