{"r_count": 214388.0001, "r_mean": -0.044724777439665034, "r_var": 1903.093523870843, "tanh_k": 2.0, "feature_welford": {"unrealized_pnl": [214390, 11501.55715010753, 3433873333259165.5], "realized_pnl": [214390, 22102.689755896576, 1.3253665237756828e+16], "compounded_returns": [214390, 9767.294641889086, 22027251560422.992], "balance": [214390, 17723507.97823222, 5.517598309032859e+19], "position_value": [214390, 136446.12748884902, 3.2148383527836908e+16], "current_position_size": [214390, 682061.0541903839, 8.036730583394057e+17], "last_log_ret": [214390, 0.008029577757045754, 861.2029316897671], "sortino_ratio": [214390, 6.583028247827003, 1213310060.7370617], "rolling_pnl_sigma": [214390, 0.026530723361525396, 387.711502216266], "portfolio_cash_ratio": [214390, 0.7835552343895493, 22921.328114475422], "free_collateral": [214390, 17861299.6874987, 5.485335950907005e+19], "mm_reqs": [214390, 10234.909867907525, 597680448998721.1], "unrealized_pnl_0": [214390, 14.389153409009166, 411072674186.23254], "unrealized_pnl_1": [214390, 23.072379703201015, 1824071172216.7256], "unrealized_pnl_2": [214390, 6340.323149495008, 591825071957394.8], "unrealized_pnl_3": [214390, 16293.792975992488, 1.2006652159483726e+16], "unrealized_pnl_4": [214390, 90.9669010973815, 2598660782171.48], "unrealized_pnl_5": [214390, 3156.174861165802, 473805019070359.0], "unrealized_pnl_6": [214390, 138.2473932932298, 5681922724431.864], "unrealized_pnl_7": [214390, 50.70922095043187, 683453242663.692], "unrealized_pnl_8": [214390, 34.082893053538854, 550538015804.1831], "unrealized_pnl_9": [214390, 683.9179562456683, 68004661943500.305], "margin_usage_ratio": [214390, 0.007701378577029567, 30.718991873085823]}, "pcr_min_ew": 0.9926427737809131, "pcr_max_ew": 0.9999957533639143}