{"r_count": 501457.0001, "r_mean": -0.0308866372952843, "r_var": 2218.6178961611595, "tanh_k": 2.0, "feature_welford": {"unrealized_pnl": [501459, 20804.81987465285, 1.345196174375331e+16], "realized_pnl": [501459, 31437.697658907666, 4.292722630167731e+16], "compounded_returns": [501459, 16016.790966255496, 84140882007970.8], "balance": [501459, 25542899.639258493, 1.9556077403575874e+20], "position_value": [501459, 151911.29908072302, 9.051235789578832e+16], "current_position_size": [501459, 759446.4168073541, 2.262761637698925e+18], "last_log_ret": [501459, 0.008932261017266666, 1074.4710861318792], "sortino_ratio": [501459, 16.820007695876605, 21552647948.891148], "rolling_pnl_sigma": [501459, 0.0173286799436279, 500.7407291133353], "portfolio_cash_ratio": [501459, 0.8509993896827007, 39383.20269501653], "free_collateral": [501459, 25704118.507447235, 1.9396334427622736e+20], "mm_reqs": [501459, 11549.488575171948, 1751918277342769.8], "unrealized_pnl_0": [501459, 12.380177068616392, 481991977618.23126], "unrealized_pnl_1": [501459, 14.692149569129008, 2521139871224.34], "unrealized_pnl_2": [501459, 14274.954046031922, 3361612561915778.5], "unrealized_pnl_3": [501459, 23746.51164309437, 4.091385687507043e+16], "unrealized_pnl_4": [501459, 197.01800114536917, 8456569977835.347], "unrealized_pnl_5": [501459, 3860.40499881546, 1205229244970395.2], "unrealized_pnl_6": [501459, 136.43646127459644, 10470381785792.771], "unrealized_pnl_7": [501459, 40.29085821183833, 977609312944.3557], "unrealized_pnl_8": [501459, 97.0397124622766, 1361378871480.0295], "unrealized_pnl_9": [501459, 994.2315818669981, 151167550729107.06], "margin_usage_ratio": [501459, 0.005317079506131278, 51.322053942289]}, "pcr_min_ew": 0.9944902629563904, "pcr_max_ew": 0.9999999773280357}