{"r_count": 240079.0001, "r_mean": -0.042207757551238824, "r_var": 1931.9181668591052, "tanh_k": 2.0, "feature_welford": {"unrealized_pnl": [240081, 12552.362659111086, 4136024766644205.5], "realized_pnl": [240081, 23382.89175620022, 1.541283335023519e+16], "compounded_returns": [240081, 10801.985632236569, 25833248885381.33], "balance": [240081, 18708051.83712698, 6.554183095596496e+19], "position_value": [240081, 138223.5475594139, 3.6779565983002e+16], "current_position_size": [240081, 690921.8827646002, 9.194384030549484e+17], "last_log_ret": [240081, 0.0081838445440984, 878.0401006878294], "sortino_ratio": [240081, 8.241934016528953, 3011618931.4128075], "rolling_pnl_sigma": [240081, 0.02493316264707553, 398.65033020215714], "portfolio_cash_ratio": [240081, 0.795316505909092, 24619.36785400294], "free_collateral": [240081, 18848521.489252854, 6.512207898205134e+19], "mm_reqs": [240081, 10359.173736125524, 682599224642064.1], "unrealized_pnl_0": [240081, 17.336298724010316, 428038801906.9579], "unrealized_pnl_1": [240081, 27.18447236347248, 1753053242326.8276], "unrealized_pnl_2": [240081, 7091.840120603325, 735611674227393.1], "unrealized_pnl_3": [240081, 17564.186374263296, 1.4727223458713788e+16], "unrealized_pnl_4": [240081, 102.43592803828328, 3114850451659.232], "unrealized_pnl_5": [240081, 3477.9431725478385, 610316704811698.8], "unrealized_pnl_6": [240081, 128.54512494026758, 5793742172901.318], "unrealized_pnl_7": [240081, 42.54115534027748, 874555654196.5027], "unrealized_pnl_8": [240081, 38.79693273162254, 629816001910.0463], "unrealized_pnl_9": [240081, 658.8307744204412, 60953877784588.13], "margin_usage_ratio": [240081, 0.007280504741325341, 32.82310279014641]}, "pcr_min_ew": 0.9887872676303427, "pcr_max_ew": 0.9999999920923132}