{"r_count": 94869.0001, "r_mean": -0.06984032638667287, "r_var": 1658.4261292321012, "tanh_k": 2.0, "feature_welford": {"unrealized_pnl": [94871, 6081.560108103172, 912360943037027.2], "realized_pnl": [94871, 11859.917400606519, 3030363245653437.0], "compounded_returns": [94871, 3596.767988284217, 2690646417768.906], "balance": [94871, 9340410.536340173, 1.2142619989446654e+19], "position_value": [94871, 138334.07924769155, 1.3584449948826302e+16], "current_position_size": [94871, 691344.2671760502, 3.395747464735078e+17], "last_log_ret": [94871, 0.0063164720751250425, 753.9670896488192], "sortino_ratio": [94871, 1.277396657419794, 28157269.018649448], "rolling_pnl_sigma": [94871, 0.0427112088222579, 288.25028996888227], "portfolio_cash_ratio": [94871, 0.6608435582987885, 12795.742771856303], "free_collateral": [94871, 9474897.313554348, 1.2126034908762434e+19], "mm_reqs": [94871, 9992.657537874986, 192436460515948.62], "unrealized_pnl_0": [94871, 9.450688071591522, 350400954002.51306], "unrealized_pnl_1": [94871, 39.6704681503741, 1426147147476.8616], "unrealized_pnl_2": [94871, 1588.2024315765957, 100735319552183.95], "unrealized_pnl_3": [94871, 9429.992138094894, 2487965158666549.0], "unrealized_pnl_4": [94871, 53.605965873844525, 1611155417595.9631], "unrealized_pnl_5": [94871, 2166.5715223811303, 211779781066667.25], "unrealized_pnl_6": [94871, 137.63952860855233, 4320444093961.083], "unrealized_pnl_7": [94871, 67.7390403035746, 527976840156.8003], "unrealized_pnl_8": [94871, 35.31345523622225, 509592025104.41815], "unrealized_pnl_9": [94871, 553.5448383670778, 29631912250956.94], "margin_usage_ratio": [94871, 0.012227708560625225, 18.467160533187243]}, "pcr_min_ew": 0.9944691620880354, "pcr_max_ew": 0.9999999999999907}