{"r_count": 227792.0001, "r_mean": -0.04359089279845846, "r_var": 1923.8797200859472, "tanh_k": 2.0, "feature_welford": {"unrealized_pnl": [227794, 12510.642026803198, 4177156650414139.5], "realized_pnl": [227794, 22637.197708114454, 1.4548627090600912e+16], "compounded_returns": [227794, 10274.103635871697, 23009476291389.043], "balance": [227794, 18213913.677597243, 6.002009949212648e+19], "position_value": [227794, 137490.7156147797, 3.441434254082017e+16], "current_position_size": [227794, 687303.8462235404, 8.603186183688664e+17], "last_log_ret": [227794, 0.008112992684977534, 874.0247718352331], "sortino_ratio": [227794, 6.494558835585203, 1020173895.1452434], "rolling_pnl_sigma": [227794, 0.025773951312909205, 395.8537694062236], "portfolio_cash_ratio": [227794, 0.7888972247161533, 23949.625823296617], "free_collateral": [227794, 18353651.328923397, 5.964709977131601e+19], "mm_reqs": [227794, 10324.968828419102, 625695959764632.5], "unrealized_pnl_0": [227794, 14.60776853153068, 391519011848.489], "unrealized_pnl_1": [227794, 23.282352276547456, 1636369396750.504], "unrealized_pnl_2": [227794, 6903.886321653432, 686276232121873.4], "unrealized_pnl_3": [227794, 16845.380040561497, 1.3373670992650262e+16], "unrealized_pnl_4": [227794, 104.47643948418114, 2098473797807.9497], "unrealized_pnl_5": [227794, 3384.090774099936, 630434764973154.2], "unrealized_pnl_6": [227794, 157.36637082098076, 7279797483303.504], "unrealized_pnl_7": [227794, 48.79347336371316, 737624952995.8848], "unrealized_pnl_8": [227794, 37.55558768592459, 526731222011.62616], "unrealized_pnl_9": [227794, 780.9921815229397, 79617082486870.48], "margin_usage_ratio": [227794, 0.007512543496684916, 31.982284086242167]}, "pcr_min_ew": 0.9921088006112432, "pcr_max_ew": 0.9999999986786551}