{"r_count": 346194.0001, "r_mean": -0.03594422139534165, "r_var": 2066.080361495693, "tanh_k": 2.0, "feature_welford": {"unrealized_pnl": [346196, 16189.307728626603, 7445883057216254.0], "realized_pnl": [346196, 27183.316375727918, 2.5513129469459588e+16], "compounded_returns": [346196, 13288.438773564232, 46268089992521.195], "balance": [346196, 21991276.318886872, 1.1133726110275846e+20], "position_value": [346196, 142567.00341994225, 5.597729533036121e+16], "current_position_size": [346196, 712703.6888244719, 1.3993902485646712e+18], "last_log_ret": [346196, 0.008603300211574204, 962.6208378840439], "sortino_ratio": [346196, 12.572158681694235, 10704588925.609213], "rolling_pnl_sigma": [346196, 0.020684903852760592, 449.15902756939005], "portfolio_cash_ratio": [346196, 0.8268676648953476, 31149.538840530855], "free_collateral": [346196, 22139312.036710948, 1.1052419292691182e+20], "mm_reqs": [346196, 10776.334637457518, 1048652024580959.5], "unrealized_pnl_0": [346196, 15.032495909976976, 434255730193.0668], "unrealized_pnl_1": [346196, 19.814484578781766, 2159152463401.3455], "unrealized_pnl_2": [346196, 10533.865316254909, 1645543774177814.2], "unrealized_pnl_3": [346196, 20215.561692792664, 2.390513186113727e+16], "unrealized_pnl_4": [346196, 169.37083450177423, 5744931197545.996], "unrealized_pnl_5": [346196, 3496.787269614186, 882984247319105.5], "unrealized_pnl_6": [346196, 146.96819749315387, 8461355775482.179], "unrealized_pnl_7": [346196, 37.476600744945046, 795531357267.3434], "unrealized_pnl_8": [346196, 56.46961117015245, 718422984746.3632], "unrealized_pnl_9": [346196, 814.8522549498655, 105082173762747.05], "margin_usage_ratio": [346196, 0.006155573752775935, 40.81721053616904]}, "pcr_min_ew": 0.9930212481799047, "pcr_max_ew": 0.9999999999999197}