{"r_count": 328322.0001, "r_mean": -0.03660983347636891, "r_var": 2037.7142224217641, "tanh_k": 2.0, "feature_welford": {"unrealized_pnl": [328324, 15200.898017378011, 6468456267068717.0], "realized_pnl": [328324, 26721.787707688905, 2.3507338730233252e+16], "compounded_returns": [328324, 12968.836468088097, 42466788568730.766], "balance": [328324, 21472190.232423298, 1.0268066704618111e+20], "position_value": [328324, 141455.2765400755, 5.2762511198551896e+16], "current_position_size": [328324, 707116.9177442, 1.3190062197224604e+18], "last_log_ret": [328324, 0.00854763937888142, 944.5767843761296], "sortino_ratio": [328324, 12.64724542772224, 6896702967.239794], "rolling_pnl_sigma": [328324, 0.021180699261703687, 438.59850191865854], "portfolio_cash_ratio": [328324, 0.8234340795127498, 29991.00703992305], "free_collateral": [328324, 21618202.808871694, 1.019358993669945e+20], "mm_reqs": [328324, 10695.065273367012, 1024279331675313.4], "unrealized_pnl_0": [328324, 17.21657095678522, 472760469133.3216], "unrealized_pnl_1": [328324, 20.225893341791984, 1920284558631.5693], "unrealized_pnl_2": [328324, 9892.330413295196, 1469059274803475.5], "unrealized_pnl_3": [328324, 19918.074353364787, 2.2527748936119572e+16], "unrealized_pnl_4": [328324, 146.03591662522038, 4653378286212.708], "unrealized_pnl_5": [328324, 3531.7867104272527, 767337131148815.5], "unrealized_pnl_6": [328324, 141.05417735570532, 8184727799709.01], "unrealized_pnl_7": [328324, 34.71460603801682, 950319515104.444], "unrealized_pnl_8": [328324, 55.089810578791344, 819384590659.6217], "unrealized_pnl_9": [328324, 740.3837499586073, 85553696606484.27], "margin_usage_ratio": [328324, 0.006275939470992367, 39.44420791428485]}, "pcr_min_ew": 0.9952274088804017, "pcr_max_ew": 0.9999999999999575}