{"r_count": 412097.0001, "r_mean": -0.03325083011784063, "r_var": 2131.260308955428, "tanh_k": 2.0, "feature_welford": {"unrealized_pnl": [412099, 18200.912223353578, 9616212898180560.0], "realized_pnl": [412099, 29604.236684027033, 3.3149492399529524e+16], "compounded_returns": [412099, 14659.215474489432, 64483440745159.7], "balance": [412099, 23863084.268726826, 1.4855492976250546e+20], "position_value": [412099, 146865.48279408863, 7.1125123482564344e+16], "current_position_size": [412099, 734217.6958652381, 1.778087356214947e+18], "last_log_ret": [412099, 0.008774350877624345, 1008.1956439359265], "sortino_ratio": [412099, 15.73169057029695, 22308328697.097378], "rolling_pnl_sigma": [412099, 0.018938231934066595, 471.62453651697206], "portfolio_cash_ratio": [412099, 0.8397614160238485, 34577.05404792155], "free_collateral": [412099, 24016948.604269143, 1.474273876250113e+20], "mm_reqs": [412099, 11260.096553311125, 1439064084600147.8], "unrealized_pnl_0": [412099, 14.062272272875893, 517387237992.69336], "unrealized_pnl_1": [412099, 14.794542431845782, 2293575013549.7188], "unrealized_pnl_2": [412099, 12176.729042896097, 2303158027620037.0], "unrealized_pnl_3": [412099, 21799.729638319634, 3.0460753623788564e+16], "unrealized_pnl_4": [412099, 171.47250581193768, 6269407727433.641], "unrealized_pnl_5": [412099, 3622.9426946075096, 923749700853967.6], "unrealized_pnl_6": [412099, 131.62470696665522, 7893046028137.825], "unrealized_pnl_7": [412099, 38.6562160413362, 866643752887.1893], "unrealized_pnl_8": [412099, 72.76081889594118, 1029093931905.9371], "unrealized_pnl_9": [412099, 846.6748156767668, 110223108590348.83], "margin_usage_ratio": [412099, 0.005706724947007941, 45.21366007136728]}, "pcr_min_ew": 0.9981316035545444, "pcr_max_ew": 0.9999999953468947}