{"r_count": 225558.0001, "r_mean": -0.043655904598680045, "r_var": 1914.302386898964, "tanh_k": 2.0, "feature_welford": {"unrealized_pnl": [225560, 11665.612126938486, 3643478356364177.0], "realized_pnl": [225560, 22349.35063777318, 1.3500879656905764e+16], "compounded_returns": [225560, 10189.23643587288, 22345979876297.145], "balance": [225560, 18112003.13293971, 5.900723175720532e+19], "position_value": [225560, 136931.56369887906, 3.407429086568728e+16], "current_position_size": [225560, 684417.2454746615, 8.516541031501524e+17], "last_log_ret": [225560, 0.008099161309087862, 868.5428846535103], "sortino_ratio": [225560, 7.156132459733616, 1297589213.9533865], "rolling_pnl_sigma": [225560, 0.025847897438958156, 392.0080833750583], "portfolio_cash_ratio": [225560, 0.7888117982561432, 23665.257641740383], "free_collateral": [225560, 18250339.9056975, 5.864085819448334e+19], "mm_reqs": [225560, 10316.849122254198, 634750628464764.0], "unrealized_pnl_0": [225560, 14.251047518724166, 385509830749.9926], "unrealized_pnl_1": [225560, 18.63680275672055, 1651248588971.9556], "unrealized_pnl_2": [225560, 6529.48903936786, 642757350269094.2], "unrealized_pnl_3": [225560, 17000.04429234106, 1.3147905393983102e+16], "unrealized_pnl_4": [225560, 103.84743037722423, 2414063733540.7676], "unrealized_pnl_5": [225560, 3283.415786515477, 495471743953131.6], "unrealized_pnl_6": [225560, 115.83258125717671, 4424760523606.01], "unrealized_pnl_7": [225560, 48.212956349043495, 807523884246.9862], "unrealized_pnl_8": [225560, 33.77437529382268, 512531833586.96814], "unrealized_pnl_9": [225560, 698.6101744771099, 59506393731923.195], "margin_usage_ratio": [225560, 0.007523805956366278, 31.713283612921664]}, "pcr_min_ew": 0.9970085170594777, "pcr_max_ew": 0.9999999999998745}