{"r_count": 176410.0001, "r_mean": -0.049461343640247214, "r_var": 1838.4970262847326, "tanh_k": 2.0, "feature_welford": {"unrealized_pnl": [176412, 10127.549636087115, 2650277940855269.5], "realized_pnl": [176412, 19330.469053305245, 9068586356435390.0], "compounded_returns": [176412, 8389.565459082434, 13936727392878.691], "balance": [176412, 15791336.978264155, 4.020696869913406e+19], "position_value": [176412, 135949.90934746875, 2.6161439555365564e+16], "current_position_size": [176412, 679441.9524253639, 6.538322836353969e+17], "last_log_ret": [176412, 0.0077193522116812555, 829.1521513365772], "sortino_ratio": [176412, 4.629032593130538, 606057589.5895714], "rolling_pnl_sigma": [176412, 0.029641044518861584, 361.80955998249], "portfolio_cash_ratio": [176412, 0.7607504306130067, 20151.079349016098], "free_collateral": [176412, 15927236.936964186, 3.999428502809268e+19], "mm_reqs": [176412, 10232.484312841021, 473384406133306.6], "unrealized_pnl_0": [176412, 13.02144558966693, 368638425236.96027], "unrealized_pnl_1": [176412, 20.45021058951202, 1599455741333.5056], "unrealized_pnl_2": [176412, 4800.549876157215, 396232807513378.4], "unrealized_pnl_3": [176412, 15183.563989389424, 9070182195242634.0], "unrealized_pnl_4": [176412, 78.06060011961884, 1932571506966.0], "unrealized_pnl_5": [176412, 3114.3643143939153, 403007909830777.94], "unrealized_pnl_6": [176412, 110.01667723286464, 4074910049964.477], "unrealized_pnl_7": [176412, 59.63995519448695, 743896245792.1555], "unrealized_pnl_8": [176412, 31.500672042757902, 469305217994.4752], "unrealized_pnl_9": [176412, 700.3433272912433, 48616533449223.945], "margin_usage_ratio": [176412, 0.008552882518841983, 27.479779767543686]}, "pcr_min_ew": 0.9959788627495898, "pcr_max_ew": 1.000000000000014}