{"r_count": 461245.0001, "r_mean": -0.03180909352020006, "r_var": 2171.296509929828, "tanh_k": 2.0, "feature_welford": {"unrealized_pnl": [461247, 19520.200032177287, 1.1587261696438998e+16], "realized_pnl": [461247, 30627.3755530322, 3.852461500064682e+16], "compounded_returns": [461247, 15491.167480726297, 74333754859792.39], "balance": [461247, 24774052.736709554, 1.7364913499411936e+20], "position_value": [461247, 149744.1729800197, 8.191380626535146e+16], "current_position_size": [461247, 748597.4809182816, 2.0477863195968335e+18], "last_log_ret": [461247, 0.008865481607874301, 1040.7454363744123], "sortino_ratio": [461247, 15.860957658328529, 25057002759.115425], "rolling_pnl_sigma": [461247, 0.01796922833761803, 484.7388533342314], "portfolio_cash_ratio": [461247, 0.846588059191922, 37194.48572603488], "free_collateral": [461247, 24931924.83874874, 1.722675644212223e+20], "mm_reqs": [461247, 11439.484028840254, 1661338038791322.2], "unrealized_pnl_0": [461247, 14.7006543544289, 512275309977.3454], "unrealized_pnl_1": [461247, 20.49598021877098, 2379194281211.004], "unrealized_pnl_2": [461247, 13303.549612841738, 2879112476812184.5], "unrealized_pnl_3": [461247, 23114.435020893667, 3.681358112324424e+16], "unrealized_pnl_4": [461247, 178.76570448535438, 6588848667075.784], "unrealized_pnl_5": [461247, 3754.5294583081063, 1061332737834742.1], "unrealized_pnl_6": [461247, 127.08839966337828, 9058382561820.459], "unrealized_pnl_7": [461247, 33.7370022215805, 1001602933154.6267], "unrealized_pnl_8": [461247, 86.66173353470246, 1275539301473.8606], "unrealized_pnl_9": [461247, 919.629750843842, 129090710548693.23], "margin_usage_ratio": [461247, 0.005467275711247085, 48.58088627525875]}, "pcr_min_ew": 0.9945722419230624, "pcr_max_ew": 0.9999999936216071}