{"r_count": 396459.0001, "r_mean": -0.03380608101774719, "r_var": 2108.9590155518304, "tanh_k": 2.0, "feature_welford": {"unrealized_pnl": [396461, 17707.09182026282, 9202953269218612.0], "realized_pnl": [396461, 28979.860750838398, 3.1224698144572184e+16], "compounded_returns": [396461, 14417.864368636136, 58851458926428.07], "balance": [396461, 23378789.60809288, 1.3925510788170901e+20], "position_value": [396461, 145855.36928579348, 6.758053501233573e+16], "current_position_size": [396461, 729135.9092772409, 1.6894518829371907e+18], "last_log_ret": [396461, 0.008735397994350195, 994.4046342806162], "sortino_ratio": [396461, 14.536835414671527, 17665664800.023468], "rolling_pnl_sigma": [396461, 0.019306615502204076, 463.7640922028985], "portfolio_cash_ratio": [396461, 0.8371130082048471, 33757.23319850854], "free_collateral": [396461, 23531272.17295057, 1.3819916803747344e+20], "mm_reqs": [396461, 11130.342298419902, 1358370936660276.0], "unrealized_pnl_0": [396461, 16.416467340579356, 486347028118.7059], "unrealized_pnl_1": [396461, 19.68511691311831, 2075374452179.448], "unrealized_pnl_2": [396461, 11817.383531842195, 2172938147369803.8], "unrealized_pnl_3": [396461, 21717.279778200373, 2.9766307236419564e+16], "unrealized_pnl_4": [396461, 166.32574630125407, 5669620495974.869], "unrealized_pnl_5": [396461, 3627.3425464564834, 922923527249331.4], "unrealized_pnl_6": [396461, 132.83237590896223, 8649224058298.049], "unrealized_pnl_7": [396461, 33.20717035194052, 978958381984.5309], "unrealized_pnl_8": [396461, 72.2775056038937, 1038802861798.4764], "unrealized_pnl_9": [396461, 821.5115199910666, 104640349723744.39], "margin_usage_ratio": [396461, 0.00579642675026915, 44.18061565219105]}, "pcr_min_ew": 0.9987155168268331, "pcr_max_ew": 0.9999999348287323}