{"r_count": 335024.0001, "r_mean": -0.03630101953955341, "r_var": 2045.014369076761, "tanh_k": 2.0, "feature_welford": {"unrealized_pnl": [335026, 15390.328457115955, 6684216967844682.0], "realized_pnl": [335026, 26965.230897380967, 2.4267601284430144e+16], "compounded_returns": [335026, 13112.096067537565, 43943148667946.266], "balance": [335026, 21659168.048388544, 1.0597536115754505e+20], "position_value": [335026, 141828.92736698742, 5.420605533968324e+16], "current_position_size": [335026, 708988.3614444745, 1.355095019255023e+18], "last_log_ret": [335026, 0.008568337935741186, 949.557010623726], "sortino_ratio": [335026, 12.942671321778018, 7078025540.005401], "rolling_pnl_sigma": [335026, 0.020965138181067263, 441.26800213210805], "portfolio_cash_ratio": [335026, 0.8250035882316709, 30376.047298091675], "free_collateral": [335026, 21805720.063536, 1.0520225509147573e+20], "mm_reqs": [335026, 10718.755602362031, 1050309612213998.9], "unrealized_pnl_0": [335026, 17.24906165003495, 473521189724.23737], "unrealized_pnl_1": [335026, 21.048902697827632, 1955943313286.8728], "unrealized_pnl_2": [335026, 10084.405078325666, 1532990440141131.0], "unrealized_pnl_3": [335026, 20064.565360644225, 2.326451416809657e+16], "unrealized_pnl_4": [335026, 148.64961304543718, 4750269679410.379], "unrealized_pnl_5": [335026, 3541.8967638195727, 777266930767913.6], "unrealized_pnl_6": [335026, 140.40286069154183, 8228848829632.177], "unrealized_pnl_7": [335026, 34.278022659946664, 955860534756.2045], "unrealized_pnl_8": [335026, 55.97258328265676, 826906414013.759], "unrealized_pnl_9": [335026, 750.2473243329309, 87964419486319.45], "margin_usage_ratio": [335026, 0.006220948960810098, 39.92904632259544]}, "pcr_min_ew": 0.9984494835545591, "pcr_max_ew": 1.0}