{"r_count": 181995.0001, "r_mean": -0.04897149706359275, "r_var": 1855.7830171951969, "tanh_k": 2.0, "feature_welford": {"unrealized_pnl": [181997, 10923.033410511518, 3166054699008345.0], "realized_pnl": [181997, 20074.681110401692, 1.0625665335788574e+16], "compounded_returns": [181997, 8545.279175133295, 14882905113151.666], "balance": [181997, 16131080.629113369, 4.261357831661579e+19], "position_value": [181997, 136459.0128080262, 2.699327161231866e+16], "current_position_size": [181997, 682109.1070264538, 6.747912007924146e+17], "last_log_ret": [181997, 0.00777382257139697, 838.9157509945504], "sortino_ratio": [181997, 4.154022351606191, 487387259.43064463], "rolling_pnl_sigma": [181997, 0.0292714348561604, 368.9529298672239], "portfolio_cash_ratio": [181997, 0.7631840261009686, 20708.330230460662], "free_collateral": [181997, 16268306.51010297, 4.238067959471574e+19], "mm_reqs": [181997, 10227.396901296648, 466681579096606.3], "unrealized_pnl_0": [181997, 12.086368059092026, 372696586322.93896], "unrealized_pnl_1": [181997, 26.534386011942736, 1549000330330.8152], "unrealized_pnl_2": [181997, 5206.012209310791, 422413511021529.7], "unrealized_pnl_3": [181997, 15403.897035095308, 1.0002364761671294e+16], "unrealized_pnl_4": [181997, 77.84514005199796, 1742325726542.625], "unrealized_pnl_5": [181997, 3013.298544840754, 418380033318201.06], "unrealized_pnl_6": [181997, 158.53367085174744, 6977487950811.601], "unrealized_pnl_7": [181997, 56.87282942606795, 691052668848.0165], "unrealized_pnl_8": [181997, 34.42879189689078, 500695728191.8653], "unrealized_pnl_9": [181997, 813.323706893941, 71397195355685.34], "margin_usage_ratio": [181997, 0.00846032866841716, 28.09496050369987]}, "pcr_min_ew": 0.9951445196424205, "pcr_max_ew": 0.9999999999999493}