{"r_count": 460128.0001, "r_mean": -0.03183920705688952, "r_var": 2170.256920573591, "tanh_k": 2.0, "feature_welford": {"unrealized_pnl": [460130, 19482.9112745571, 1.1535810898302954e+16], "realized_pnl": [460130, 30605.431099717563, 3.839798525046212e+16], "compounded_returns": [460130, 15472.154578444226, 74027793117878.88], "balance": [460130, 24748930.39405555, 1.729717142606383e+20], "position_value": [460130, 149636.13550751578, 8.163639514087061e+16], "current_position_size": [460130, 748056.9941755882, 2.0408509798842053e+18], "last_log_ret": [460130, 0.008863411854724133, 1039.955780222552], "sortino_ratio": [460130, 15.87843547036232, 25055864085.93113], "rolling_pnl_sigma": [460130, 0.017989197568083388, 484.39781640425974], "portfolio_cash_ratio": [460130, 0.8464531853280689, 37133.32467142205], "free_collateral": [460130, 24906665.17917878, 1.7159574745173154e+20], "mm_reqs": [460130, 11431.646330798543, 1656521517643669.5], "unrealized_pnl_0": [460130, 14.73537729112852, 512265161547.7274], "unrealized_pnl_1": [460130, 20.688767752490644, 2373393870223.5938], "unrealized_pnl_2": [460130, 13278.948728958369, 2866552906780086.5], "unrealized_pnl_3": [460130, 23074.09414270622, 3.6667801540474e+16], "unrealized_pnl_4": [460130, 178.1221041483591, 6558915305921.26], "unrealized_pnl_5": [460130, 3757.9803363858373, 1059484600998164.1], "unrealized_pnl_6": [460130, 127.49845179480786, 8979912238995.549], "unrealized_pnl_7": [460130, 33.75827323254706, 1001478731604.7677], "unrealized_pnl_8": [460130, 86.29398163966012, 1270158143845.7544], "unrealized_pnl_9": [460130, 920.0928676455154, 128910656192335.19], "margin_usage_ratio": [460130, 0.005471983369540257, 48.50357186516971]}, "pcr_min_ew": 0.9903342544426753, "pcr_max_ew": 0.9999999913868096}