{"r_count": 358481.0001, "r_mean": -0.03526857076500216, "r_var": 2069.9780287318217, "tanh_k": 2.0, "feature_welford": {"unrealized_pnl": [358483, 16364.772478290177, 7649579818343000.0], "realized_pnl": [358483, 27702.222297344968, 2.668064176131768e+16], "compounded_returns": [358483, 13624.171077524647, 49344555529670.305], "balance": [358483, 22328771.427158743, 1.1800575971415897e+20], "position_value": [358483, 143527.8157429038, 5.9308121330790344e+16], "current_position_size": [358483, 717493.027087723, 1.4826475600568466e+18], "last_log_ret": [358483, 0.008637357630992899, 966.7919519982934], "sortino_ratio": [358483, 13.228001564508821, 7454227958.06628], "rolling_pnl_sigma": [358483, 0.02028292499604006, 450.1964892959094], "portfolio_cash_ratio": [358483, 0.8300158681973971, 31696.459648554803], "free_collateral": [358483, 22477801.30646368, 1.1713206043101341e+20], "mm_reqs": [358483, 10913.38876843689, 1166384791447083.5], "unrealized_pnl_0": [358483, 17.047517182731564, 479804538362.0483], "unrealized_pnl_1": [358483, 19.742979528988084, 1997039704745.6948], "unrealized_pnl_2": [358483, 10772.737412253859, 1755269619034278.2], "unrealized_pnl_3": [358483, 20739.852498344535, 2.558953153447142e+16], "unrealized_pnl_4": [358483, 155.4042262964807, 5069475168540.985], "unrealized_pnl_5": [358483, 3557.4828185276765, 837238223592598.1], "unrealized_pnl_6": [358483, 137.5471989542973, 8437607946560.237], "unrealized_pnl_7": [358483, 33.18271398689565, 968153203122.5796], "unrealized_pnl_8": [358483, 60.21477401992895, 872733637522.6023], "unrealized_pnl_9": [358483, 770.8819102306173, 93840107762462.83], "margin_usage_ratio": [358483, 0.0060456708546130335, 41.580004251950335]}, "pcr_min_ew": 0.9939934491078597, "pcr_max_ew": 0.9999999989185798}