{"r_count": 457894.0001, "r_mean": -0.032016407268875904, "r_var": 2174.186544485568, "tanh_k": 2.0, "feature_welford": {"unrealized_pnl": [457896, 19499.68672776961, 1.1727995043005348e+16], "realized_pnl": [457896, 30502.741254375578, 3.853155754864981e+16], "compounded_returns": [457896, 15365.939585487718, 73488388201535.08], "balance": [457896, 24673044.70855086, 1.715615282961375e+20], "position_value": [457896, 150635.3217190196, 8.200055880970643e+16], "current_position_size": [457896, 753075.1640360454, 2.0499734058218166e+18], "last_log_ret": [457896, 0.008857365222445217, 1041.2763900779044], "sortino_ratio": [457896, 15.13654143822219, 15489132476.723368], "rolling_pnl_sigma": [457896, 0.01805563494881873, 485.67183562611865], "portfolio_cash_ratio": [457896, 0.8464355727825716, 36896.34813693197], "free_collateral": [457896, 24831627.26519948, 1.7019493799614988e+20], "mm_reqs": [457896, 11613.569404535072, 1669490745597391.2], "unrealized_pnl_0": [457896, 15.131189141343638, 470327027724.1327], "unrealized_pnl_1": [457896, 12.642630563632643, 2419543858602.067], "unrealized_pnl_2": [457896, 13212.69782862113, 2797610488960182.0], "unrealized_pnl_3": [457896, 22694.55244757998, 3.5981753282491784e+16], "unrealized_pnl_4": [457896, 190.03497919723165, 7117136312905.868], "unrealized_pnl_5": [457896, 3726.5692897107265, 1026918078141010.5], "unrealized_pnl_6": [457896, 136.3678403975657, 10067477373002.18], "unrealized_pnl_7": [457896, 40.63217548275185, 972556895573.6688], "unrealized_pnl_8": [457896, 83.34612340693062, 1275894524158.167], "unrealized_pnl_9": [457896, 857.6981232943291, 115379094592520.25], "margin_usage_ratio": [457896, 0.005484638734211781, 48.35898541745998]}, "pcr_min_ew": 0.9990099139652883, "pcr_max_ew": 0.9999999896534177}