{"r_count": 228909.0001, "r_mean": -0.04321504397922317, "r_var": 1917.0664796407784, "tanh_k": 2.0, "feature_welford": {"unrealized_pnl": [228911, 12220.007313810389, 3875165876109001.5], "realized_pnl": [228911, 22810.92486785808, 1.4331584028286626e+16], "compounded_returns": [228911, 10427.567591303181, 23583299832378.906], "balance": [228911, 18236489.486167785, 6.063054176477317e+19], "position_value": [228911, 137769.8854013223, 3.4694549974782304e+16], "current_position_size": [228911, 688649.564768884, 8.67312653140932e+17], "last_log_ret": [228911, 0.008118531755757469, 869.6298412128449], "sortino_ratio": [228911, 7.588063018562147, 2807747906.5341763], "rolling_pnl_sigma": [228911, 0.0255952025864158, 392.85380787471996], "portfolio_cash_ratio": [228911, 0.790351708750538, 23901.764049918922], "free_collateral": [228911, 18376244.047361583, 6.0247770678714565e+19], "mm_reqs": [228911, 10288.933759951706, 631385927963979.1], "unrealized_pnl_0": [228911, 17.210389977230484, 427206988048.3645], "unrealized_pnl_1": [228911, 30.31768795306927, 1718875528090.3433], "unrealized_pnl_2": [228911, 6707.649780266572, 666615941520239.4], "unrealized_pnl_3": [228911, 17211.258026032072, 1.3698118310864092e+16], "unrealized_pnl_4": [228911, 94.9182652258198, 2998427626981.98], "unrealized_pnl_5": [228911, 3461.5431634666106, 589322461118586.8], "unrealized_pnl_6": [228911, 127.38767307845272, 5675563070443.215], "unrealized_pnl_7": [228911, 43.932590721501214, 864593524748.1693], "unrealized_pnl_8": [228911, 38.03207583205559, 624526243470.3937], "unrealized_pnl_9": [228911, 662.5278601050065, 60036600445456.055], "margin_usage_ratio": [228911, 0.007458987570274276, 31.942087866052745]}, "pcr_min_ew": 0.9887778708443119, "pcr_max_ew": 1.0000000000000187}