{"r_count": 376353.0001, "r_mean": -0.03466571989761583, "r_var": 2097.341976101484, "tanh_k": 2.0, "feature_welford": {"unrealized_pnl": [376355, 17252.737058755465, 8558254457746082.0], "realized_pnl": [376355, 28132.624929521626, 2.8745394713539224e+16], "compounded_returns": [376355, 13896.917634583453, 52979468302864.67], "balance": [376355, 22757206.77885773, 1.2594779073913147e+20], "position_value": [376355, 144393.31633599862, 6.222411973883203e+16], "current_position_size": [376355, 721839.8445666395, 1.5555601822390461e+18], "last_log_ret": [376355, 0.008684166746446929, 984.2774493941785], "sortino_ratio": [376355, 13.282163499344724, 11249279771.572798], "rolling_pnl_sigma": [376355, 0.01983838445549082, 460.10347410714144], "portfolio_cash_ratio": [376355, 0.8330137606879616, 32807.07885297667], "free_collateral": [376355, 22908000.038276806, 1.2500207813341818e+20], "mm_reqs": [376355, 10909.675291033349, 1168712637916824.0], "unrealized_pnl_0": [376355, 13.553332934191715, 454766959959.1396], "unrealized_pnl_1": [376355, 18.796455366341075, 2204168322751.7217], "unrealized_pnl_2": [376355, 11392.478097288591, 1959166136808399.5], "unrealized_pnl_3": [376355, 20981.99546091955, 2.7005196307426084e+16], "unrealized_pnl_4": [376355, 179.70159255873227, 6259740952465.78], "unrealized_pnl_5": [376355, 3596.7249635680596, 950939103788008.8], "unrealized_pnl_6": [376355, 142.2108436531926, 8652661479952.727], "unrealized_pnl_7": [376355, 38.12050047773763, 846799220619.1025], "unrealized_pnl_8": [376355, 64.4171443825197, 836551380737.9955], "unrealized_pnl_9": [376355, 850.680865376026, 112041997730346.72], "margin_usage_ratio": [376355, 0.005940209764566235, 42.89777031654497]}, "pcr_min_ew": 0.9994824353971079, "pcr_max_ew": 0.9999999997526593}