{"r_count": 422150.0001, "r_mean": -0.032947698090125446, "r_var": 2134.1381386023218, "tanh_k": 2.0, "feature_welford": {"unrealized_pnl": [422152, 18542.902366927163, 1.0134577269549662e+16], "realized_pnl": [422152, 29691.338047498157, 3.4133600146059228e+16], "compounded_returns": [422152, 14873.577102830983, 64952799978875.16], "balance": [422152, 23971516.484239463, 1.5280476089960048e+20], "position_value": [422152, 147503.32407406584, 7.31926468832853e+16], "current_position_size": [422152, 737384.2596359496, 1.8297556013930452e+18], "last_log_ret": [422152, 0.008791561726550294, 1012.8458321009333], "sortino_ratio": [422152, 15.158896323944635, 23552051720.587986], "rolling_pnl_sigma": [422152, 0.018730081827742398, 472.35414739149445], "portfolio_cash_ratio": [422152, 0.8411827981233251, 35131.50049083334], "free_collateral": [422152, 24126324.32444901, 1.5162237216048326e+20], "mm_reqs": [422152, 11287.191325080104, 1491960584823156.2], "unrealized_pnl_0": [422152, 15.808841997349688, 494104752959.04443], "unrealized_pnl_1": [422152, 19.815367817126386, 2206946356537.3726], "unrealized_pnl_2": [422152, 12491.787918383316, 2458405532461196.0], "unrealized_pnl_3": [422152, 22228.45088903256, 3.23429739147796e+16], "unrealized_pnl_4": [422152, 170.88816170729189, 6054499699462.577], "unrealized_pnl_5": [422152, 3698.5447240733592, 980317182313965.5], "unrealized_pnl_6": [422152, 129.80424162169925, 8779153655981.249], "unrealized_pnl_7": [422152, 33.47970070585901, 989644187641.0106], "unrealized_pnl_8": [422152, 79.10488679555505, 1140281322385.9177], "unrealized_pnl_9": [422152, 853.4178437990456, 112313479289311.3], "margin_usage_ratio": [422152, 0.005655949825418442, 45.94629846675568]}, "pcr_min_ew": 0.9969042642238982, "pcr_max_ew": 0.9999999997814786}