{"r_count": 299280.0001, "r_mean": -0.038116829501425496, "r_var": 2004.9827961269143, "tanh_k": 2.0, "feature_welford": {"unrealized_pnl": [299282, 14190.336399183276, 5439246964677957.0], "realized_pnl": [299282, 25695.56257365506, 2.055549143492296e+16], "compounded_returns": [299282, 12312.359297442277, 36546433904089.125], "balance": [299282, 20622802.03948373, 8.948639879123177e+19], "position_value": [299282, 140037.346096034, 4.711126059736686e+16], "current_position_size": [299282, 700014.3689762406, 1.1777235579562916e+18], "last_log_ret": [299282, 0.008447949682024782, 922.8988025919152], "sortino_ratio": [299282, 11.382901138826979, 4719795494.779369], "rolling_pnl_sigma": [299282, 0.022203756547853712, 426.54066571450215], "portfolio_cash_ratio": [299282, 0.8158111523974513, 28294.978088667584], "free_collateral": [299282, 20766520.176026344, 8.885609786579239e+19], "mm_reqs": [299282, 10561.665407623233, 909378044644106.1], "unrealized_pnl_0": [299282, 17.324229858439015, 458428728445.33484], "unrealized_pnl_1": [299282, 22.815869788532808, 1892684935179.1272], "unrealized_pnl_2": [299282, 9042.064485766787, 1217946377480033.0], "unrealized_pnl_3": [299282, 19088.665528297726, 1.950867316251992e+16], "unrealized_pnl_4": [299282, 132.0661442964567, 4088655578520.619], "unrealized_pnl_5": [299282, 3455.8151529403913, 701683698827441.6], "unrealized_pnl_6": [299282, 144.0587541852618, 7976167729730.225], "unrealized_pnl_7": [299282, 35.94769310359676, 942737437620.8961], "unrealized_pnl_8": [299282, 50.09759362288019, 704847599226.7059], "unrealized_pnl_9": [299282, 699.4316610125622, 76552787487565.33], "margin_usage_ratio": [299282, 0.006544851469990746, 37.32129703251769]}, "pcr_min_ew": 0.9927802925226541, "pcr_max_ew": 0.9999999979376781}