{"r_count": 307099.0001, "r_mean": -0.037878281948334175, "r_var": 2022.8870531202554, "tanh_k": 2.0, "feature_welford": {"unrealized_pnl": [307101, 14925.005665155228, 6164887075567476.0], "realized_pnl": [307101, 25722.63216016183, 2.150415935017634e+16], "compounded_returns": [307101, 12400.249171359244, 37783982098972.72], "balance": [307101, 20852807.41981093, 9.24974218773402e+19], "position_value": [307101, 140329.03947210958, 4.816629138355199e+16], "current_position_size": [307101, 701499.4956618525, 1.2041133722470712e+18], "last_log_ret": [307101, 0.008476824601747309, 933.785774361434], "sortino_ratio": [307101, 10.937417446215589, 8274902046.934185], "rolling_pnl_sigma": [307101, 0.021977458598032473, 433.48756440133724], "portfolio_cash_ratio": [307101, 0.8172972188362154, 28897.90503197418], "free_collateral": [307101, 20997569.97299769, 9.18437398218689e+19], "mm_reqs": [307101, 10548.399659268567, 888357224880786.8], "unrealized_pnl_0": [307101, 15.32265472075092, 407270307967.54443], "unrealized_pnl_1": [307101, 18.51047808662792, 1874480721120.8474], "unrealized_pnl_2": [307101, 9492.949007222074, 1300303915889505.2], "unrealized_pnl_3": [307101, 19246.392617928406, 2.0397991394615972e+16], "unrealized_pnl_4": [307101, 149.32922528162845, 3713856398759.249], "unrealized_pnl_5": [307101, 3473.9121685521445, 810981105723260.2], "unrealized_pnl_6": [307101, 151.85975870582465, 7997817865959.309], "unrealized_pnl_7": [307101, 39.429582052748515, 778713241369.3435], "unrealized_pnl_8": [307101, 48.59023814338814, 638858515085.539], "unrealized_pnl_9": [307101, 800.9309985803227, 96040214071829.4], "margin_usage_ratio": [307101, 0.006491785924196351, 38.013732701066544]}, "pcr_min_ew": 0.994356688082788, "pcr_max_ew": 0.9999999999999817}