{"r_count": 100454.0001, "r_mean": -0.06734779687308252, "r_var": 1673.5674494307482, "tanh_k": 2.0, "feature_welford": {"unrealized_pnl": [100456, 6268.567694203057, 964571982219838.2], "realized_pnl": [100456, 12379.258955938149, 3099284840644112.5], "compounded_returns": [100456, 4060.932019684139, 3054848063858.284], "balance": [100456, 9805033.230479863, 1.3016868997560482e+19], "position_value": [100456, 135264.5745445867, 1.3746878852686254e+16], "current_position_size": [100456, 675946.1643966412, 3.436236193000732e+17], "last_log_ret": [100456, 0.0064740241732339715, 758.7084196162358], "sortino_ratio": [100456, 1.5022105692559213, 45705829.635639444], "rolling_pnl_sigma": [100456, 0.04122334386880047, 294.1775419038468], "portfolio_cash_ratio": [100456, 0.6719717651642804, 13458.699430868406], "free_collateral": [100456, 9936900.086806366, 1.2987363457882974e+19], "mm_reqs": [100456, 9728.64546745429, 193128063228684.03], "unrealized_pnl_0": [100456, 3.288867810549084, 346222669358.0085], "unrealized_pnl_1": [100456, 41.966406762158286, 1305767600941.8225], "unrealized_pnl_2": [100456, 1716.9517270253698, 101891405711360.14], "unrealized_pnl_3": [100456, 9378.004902599645, 2679530433192556.5], "unrealized_pnl_4": [100456, 32.49674153252309, 1210563292295.3645], "unrealized_pnl_5": [100456, 2539.6713471619687, 224425694949165.28], "unrealized_pnl_6": [100456, 100.12421164002129, 3497618724578.5674], "unrealized_pnl_7": [100456, 60.11176272244735, 538966126497.93536], "unrealized_pnl_8": [100456, 26.771906391904974, 431222039591.944], "unrealized_pnl_9": [100456, 576.163493269899, 29813143003348.83], "margin_usage_ratio": [100456, 0.011799093251493045, 19.25624414256349]}, "pcr_min_ew": 0.9865320116554503, "pcr_max_ew": 0.9999999393077911}