{"r_count": 418799.0001, "r_mean": -0.0331408475105445, "r_var": 2139.6176592934244, "tanh_k": 2.0, "feature_welford": {"unrealized_pnl": [418801, 18608.784100996523, 1.016835245731835e+16], "realized_pnl": [418801, 29480.790993537557, 3.348305440851636e+16], "compounded_returns": [418801, 14754.566444155367, 64004355181847.77], "balance": [418801, 23874369.917974733, 1.501826850447136e+20], "position_value": [418801, 147226.31386215953, 7.194259484488358e+16], "current_position_size": [418801, 736016.4169777405, 1.7985239108010755e+18], "last_log_ret": [418801, 0.008784685680490423, 1014.641250492104], "sortino_ratio": [418801, 14.785586161306455, 18031578079.331936], "rolling_pnl_sigma": [418801, 0.018831242276451818, 474.5236064111534], "portfolio_cash_ratio": [418801, 0.8402897656503505, 35067.54423607968], "free_collateral": [418801, 24029084.07578626, 1.4902208863203734e+20], "mm_reqs": [418801, 11175.353492115197, 1373785598358984.0], "unrealized_pnl_0": [418801, 13.164428582743819, 465805980279.0331], "unrealized_pnl_1": [418801, 16.13674760577372, 2228436704090.956], "unrealized_pnl_2": [418801, 12524.16098134815, 2440306984097725.0], "unrealized_pnl_3": [418801, 22025.210369237277, 3.1426351832092896e+16], "unrealized_pnl_4": [418801, 188.7902414564878, 7044227669747.702], "unrealized_pnl_5": [418801, 3640.4708276265574, 1032562544482667.0], "unrealized_pnl_6": [418801, 141.36437216218462, 9491431299058.271], "unrealized_pnl_7": [418801, 38.70155596243261, 876441078420.6086], "unrealized_pnl_8": [418801, 75.19128710011218, 983185291171.1161], "unrealized_pnl_9": [418801, 897.5864571236799, 123324007939581.52], "margin_usage_ratio": [418801, 0.005689021269661435, 45.78832449666735]}, "pcr_min_ew": 0.9958207553070922, "pcr_max_ew": 0.9999760702717191}