{"r_count": 138432.0001, "r_mean": -0.05623023482995929, "r_var": 1767.2625605274911, "tanh_k": 2.0, "feature_welford": {"unrealized_pnl": [138434, 8400.708641960704, 1783157450433371.0], "realized_pnl": [138434, 16623.078573611732, 6108148725115031.0], "compounded_returns": [138434, 6516.71170542517, 8066815388875.525], "balance": [138434, 13209986.662628932, 2.5637751321892434e+19], "position_value": [138434, 136422.34528504906, 1.979788201194516e+16], "current_position_size": [138434, 681798.3821669219, 4.9489468196925126e+17], "last_log_ret": [138434, 0.007252383691354239, 795.8765953325616], "sortino_ratio": [138434, 2.6929736476681563, 191540279.28067127], "rolling_pnl_sigma": [138434, 0.03407765474610207, 332.60923977677913], "portfolio_cash_ratio": [138434, 0.7269328642477871, 17105.27106366588], "free_collateral": [138434, 13344958.281221261, 2.552307649522375e+19], "mm_reqs": [138434, 9906.984024407784, 302715765445336.1], "unrealized_pnl_0": [138434, 6.940533899324877, 355527856621.2123], "unrealized_pnl_1": [138434, 41.69161108402802, 1533459138452.0913], "unrealized_pnl_2": [138434, 3221.9800638145416, 217499834926922.88], "unrealized_pnl_3": [138434, 12753.003599443347, 5698542227353593.0], "unrealized_pnl_4": [138434, 46.98306759746073, 1369503388778.2876], "unrealized_pnl_5": [138434, 2979.7140149909683, 361438333805111.5], "unrealized_pnl_6": [138434, 97.43519737300917, 4068527026877.756], "unrealized_pnl_7": [138434, 59.224255592139166, 767115510742.2563], "unrealized_pnl_8": [138434, 30.731213462575163, 486771781960.3517], "unrealized_pnl_9": [138434, 645.047931188402, 42010210873732.25], "margin_usage_ratio": [138434, 0.009789390296252917, 23.733502194905288]}, "pcr_min_ew": 0.9893114384923867, "pcr_max_ew": 1.000000000000073}