{"r_count": 158538.0001, "r_mean": -0.05232800760902023, "r_var": 1813.0654089732666, "tanh_k": 2.0, "feature_welford": {"unrealized_pnl": [158540, 9203.344635089099, 2213957607304012.0], "realized_pnl": [158540, 18487.593157358155, 8001301147641592.0], "compounded_returns": [158540, 7419.170165095368, 12502436140990.682], "balance": [158540, 14857773.6270735, 3.426651668974013e+19], "position_value": [158540, 134742.46080943078, 2.2965219444915576e+16], "current_position_size": [158540, 673491.6328285953, 5.7409314136790406e+17], "last_log_ret": [158540, 0.007532137342478626, 816.2480305979133], "sortino_ratio": [158540, 4.119373118155658, 509420405.77716434], "rolling_pnl_sigma": [158540, 0.03147001852785384, 351.7299065430829], "portfolio_cash_ratio": [158540, 0.7465239599575595, 18784.38172834016], "free_collateral": [158540, 14991778.280891027, 3.410249526267916e+19], "mm_reqs": [158540, 10021.3700196646, 397249548028341.3], "unrealized_pnl_0": [158540, 10.584046739913607, 367280908411.5172], "unrealized_pnl_1": [158540, 26.308278613917253, 1573045598985.82], "unrealized_pnl_2": [158540, 4136.730710636157, 307521918310046.6], "unrealized_pnl_3": [158540, 14108.347275493437, 7433472158177646.0], "unrealized_pnl_4": [158540, 64.0166331378021, 2228921068427.0034], "unrealized_pnl_5": [158540, 2878.2074399868607, 344187797722050.3], "unrealized_pnl_6": [158540, 136.38045826368364, 5176822601611.796], "unrealized_pnl_7": [158540, 63.253019192201364, 640677517386.1067], "unrealized_pnl_8": [158540, 32.6070297119972, 521886880515.6449], "unrealized_pnl_9": [158540, 690.3260965142517, 57187555486670.22], "margin_usage_ratio": [158540, 0.009071308382730481, 25.800656070286742]}, "pcr_min_ew": 0.9899668191997844, "pcr_max_ew": 1.000000000000143}657562}