{"r_count": 465713.0001, "r_mean": -0.03177355037849133, "r_var": 2185.1975797394725, "tanh_k": 2.0, "feature_welford": {"unrealized_pnl": [465715, 19984.384641618806, 1.208338967575621e+16], "realized_pnl": [465715, 30637.571826212632, 3.871641148258945e+16], "compounded_returns": [465715, 15502.681620123647, 75266904840622.97], "balance": [465715, 24863292.145753145, 1.75567639266594e+20], "position_value": [465715, 149967.09167605752, 8.248891963613726e+16], "current_position_size": [465715, 749722.8923824558, 2.0621781434990612e+18], "last_log_ret": [465715, 0.00887413868754134, 1048.712624950109], "sortino_ratio": [465715, 16.237267126663905, 20665726345.01716], "rolling_pnl_sigma": [465715, 0.0179205679711718, 489.81230271219084], "portfolio_cash_ratio": [465715, 0.8467710104276246, 37553.05805007312], "free_collateral": [465715, 25021901.64135945, 1.7416385062723505e+20], "mm_reqs": [465715, 11394.189993704955, 1585045483919154.0], "unrealized_pnl_0": [465715, 12.617312679457921, 473390727331.88477], "unrealized_pnl_1": [465715, 14.929257384060573, 2422349632362.5913], "unrealized_pnl_2": [465715, 13582.412205136454, 2962657331673297.0], "unrealized_pnl_3": [465715, 23050.491564317035, 3.675841445534615e+16], "unrealized_pnl_4": [465715, 194.52712147521555, 7672438197427.01], "unrealized_pnl_5": [465715, 3782.2152767018547, 1136603139736365.5], "unrealized_pnl_6": [465715, 140.8974365549396, 10283043184572.137], "unrealized_pnl_7": [465715, 39.25727942783849, 922294917182.0049], "unrealized_pnl_8": [465715, 87.52497317909682, 1180491548068.1997], "unrealized_pnl_9": [465715, 948.5477640434608, 137719832136520.77], "margin_usage_ratio": [465715, 0.005462314236904686, 48.952908133537974]}, "pcr_min_ew": 0.9969391392863942, "pcr_max_ew": 0.9999999995523869}