{"r_count": 492521.0001, "r_mean": -0.03102402007880054, "r_var": 2200.381887118025, "tanh_k": 2.0, "feature_welford": {"unrealized_pnl": [492523, 20280.171413391097, 1.2811410390602536e+16], "realized_pnl": [492523, 31317.88378372155, 4.22807377672353e+16], "compounded_returns": [492523, 15932.978662704116, 81856723150404.06], "balance": [492523, 25357869.881054744, 1.905970842060864e+20], "position_value": [492523, 151480.97415101115, 8.896528362531542e+16], "current_position_size": [492523, 757284.6577746617, 2.2240724490099942e+18], "last_log_ret": [492523, 0.008917038887647576, 1063.2667461693673], "sortino_ratio": [492523, 16.685104519647787, 28189015463.145664], "rolling_pnl_sigma": [492523, 0.017444069436463268, 494.32789968211586], "portfolio_cash_ratio": [492523, 0.8503665829358213, 38790.73598309924], "free_collateral": [492523, 25518121.38877886, 1.8904868202430864e+20], "mm_reqs": [492523, 11557.469038384857, 1796636647598968.8], "unrealized_pnl_0": [492523, 14.362198509435833, 527840222268.0929], "unrealized_pnl_1": [492523, 19.540899176056993, 2429634628540.8813], "unrealized_pnl_2": [492523, 13923.408043022908, 3225163579032229.0], "unrealized_pnl_3": [492523, 23713.661224160795, 4.0526486419523816e+16], "unrealized_pnl_4": [492523, 182.9502740530924, 7051668032673.069], "unrealized_pnl_5": [492523, 3887.304917838047, 1157813770686084.2], "unrealized_pnl_6": [492523, 123.13733872343518, 9270058230804.22], "unrealized_pnl_7": [492523, 34.392448827755594, 1048303452742.8741], "unrealized_pnl_8": [492523, 94.76398036230857, 1417419220900.0505], "unrealized_pnl_9": [492523, 947.4867672819814, 140550148721162.64], "margin_usage_ratio": [492523, 0.005337274870542892, 50.653492727987306]}, "pcr_min_ew": 0.9935300251920555, "pcr_max_ew": 0.9999999743734679}