{"r_count": 329439.0001, "r_mean": -0.036570963901797836, "r_var": 2038.979325306892, "tanh_k": 2.0, "feature_welford": {"unrealized_pnl": [329441, 15202.697875128284, 6488645618030825.0], "realized_pnl": [329441, 26725.23266578811, 2.3575996528602064e+16], "compounded_returns": [329441, 12971.048789901624, 42537272754591.09], "balance": [329441, 21475045.48262545, 1.0288649416114364e+20], "position_value": [329441, 141509.20000871245, 5.295449129870118e+16], "current_position_size": [329441, 707387.0757513279, 1.3238057504945295e+18], "last_log_ret": [329441, 0.008550191363881484, 945.5128166110713], "sortino_ratio": [329441, 12.790680019155324, 6983895771.278475], "rolling_pnl_sigma": [329441, 0.021147770470619175, 439.12689490043346], "portfolio_cash_ratio": [329441, 0.8236973260083791, 30054.41834068494], "free_collateral": [329441, 21621112.322352983, 1.021385431492171e+20], "mm_reqs": [329441, 10696.444402258187, 1026988503150429.5], "unrealized_pnl_0": [329441, 17.193840845652442, 472788192158.9221], "unrealized_pnl_1": [329441, 20.714286259714907, 1930493130878.0618], "unrealized_pnl_2": [329441, 9912.074611312095, 1476339688514753.0], "unrealized_pnl_3": [329441, 19886.901374912093, 2.2579255123050684e+16], "unrealized_pnl_4": [329441, 146.48398014662587, 4668721244375.716], "unrealized_pnl_5": [329441, 3540.1306400938824, 769938656984861.6], "unrealized_pnl_6": [329441, 141.35162534138874, 8204864466652.098], "unrealized_pnl_7": [329441, 34.629469366816444, 950751106847.7043], "unrealized_pnl_8": [329441, 55.26722798473788, 820651632842.1735], "unrealized_pnl_9": [329441, 739.7932665639281, 85901162750115.7], "margin_usage_ratio": [329441, 0.006266840852178737, 39.52347077616083]}, "pcr_min_ew": 0.9964743678986285, "pcr_max_ew": 0.999999998969557}