{"r_count": 419916.0001, "r_mean": -0.0330182462886999, "r_var": 2131.856959325178, "tanh_k": 2.0, "feature_welford": {"unrealized_pnl": [419918, 18476.16092631842, 1.006121567263947e+16], "realized_pnl": [419918, 29636.97340742981, 3.389243992131273e+16], "compounded_returns": [419918, 14833.801179743634, 64393446748276.43], "balance": [419918, 23916378.271563463, 1.5150162256594338e+20], "position_value": [419918, 147344.83082612292, 7.267578679907776e+16], "current_position_size": [419918, 736591.0893193833, 1.8168340106303214e+18], "last_log_ret": [419918, 0.008786740350081718, 1011.1624321057134], "sortino_ratio": [419918, 15.18104536589864, 23542834139.97187], "rolling_pnl_sigma": [419918, 0.018776848077174557, 471.5753676937907], "portfolio_cash_ratio": [419918, 0.840842112947935, 35015.06463925414], "free_collateral": [419918, 24070976.368985202, 1.5033103771337848e+20], "mm_reqs": [419918, 11271.67065786479, 1480240392285702.0], "unrealized_pnl_0": [419918, 15.755977814785085, 493536545459.4338], "unrealized_pnl_1": [419918, 20.09260499527609, 2204999687220.5425], "unrealized_pnl_2": [419918, 12436.792134297923, 2435517258789456.5], "unrealized_pnl_3": [419918, 22161.811669087983, 3.2091907328211536e+16], "unrealized_pnl_4": [419918, 169.96515750764036, 6013987041586.12], "unrealized_pnl_5": [419918, 3688.545285198224, 975726662793197.5], "unrealized_pnl_6": [419918, 130.02814513990495, 8775945105033.685], "unrealized_pnl_7": [419918, 33.573034187703065, 987844531638.6365], "unrealized_pnl_8": [419918, 78.1057325773634, 1117317016342.5422], "unrealized_pnl_9": [419918, 852.3579651219961, 111673145994956.4], "margin_usage_ratio": [419918, 0.005667811370847645, 45.79842853442348]}, "pcr_min_ew": 0.9910867821272409, "pcr_max_ew": 1.0000000000000189}