{"r_count": 268004.0001, "r_mean": -0.040081622027928566, "r_var": 1967.5645599759807, "tanh_k": 2.0, "feature_welford": {"unrealized_pnl": [268006, 13330.211002403119, 4769849202214705.0], "realized_pnl": [268006, 24620.575464159177, 1.8016318614027136e+16], "compounded_returns": [268006, 11577.20242732704, 30896831938422.316], "balance": [268006, 19693261.811500777, 7.685854469225633e+19], "position_value": [268006, 138760.41613178328, 4.146775741008059e+16], "current_position_size": [268006, 693612.6927057854, 1.0366346687942976e+18], "last_log_ret": [268006, 0.008322404098388539, 899.3940630089621], "sortino_ratio": [268006, 9.909540853185197, 3722795092.868469], "rolling_pnl_sigma": [268006, 0.02351209843522779, 412.36650485539207], "portfolio_cash_ratio": [268006, 0.8060482969662375, 26390.36474424252], "free_collateral": [268006, 19834944.869918887, 7.63421787600226e+19], "mm_reqs": [268006, 10459.008270501612, 791039452214913.2], "unrealized_pnl_0": [268006, 17.174324734381916, 440850754450.6259], "unrealized_pnl_1": [268006, 25.932807813922555, 1837544475043.7727], "unrealized_pnl_2": [268006, 8020.098066288599, 938688750825911.2], "unrealized_pnl_3": [268006, 18434.388722748612, 1.7146023072733386e+16], "unrealized_pnl_4": [268006, 121.07360885380857, 3657262039772.958], "unrealized_pnl_5": [268006, 3469.530644618459, 650549648598794.6], "unrealized_pnl_6": [268006, 141.13823272734209, 7652521946014.137], "unrealized_pnl_7": [268006, 39.37648211734834, 878780618359.3937], "unrealized_pnl_8": [268006, 42.458505985263365, 652356082095.1797], "unrealized_pnl_9": [268006, 674.3693437409584, 69378045497917.54], "margin_usage_ratio": [268006, 0.006893233770571568, 34.97270880274038]}, "pcr_min_ew": 0.9958799376314461, "pcr_max_ew": 1.0000000000000302}