{"r_count": 84072.0001, "r_mean": -0.07475227765698295, "r_var": 1631.2856824589817, "tanh_k": 2.0, "feature_welford": {"unrealized_pnl": [84074, 5061.384190327948, 617668878020529.4], "realized_pnl": [84074, 10103.180837840671, 2137105658218779.5], "compounded_returns": [84074, 2873.817356186676, 1577231313370.1868], "balance": [84074, 8031855.946817101, 8.7808361276828e+18], "position_value": [84074, 134979.5951097773, 1.138700400876745e+16], "current_position_size": [84074, 674409.3164401264, 2.8450403074303565e+17], "last_log_ret": [84074, 0.006012104928918076, 740.3726579266299], "sortino_ratio": [84074, 1.056980467606463, 18259002.858271506], "rolling_pnl_sigma": [84074, 0.04592313782031491, 272.40693483368636], "portfolio_cash_ratio": [84074, 0.6344745486364369, 11572.826549122998], "free_collateral": [84074, 8162303.501333621, 8.780093879693993e+18], "mm_reqs": [84074, 9652.89945840536, 147190547010244.44], "unrealized_pnl_0": [84074, 8.826781251773236, 332774042150.81195], "unrealized_pnl_1": [84074, 43.83198826812493, 1295071129818.0022], "unrealized_pnl_2": [84074, 1188.3273200085503, 74141275303490.64], "unrealized_pnl_3": [84074, 7461.252967552973, 1645389251503418.0], "unrealized_pnl_4": [84074, 27.68586212583986, 1289271430401.7979], "unrealized_pnl_5": [84074, 2068.8740946679222, 173683630760086.75], "unrealized_pnl_6": [84074, 123.42137306230825, 3505408088916.923], "unrealized_pnl_7": [84074, 50.308617734294586, 439966611012.72955], "unrealized_pnl_8": [84074, 35.5702379657241, 410659794946.4794], "unrealized_pnl_9": [84074, 552.7006654961247, 25092765351990.03], "margin_usage_ratio": [84074, 0.013163552874683975, 16.860146546659546]}, "pcr_min_ew": 0.9884305854770066, "pcr_max_ew": 0.999999999497211}