{"r_count": 368534.0001, "r_mean": -0.034821793303554005, "r_var": 2086.8986162774404, "tanh_k": 2.0, "feature_welford": {"unrealized_pnl": [368536, 16640.719216314155, 7803091745399873.0], "realized_pnl": [368536, 28275.221117906534, 2.8120530222802036e+16], "compounded_returns": [368536, 13808.461732279791, 53820699961010.83], "balance": [368536, 22751035.86723291, 1.2475016145841001e+20], "position_value": [368536, 143771.50290064001, 6.10048450322711e+16], "current_position_size": [368536, 718740.9954716567, 1.5250808913062879e+18], "last_log_ret": [368536, 0.008669727107890978, 976.3067032548288], "sortino_ratio": [368536, 13.486505704557473, 7477899064.506803], "rolling_pnl_sigma": [368536, 0.01998813422346461, 456.38183549441806], "portfolio_cash_ratio": [368536, 0.832094540550748, 32250.275490998025], "free_collateral": [368536, 22900546.5689433, 1.2383407595375727e+20], "mm_reqs": [368536, 10962.905850850882, 1212223724445823.8], "unrealized_pnl_0": [368536, 14.53111443988824, 476633150619.41486], "unrealized_pnl_1": [368536, 16.625042889012427, 2256184058725.8975], "unrealized_pnl_2": [368536, 11039.069138010267, 1856957717757286.2], "unrealized_pnl_3": [368536, 20629.729600073628, 2.5726573385161332e+16], "unrealized_pnl_4": [368536, 165.43534772816693, 5706224274754.14], "unrealized_pnl_5": [368536, 3496.766325766689, 771370229754335.2], "unrealized_pnl_6": [368536, 134.429276933734, 7462599780597.079], "unrealized_pnl_7": [368536, 38.39850208812822, 816521689550.1039], "unrealized_pnl_8": [368536, 61.490086668591296, 837662925257.824], "unrealized_pnl_9": [368536, 783.3390513812162, 96781154517351.4], "margin_usage_ratio": [368536, 0.005972006015169207, 42.241956378642755]}, "pcr_min_ew": 0.9911194653395764, "pcr_max_ew": 1.000000000000058}