{"r_count": 438905.0001, "r_mean": -0.032521155495272354, "r_var": 2159.3713024976732, "tanh_k": 2.0, "feature_welford": {"unrealized_pnl": [438907, 19215.09660985289, 1.0935571349003426e+16], "realized_pnl": [438907, 30031.508229926338, 3.5729167221439492e+16], "compounded_returns": [438907, 15086.619920821251, 68767619492605.72], "balance": [438907, 24313164.893212065, 1.60955023442097e+20], "position_value": [438907, 148447.88477080062, 7.644006778872862e+16], "current_position_size": [438907, 742129.5453859346, 1.9109613245318912e+18], "last_log_ret": [438907, 0.008825051054540041, 1029.261623665686], "sortino_ratio": [438907, 15.503292073844968, 19077078305.136753], "rolling_pnl_sigma": [438907, 0.01842020131214834, 481.1137720010265], "portfolio_cash_ratio": [438907, 0.8432683317051357, 36127.944555977], "free_collateral": [438907, 24469605.035627924, 1.596919100858856e+20], "mm_reqs": [438907, 11275.704011816608, 1465271399109732.5], "unrealized_pnl_0": [438907, 12.69510780365639, 467196147418.81494], "unrealized_pnl_1": [438907, 15.554293627272251, 2371256141309.1943], "unrealized_pnl_2": [438907, 13037.13046024146, 2680211874136257.5], "unrealized_pnl_3": [438907, 22404.389739123893, 3.353025903093798e+16], "unrealized_pnl_4": [438907, 192.620891671222, 7374025439712.036], "unrealized_pnl_5": [438907, 3692.135353260766, 1073872839806584.5], "unrealized_pnl_6": [438907, 144.24638079351996, 10188054358640.043], "unrealized_pnl_7": [438907, 38.67213061434082, 907338570797.9332], "unrealized_pnl_8": [438907, 80.54647564060558, 1068091955639.7191], "unrealized_pnl_9": [438907, 920.3712716523078, 129637832690008.08], "margin_usage_ratio": [438907, 0.005584611431008268, 47.129140489296866]}, "pcr_min_ew": 0.9903296763840321, "pcr_max_ew": 0.9999999889532479}