{"r_count": 323854.0001, "r_mean": -0.036830086639740474, "r_var": 2034.7869294677969, "tanh_k": 2.0, "feature_welford": {"unrealized_pnl": [323856, 15509.387803848203, 6679209364492152.0], "realized_pnl": [323856, 26756.498773700478, 2.3515157001691164e+16], "compounded_returns": [323856, 13002.112474120315, 42733836732795.89], "balance": [323856, 21558173.88433845, 1.0312945001141561e+20], "position_value": [323856, 141444.22935323283, 5.166589523070578e+16], "current_position_size": [323856, 707103.9525022126, 1.2916013556522396e+18], "last_log_ret": [323856, 0.008540744261833525, 941.6899105213361], "sortino_ratio": [323856, 11.95860437578392, 4030899310.472103], "rolling_pnl_sigma": [323856, 0.02132873919978613, 437.1318889178932], "portfolio_cash_ratio": [323856, 0.8223300583372303, 29679.754544589032], "free_collateral": [323856, 21704485.683556587, 1.0239224064631369e+20], "mm_reqs": [323856, 10692.43860616247, 996716392111170.0], "unrealized_pnl_0": [323856, 16.737961707960032, 423916102654.0648], "unrealized_pnl_1": [323856, 21.54751277877057, 2177909466259.2856], "unrealized_pnl_2": [323856, 10091.470842347531, 1473819294068278.0], "unrealized_pnl_3": [323856, 20258.999520259928, 2.279653794957056e+16], "unrealized_pnl_4": [323856, 146.34353653742463, 3980263049876.7534], "unrealized_pnl_5": [323856, 3484.3464112632164, 714565822659254.9], "unrealized_pnl_6": [323856, 126.28321375909232, 6162721682238.299], "unrealized_pnl_7": [323856, 44.63330204869045, 901455254806.8066], "unrealized_pnl_8": [323856, 49.23866506372881, 693609006157.4596], "unrealized_pnl_9": [323856, 711.2832051879558, 72978098213317.23], "margin_usage_ratio": [323856, 0.0063213195976523735, 39.169787104522854]}, "pcr_min_ew": 0.9962424250095061, "pcr_max_ew": 0.9999999982735512}