{"r_count": 290344.0001, "r_mean": -0.0386753310789255, "r_var": 1996.3031165943391, "tanh_k": 2.0, "feature_welford": {"unrealized_pnl": [290346, 14311.94904701559, 5570857586810201.0], "realized_pnl": [290346, 25379.153809548545, 2.0126625186690896e+16], "compounded_returns": [290346, 12166.08556415951, 35291893050194.92], "balance": [290346, 20470327.109549727, 8.652221855302951e+19], "position_value": [290346, 139661.04925493296, 4.506180221628991e+16], "current_position_size": [290346, 698178.0179963101, 1.1264979630053352e+18], "last_log_ret": [290346, 0.008418682376694436, 916.7763512869614], "sortino_ratio": [290346, 10.430621577480006, 2768720224.487031], "rolling_pnl_sigma": [290346, 0.022553445351236805, 423.07583176021507], "portfolio_cash_ratio": [290346, 0.8131605367658774, 27736.181067666806], "free_collateral": [290346, 20613846.249694977, 8.592163669245708e+19], "mm_reqs": [290346, 10503.55787930509, 857168844514535.4], "unrealized_pnl_0": [290346, 16.829943450590825, 390313913939.11444], "unrealized_pnl_1": [290346, 21.27962081379725, 1978463949040.2832], "unrealized_pnl_2": [290346, 8955.641920861013, 1138194209663457.2], "unrealized_pnl_3": [290346, 19264.197426291572, 1.9493513414526212e+16], "unrealized_pnl_4": [290346, 137.97236982073267, 3593132043794.7485], "unrealized_pnl_5": [290346, 3439.439261056013, 643325664200212.6], "unrealized_pnl_6": [290346, 125.74245818649598, 5910458250165.549], "unrealized_pnl_7": [290346, 47.429031602692035, 894711022306.6014], "unrealized_pnl_8": [290346, 44.33072826861617, 649211329035.1986], "unrealized_pnl_9": [290346, 681.2586183219032, 67621891924189.76], "margin_usage_ratio": [290346, 0.006646341521249754, 36.75946689158693]}, "pcr_min_ew": 0.9973129191856664, "pcr_max_ew": 0.9999999902776596}