{"r_count": 129496.0001, "r_mean": -0.05832371317948359, "r_var": 1747.8310669024995, "tanh_k": 2.0, "feature_welford": {"unrealized_pnl": [129498, 7795.8040331493685, 1464128319787323.0], "realized_pnl": [129498, 15711.603911922099, 5206321895601915.0], "compounded_returns": [129498, 5990.724838520324, 6753848896824.549], "balance": [129498, 12490859.786526358, 2.241188627890092e+19], "position_value": [129498, 136472.1355201368, 1.840021863556673e+16], "current_position_size": [129498, 682025.7170083278, 4.5995311716659066e+17], "last_log_ret": [129498, 0.007106219790320987, 787.5658840617921], "sortino_ratio": [129498, 2.541209442587614, 173946471.64792183], "rolling_pnl_sigma": [129498, 0.03542395167260401, 324.64710282115067], "portfolio_cash_ratio": [129498, 0.7166866940689113, 16310.25667090325], "free_collateral": [129498, 12625307.620807434, 2.2320195749680534e+19], "mm_reqs": [129498, 9877.264091374875, 276979565477026.3], "unrealized_pnl_0": [129498, 6.549901641880582, 353756206575.5552], "unrealized_pnl_1": [129498, 36.952667924588084, 1428347779984.8125], "unrealized_pnl_2": [129498, 2904.9294064873447, 187292672206203.22], "unrealized_pnl_3": [129498, 11845.01616237692, 4749960822838020.0], "unrealized_pnl_4": [129498, 42.24148883006465, 1330447217823.915], "unrealized_pnl_5": [129498, 2977.1109086240062, 344133711045060.5], "unrealized_pnl_6": [129498, 97.5040990705891, 4022584092913.391], "unrealized_pnl_7": [129498, 59.572619095352415, 707770375868.3754], "unrealized_pnl_8": [129498, 30.05876987132571, 484177072006.9481], "unrealized_pnl_9": [129498, 653.9540324431154, 39901102510308.02], "margin_usage_ratio": [129498, 0.010166273628001172, 22.779870367647074]}, "pcr_min_ew": 0.9787397363721544, "pcr_max_ew": 0.99999999406341}