{"r_count": 70668.0001, "r_mean": -0.08263302495721646, "r_var": 1578.14898754806, "tanh_k": 2.0, "feature_welford": {"unrealized_pnl": [70670, 4294.04140127089, 470577529148719.0], "realized_pnl": [70670, 8159.080202534937, 1514322472877014.5], "compounded_returns": [70670, 1816.0556389817536, 616390403209.7147], "balance": [70670, 6280217.917126995, 5.470718842243383e+18], "position_value": [70670, 132829.82244315592, 9018930110826368.0], "current_position_size": [70670, 663575.3185420351, 2.2530087274967504e+17], "last_log_ret": [70670, 0.005425964392908422, 722.0936896246981], "sortino_ratio": [70670, 0.7326035695284062, 1125948.1168967038], "rolling_pnl_sigma": [70670, 0.05100129036345453, 250.58127668089432], "portfolio_cash_ratio": [70670, 0.5950776881756059, 9786.258847449339], "free_collateral": [70670, 6408042.508592174, 5.485095035081058e+18], "mm_reqs": [70670, 9359.076752494806, 109861823781997.62], "unrealized_pnl_0": [70670, 8.288638236654645, 321085867259.61664], "unrealized_pnl_1": [70670, 49.32807848602004, 1265260544055.8865], "unrealized_pnl_2": [70670, 722.1166526567979, 50292779892221.87], "unrealized_pnl_3": [70670, 6122.995377661245, 1106800815368592.4], "unrealized_pnl_4": [70670, 26.354709971997305, 1236053378782.7087], "unrealized_pnl_5": [70670, 1827.5163864539525, 134311204798875.05], "unrealized_pnl_6": [70670, 112.01945044121575, 3148589714547.5513], "unrealized_pnl_7": [70670, 42.33651515670908, 411665547638.9823], "unrealized_pnl_8": [70670, 39.45953841253235, 404908097376.1], "unrealized_pnl_9": [70670, 469.362068318325, 20494866213132.4], "margin_usage_ratio": [70670, 0.014577142900925058, 14.589700616176238]}, "pcr_min_ew": 0.9740744561036704, "pcr_max_ew": 0.9999999999998913}