{"r_count": 192048.0001, "r_mean": -0.047319579945302864, "r_var": 1870.139531082405, "tanh_k": 2.0, "feature_welford": {"unrealized_pnl": [192050, 10799.89136947015, 3062465890900325.0], "realized_pnl": [192050, 20852.097063349953, 1.1347610716215918e+16], "compounded_returns": [192050, 8943.949261623371, 18242621173727.277], "balance": [192050, 16753663.005089996, 4.71426984067828e+19], "position_value": [192050, 135524.0342826524, 2.8393471978629828e+16], "current_position_size": [192050, 677431.29479334, 7.097998275419007e+17], "last_log_ret": [192050, 0.00786464011555299, 843.9693905732714], "sortino_ratio": [192050, 5.4389936951831865, 905204640.349674], "rolling_pnl_sigma": [192050, 0.02822540078280009, 374.5601508483593], "portfolio_cash_ratio": [192050, 0.7710724444245703, 21333.692810229077], "free_collateral": [192050, 16889896.54111656, 4.6885027891734725e+19], "mm_reqs": [192050, 10166.865090502048, 520006705896387.25], "unrealized_pnl_0": [192050, 12.879984306324967, 385759074362.5466], "unrealized_pnl_1": [192050, 22.77198739474986, 1697787605045.9043], "unrealized_pnl_2": [192050, 5395.418486798719, 454545747922461.0], "unrealized_pnl_3": [192050, 15766.506645634756, 1.046662319655229e+16], "unrealized_pnl_4": [192050, 79.4803489517954, 2435544188596.9277], "unrealized_pnl_5": [192050, 3087.071428448247, 428373900764283.94], "unrealized_pnl_6": [192050, 139.18778723070074, 5498166407578.206], "unrealized_pnl_7": [192050, 55.73949885476848, 672904533346.7526], "unrealized_pnl_8": [192050, 32.88436002262488, 538583602407.4182], "unrealized_pnl_9": [192050, 694.4423299712149, 64777708425454.695], "margin_usage_ratio": [192050, 0.008162439589877859, 28.84339682740813]}, "pcr_min_ew": 0.9970863888750106, "pcr_max_ew": 1.0000000000000895}