{"r_count": 446724.0001, "r_mean": -0.032194983446820334, "r_var": 2159.4142221169363, "tanh_k": 2.0, "feature_welford": {"unrealized_pnl": [446726, 19236.510928117576, 1.1125687810839734e+16], "realized_pnl": [446726, 30340.298416016103, 3.6724513324634856e+16], "compounded_returns": [446726, 15361.549568613309, 71576547690243.02], "balance": [446726, 24628504.806018177, 1.672790140080036e+20], "position_value": [446726, 148687.31437299345, 7.807505985898458e+16], "current_position_size": [446726, 743323.0786454898, 1.9518214296455094e+18], "last_log_ret": [446726, 0.008844971775630678, 1030.6046363883906], "sortino_ratio": [446726, 15.409297147937462, 10265768363.32457], "rolling_pnl_sigma": [446726, 0.018229943660635524, 480.4520103208372], "portfolio_cash_ratio": [446726, 0.8447355697594334, 36383.36119184124], "free_collateral": [446726, 24785153.625481702, 1.6595035566488525e+20], "mm_reqs": [446726, 11322.64549768726, 1551523340105624.0], "unrealized_pnl_0": [446726, 14.538613265058475, 464856109193.41833], "unrealized_pnl_1": [446726, 16.69427236266435, 2337662846407.5103], "unrealized_pnl_2": [446726, 13172.112731310728, 2723009438835827.0], "unrealized_pnl_3": [446726, 22925.464732492004, 3.544746220301588e+16], "unrealized_pnl_4": [446726, 179.9966598839017, 6176465683465.74], "unrealized_pnl_5": [446726, 3767.7029438724176, 982567066633452.0], "unrealized_pnl_6": [446726, 122.63115929969042, 7179494470999.015], "unrealized_pnl_7": [446726, 38.71940779119284, 1019220434131.67], "unrealized_pnl_8": [446726, 82.70617948650981, 1200186350738.0361], "unrealized_pnl_9": [446726, 848.1253198523539, 111216543581453.83], "margin_usage_ratio": [446726, 0.0055357972512180675, 47.64857147624793]}, "pcr_min_ew": 0.9882590045483346, "pcr_max_ew": 0.9999999999999191}