{"r_count": 151092.0001, "r_mean": -0.05367942237431456, "r_var": 1809.7502356481357, "tanh_k": 2.0, "feature_welford": {"unrealized_pnl": [151094, 9420.330290793434, 2306406750205393.0], "realized_pnl": [151094, 18197.73209328346, 7800171537353426.0], "compounded_returns": [151094, 7308.603078564397, 11820643021324.637], "balance": [151094, 14636909.97809977, 3.3324822747083764e+19], "position_value": [151094, 137041.5240981244, 2.2552574161604124e+16], "current_position_size": [151094, 684928.0785371233, 5.63644394527302e+17], "last_log_ret": [151094, 0.007487917804642969, 809.8112354632523], "sortino_ratio": [151094, 3.2794963330187543, 565608446.5039479], "rolling_pnl_sigma": [151094, 0.03240251596132959, 345.47449311299494], "portfolio_cash_ratio": [151094, 0.7388466726426541, 18214.006961353083], "free_collateral": [151094, 14773279.292772876, 3.3169404784104063e+19], "mm_reqs": [151094, 10152.575658618583, 363563533727462.25], "unrealized_pnl_0": [151094, 12.640179023687883, 351309810868.39886], "unrealized_pnl_1": [151094, 28.962471409006287, 1543765296599.3289], "unrealized_pnl_2": [151094, 3785.8918964924674, 269921947997990.47], "unrealized_pnl_3": [151094, 13983.391311624478, 7450997274363341.0], "unrealized_pnl_4": [151094, 55.23007243725586, 1525396825395.5293], "unrealized_pnl_5": [151094, 3160.808646484854, 405057072376208.44], "unrealized_pnl_6": [151094, 113.93701009971015, 4498225446101.339], "unrealized_pnl_7": [151094, 70.73210388240203, 774167542970.7958], "unrealized_pnl_8": [151094, 32.75260308035081, 468321868929.9696], "unrealized_pnl_9": [151094, 752.0241565791207, 52190681016595.91], "margin_usage_ratio": [151094, 0.009356000714492501, 25.04851434760644]}, "pcr_min_ew": 0.9959297117672122, "pcr_max_ew": 1.0000000000000782}