{"r_count": 266887.0001, "r_mean": -0.04018135863545209, "r_var": 1967.7026127301972, "tanh_k": 2.0, "feature_welford": {"unrealized_pnl": [266889, 13538.707021866181, 4941141789017172.0], "realized_pnl": [266889, 24525.915064026827, 1.8048011570077628e+16], "compounded_returns": [266889, 11603.470267252249, 31087855344169.082], "balance": [266889, 19751304.328493033, 7.701156856826882e+19], "position_value": [266889, 138701.05184233625, 4.099876889977257e+16], "current_position_size": [266889, 693366.851607623, 1.024921774007845e+18], "last_log_ret": [266889, 0.008321013293878098, 898.8187274611572], "sortino_ratio": [266889, 10.024361956358655, 2503218110.1314707], "rolling_pnl_sigma": [266889, 0.023555131923387426, 412.2401084392173], "portfolio_cash_ratio": [266889, 0.8056447867368646, 26295.249359837027], "free_collateral": [266889, 19893153.323947202, 7.64962770297702e+19], "mm_reqs": [266889, 10438.437425056445, 775428969618953.6], "unrealized_pnl_0": [266889, 16.537466454719713, 384865976577.41583], "unrealized_pnl_1": [266889, 22.25356059867829, 1936510612010.8726], "unrealized_pnl_2": [266889, 8214.703953827464, 953732680269780.0], "unrealized_pnl_3": [266889, 18808.4830037753, 1.7633870690183992e+16], "unrealized_pnl_4": [266889, 127.85112895271148, 3319063987425.15], "unrealized_pnl_5": [266889, 3338.619635617905, 556595368033693.8], "unrealized_pnl_6": [266889, 125.33683629670337, 5706923092923.067], "unrealized_pnl_7": [266889, 49.35557085564385, 880034588946.2041], "unrealized_pnl_8": [266889, 41.194561749705635, 622277336246.3241], "unrealized_pnl_9": [266889, 671.2083656163347, 61989936291599.45], "margin_usage_ratio": [266889, 0.0069163375276911744, 34.9922544114599]}, "pcr_min_ew": 0.9933171309475883, "pcr_max_ew": 0.9999999987697025}