{"r_count": 339492.0001, "r_mean": -0.03624259663436994, "r_var": 2058.6745041732, "tanh_k": 2.0, "feature_welford": {"unrealized_pnl": [339494, 16024.607663262112, 7272292190260242.0], "realized_pnl": [339494, 26963.22309777562, 2.485229094714779e+16], "compounded_returns": [339494, 13160.831987413068, 44937533393344.19], "balance": [339494, 21824978.6497986, 1.0826818751125783e+20], "position_value": [339494, 142148.60171679794, 5.4612936980308024e+16], "current_position_size": [339494, 710609.0881022641, 1.3652810992922138e+18], "last_log_ret": [339494, 0.008584104326352376, 957.5599013966754], "sortino_ratio": [339494, 12.323295988263585, 10563218114.30261], "rolling_pnl_sigma": [339494, 0.020885694681168875, 446.5107904008361], "portfolio_cash_ratio": [339494, 0.8253805283838362, 30766.823682470436], "free_collateral": [339494, 21972464.376044963, 1.074826814689228e+20], "mm_reqs": [339494, 10743.369155463823, 1018954791997126.0], "unrealized_pnl_0": [339494, 15.054227752733299, 432467943599.9393], "unrealized_pnl_1": [339494, 19.78456698251143, 2155125350391.933], "unrealized_pnl_2": [339494, 10365.92116144822, 1585038384834729.2], "unrealized_pnl_3": [339494, 20165.28574315058, 2.345207199505292e+16], "unrealized_pnl_4": [339494, 169.369219013719, 5671758374325.923], "unrealized_pnl_5": [339494, 3491.1185776755233, 869221183180714.5], "unrealized_pnl_6": [339494, 147.9366100752299, 8349480891494.7], "unrealized_pnl_7": [339494, 37.63399916061128, 794449449804.8119], "unrealized_pnl_8": [339494, 55.448509951666594, 707599975194.0223], "unrealized_pnl_9": [339494, 804.1789500095566, 103289934435118.81], "margin_usage_ratio": [339494, 0.006208011197767355, 40.340190672807985]}, "pcr_min_ew": 0.990599348143826, "pcr_max_ew": 0.9999999997786921}