{"r_count": 270238.0001, "r_mean": -0.03992430654655558, "r_var": 1970.2472195914627, "tanh_k": 2.0, "feature_welford": {"unrealized_pnl": [270240, 13377.399460808392, 4796524140095951.0], "realized_pnl": [270240, 24705.878527470748, 1.8174532547969852e+16], "compounded_returns": [270240, 11636.719145963902, 31319945230227.203], "balance": [270240, 19765699.984682593, 7.77628072208681e+19], "position_value": [270240, 138878.89230055778, 4.1904257481936296e+16], "current_position_size": [270240, 694206.6391679517, 1.0475472308052334e+18], "last_log_ret": [270240, 0.00833237772655783, 901.020338738778], "sortino_ratio": [270240, 10.269167605744265, 3901886503.4967823], "rolling_pnl_sigma": [270240, 0.023405652237842585, 413.3911778840582], "portfolio_cash_ratio": [270240, 0.806808042462491, 26530.509293180017], "free_collateral": [270240, 19907539.909774482, 7.723821094318675e+19], "mm_reqs": [270240, 10467.807184728821, 799607323699557.5], "unrealized_pnl_0": [270240, 17.102039626015067, 440929652669.92126], "unrealized_pnl_1": [270240, 25.767544668516305, 1837894165078.523], "unrealized_pnl_2": [270240, 8089.446505809424, 954138998386754.2], "unrealized_pnl_3": [270240, 18521.15775298722, 1.7308094229512724e+16], "unrealized_pnl_4": [270240, 122.26804349783492, 3692545789224.4473], "unrealized_pnl_5": [270240, 3464.9437608225608, 652943637599727.2], "unrealized_pnl_6": [270240, 140.927113114484, 7657722130618.041], "unrealized_pnl_7": [270240, 39.14565271298134, 878900641523.7754], "unrealized_pnl_8": [270240, 43.02945073960771, 655093645302.9474], "unrealized_pnl_9": [270240, 677.0485509962765, 69736561128889.27], "margin_usage_ratio": [270240, 0.00686564009385557, 35.14143590467577]}, "pcr_min_ew": 0.9931927072500053, "pcr_max_ew": 0.999999999999911}