{"r_count": 185346.0001, "r_mean": -0.048157385028916894, "r_var": 1854.6797189698998, "tanh_k": 2.0, "feature_welford": {"unrealized_pnl": [185348, 10909.671785221575, 3034811597628391.0], "realized_pnl": [185348, 20384.12309206804, 1.0832873681891182e+16], "compounded_returns": [185348, 8905.511436343917, 16326010272362.328], "balance": [185348, 16387043.498243514, 4.4619069824548405e+19], "position_value": [185348, 137228.19766508366, 2.7850359019356504e+16], "current_position_size": [185348, 685987.5582347416, 6.962251157006633e+17], "last_log_ret": [185348, 0.007806664526984162, 836.433660782433], "sortino_ratio": [185348, 5.928039921712986, 1000984043.198093], "rolling_pnl_sigma": [185348, 0.028777321174560434, 368.0717922934452], "portfolio_cash_ratio": [185348, 0.7667964545693476, 20816.33050926812], "free_collateral": [185348, 16524971.207327688, 4.437702563591983e+19], "mm_reqs": [185348, 10266.603193958643, 494714415099365.56], "unrealized_pnl_0": [185348, 13.918400127851118, 351536860255.03577], "unrealized_pnl_1": [185348, 25.501017362572423, 1559704608131.6545], "unrealized_pnl_2": [185348, 5175.97962644748, 437037468395513.3], "unrealized_pnl_3": [185348, 15919.389306106665, 1.033573151460105e+16], "unrealized_pnl_4": [185348, 84.74612441617968, 2351265341478.9224], "unrealized_pnl_5": [185348, 3153.9226912851595, 413910747769762.2], "unrealized_pnl_6": [185348, 114.58776283571312, 4488309350818.591], "unrealized_pnl_7": [185348, 63.1947895387551, 807544585626.0503], "unrealized_pnl_8": [185348, 33.60037473881035, 563790712346.7097], "unrealized_pnl_9": [185348, 684.5313209597646, 53018495351048.22], "margin_usage_ratio": [185348, 0.008342362593407891, 28.37976294615923]}, "pcr_min_ew": 0.997337195532017, "pcr_max_ew": 0.9999999999999686}