{"r_count": 65827.0001, "r_mean": -0.08556157276332817, "r_var": 1544.5823608152577, "tanh_k": 2.0, "feature_welford": {"unrealized_pnl": [65829, 3898.608553057128, 444959278218514.6], "realized_pnl": [65829, 7466.404408383685, 1325776032660491.8], "compounded_returns": [65829, 1542.0261826921528, 431987912739.1382], "balance": [65829, 5706351.749162572, 4.501175189857492e+18], "position_value": [65829, 130975.26214866205, 8122904645207030.0], "current_position_size": [65829, 654469.6117106669, 2.0303755778211405e+17], "last_log_ret": [65829, 0.00508307241834569, 712.3140536766888], "sortino_ratio": [65829, 0.6743490028967108, 837259.1922717529], "rolling_pnl_sigma": [65829, 0.052867853434333076, 241.74841632339505], "portfolio_cash_ratio": [65829, 0.5802543880353335, 9101.601566876752], "free_collateral": [65829, 5832150.415452574, 4.5184793731597993e+18], "mm_reqs": [65829, 9141.160311329293, 96254131180869.5], "unrealized_pnl_0": [65829, 4.263421393761066, 323029770090.51385], "unrealized_pnl_1": [65829, 52.535330626301864, 1250569221438.5596], "unrealized_pnl_2": [65829, 609.8596911536168, 47353779059897.88], "unrealized_pnl_3": [65829, 5921.293076328768, 1002961298438961.0], "unrealized_pnl_4": [65829, 17.86364006323328, 957365330978.5754], "unrealized_pnl_5": [65829, 1409.3881058197528, 103194294367351.88], "unrealized_pnl_6": [65829, 99.08791328151707, 2747051836625.3364], "unrealized_pnl_7": [65829, 45.98840656860593, 429300047234.8718], "unrealized_pnl_8": [65829, 37.93826693437021, 386760918028.2989], "unrealized_pnl_9": [65829, 432.4039357052412, 18434964601306.49], "margin_usage_ratio": [65829, 0.015083396561836333, 13.699141621324324]}, "pcr_min_ew": 0.989742072360018, "pcr_max_ew": 0.999999999999792}