{"r_count": 199867.0001, "r_mean": -0.04623725745595634, "r_var": 1875.5930890679278, "tanh_k": 2.0, "feature_welford": {"unrealized_pnl": [199869, 11298.978490562797, 3290067846439130.0], "realized_pnl": [199869, 21216.79967671757, 1.1675404377343468e+16], "compounded_returns": [199869, 9391.901149500853, 18261585773394.043], "balance": [199869, 16919696.96392883, 4.879453114589004e+19], "position_value": [199869, 137014.21755593596, 2.9700615197740924e+16], "current_position_size": [199869, 684847.6452513197, 7.424636323100849e+17], "last_log_ret": [199869, 0.00791951384737912, 846.9722379232911], "sortino_ratio": [199869, 5.65827131744973, 808937050.1218014], "rolling_pnl_sigma": [199869, 0.027590615975820982, 376.41978653725744], "portfolio_cash_ratio": [199869, 0.7754635954969452, 21899.276138897825], "free_collateral": [199869, 17057887.253560532, 4.8506208971439055e+19], "mm_reqs": [199869, 10175.219534483067, 522789993059447.6], "unrealized_pnl_0": [199869, 12.926845739413874, 373107525209.82935], "unrealized_pnl_1": [199869, 33.36391814805631, 1668833556562.4988], "unrealized_pnl_2": [199869, 5652.187658147857, 488246148437512.0], "unrealized_pnl_3": [199869, 16131.461834769458, 1.1168995543187644e+16], "unrealized_pnl_4": [199869, 77.28126196238824, 2343818468663.4756], "unrealized_pnl_5": [199869, 3350.3587640341684, 527312133591465.25], "unrealized_pnl_6": [199869, 124.32936670222294, 5334706717843.286], "unrealized_pnl_7": [199869, 47.466058862361415, 831874578629.3674], "unrealized_pnl_8": [199869, 36.502359495088264, 603750111634.8718], "unrealized_pnl_9": [199869, 663.6076359572492, 55922980803589.15], "margin_usage_ratio": [199869, 0.007999769469443562, 29.505610534252856]}, "pcr_min_ew": 0.9947666833213716, "pcr_max_ew": 0.9999999999999255}