{"r_count": 444490.0001, "r_mean": -0.03227653075892915, "r_var": 2155.5535567978013, "tanh_k": 2.0, "feature_welford": {"unrealized_pnl": [444492, 19102.295488984993, 1.0968966768862218e+16], "realized_pnl": [444492, 30267.889624858664, 3.675753118532304e+16], "compounded_returns": [444492, 15249.761823779865, 70524562858185.5], "balance": [444492, 24464029.69910077, 1.6519672935805557e+20], "position_value": [444492, 148789.71082652247, 7.820832749112838e+16], "current_position_size": [444492, 743820.5205080154, 1.9551488059401725e+18], "last_log_ret": [444492, 0.008835907957916379, 1028.8179425805272], "sortino_ratio": [444492, 15.525320051852754, 24003801833.092884], "rolling_pnl_sigma": [444492, 0.01828001581992238, 479.52628123116017], "portfolio_cash_ratio": [444492, 0.844390913306728, 36315.5943894186], "free_collateral": [444492, 24620578.087501887, 1.6390103757716524e+20], "mm_reqs": [444492, 11390.652105354982, 1594098544199742.5], "unrealized_pnl_0": [444492, 15.051789393572921, 499490949595.0966], "unrealized_pnl_1": [444492, 19.597529810883433, 2226641030385.361], "unrealized_pnl_2": [444492, 12921.692265802933, 2677865972532686.0], "unrealized_pnl_3": [444492, 22847.895434146052, 3.507539718217551e+16], "unrealized_pnl_4": [444492, 175.84901761902125, 6359013203574.667], "unrealized_pnl_5": [444492, 3719.333828664085, 1028651447923164.1], "unrealized_pnl_6": [444492, 129.30955802911652, 8917885023157.354], "unrealized_pnl_7": [444492, 33.63499103971437, 996990760333.2819], "unrealized_pnl_8": [444492, 82.37331465969326, 1206877252631.2598], "unrealized_pnl_9": [444492, 899.7134360190112, 123024580696571.02], "margin_usage_ratio": [444492, 0.005543861415938009, 47.44928966052463]}, "pcr_min_ew": 0.9966857491204594, "pcr_max_ew": 0.9999999882729349}