{"r_count": 354013.0001, "r_mean": -0.035431577377393414, "r_var": 2071.849984999776, "tanh_k": 2.0, "feature_welford": {"unrealized_pnl": [354015, 16052.339720156811, 7170712726592555.0], "realized_pnl": [354015, 27715.155061494243, 2.640195650766336e+16], "compounded_returns": [354015, 13475.725175717816, 50072839845776.54], "balance": [354015, 22323281.534830324, 1.1657076781073364e+20], "position_value": [354015, 142836.11547068783, 5.781446345034857e+16], "current_position_size": [354015, 714059.280097546, 1.4453209492988526e+18], "last_log_ret": [354015, 0.008629047883466186, 965.8714543055422], "sortino_ratio": [354015, 13.101731094676408, 6710935154.748007], "rolling_pnl_sigma": [354015, 0.02039221523907052, 451.1390111041935], "portfolio_cash_ratio": [354015, 0.8291391775754918, 31459.935140126745], "free_collateral": [354015, 22471371.503050637, 1.157215633394883e+20], "mm_reqs": [354015, 10861.83388450708, 1140814734417280.8], "unrealized_pnl_0": [354015, 14.588062489072078, 474618180666.1245], "unrealized_pnl_1": [354015, 17.81915178289267, 2237294662434.005], "unrealized_pnl_2": [354015, 10644.929528814831, 1712044460576429.2], "unrealized_pnl_3": [354015, 20153.933809764574, 2.414675702741133e+16], "unrealized_pnl_4": [354015, 161.77580292510405, 5410535802429.839], "unrealized_pnl_5": [354015, 3472.7312619509876, 733088708897409.8], "unrealized_pnl_6": [354015, 137.27534390515535, 7386878002319.057], "unrealized_pnl_7": [354015, 39.11113014310714, 815056465754.5095], "unrealized_pnl_8": [354015, 58.20490639309329, 787904482446.0332], "unrealized_pnl_9": [354015, 764.0253830134916, 93401875539871.4], "margin_usage_ratio": [354015, 0.006074414714752718, 41.23642338689923]}, "pcr_min_ew": 0.9874292993630893, "pcr_max_ew": 0.9998742833838856}