{"r_count": 97103.0001, "r_mean": -0.06899335035353768, "r_var": 1665.8296773045429, "tanh_k": 2.0, "feature_welford": {"unrealized_pnl": [97105, 6174.134531342881, 961505408705003.8], "realized_pnl": [97105, 12174.788004680511, 3239820827200339.0], "compounded_returns": [97105, 3731.805542993642, 2876948421909.832], "balance": [97105, 9598060.481228417, 1.285514066108979e+19], "position_value": [97105, 138310.90105730886, 1.3937966377216528e+16], "current_position_size": [97105, 691235.8788837736, 3.48412650280747e+17], "last_log_ret": [97105, 0.006383856895811164, 756.9915427358949], "sortino_ratio": [97105, 1.3513896074992915, 39727715.13230795], "rolling_pnl_sigma": [97105, 0.04214493219450865, 291.3688924054538], "portfolio_cash_ratio": [97105, 0.6653716969803862, 13045.770889774989], "free_collateral": [97105, 9732585.238203522, 1.2834133856050172e+19], "mm_reqs": [97105, 10023.48724632205, 200040942258398.38], "unrealized_pnl_0": [97105, 9.346393304022556, 351411727455.6308], "unrealized_pnl_1": [97105, 39.453067477868395, 1428807524084.1582], "unrealized_pnl_2": [97105, 1660.8994751275377, 104220504878492.94], "unrealized_pnl_3": [97105, 9643.376280362816, 2677083004198499.5], "unrealized_pnl_4": [97105, 52.26661429079166, 1622931021145.6948], "unrealized_pnl_5": [97105, 2186.2154932077538, 216565192454036.4], "unrealized_pnl_6": [97105, 138.1384708031263, 4334934321550.287], "unrealized_pnl_7": [97105, 66.32626358466854, 545144063762.1301], "unrealized_pnl_8": [97105, 34.009132869105564, 511554051976.312], "unrealized_pnl_9": [97105, 575.5840931127645, 30583729272245.156], "margin_usage_ratio": [97105, 0.012063781272415329, 18.785820573940512]}, "pcr_min_ew": 0.9891975049336331, "pcr_max_ew": 1.002162434989064}