{"r_count": 507042.0001, "r_mean": -0.030759479803643557, "r_var": 2223.8014535840625, "tanh_k": 2.0, "feature_welford": {"unrealized_pnl": [507044, 20911.752823784376, 1.3665877692092182e+16], "realized_pnl": [507044, 31561.592589693133, 4.3644691985928696e+16], "compounded_returns": [507044, 16095.628282894328, 85579743712728.1], "balance": [507044, 25649099.44107822, 1.9882523477015298e+20], "position_value": [507044, 152151.82994852544, 9.176581539650184e+16], "current_position_size": [507044, 760650.2210509204, 2.2940982553879608e+18], "last_log_ret": [507044, 0.008940902257316979, 1078.5234693470302], "sortino_ratio": [507044, 17.102951974056346, 22437160529.28557], "rolling_pnl_sigma": [507044, 0.017243675699287746, 502.4258915194878], "portfolio_cash_ratio": [507044, 0.8516232883910282, 39663.63545575458], "free_collateral": [507044, 25810640.829273593, 1.9719499456422887e+20], "mm_reqs": [507044, 11574.558865469007, 1778815848502714.0], "unrealized_pnl_0": [507044, 12.296779423592081, 482528514377.39825], "unrealized_pnl_1": [507044, 14.312998513386875, 2525199535098.89], "unrealized_pnl_2": [507044, 14370.374363849942, 3420832521319102.0], "unrealized_pnl_3": [507044, 23860.741419426005, 4.160842492669317e+16], "unrealized_pnl_4": [507044, 197.3299798073311, 8523990678893.876], "unrealized_pnl_5": [507044, 3869.8384203333435, 1215113004525994.8], "unrealized_pnl_6": [507044, 135.88066408197008, 10530528224575.178], "unrealized_pnl_7": [507044, 40.2268009010765, 981407989970.4802], "unrealized_pnl_8": [507044, 98.30114856445333, 1385397108007.517], "unrealized_pnl_9": [507044, 1005.5590599621352, 154477304209092.72], "margin_usage_ratio": [507044, 0.005295634787828803, 51.681726273332636]}, "pcr_min_ew": 0.9939497717048381, "pcr_max_ew": 0.999999999797504}