{"r_count": 336141.0001, "r_mean": -0.036246162503132506, "r_var": 2046.1392158313813, "tanh_k": 2.0, "feature_welford": {"unrealized_pnl": [336143, 15434.457412043777, 6719841032806734.0], "realized_pnl": [336143, 26996.091724042475, 2.4358017281389624e+16], "compounded_returns": [336143, 13136.494629134333, 44185376118967.68], "balance": [336143, 21687538.145527113, 1.0646752617210803e+20], "position_value": [336143, 141886.39798421835, 5.4437780823445064e+16], "current_position_size": [336143, 709276.2338322718, 1.3608881864657608e+18], "last_log_ret": [336143, 0.008571680609590989, 950.3042375232836], "sortino_ratio": [336143, 12.934934621685242, 7082445785.333741], "rolling_pnl_sigma": [336143, 0.020928878586520015, 441.6679908943524], "portfolio_cash_ratio": [336143, 0.8252549771368758, 30440.513849647738], "free_collateral": [336143, 21834175.96310888, 1.0569000818073138e+20], "mm_reqs": [336143, 10734.54614550743, 1058927948320608.5], "unrealized_pnl_0": [336143, 17.24520964267358, 473586063350.9377], "unrealized_pnl_1": [336143, 21.034957596741044, 1956541031344.2441], "unrealized_pnl_2": [336143, 10113.453827314253, 1540703989231304.5], "unrealized_pnl_3": [336143, 20099.450567275282, 2.335984248642042e+16], "unrealized_pnl_4": [336143, 148.92746492717302, 4759481736517.202], "unrealized_pnl_5": [336143, 3538.3718295969484, 777734720988359.4], "unrealized_pnl_6": [336143, 140.56431888713993, 8237683176992.131], "unrealized_pnl_7": [336143, 34.12623489315904, 956167171904.1205], "unrealized_pnl_8": [336143, 56.14605741810392, 829870563624.8861], "unrealized_pnl_9": [336143, 751.6948706334904, 88182725414992.0], "margin_usage_ratio": [336143, 0.006212344503561058, 40.01005687518523]}, "pcr_min_ew": 0.9927804569394806, "pcr_max_ew": 0.9999999999999983}