{"r_count": 436671.0001, "r_mean": -0.03250691996450951, "r_var": 2148.1081627122185, "tanh_k": 2.0, "feature_welford": {"unrealized_pnl": [436673, 18925.049595488344, 1.065610700595489e+16], "realized_pnl": [436673, 30027.44231703413, 3.580594488412471e+16], "compounded_returns": [436673, 15103.72419004463, 68292574758385.35], "balance": [436673, 24269820.286565132, 1.6027092200743928e+20], "position_value": [436673, 148317.50075902478, 7.639682407450978e+16], "current_position_size": [436673, 741457.1781735475, 1.909860951301445e+18], "last_log_ret": [436673, 0.008820129474160405, 1023.2458034949681], "sortino_ratio": [436673, 15.352544247118269, 23834278712.02357], "rolling_pnl_sigma": [436673, 0.018433125380994696, 477.05104790920626], "portfolio_cash_ratio": [436673, 0.8432953774032133, 35901.88020528719], "free_collateral": [436673, 24425767.195143692, 1.5901723124624835e+20], "mm_reqs": [436673, 11343.140853177947, 1554336370271019.0], "unrealized_pnl_0": [436673, 15.220341261111857, 499286152972.2805], "unrealized_pnl_1": [436673, 19.84656696687686, 2225033805871.9946], "unrealized_pnl_2": [436673, 12797.29427361773, 2609041860277195.0], "unrealized_pnl_3": [436673, 22599.520969301935, 3.4057935558921548e+16], "unrealized_pnl_4": [436673, 174.3313505028863, 6253760882339.536], "unrealized_pnl_5": [436673, 3724.7379214725393, 1008619503624992.6], "unrealized_pnl_6": [436673, 130.00060711107537, 8879197456501.217], "unrealized_pnl_7": [436673, 33.81497825404, 993801834649.0781], "unrealized_pnl_8": [436673, 81.07459956402509, 1178538310308.5051], "unrealized_pnl_9": [436673, 881.685319023937, 119575994280163.97], "margin_usage_ratio": [436673, 0.005582122736401462, 46.92842279657912]}, "pcr_min_ew": 0.992258176229649, "pcr_max_ew": 0.9999999999999429}