{"r_count": 206569.0001, "r_mean": -0.045476476573276685, "r_var": 1885.5204184408065, "tanh_k": 2.0, "feature_welford": {"unrealized_pnl": [206571, 11501.208960521028, 3391465090691656.0], "realized_pnl": [206571, 21562.042095220826, 1.2166581132967916e+16], "compounded_returns": [206571, 9619.351496928988, 19298509611074.316], "balance": [206571, 17202755.832359932, 5.111182792994487e+19], "position_value": [206571, 137218.61414489849, 3.0824393003782376e+16], "current_position_size": [206571, 685871.5952624014, 7.705584753142332e+17], "last_log_ret": [206571, 0.007968510592938939, 852.2822149014928], "sortino_ratio": [206571, 5.753744983065157, 825449913.9513186], "rolling_pnl_sigma": [206571, 0.027090579198351752, 380.4056907055994], "portfolio_cash_ratio": [206571, 0.7792601244785046, 22366.039353896213], "free_collateral": [206571, 17341324.438594025, 5.080368769061138e+19], "mm_reqs": [206571, 10203.646225120905, 545431167336821.25], "unrealized_pnl_0": [206571, 13.227802762404233, 373542715578.26245], "unrealized_pnl_1": [206571, 32.53227766441846, 1680777470157.8662], "unrealized_pnl_2": [206571, 5925.595372184173, 532505143578354.6], "unrealized_pnl_3": [206571, 16310.04138499489, 1.1604112685192934e+16], "unrealized_pnl_4": [206571, 81.2061795197054, 2389206842324.0947], "unrealized_pnl_5": [206571, 3379.873750927284, 545726582046838.94], "unrealized_pnl_6": [206571, 125.43839274904633, 5386872995394.987], "unrealized_pnl_7": [206571, 46.462686458909154, 834277865829.9188], "unrealized_pnl_8": [206571, 36.76164576246074, 606690990732.1439], "unrealized_pnl_9": [206571, 661.0239898220174, 56980027368412.195], "margin_usage_ratio": [206571, 0.007862817323335847, 30.081452509008113]}, "pcr_min_ew": 0.9926458763589082, "pcr_max_ew": 1.0000000000000784}