{"r_count": 333907.0001, "r_mean": -0.036339793024463385, "r_var": 2045.7583741491294, "tanh_k": 2.0, "feature_welford": {"unrealized_pnl": [333909, 15822.07597064008, 6992796328440637.0], "realized_pnl": [333909, 27103.9067911538, 2.4569564005007412e+16], "compounded_returns": [333909, 13222.178585623875, 44875112376458.85], "balance": [333909, 21838629.31117287, 1.0785205963538083e+20], "position_value": [333909, 142092.79304826393, 5.375280864881118e+16], "current_position_size": [333909, 710350.2984461575, 1.3437744378217897e+18], "last_log_ret": [333909, 0.008572490437350942, 949.0362224073538], "sortino_ratio": [333909, 11.99074699754709, 4173979722.240236], "rolling_pnl_sigma": [333909, 0.021003007927636527, 441.16227450285254], "portfolio_cash_ratio": [333909, 0.824714314843362, 30255.672632521506], "free_collateral": [333909, 21985835.258162886, 1.0707253935769372e+20], "mm_reqs": [333909, 10759.849465686555, 1045268791938104.1], "unrealized_pnl_0": [333909, 16.815353225336253, 425611233826.4453], "unrealized_pnl_1": [333909, 21.103628325761875, 2182733991701.2646], "unrealized_pnl_2": [333909, 10363.193283483148, 1563300069842333.5], "unrealized_pnl_3": [333909, 20495.27733784605, 2.373984389010873e+16], "unrealized_pnl_4": [333909, 151.8922547048106, 4180510950403.82], "unrealized_pnl_5": [333909, 3487.971002932289, 730762657449610.0], "unrealized_pnl_6": [333909, 125.27868165071119, 6194293247498.471], "unrealized_pnl_7": [333909, 43.804255443209755, 902612114867.4023], "unrealized_pnl_8": [333909, 52.07802042050203, 721291123415.696], "unrealized_pnl_9": [333909, 707.0306721063324, 79665653934914.16], "margin_usage_ratio": [333909, 0.006237207984944604, 39.8821994677061]}, "pcr_min_ew": 0.995778120445, "pcr_max_ew": 0.999999996715646}