{"r_count": 141783.0001, "r_mean": -0.05549484557878469, "r_var": 1774.279330253287, "tanh_k": 2.0, "feature_welford": {"unrealized_pnl": [141785, 8548.838166489488, 1865576049775879.5], "realized_pnl": [141785, 16956.737495743026, 6455196556521506.0], "compounded_returns": [141785, 6715.372615000597, 8617591294716.281], "balance": [141785, 13478376.60326256, 2.696356516545656e+19], "position_value": [141785, 136065.8502598369, 2.0270007377051864e+16], "current_position_size": [141785, 680023.3121259357, 5.066976618973349e+17], "last_log_ret": [141785, 0.007303160581808301, 798.8875192099698], "sortino_ratio": [141785, 3.2340201629260075, 282808701.43752915], "rolling_pnl_sigma": [141785, 0.033603587827851625, 335.4978543944791], "portfolio_cash_ratio": [141785, 0.7306468434605672, 17393.970500404906], "free_collateral": [141785, 13613173.786042418, 2.683882534173314e+19], "mm_reqs": [141785, 9873.007304299119, 311208536510310.9], "unrealized_pnl_0": [141785, 6.862043138956093, 357485835171.11804], "unrealized_pnl_1": [141785, 40.691983629229824, 1533680495403.1038], "unrealized_pnl_2": [141785, 3392.650864393999, 230255861429093.66], "unrealized_pnl_3": [141785, 12981.377396102129, 6020727936023246.0], "unrealized_pnl_4": [141785, 48.66897055687182, 1386778806612.167], "unrealized_pnl_5": [141785, 2989.277499124343, 365282212033236.9], "unrealized_pnl_6": [141785, 103.306810704606, 4170263861630.4897], "unrealized_pnl_7": [141785, 58.824028183532185, 769529670656.2544], "unrealized_pnl_8": [141785, 30.893402244216702, 488764061131.4403], "unrealized_pnl_9": [141785, 646.503897664777, 42440263124767.984], "margin_usage_ratio": [141785, 0.00965066203992524, 24.078004256368576]}, "pcr_min_ew": 0.9926405404417808, "pcr_max_ew": 0.9999999986077537}