{"r_count": 219973.0001, "r_mean": -0.04409879003283594, "r_var": 1906.1057057082971, "tanh_k": 2.0, "feature_welford": {"unrealized_pnl": [219975, 12175.469438207794, 3875839183501221.0], "realized_pnl": [219975, 22454.614275569566, 1.3941386673165222e+16], "compounded_returns": [219975, 10238.44317337843, 22608555205869.457], "balance": [219975, 18044300.5814359, 5.829847731917319e+19], "position_value": [219975, 137650.83505735645, 3.3337533233832696e+16], "current_position_size": [219975, 688102.6871351888, 8.333985391600138e+17], "last_log_ret": [219975, 0.008069386285666731, 863.1659440744857], "sortino_ratio": [219975, 7.38383629736653, 1362227593.471344], "rolling_pnl_sigma": [219975, 0.026139283290324448, 388.34597831424423], "portfolio_cash_ratio": [219975, 0.7864377240441166, 23249.166047327984], "free_collateral": [219975, 18183816.82373754, 5.794533866402437e+19], "mm_reqs": [219975, 10363.655260638732, 618702418734443.6], "unrealized_pnl_0": [219975, 15.803998835926526, 360919951088.2486], "unrealized_pnl_1": [219975, 24.59733647401146, 1626079624373.1567], "unrealized_pnl_2": [219975, 6554.635897671511, 631190024409837.9], "unrealized_pnl_3": [219975, 17237.194000460822, 1.3445898716412374e+16], "unrealized_pnl_4": [219975, 106.80293654396918, 2745445525534.1606], "unrealized_pnl_5": [219975, 3301.758268165984, 483368499715811.25], "unrealized_pnl_6": [219975, 118.49153509157811, 4714578674184.142], "unrealized_pnl_7": [219975, 54.90348488851656, 837763426773.5347], "unrealized_pnl_8": [219975, 36.912099528430794, 583048794037.761], "unrealized_pnl_9": [219975, 659.5770355759076, 56128879403731.53], "margin_usage_ratio": [219975, 0.007619573830466759, 31.323869991053336]}, "pcr_min_ew": 0.9973071364511334, "pcr_max_ew": 0.999999997670013}