{"r_count": 466830.0001, "r_mean": -0.03177753769748916, "r_var": 2182.5471320468637, "tanh_k": 2.0, "feature_welford": {"unrealized_pnl": [466832, 19724.493006533274, 1.2063302150455344e+16], "realized_pnl": [466832, 30664.75625089277, 3.954365532007147e+16], "compounded_returns": [466832, 15480.792499644958, 75369875751134.25], "balance": [466832, 24817824.997651268, 1.757728932216042e+20], "position_value": [466832, 151131.8327295168, 8.411968900214632e+16], "current_position_size": [466832, 755555.2805137555, 2.1029508011265764e+18], "last_log_ret": [466832, 0.008872115551089117, 1047.6546867496843], "sortino_ratio": [466832, 14.989029250281822, 15501906426.890266], "rolling_pnl_sigma": [466832, 0.017898167122996574, 488.44130254239], "portfolio_cash_ratio": [466832, 0.8475343686596949, 37368.59747368596], "free_collateral": [466832, 24977098.356342062, 1.7436003137791538e+20], "mm_reqs": [466832, 11643.66905666149, 1708793494397630.2], "unrealized_pnl_0": [466832, 15.091918634442072, 471467674108.7586], "unrealized_pnl_1": [466832, 13.84770508686957, 2487800132707.076], "unrealized_pnl_2": [466832, 13409.713246399922, 2900706601077129.5], "unrealized_pnl_3": [466832, 22877.422699161336, 3.704103113177952e+16], "unrealized_pnl_4": [466832, 190.29240313798505, 7222207225640.777], "unrealized_pnl_5": [466832, 3758.439319265741, 1059828240124641.4], "unrealized_pnl_6": [466832, 135.28134021512494, 10096512198188.277], "unrealized_pnl_7": [466832, 40.81403232176564, 977509020300.2913], "unrealized_pnl_8": [466832, 85.54412171995133, 1317520050977.115], "unrealized_pnl_9": [466832, 864.7576781970104, 118160042023230.9], "margin_usage_ratio": [466832, 0.005445789495648851, 48.960887029003324]}, "pcr_min_ew": 0.9909653189723889, "pcr_max_ew": 0.9999096529808629}