{"r_count": 149602.0001, "r_mean": -0.054017184223183974, "r_var": 1796.1633145664105, "tanh_k": 2.0, "feature_welford": {"unrealized_pnl": [149604, 8766.516100367746, 2050986635912357.0], "realized_pnl": [149604, 17757.652633400216, 7309334535787861.0], "compounded_returns": [149604, 6955.502566748634, 11052784370668.15], "balance": [149604, 14295764.19288848, 3.1092212660495184e+19], "position_value": [149604, 134133.40675118123, 2.1388501055792284e+16], "current_position_size": [149604, 670433.1818125986, 5.346749680611117e+17], "last_log_ret": [149604, 0.007421077309545013, 808.7730192221591], "sortino_ratio": [149604, 3.899254853746065, 474573542.5368406], "rolling_pnl_sigma": [149604, 0.03254926872042082, 344.9959828860649], "portfolio_cash_ratio": [149604, 0.7383831080601967, 18052.67332838362], "free_collateral": [149604, 14428799.264495954, 3.09480772686451e+19], "mm_reqs": [149604, 9945.776092055952, 365179865445866.9], "unrealized_pnl_0": [149604, 9.498287616931155, 364567226584.71344], "unrealized_pnl_1": [149604, 27.07577336453709, 1564184102944.8772], "unrealized_pnl_2": [149604, 3740.2682425978087, 264825364329443.2], "unrealized_pnl_3": [149604, 13715.348059873148, 6882648039114339.0], "unrealized_pnl_4": [149604, 56.38521368552663, 1864152839226.1172], "unrealized_pnl_5": [149604, 2730.475919253423, 308591410323401.56], "unrealized_pnl_6": [149604, 136.66153985831187, 5109851895153.847], "unrealized_pnl_7": [149604, 64.71397700631402, 630976143863.9878], "unrealized_pnl_8": [149604, 33.413503186855294, 513249256545.1585], "unrealized_pnl_9": [149604, 711.1222965388663, 53300181731719.016], "margin_usage_ratio": [149604, 0.009370231880910995, 24.921804864155806]}, "pcr_min_ew": 0.9886242693551011, "pcr_max_ew": 1.0000000000000977}