{"r_count": 432203.0001, "r_mean": -0.03264102743583918, "r_var": 2143.91054382125, "tanh_k": 2.0, "feature_welford": {"unrealized_pnl": [432205, 18848.49307475081, 1.0526040242990056e+16], "realized_pnl": [432205, 29946.203966221397, 3.5347459532678604e+16], "compounded_returns": [432205, 15042.525113927584, 67375862981616.92], "balance": [432205, 24194032.82625811, 1.5825894376511727e+20], "position_value": [432205, 148121.02339733, 7.542878914795016e+16], "current_position_size": [432205, 740473.4442978845, 1.8856599661192005e+18], "last_log_ret": [432205, 0.008811984219438528, 1020.0826606344652], "sortino_ratio": [432205, 15.30503504400874, 23746790196.809055], "rolling_pnl_sigma": [432205, 0.018523992971627292, 475.6376623725577], "portfolio_cash_ratio": [432205, 0.8426568301070003, 35667.29993089624], "free_collateral": [432205, 24349714.624071855, 1.5702685728642964e+20], "mm_reqs": [432205, 11335.75413575651, 1539071989425607.5], "unrealized_pnl_0": [432205, 15.281221689497423, 498361812175.48956], "unrealized_pnl_1": [432205, 19.59755616403974, 2211808840209.079], "unrealized_pnl_2": [432205, 12704.724003815774, 2561306472568174.5], "unrealized_pnl_3": [432205, 22545.053346497047, 3.3662507832161604e+16], "unrealized_pnl_4": [432205, 172.54883596844965, 6167733979047.57], "unrealized_pnl_5": [432205, 3722.5466436273236, 1001780577543483.0], "unrealized_pnl_6": [432205, 130.01511966959396, 8856315985537.973], "unrealized_pnl_7": [432205, 33.77719585470729, 993056278718.1979], "unrealized_pnl_8": [432205, 80.82860501946878, 1171620948921.9324], "unrealized_pnl_9": [432205, 879.6965168227719, 118698990848877.9], "margin_usage_ratio": [432205, 0.005604766288269054, 46.63791578815563]}, "pcr_min_ew": 0.9970416389429005, "pcr_max_ew": 0.9999999993592198}