{"r_count": 275823.0001, "r_mean": -0.039582637332921146, "r_var": 1979.0332516573571, "tanh_k": 2.0, "feature_welford": {"unrealized_pnl": [275825, 13834.195230622872, 5172667379194598.0], "realized_pnl": [275825, 24837.07940485229, 1.8743871452363228e+16], "compounded_returns": [275825, 11819.450079453893, 32631089152606.41], "balance": [275825, 20031169.435897462, 8.056866587481535e+19], "position_value": [275825, 139078.07439604745, 4.249821669357453e+16], "current_position_size": [275825, 695256.4466469953, 1.0624081089670611e+18], "last_log_ret": [275825, 0.008360073268955454, 905.8144226146229], "sortino_ratio": [275825, 10.228202105585188, 2590427384.924483], "rolling_pnl_sigma": [275825, 0.02315977082999473, 416.5675568597664], "portfolio_cash_ratio": [275825, 0.8086350428175412, 26849.35638267803], "free_collateral": [275825, 20173681.092327636, 8.002207842404337e+19], "mm_reqs": [275825, 10450.276370358079, 800999678683754.9], "unrealized_pnl_0": [275825, 16.912371740618887, 386666197472.1012], "unrealized_pnl_1": [275825, 22.49304884450272, 1954419509030.3289], "unrealized_pnl_2": [275825, 8501.895593747273, 1019952738946630.4], "unrealized_pnl_3": [275825, 18953.380936129674, 1.8317784678024964e+16], "unrealized_pnl_4": [275825, 131.9829231013121, 3428800289393.745], "unrealized_pnl_5": [275825, 3433.2012223573356, 622096025423575.5], "unrealized_pnl_6": [275825, 124.54293344307933, 5766052891140.739], "unrealized_pnl_7": [275825, 48.765272407921316, 892677954019.8029], "unrealized_pnl_8": [275825, 42.17676814293684, 634864115804.992], "unrealized_pnl_9": [275825, 674.1602582353942, 64552215755621.984], "margin_usage_ratio": [275825, 0.006808049747603025, 35.66146427426923]}, "pcr_min_ew": 0.9954198561893175, "pcr_max_ew": 0.9999999999998895}