{"r_count": 403161.0001, "r_mean": -0.03367325180303611, "r_var": 2124.5065792576597, "tanh_k": 2.0, "feature_welford": {"unrealized_pnl": [403163, 18174.79591415369, 9618121883260982.0], "realized_pnl": [403163, 29011.403095406866, 3.1712323156099092e+16], "compounded_returns": [403163, 14452.649536696328, 59926119809141.8], "balance": [403163, 23486705.96640487, 1.4132962817718957e+20], "position_value": [403163, 146236.64076805074, 6.836295311018632e+16], "current_position_size": [403163, 731064.8928104261, 1.709031896863231e+18], "last_log_ret": [403163, 0.008750036891672022, 1003.6264426826591], "sortino_ratio": [403163, 14.444651341826955, 17625153502.79212], "rolling_pnl_sigma": [403163, 0.01918200335546344, 469.3855169822902], "portfolio_cash_ratio": [403163, 0.83778824903842, 34246.67302971759], "free_collateral": [403163, 23640083.295945123, 1.4025121952837237e+20], "mm_reqs": [403163, 11088.149544778744, 1299019027704777.8], "unrealized_pnl_0": [403163, 13.562717584376912, 461045355675.51105], "unrealized_pnl_1": [403163, 16.940347175291024, 2222575098277.876], "unrealized_pnl_2": [403163, 12139.701064375166, 2269456055027917.0], "unrealized_pnl_3": [403163, 21626.671333543145, 2.9671027698619508e+16], "unrealized_pnl_4": [403163, 188.38016700573866, 6758544792756.839], "unrealized_pnl_5": [403163, 3612.031352246891, 999028615949862.0], "unrealized_pnl_6": [403163, 144.4612568618164, 9422341055446.31], "unrealized_pnl_7": [403163, 38.338233449682676, 859467396229.744], "unrealized_pnl_8": [403163, 71.83320498290784, 935339965611.7274], "unrealized_pnl_9": [403163, 887.1507985557438, 119986418519390.9], "margin_usage_ratio": [403163, 0.005775179716006373, 44.735602145206975]}, "pcr_min_ew": 0.9956535376791341, "pcr_max_ew": 1.000000000000027}