{"r_count": 409863.0001, "r_mean": -0.03334310833118206, "r_var": 2122.066287803973, "tanh_k": 2.0, "feature_welford": {"unrealized_pnl": [409865, 18154.555678000488, 9709254218940440.0], "realized_pnl": [409865, 29372.775430034104, 3.2769232366704176e+16], "compounded_returns": [409865, 14656.304315853698, 61963403944965.55], "balance": [409865, 23684315.181284204, 1.4609868786274664e+20], "position_value": [409865, 146754.91579030285, 7.0500762140327096e+16], "current_position_size": [409865, 733638.2506077641, 1.7624580642203054e+18], "last_log_ret": [409865, 0.008765186519019846, 1003.952380264288], "sortino_ratio": [409865, 14.942990179126198, 22520579432.69736], "rolling_pnl_sigma": [409865, 0.018996617657946326, 468.2458633165785], "portfolio_cash_ratio": [409865, 0.8393211493312962, 34469.95767604143], "free_collateral": [409865, 23838048.26769811, 1.4497819446744854e+20], "mm_reqs": [409865, 11225.807151814673, 1433909589618786.5], "unrealized_pnl_0": [409865, 15.952823823860916, 493023619887.92645], "unrealized_pnl_1": [409865, 20.987148823553756, 2177197235524.4697], "unrealized_pnl_2": [409865, 12183.802727917975, 2326026874530792.5], "unrealized_pnl_3": [409865, 21960.166210203657, 3.105222272691794e+16], "unrealized_pnl_4": [409865, 167.39918712230147, 5839631584832.465], "unrealized_pnl_5": [409865, 3658.569260894524, 955170798586020.1], "unrealized_pnl_6": [409865, 130.60618730727427, 8712090531000.204], "unrealized_pnl_7": [409865, 33.40243329018739, 985226214141.4955], "unrealized_pnl_8": [409865, 75.34113114468222, 1078492477809.776], "unrealized_pnl_9": [409865, 837.9674414702976, 108174344742719.23], "margin_usage_ratio": [409865, 0.00572069258533182, 45.09948196736666]}, "pcr_min_ew": 0.9950818296746421, "pcr_max_ew": 0.9999999991055659}