{"r_count": 424384.0001, "r_mean": -0.03286444032951451, "r_var": 2143.3446604148953, "tanh_k": 2.0, "feature_welford": {"unrealized_pnl": [424386, 18601.164346172693, 1.0221130553686506e+16], "realized_pnl": [424386, 29949.137937351465, 3.4667932296089304e+16], "compounded_returns": [424386, 14881.621205291129, 67580535274140.414], "balance": [424386, 24155249.999201655, 1.555081643789803e+20], "position_value": [424386, 147593.41081409442, 7.396584155412931e+16], "current_position_size": [424386, 737860.512073509, 1.8491056375889098e+18], "last_log_ret": [424386, 0.008800495881345344, 1017.1215621564513], "sortino_ratio": [424386, 16.986599158614567, 35789098721.93322], "rolling_pnl_sigma": [424386, 0.018677370603328733, 475.71781670395035], "portfolio_cash_ratio": [424386, 0.8416374783553296, 35231.64351437693], "free_collateral": [424386, 24310157.160853542, 1.5431688257226742e+20], "mm_reqs": [424386, 11343.880245738812, 1506837564927722.0], "unrealized_pnl_0": [424386, 13.615303530693637, 521622912204.0266], "unrealized_pnl_1": [424386, 14.19224853840254, 2300391343200.56], "unrealized_pnl_2": [424386, 12454.693320601284, 2435452921337517.5], "unrealized_pnl_3": [424386, 22119.161235701737, 3.1887790013004496e+16], "unrealized_pnl_4": [424386, 173.92282153544153, 6506911932250.565], "unrealized_pnl_5": [424386, 3638.1746218020635, 940687469939830.8], "unrealized_pnl_6": [424386, 130.46852751433585, 7947416649144.635], "unrealized_pnl_7": [424386, 39.11191402297589, 874803833094.5364], "unrealized_pnl_8": [424386, 76.24714261585503, 1084477207857.7571], "unrealized_pnl_9": [424386, 864.7010710355729, 115422924295235.53], "margin_usage_ratio": [424386, 0.005643176296155303, 46.07557445691771]}, "pcr_min_ew": 0.9949714672990243, "pcr_max_ew": 0.9999999977270736}