{"r_count": 352896.0001, "r_mean": -0.03564702997922007, "r_var": 2073.181198442906, "tanh_k": 2.0, "feature_welford": {"unrealized_pnl": [352898, 16454.204669587976, 7689616070224172.0], "realized_pnl": [352898, 27380.070269426327, 2.6252991857449424e+16], "compounded_returns": [352898, 13418.81785248179, 47624997879833.71], "balance": [352898, 22153819.021591324, 1.1432108074989047e+20], "position_value": [352898, 143010.56269723029, 5.745505737163017e+16], "current_position_size": [352898, 714923.9787533627, 1.4363345016556134e+18], "last_log_ret": [352898, 0.00862193098717789, 967.4764314088806], "sortino_ratio": [352898, 12.743404069492415, 10823194760.639614], "rolling_pnl_sigma": [352898, 0.020485582095076192, 451.64505252157846], "portfolio_cash_ratio": [352898, 0.8283063581084135, 31525.344796060566], "free_collateral": [352898, 22302529.692763817, 1.1348042683345519e+20], "mm_reqs": [352898, 10811.528738271953, 1077672306911537.6], "unrealized_pnl_0": [352898, 14.846670293246786, 436079521070.34717], "unrealized_pnl_1": [352898, 19.480205357983607, 2160191056968.7952], "unrealized_pnl_2": [352898, 10703.798831181184, 1708016570756796.8], "unrealized_pnl_3": [352898, 20417.742594789273, 2.460170903726065e+16], "unrealized_pnl_4": [352898, 172.07900861744565, 5857053318149.752], "unrealized_pnl_5": [352898, 3510.572837099218, 895119038898672.6], "unrealized_pnl_6": [352898, 146.21001043323216, 8483863483315.835], "unrealized_pnl_7": [352898, 37.145109965840405, 797574763283.7622], "unrealized_pnl_8": [352898, 56.96491832792024, 731523224613.4789], "unrealized_pnl_9": [352898, 824.7710100888722, 106663505998417.31], "margin_usage_ratio": [352898, 0.006105399337549531, 41.29205950601851]}, "pcr_min_ew": 0.9909923468414802, "pcr_max_ew": 1.000000000000047}