{"r_count": 508159.0001, "r_mean": -0.03066848605201764, "r_var": 2217.4831215848963, "tanh_k": 2.0, "feature_welford": {"unrealized_pnl": [508161, 20839.460990137068, 1.3675266669158862e+16], "realized_pnl": [508161, 31723.500120585366, 4.418595463941105e+16], "compounded_returns": [508161, 16249.683356151878, 86858533131297.7], "balance": [508161, 25825282.31097468, 2.021367998686571e+20], "position_value": [508161, 152313.61163327773, 9.265419003919843e+16], "current_position_size": [508161, 761464.1545614764, 2.31630078525932e+18], "last_log_ret": [508161, 0.00894760412372647, 1075.384097840126], "sortino_ratio": [508161, 18.482682487025595, 118409833995.91322], "rolling_pnl_sigma": [508161, 0.017202391052942856, 499.75241028626215], "portfolio_cash_ratio": [508161, 0.852124525680336, 39539.1064083987], "free_collateral": [508161, 25986858.926058456, 2.0046607684996415e+20], "mm_reqs": [508161, 11621.285095232683, 1872073178563108.8], "unrealized_pnl_0": [508161, 13.526840838375161, 474802669233.4648], "unrealized_pnl_1": [508161, 16.011435990205594, 2513367796939.0044], "unrealized_pnl_2": [508161, 14481.130647278576, 3471346086928226.5], "unrealized_pnl_3": [508161, 23990.091821196416, 4.247820738965643e+16], "unrealized_pnl_4": [508161, 187.06905030513687, 7115169710287.126], "unrealized_pnl_5": [508161, 4007.221993524807, 1192949133253070.5], "unrealized_pnl_6": [508161, 116.41657067306627, 7685757857518.174], "unrealized_pnl_7": [508161, 39.031382886741, 1074834123831.918], "unrealized_pnl_8": [508161, 98.10124367755198, 1614380999580.0125], "unrealized_pnl_9": [508161, 940.9521102520579, 134043340754319.48], "margin_usage_ratio": [508161, 0.0052818000047502025, 51.76184810334884]}, "pcr_min_ew": 0.9972589925166371, "pcr_max_ew": 0.9999999999999184}