{"r_count": 435554.0001, "r_mean": -0.03253974906069237, "r_var": 2147.047934327127, "tanh_k": 2.0, "feature_welford": {"unrealized_pnl": [435556, 18901.214655470198, 1.0615542345370414e+16], "realized_pnl": [435556, 30007.97897806799, 3.5696604098214936e+16], "compounded_returns": [435556, 15085.528485315512, 68025572026459.77], "balance": [435556, 24245907.106492892, 1.5967507607434294e+20], "position_value": [435556, 148278.58537681142, 7.617153066861278e+16], "current_position_size": [435556, 741262.2670374452, 1.9042285939883745e+18], "last_log_ret": [435556, 0.008817955624973204, 1022.4435008102096], "sortino_ratio": [435556, 15.341638696566186, 23810458748.833794], "rolling_pnl_sigma": [435556, 0.018454966372891842, 476.69985046020435], "portfolio_cash_ratio": [435556, 0.8431312301269807, 35845.094290190944], "free_collateral": [435556, 24401792.80618129, 1.584269872633613e+20], "mm_reqs": [435556, 11341.76707126194, 1550714941104961.5], "unrealized_pnl_0": [435556, 15.252031146960203, 499283658819.16174], "unrealized_pnl_1": [435556, 19.890593250140263, 2225023200708.1357], "unrealized_pnl_2": [435556, 12775.632676334968, 2598273083434772.5], "unrealized_pnl_3": [435556, 22582.234844159102, 3.3942305235565556e+16], "unrealized_pnl_4": [435556, 174.00014071576075, 6234213641793.061], "unrealized_pnl_5": [435556, 3725.645619504995, 1007057606239630.5], "unrealized_pnl_6": [435556, 130.13579338390397, 8877831292000.572], "unrealized_pnl_7": [435556, 33.79894695444756, 993569812741.3314], "unrealized_pnl_8": [435556, 81.1742682419882, 1178274793187.6787], "unrealized_pnl_9": [435556, 880.3713145715689, 119328953426396.66], "margin_usage_ratio": [435556, 0.005588159228548544, 46.86058069882372]}, "pcr_min_ew": 0.9923079278885304, "pcr_max_ew": 0.999999997858488}