{"r_count": 313801.0001, "r_mean": -0.03735616593115447, "r_var": 2023.7223195729964, "tanh_k": 2.0, "feature_welford": {"unrealized_pnl": [313803, 15156.596005759917, 6317875811456860.0], "realized_pnl": [313803, 26397.12808664938, 2.2554854511819216e+16], "compounded_returns": [313803, 12771.382181805917, 40574549254899.305], "balance": [313803, 21267945.21454042, 9.840973690798478e+19], "position_value": [313803, 140931.95722459085, 4.972806431668493e+16], "current_position_size": [313803, 704542.065768874, 1.243154986439669e+18], "last_log_ret": [313803, 0.008507224743297142, 934.424824344468], "sortino_ratio": [313803, 11.449096671944833, 3309517116.150854], "rolling_pnl_sigma": [313803, 0.021675658406882063, 433.1585433768695], "portfolio_cash_ratio": [313803, 0.8198188215545958, 29097.022814902062], "free_collateral": [313803, 21413439.093178287, 9.771345292964966e+19], "mm_reqs": [313803, 10645.81847476167, 956810607859154.2], "unrealized_pnl_0": [313803, 16.647564398809667, 422862272732.24866], "unrealized_pnl_1": [313803, 22.64354911296223, 2161868193530.2515], "unrealized_pnl_2": [313803, 9769.718156225801, 1371405661649857.8], "unrealized_pnl_3": [313803, 19963.152859899976, 2.183816741495719e+16], "unrealized_pnl_4": [313803, 143.23445556591332, 3862759843842.8423], "unrealized_pnl_5": [313803, 3484.285684071386, 702519763154235.5], "unrealized_pnl_6": [313803, 127.59055248984153, 6119591697037.763], "unrealized_pnl_7": [313803, 45.219119146479926, 898533740524.8232], "unrealized_pnl_8": [313803, 48.308573732845225, 682821214130.7039], "unrealized_pnl_9": [313803, 702.7926858907963, 71432688124579.67], "margin_usage_ratio": [313803, 0.006410478251187797, 38.45378336546521]}, "pcr_min_ew": 0.9926411718042335, "pcr_max_ew": 0.9999999847941045}