{"r_count": 279174.0001, "r_mean": -0.03932551027527846, "r_var": 1981.083609814018, "tanh_k": 2.0, "feature_welford": {"unrealized_pnl": [279176, 13638.928824271248, 4993095423554211.0], "realized_pnl": [279176, 25036.383284037434, 1.893687303135328e+16], "compounded_returns": [279176, 11866.132071264321, 32993819577926.95], "balance": [279176, 20055528.904377125, 8.146769415409018e+19], "position_value": [279176, 139064.30997274513, 4.3481979506904264e+16], "current_position_size": [279176, 695137.2566009334, 1.0869908591569283e+18], "last_log_ret": [279176, 0.008370736021483657, 907.7128203799333], "sortino_ratio": [279176, 10.530410097356823, 4024458355.128474], "rolling_pnl_sigma": [279176, 0.02301405028659605, 417.54395745197667], "portfolio_cash_ratio": [279176, 0.8097350651340237, 27084.455482755027], "free_collateral": [279176, 20197806.596075542, 8.091054700264342e+19], "mm_reqs": [279176, 10476.634528853667, 828505370340987.8], "unrealized_pnl_0": [279176, 16.909647222205294, 452387021028.11456], "unrealized_pnl_1": [279176, 23.991573147699512, 1871591879341.2163], "unrealized_pnl_2": [279176, 8419.719447315594, 1048937372918594.8], "unrealized_pnl_3": [279176, 18707.85543607643, 1.7983967845906076e+16], "unrealized_pnl_4": [279176, 125.61575103722909, 3799261661203.6904], "unrealized_pnl_5": [279176, 3467.6702288405854, 667741401535690.5], "unrealized_pnl_6": [279176, 142.63591640487627, 7730759237629.561], "unrealized_pnl_7": [279176, 36.44046167205026, 929888209654.9209], "unrealized_pnl_8": [279176, 44.13985993304334, 661139869971.2568], "unrealized_pnl_9": [279176, 680.0093838360642, 71351140339927.4], "margin_usage_ratio": [279176, 0.006760627823871338, 35.82425654809082]}, "pcr_min_ew": 0.9918793642125332, "pcr_max_ew": 1.0000000000000495}