{"r_count": 365183.0001, "r_mean": -0.03511520807505215, "r_var": 2085.894969681999, "tanh_k": 2.0, "feature_welford": {"unrealized_pnl": [365185, 16893.88810154023, 8186889027167369.0], "realized_pnl": [365185, 27806.157883591022, 2.7676649796873824e+16], "compounded_returns": [365185, 13685.22502262519, 50546645966781.36], "balance": [365185, 22490326.29954068, 1.2062228463279068e+20], "position_value": [365185, 143758.6108028373, 5.994894619328314e+16], "current_position_size": [365185, 718662.4405851347, 1.498680540555924e+18], "last_log_ret": [365185, 0.008655890659753793, 976.2246007519078], "sortino_ratio": [365185, 13.08506630484507, 11095266921.219473], "rolling_pnl_sigma": [365185, 0.02013599905707316, 456.1218495869838], "portfolio_cash_ratio": [365185, 0.8308369686736502, 32202.312307193886], "free_collateral": [365185, 22640164.580144584, 1.197268247575279e+20], "mm_reqs": [365185, 10872.20736846993, 1128437643458320.5], "unrealized_pnl_0": [365185, 13.644169691944805, 453429497167.1948], "unrealized_pnl_1": [365185, 19.118482575698916, 2199777886080.706], "unrealized_pnl_2": [365185, 11071.528039133025, 1841176681569488.5], "unrealized_pnl_3": [365185, 20736.603553326866, 2.5926462411616664e+16], "unrealized_pnl_4": [365185, 177.25078674365335, 6104209447015.732], "unrealized_pnl_5": [365185, 3551.578420892987, 926760799376507.1], "unrealized_pnl_6": [365185, 144.55098486601193, 8572196750637.322], "unrealized_pnl_7": [365185, 38.335212829886224, 841044952035.622], "unrealized_pnl_8": [365185, 60.81485146930758, 797052875379.493], "unrealized_pnl_9": [365185, 836.7438418408402, 109142680567043.58], "margin_usage_ratio": [365185, 0.006016468568938503, 42.1330621742704]}, "pcr_min_ew": 0.9908380045503469, "pcr_max_ew": 0.9999082665372665}