{"r_count": 408746.0001, "r_mean": -0.03337852904794672, "r_var": 2120.9541888661665, "tanh_k": 2.0, "feature_welford": {"unrealized_pnl": [408748, 18114.65850657374, 9668995649594396.0], "realized_pnl": [408748, 29352.538269724344, 3.2668985832217676e+16], "compounded_returns": [408748, 14642.690429967917, 61777316994495.45], "balance": [408748, 23667509.727756, 1.4567745782649027e+20], "position_value": [408748, 146681.0991314745, 7.022227297457458e+16], "current_position_size": [408748, 733268.794812298, 1.7554957937809912e+18], "last_log_ret": [408748, 0.008762992949926236, 1003.1336870016098], "sortino_ratio": [408748, 14.92568499859891, 22492758257.689087], "rolling_pnl_sigma": [408748, 0.019020889111811927, 467.8569261754788], "portfolio_cash_ratio": [408748, 0.839141799093052, 34410.780688259256], "free_collateral": [408748, 23821141.652544215, 1.4456160078510347e+20], "mm_reqs": [408748, 11213.475175434261, 1421339574915647.8], "unrealized_pnl_0": [408748, 15.979311564616367, 492996903078.3699], "unrealized_pnl_1": [408748, 20.783770911200843, 2166318279170.131], "unrealized_pnl_2": [408748, 12147.637555039093, 2310819445816067.0], "unrealized_pnl_3": [408748, 21944.402600276422, 3.0963423032027844e+16], "unrealized_pnl_4": [408748, 167.4734506036698, 5835326538902.11], "unrealized_pnl_5": [408748, 3658.5938888728133, 954014508984739.1], "unrealized_pnl_6": [408748, 130.87932295864064, 8710317399221.082], "unrealized_pnl_7": [408748, 33.45276014344686, 984521282278.2888], "unrealized_pnl_8": [408748, 74.97699773045196, 1073905727015.0298], "unrealized_pnl_9": [408748, 837.4290886498299, 107772812276288.56], "margin_usage_ratio": [408748, 0.0057268621313018445, 45.0234379554124]}, "pcr_min_ew": 0.995357054754712, "pcr_max_ew": 1.0000000000000675}