{"r_count": 177527.0001, "r_mean": -0.04926503890340239, "r_var": 1841.8283232232652, "tanh_k": 2.0, "feature_welford": {"unrealized_pnl": [177529, 10494.778743093697, 2822145932312528.5], "realized_pnl": [177529, 19719.016922954474, 9866249474976854.0], "compounded_returns": [177529, 8504.799604928266, 14597480404951.012], "balance": [177529, 15857139.97542614, 4.069379548825889e+19], "position_value": [177529, 136835.5979834303, 2.6406400758174268e+16], "current_position_size": [177529, 684017.8027528883, 6.601260472038764e+17], "last_log_ret": [177529, 0.007730860691605153, 830.1169741015059], "sortino_ratio": [177529, 5.551548394046508, 878515559.4101992], "rolling_pnl_sigma": [177529, 0.029493909812423738, 362.92204355954465], "portfolio_cash_ratio": [177529, 0.7614792671040949, 20229.190304454518], "free_collateral": [177529, 15994327.046729662, 4.047598317228897e+19], "mm_reqs": [177529, 10199.846288367735, 459154803332299.8], "unrealized_pnl_0": [177529, 13.577755477577318, 349926830312.34406], "unrealized_pnl_1": [177529, 26.437551171191938, 1556980691643.6445], "unrealized_pnl_2": [177529, 4815.76892227991, 394246027959968.1], "unrealized_pnl_3": [177529, 15373.926061706255, 9356232210188282.0], "unrealized_pnl_4": [177529, 81.53141257867537, 2281375836598.775], "unrealized_pnl_5": [177529, 3112.6209587597355, 397470563732118.7], "unrealized_pnl_6": [177529, 113.6042871171146, 4423805996991.022], "unrealized_pnl_7": [177529, 65.51563620630358, 806869008589.5135], "unrealized_pnl_8": [177529, 33.34620275821821, 562067830939.2255], "unrealized_pnl_9": [177529, 681.6929707537189, 51594862161788.766], "margin_usage_ratio": [177529, 0.008541161061258599, 27.687829654520105]}, "pcr_min_ew": 0.9982445964269248, "pcr_max_ew": 0.9999999991863134}