{"r_count": 140666.0001, "r_mean": -0.0557422640175597, "r_var": 1772.0084096633527, "tanh_k": 2.0, "feature_welford": {"unrealized_pnl": [140668, 8494.621386625566, 1830353580178149.8], "realized_pnl": [140668, 16833.16272356258, 6303536944414231.0], "compounded_returns": [140668, 6635.876727198393, 8373820916987.867], "balance": [140668, 13372540.92226114, 2.641440766551458e+19], "position_value": [140668, 136232.39338742595, 2.012673375237974e+16], "current_position_size": [140668, 680853.5984001025, 5.031158934171154e+17], "last_log_ret": [140668, 0.007285839416739662, 797.9445191707879], "sortino_ratio": [140668, 2.9215316323043297, 221844841.07981566], "rolling_pnl_sigma": [140668, 0.033764136745431376, 334.55160858870886], "portfolio_cash_ratio": [140668, 0.7294062527896098, 17300.308411266138], "free_collateral": [140668, 13507440.359208856, 2.629354549632471e+19], "mm_reqs": [140668, 9883.194992382763, 307837643384380.06], "unrealized_pnl_0": [140668, 6.788171387308112, 357389775944.7381], "unrealized_pnl_1": [140668, 40.948673783448704, 1533645827697.6108], "unrealized_pnl_2": [140668, 3372.17224227858, 228321108815961.5], "unrealized_pnl_3": [140668, 12867.847150046437, 5907687292848143.0], "unrealized_pnl_4": [140668, 48.455896607751896, 1384777359070.7178], "unrealized_pnl_5": [140668, 2997.2678460414268, 364961335935583.7], "unrealized_pnl_6": [140668, 99.38753319106152, 4096726799461.0186], "unrealized_pnl_7": [140668, 58.64557238713715, 768159802187.7614], "unrealized_pnl_8": [140668, 30.953964121314513, 488634493462.58075], "unrealized_pnl_9": [140668, 646.1880835458219, 42374739657788.234], "margin_usage_ratio": [140668, 0.009696441214405941, 23.964831390507733]}, "pcr_min_ew": 0.9880057801266625, "pcr_max_ew": 0.9999999999999171}