{"r_count": 406512.0001, "r_mean": -0.03359238701623753, "r_var": 2124.236548334691, "tanh_k": 2.0, "feature_welford": {"unrealized_pnl": [406514, 17933.98785702241, 9673210020073928.0], "realized_pnl": [406514, 29036.133072077537, 3.2432749953680624e+16], "compounded_returns": [406514, 14479.279658094249, 60567142149387.18], "balance": [406514, 23504980.733278487, 1.42617095551901e+20], "position_value": [406514, 147642.79083659456, 7.0451793269688936e+16], "current_position_size": [406514, 738100.8287844991, 1.7612524051121426e+18], "last_log_ret": [406514, 0.008753760208574655, 1004.2193338926634], "sortino_ratio": [406514, 13.290583644121325, 11872696925.340612], "rolling_pnl_sigma": [406514, 0.019099714418163133, 468.99318458157956], "portfolio_cash_ratio": [406514, 0.8389836866099096, 34198.60695167532], "free_collateral": [406514, 23659271.188137054, 1.4151375918187348e+20], "mm_reqs": [406514, 11349.393052105586, 1416328916648727.0], "unrealized_pnl_0": [406514, 15.195259362415786, 457557645462.89044], "unrealized_pnl_1": [406514, 12.648953302006698, 2357331170287.5723], "unrealized_pnl_2": [406514, 12027.956433353676, 2231159648294535.8], "unrealized_pnl_3": [406514, 21404.019141254794, 3.0064636542608836e+16], "unrealized_pnl_4": [406514, 179.0156506310498, 5861066855114.124], "unrealized_pnl_5": [406514, 3577.1376654929736, 917209237305559.9], "unrealized_pnl_6": [406514, 144.40519707239136, 9565383277769.203], "unrealized_pnl_7": [406514, 40.89610035208163, 931893787051.3058], "unrealized_pnl_8": [406514, 70.30762556181689, 1054610017935.2809], "unrealized_pnl_9": [406514, 778.3847334077028, 96954451368137.34], "margin_usage_ratio": [406514, 0.005743269228360922, 44.88007590903344]}, "pcr_min_ew": 0.9931849794421855, "pcr_max_ew": 0.9999999999999942}