{"r_count": 397576.0001, "r_mean": -0.033734333584238586, "r_var": 2111.5803464576966, "tanh_k": 2.0, "feature_welford": {"unrealized_pnl": [397578, 17692.01918954974, 9143467280784844.0], "realized_pnl": [397578, 29010.74440390183, 3.1175348392883204e+16], "compounded_returns": [397578, 14520.409235787867, 59630994436179.57], "balance": [397578, 23520592.83925015, 1.405050599385742e+20], "position_value": [397578, 145580.99375124852, 6.674373064462158e+16], "current_position_size": [397578, 727792.9024595005, 1.668546187325658e+18], "last_log_ret": [397578, 0.008742870543532823, 995.1097802369142], "sortino_ratio": [397578, 14.381092047649235, 8199987138.317609], "rolling_pnl_sigma": [397578, 0.019265575237180265, 464.220245714258], "portfolio_cash_ratio": [397578, 0.8373664101399232, 33765.23362890557], "free_collateral": [397578, 23672861.140724905, 1.3943009651520068e+20], "mm_reqs": [397578, 11054.018784667687, 1312854827762521.5], "unrealized_pnl_0": [397578, 15.807444580609404, 455029000671.69025], "unrealized_pnl_1": [397578, 18.925383045375767, 2283384944781.877], "unrealized_pnl_2": [397578, 12059.685432441072, 2211005079895507.5], "unrealized_pnl_3": [397578, 21748.628604481793, 2.9917044458104428e+16], "unrealized_pnl_4": [397578, 170.589487242142, 5455983218805.343], "unrealized_pnl_5": [397578, 3606.78183139681, 871434881953115.2], "unrealized_pnl_6": [397578, 122.21405045403714, 6590505286646.442], "unrealized_pnl_7": [397578, 39.34134712338913, 997060742426.1024], "unrealized_pnl_8": [397578, 71.06849721663642, 1028916964474.5052], "unrealized_pnl_9": [397578, 782.702986716842, 94751675678799.83], "margin_usage_ratio": [397578, 0.005792658249639405, 44.30026368593492]}, "pcr_min_ew": 0.9894417046686801, "pcr_max_ew": 0.9997534530327343}