{"r_count": 445607.0001, "r_mean": -0.03232795074030562, "r_var": 2165.790901980026, "tanh_k": 2.0, "feature_welford": {"unrealized_pnl": [445609, 19352.163123898074, 1.117006629155364e+16], "realized_pnl": [445609, 30195.774117835073, 3.647793874443144e+16], "compounded_returns": [445609, 15200.20434019187, 70483731510873.3], "balance": [445609, 24462864.87108298, 1.6478520538024755e+20], "position_value": [445609, 148750.0404178205, 7.786806875058886e+16], "current_position_size": [445609, 743634.6604274958, 1.9466557164733294e+18], "last_log_ret": [445609, 0.008838054021616623, 1034.0778562897983], "sortino_ratio": [445609, 15.7887685499489, 19356725180.8918], "rolling_pnl_sigma": [445609, 0.018288526492205047, 483.2531267822857], "portfolio_cash_ratio": [445609, 0.8441773093897619, 36489.71905280854], "free_collateral": [445609, 24619723.901306186, 1.6348504225276435e+20], "mm_reqs": [445609, 11295.851704772369, 1494508544198267.5], "unrealized_pnl_0": [445609, 12.848226536985948, 471451791615.95996], "unrealized_pnl_1": [445609, 14.568741019961026, 2395718248919.7773], "unrealized_pnl_2": [445609, 13160.048151510658, 2742674535967680.5], "unrealized_pnl_3": [445609, 22556.783404616413, 3.43507499666382e+16], "unrealized_pnl_4": [445609, 192.74613579076652, 7449396096088.714], "unrealized_pnl_5": [445609, 3705.5891311518253, 1086416234154958.4], "unrealized_pnl_6": [445609, 142.94458811916226, 10221183290357.742], "unrealized_pnl_7": [445609, 39.0158222502785, 913353572121.0088], "unrealized_pnl_8": [445609, 82.1808797359911, 1095658140962.8843], "unrealized_pnl_9": [445609, 930.4174377645666, 132692870870182.94], "margin_usage_ratio": [445609, 0.005552659960658164, 47.59642326245282]}, "pcr_min_ew": 0.9944733187950006, "pcr_max_ew": 0.9999999997706353}