{"r_count": 482468.0001, "r_mean": -0.03126763527819806, "r_var": 2191.2379380297175, "tanh_k": 2.0, "feature_welford": {"unrealized_pnl": [482470, 20059.597050770186, 1.2384796821182882e+16], "realized_pnl": [482470, 31080.790552140184, 4.089350979671271e+16], "compounded_returns": [482470, 15784.244107358512, 79254515153503.5], "balance": [482470, 25160431.235335585, 1.8476727732944873e+20], "position_value": [482470, 150923.8338150612, 8.668067252601712e+16], "current_position_size": [482470, 754496.4517672495, 2.166956841150207e+18], "last_log_ret": [482470, 0.008900677376673986, 1056.0814973396318], "sortino_ratio": [482470, 16.43924868664596, 27412346416.787014], "rolling_pnl_sigma": [482470, 0.017606652137958177, 491.3110736622885], "portfolio_cash_ratio": [482470, 0.8492085768036327, 38275.18009552197], "free_collateral": [482470, 25319936.176441357, 1.8327397793022008e+20], "mm_reqs": [482470, 11526.404172480059, 1753999503105092.8], "unrealized_pnl_0": [482470, 14.535475850956757, 525671572361.2932], "unrealized_pnl_1": [482470, 19.424470759826573, 2409911877159.671], "unrealized_pnl_2": [482470, 13725.597450076613, 3109364865165108.0], "unrealized_pnl_3": [482470, 23509.185043040805, 3.918078693109164e+16], "unrealized_pnl_4": [482470, 181.29352391120514, 6928348983840.639], "unrealized_pnl_5": [482470, 3878.884635747959, 1141725985704280.5], "unrealized_pnl_6": [482470, 124.43910836654528, 9198298987532.611], "unrealized_pnl_7": [482470, 34.16769445351646, 1044247996744.2416], "unrealized_pnl_8": [482470, 92.08782918415129, 1369086655494.1555], "unrealized_pnl_9": [482470, 937.1729873276524, 136907895007399.62], "margin_usage_ratio": [482470, 0.005377484624710084, 49.99210376423403]}, "pcr_min_ew": 0.993794089727943, "pcr_max_ew": 0.9999999861587264}