{"r_count": 375236.0001, "r_mean": -0.03459406836872179, "r_var": 2087.5223388700388, "tanh_k": 2.0, "feature_welford": {"unrealized_pnl": [375238, 16850.97001504441, 8264596124045390.0], "realized_pnl": [375238, 28256.980366424596, 2.8571484381032644e+16], "compounded_returns": [375238, 13976.155314857195, 53363211646855.305], "balance": [375238, 22793227.42506143, 1.2698385820333408e+20], "position_value": [375238, 144305.7704911748, 6.2720677432646e+16], "current_position_size": [375238, 721389.3203420333, 1.56796187130592e+18], "last_log_ret": [375238, 0.008682341498394704, 979.0483895808768], "sortino_ratio": [375238, 14.313356700514765, 17327478357.605644], "rolling_pnl_sigma": [375238, 0.019829564009042355, 456.33114247217037], "portfolio_cash_ratio": [375238, 0.8333180803060384, 32616.876797890873], "free_collateral": [375238, 22943451.19382672, 1.2603104993197937e+20], "mm_reqs": [375238, 10982.537004250866, 1237756300609802.0], "unrealized_pnl_0": [375238, 16.74858206991268, 481621394077.71674], "unrealized_pnl_1": [375238, 19.703231977468878, 2035903969936.2112], "unrealized_pnl_2": [375238, 11168.915687160354, 1915723334780250.8], "unrealized_pnl_3": [375238, 21158.545857342277, 2.7392746983894204e+16], "unrealized_pnl_4": [375238, 161.26121427783627, 5358452437488.045], "unrealized_pnl_5": [375238, 3554.1995046268507, 861517355492603.5], "unrealized_pnl_6": [375238, 135.58471378214946, 8571707568361.058], "unrealized_pnl_7": [375238, 32.93311418680471, 972493407245.7214], "unrealized_pnl_8": [375238, 66.74402668184, 964620298752.8287], "unrealized_pnl_9": [375238, 798.5704990268641, 99430729159054.45], "margin_usage_ratio": [375238, 0.005929960849997046, 42.74354062598175]}, "pcr_min_ew": 0.9942639837747957, "pcr_max_ew": 0.9999999973214823}