{"r_count": 341726.0001, "r_mean": -0.03598740451241358, "r_var": 2051.9906491726215, "tanh_k": 2.0, "feature_welford": {"unrealized_pnl": [341728, 15656.49006068027, 6941946537553730.0], "realized_pnl": [341728, 27201.452625797756, 2.5014030381755684e+16], "compounded_returns": [341728, 13271.160899750948, 45580844428085.73], "balance": [341728, 21860912.310330473, 1.0949345978455607e+20], "position_value": [341728, 142372.23714062327, 5.568331998601263e+16], "current_position_size": [341728, 711707.9749165945, 1.3920269201683502e+18], "last_log_ret": [341728, 0.008589090291061516, 954.3171671863059], "sortino_ratio": [341728, 13.059875779200606, 7204239000.876799], "rolling_pnl_sigma": [341728, 0.020757283219606078, 443.7749837488612], "portfolio_cash_ratio": [341728, 0.8264792867625641, 30762.985128179684], "free_collateral": [341728, 22008212.309243504, 1.0869167002370553e+20], "mm_reqs": [341728, 10779.856541435043, 1085616056394395.9], "unrealized_pnl_0": [341728, 17.125181959256697, 474302656705.49133], "unrealized_pnl_1": [341728, 20.84002489364203, 1958662193142.6729], "unrealized_pnl_2": [341728, 10296.007634414209, 1592750317229086.5], "unrealized_pnl_3": [341728, 20244.04182023028, 2.396343338280316e+16], "unrealized_pnl_4": [341728, 150.5055395777681, 4831825968205.785], "unrealized_pnl_5": [341728, 3528.077805475755, 789339704344595.2], "unrealized_pnl_6": [341728, 139.40315526074622, 8258533061885.092], "unrealized_pnl_7": [341728, 33.986388402837925, 956965267457.1241], "unrealized_pnl_8": [341728, 57.67689153858632, 846366461662.122], "unrealized_pnl_9": [341728, 754.0539655817398, 90211339414543.4], "margin_usage_ratio": [341728, 0.006169223973004052, 40.414731841503354]}, "pcr_min_ew": 0.9959668118880177, "pcr_max_ew": 1.0000000000000928}