{"r_count": 261302.0001, "r_mean": -0.040646696438562634, "r_var": 1966.1121606370082, "tanh_k": 2.0, "feature_welford": {"unrealized_pnl": [261304, 12803.65689761105, 4425604050006679.5], "realized_pnl": [261304, 24312.71516573864, 1.7479135524850976e+16], "compounded_returns": [261304, 11196.718790050287, 30363078441918.582], "balance": [261304, 19474829.411226965, 7.353359314171986e+19], "position_value": [261304, 137486.38880465023, 3.977398520977858e+16], "current_position_size": [261304, 687292.8005377898, 9.943134821693208e+17], "last_log_ret": [261304, 0.008291864722896744, 897.5039105457261], "sortino_ratio": [261304, 9.441683356598668, 2254465641.258709], "rolling_pnl_sigma": [261304, 0.023846404207378127, 412.363426738663], "portfolio_cash_ratio": [261304, 0.8036009360040007, 26029.466194272398], "free_collateral": [261304, 19614803.578212284, 7.305465029824814e+19], "mm_reqs": [261304, 10390.622604565193, 768102095530446.2], "unrealized_pnl_0": [261304, 15.47659307007864, 425197892431.39307], "unrealized_pnl_1": [261304, 19.165405597596386, 1986723782203.865], "unrealized_pnl_2": [261304, 7804.819872390459, 889098536153520.6], "unrealized_pnl_3": [261304, 17472.751744305013, 1.5727616654351642e+16], "unrealized_pnl_4": [261304, 122.10844325240059, 3376752279373.486], "unrealized_pnl_5": [261304, 3258.7268093615185, 550486054794386.8], "unrealized_pnl_6": [261304, 139.4183519935399, 6241024191798.316], "unrealized_pnl_7": [261304, 44.122872114757136, 742421517943.1852], "unrealized_pnl_8": [261304, 37.80465100255018, 576973787359.64], "unrealized_pnl_9": [261304, 717.8686371953507, 76614556821899.1], "margin_usage_ratio": [261304, 0.006976343254008491, 34.4743006167239]}, "pcr_min_ew": 0.9950101080682542, "pcr_max_ew": 0.99999999667393}