{"r_count": 495033.0001, "r_mean": 0.004552362558542204, "r_var": 1367.090201946804, "tanh_k": 2.0, "feature_welford": {"unrealized_pnl": [495035, 53479.503552935224, 7.674195968955982e+16], "realized_pnl": [495035, 40778.694427282615, 1.0648435880666309e+17], "compounded_returns": [495035, 17926.906130503394, 90008032022831.31], "balance": [495035, 32729123.7472688, 2.924523784106896e+20], "position_value": [495035, 195232.46319413255, 1.5587451349296336e+17], "current_position_size": [495035, 976101.9299349943, 3.896854139408967e+18], "last_log_ret": [495035, 0.009331633212447009, 1126.1307770981416], "sortino_ratio": [495035, 5.0847949977939875, 12230271450.10025], "rolling_pnl_sigma": [495035, 0.01612253073397037, 457.8590574229035], "portfolio_cash_ratio": [495035, 0.8848386452264165, 28695.33796898052], "free_collateral": [495035, 32959680.62680864, 2.8945862807011672e+20], "mm_reqs": [495035, 18200.53834841176, 5620401815590664.0], "unrealized_pnl_0": [495035, 8.282325251432765, 273411310226.35852], "unrealized_pnl_1": [495035, 7.521935415485861, 1877315992607.5972], "unrealized_pnl_2": [495035, 25305.931599426967, 9620129141111308.0], "unrealized_pnl_3": [495035, 50562.17222515998, 1.54869582525305e+17], "unrealized_pnl_4": [495035, 172.72500944930866, 5733265682305.708], "unrealized_pnl_5": [495035, 5178.922174003253, 1477870184889147.2], "unrealized_pnl_6": [495035, 63.67372215637101, 4464930764282.267], "unrealized_pnl_7": [495035, 22.582045108496327, 378975238346.1279], "unrealized_pnl_8": [495035, 39.119303926959645, 612086632109.9004], "unrealized_pnl_9": [495035, 1386.384524673857, 183203434439013.12], "margin_usage_ratio": [495035, 0.0042096246953456885, 38.85819442705171]}, "pcr_min_ew": 0.998884145836849, "pcr_max_ew": 1.000015318411008}