{"r_count": 505086.0001, "r_mean": 0.004604559230267267, "r_var": 1378.2019195980245, "tanh_k": 2.0, "feature_welford": {"unrealized_pnl": [505088, 54391.287064624776, 8.121854167756558e+16], "realized_pnl": [505088, 41432.23248981181, 1.1279563943706728e+17], "compounded_returns": [505088, 18217.10740079354, 95325063979571.88], "balance": [505088, 33250260.3391595, 3.100652693851683e+20], "position_value": [505088, 196279.96140613806, 1.612264279321313e+17], "current_position_size": [505088, 981340.0138169561, 4.0306518826730127e+18], "last_log_ret": [505088, 0.00934982438490101, 1137.1891423012994], "sortino_ratio": [505088, 6.2711762697011615, 488749928507.2419], "rolling_pnl_sigma": [505088, 0.016038113217139525, 462.16426971511373], "portfolio_cash_ratio": [505088, 0.8854920729050455, 29119.983577701543], "free_collateral": [505088, 33482594.262343165, 3.069280796834935e+20], "mm_reqs": [505088, 18397.0788394192, 5955876454990038.0], "unrealized_pnl_0": [505088, 8.25562139570492, 225545977943.42554], "unrealized_pnl_1": [505088, 6.106700582208028, 2415641571474.9204], "unrealized_pnl_2": [505088, 25628.30233656394, 9882046723768186.0], "unrealized_pnl_3": [505088, 51012.39785236303, 1.5991517307428333e+17], "unrealized_pnl_4": [505088, 175.32188507120293, 5871489164812.6875], "unrealized_pnl_5": [505088, 5236.1679456074435, 1489376883057263.8], "unrealized_pnl_6": [505088, 57.79346133700392, 4358952617206.561], "unrealized_pnl_7": [505088, 22.457173175317653, 495684301982.4423], "unrealized_pnl_8": [505088, 38.91645843155052, 613772034074.6279], "unrealized_pnl_9": [505088, 1351.3885596310763, 174788866482375.75], "margin_usage_ratio": [505088, 0.004188264868212125, 39.50847841372289]}, "pcr_min_ew": 0.9984233935113506, "pcr_max_ew": 0.9999999942088603}