{"r_count": 327483.0001, "r_mean": 0.004030485110957403, "r_var": 1180.2422840787037, "tanh_k": 2.0, "feature_welford": {"unrealized_pnl": [327485, 42336.60379897004, 3.812239729322491e+16], "realized_pnl": [327485, 35607.62133747354, 5.613660132155616e+16], "compounded_returns": [327485, 15492.785274063854, 50566130566267.46], "balance": [327485, 28677946.935754754, 1.624584786282735e+20], "position_value": [327485, 175349.69664930296, 8.583449585015013e+16], "current_position_size": [327485, 876679.7456682208, 2.1458473803295882e+18], "last_log_ret": [327485, 0.009073546923123765, 944.574495313864], "sortino_ratio": [327485, 4.2749990719013224, 950502536.3649381], "rolling_pnl_sigma": [327485, 0.018383024188678956, 384.8776984471247], "portfolio_cash_ratio": [327485, 0.8691251358416179, 21955.223084024856], "free_collateral": [327485, 28879655.607013866, 1.6099785633810966e+20], "mm_reqs": [327485, 16024.896072450494, 2919410722401306.0], "unrealized_pnl_0": [327485, 12.262396250843159, 222373313644.1947], "unrealized_pnl_1": [327485, 13.110185781735197, 1603782939168.1458], "unrealized_pnl_2": [327485, 19437.17481347853, 4200873242814924.5], "unrealized_pnl_3": [327485, 41915.28263795701, 7.907650352922821e+16], "unrealized_pnl_4": [327485, 151.2593548036532, 4152299854961.952], "unrealized_pnl_5": [327485, 3987.353395924786, 802517115500906.1], "unrealized_pnl_6": [327485, 56.4375245538004, 3265033332910.9688], "unrealized_pnl_7": [327485, 20.095011146070252, 310183428967.8723], "unrealized_pnl_8": [327485, 35.828775149180935, 485606495471.1368], "unrealized_pnl_9": [327485, 1249.2758487939366, 105635285784067.34], "margin_usage_ratio": [327485, 0.004746915990506754, 29.458116394703723]}, "pcr_min_ew": 0.9995795316517105, "pcr_max_ew": 0.9999999866641435}