{"r_count": 325249.0001, "r_mean": 0.004032423830520215, "r_var": 1178.0156465123769, "tanh_k": 2.0, "feature_welford": {"unrealized_pnl": [325251, 42744.85430343458, 3.933493823958255e+16], "realized_pnl": [325251, 35661.14268076049, 5.6961375552132584e+16], "compounded_returns": [325251, 15524.276942553593, 50897443097722.195], "balance": [325251, 28758222.03870625, 1.636301977538189e+20], "position_value": [325251, 175259.99428343232, 8.54745844565503e+16], "current_position_size": [325251, 876230.7610167753, 2.1368495756827556e+18], "last_log_ret": [325251, 0.009071975694803051, 942.5192991037762], "sortino_ratio": [325251, 4.44709889323152, 1111539607.864987], "rolling_pnl_sigma": [325251, 0.01842422407786266, 383.9321799939499], "portfolio_cash_ratio": [325251, 0.8688201266279963, 21862.049889312922], "free_collateral": [325251, 28960231.601505823, 1.6217119906685655e+20], "mm_reqs": [325251, 16043.854971721717, 2944176731219619.0], "unrealized_pnl_0": [325251, 12.268711498330726, 199120116456.7797], "unrealized_pnl_1": [325251, 12.428243205129027, 1652160406890.5137], "unrealized_pnl_2": [325251, 19578.24396470704, 4255519237387892.0], "unrealized_pnl_3": [325251, 42334.11634002218, 8.082938017238058e+16], "unrealized_pnl_4": [325251, 148.93732029231626, 4031824193463.6406], "unrealized_pnl_5": [325251, 3960.798486441454, 793812892480704.9], "unrealized_pnl_6": [325251, 53.73115307878171, 3190240341588.4165], "unrealized_pnl_7": [325251, 19.499436677004336, 319980495633.14874], "unrealized_pnl_8": [325251, 35.466508137770376, 484666554160.2759], "unrealized_pnl_9": [325251, 1234.1057714858202, 103012873619089.08], "margin_usage_ratio": [325251, 0.004759109526913084, 29.370860507716035]}, "pcr_min_ew": 0.992225163965935, "pcr_max_ew": 0.9999999953851058}