{"r_count": 415726.0001, "r_mean": 0.004336645973708604, "r_var": 1278.930222200635, "tanh_k": 2.0, "feature_welford": {"unrealized_pnl": [415728, 48793.39209559444, 5.812858689069952e+16], "realized_pnl": [415728, 38735.37228326217, 8.282970142186158e+16], "compounded_returns": [415728, 16952.808176735536, 71283626718933.52], "balance": [415728, 31096744.714597963, 2.3033302970683176e+20], "position_value": [415728, 186089.6058742997, 1.203650783621832e+17], "current_position_size": [415728, 930376.9023338057, 3.009114067644534e+18], "last_log_ret": [415728, 0.00923266514021452, 1040.2662421739337], "sortino_ratio": [415728, 4.60160153568298, 2213214665.665886], "rolling_pnl_sigma": [415728, 0.01699691652721402, 424.7310618233343], "portfolio_cash_ratio": [415728, 0.8788526157020231, 25547.758235159235], "free_collateral": [415728, 31314423.540069785, 2.2810459076032948e+20], "mm_reqs": [415728, 17262.755633487253, 4312023815470633.5], "unrealized_pnl_0": [415728, 9.599756401031705, 220684226792.29828], "unrealized_pnl_1": [415728, 7.138721667941458, 2295648056001.354], "unrealized_pnl_2": [415728, 22890.463849893546, 6890628449032569.0], "unrealized_pnl_3": [415728, 46680.47942484643, 1.1622769373294192e+17], "unrealized_pnl_4": [415728, 165.97480315260992, 5044511551836.054], "unrealized_pnl_5": [415728, 4517.873370889802, 1100096691296564.9], "unrealized_pnl_6": [415728, 52.76677019219401, 3706772591334.918], "unrealized_pnl_7": [415728, 20.858522083201542, 364130040772.8309], "unrealized_pnl_8": [415728, 37.256201062614565, 539973446096.1938], "unrealized_pnl_9": [415728, 1336.4977508992185, 138816514324320.78], "margin_usage_ratio": [415728, 0.004415067050731793, 34.4400541384756]}, "pcr_min_ew": 0.9996739371224307, "pcr_max_ew": 0.9999999999999968}