{"r_count": 312962.0001, "r_mean": 0.003956158013564206, "r_var": 1164.6191159023238, "tanh_k": 2.0, "feature_welford": {"unrealized_pnl": [312964, 41264.43346992821, 3.570443712042799e+16], "realized_pnl": [312964, 35057.17204763183, 5.276824167044723e+16], "compounded_returns": [312964, 15156.47504290848, 46809371864031.41], "balance": [312964, 28156763.111166116, 1.5095186034453368e+20], "position_value": [312964, 173315.4734189338, 8.032022993737994e+16], "current_position_size": [312964, 866505.4411039383, 2.0079902740388265e+18], "last_log_ret": [312964, 0.009038469746713036, 929.5075611315084], "sortino_ratio": [312964, 4.379460656748169, 1125142269.0206566], "rolling_pnl_sigma": [312964, 0.018675844462628825, 378.02909951862836], "portfolio_cash_ratio": [312964, 0.8671966387225569, 21317.065342307415], "free_collateral": [312964, 28355634.259246074, 1.496024528341429e+20], "mm_reqs": [312964, 15753.244227280626, 2707548961043151.5], "unrealized_pnl_0": [312964, 12.682398818467716, 199821406304.9765], "unrealized_pnl_1": [312964, 12.5961038460935, 1605180822524.4817], "unrealized_pnl_2": [312964, 18957.05958845758, 3860485956153085.0], "unrealized_pnl_3": [312964, 41007.69270942079, 7.417858807251878e+16], "unrealized_pnl_4": [312964, 146.90460526382364, 3979733520556.51], "unrealized_pnl_5": [312964, 3859.7000337340296, 756392126761846.1], "unrealized_pnl_6": [312964, 56.537215901259735, 3277844450592.8726], "unrealized_pnl_7": [312964, 19.450338320670447, 304234115680.03735], "unrealized_pnl_8": [312964, 35.4165034064063, 478310388264.8825], "unrealized_pnl_9": [312964, 1232.1846307364929, 99007286701003.55], "margin_usage_ratio": [312964, 0.00481207780305175, 28.570587048816776]}, "pcr_min_ew": 0.9876655582579472, "pcr_max_ew": 0.9999999789758889}