{"r_count": 357642.0001, "r_mean": 0.004163740522575283, "r_var": 1213.7847087382718, "tanh_k": 2.0, "feature_welford": {"unrealized_pnl": [357644, 45427.87539313401, 4.572781448621115e+16], "realized_pnl": [357644, 37071.14655362712, 6.6051708631483496e+16], "compounded_returns": [357644, 16112.471223200533, 58339961606544.67], "balance": [357644, 29697295.614088345, 1.873829412885517e+20], "position_value": [357644, 179756.25388084754, 9.80759982677138e+16], "current_position_size": [357644, 898718.3275592419, 2.4518859332829476e+18], "last_log_ret": [357644, 0.009138127601079297, 977.0606664927511], "sortino_ratio": [357644, 4.858825338677281, 8708486700.357391], "rolling_pnl_sigma": [357644, 0.01784217247907662, 398.6936360936369], "portfolio_cash_ratio": [357644, 0.8728137362148576, 23247.810884849237], "free_collateral": [357644, 29905995.085599437, 1.8566279435589665e+20], "mm_reqs": [357644, 16538.19036776894, 3387957206563693.5], "unrealized_pnl_0": [357644, 11.450183035314613, 230836531773.69736], "unrealized_pnl_1": [357644, 11.7130738630261, 1645958756752.7312], "unrealized_pnl_2": [357644, 20861.66639273333, 5159094035299204.0], "unrealized_pnl_3": [357644, 44189.63934815183, 9.278449953806773e+16], "unrealized_pnl_4": [357644, 156.0866012694704, 4442634481539.445], "unrealized_pnl_5": [357644, 4321.394667844892, 952281104525731.9], "unrealized_pnl_6": [357644, 54.50488368252855, 3220330277317.372], "unrealized_pnl_7": [357644, 21.46033987128753, 339336473820.0492], "unrealized_pnl_8": [357644, 35.89451287076356, 501922161403.4192], "unrealized_pnl_9": [357644, 1318.1796495050985, 117346284668806.12], "margin_usage_ratio": [357644, 0.004626015797408778, 31.321950613136007]}, "pcr_min_ew": 0.9992282721073251, "pcr_max_ew": 1.0000000000000613}