{"r_count": 425779.0001, "r_mean": 0.004362193318502633, "r_var": 1290.6665000300018, "tanh_k": 2.0, "feature_welford": {"unrealized_pnl": [425781, 49720.942720153376, 6.148251245461603e+16], "realized_pnl": [425781, 39151.186213768386, 8.759453468342917e+16], "compounded_returns": [425781, 17117.549097649964, 73975032251794.0], "balance": [425781, 31395747.111337874, 2.396768920890874e+20], "position_value": [425781, 187506.67025180167, 1.2557187989777507e+17], "current_position_size": [425781, 937464.8335225421, 3.1392846636732513e+18], "last_log_ret": [425781, 0.009248670970525912, 1051.646530174734], "sortino_ratio": [425781, 4.851729184035157, 8703905324.530312], "rolling_pnl_sigma": [425781, 0.01686263074160397, 429.1786694339998], "portfolio_cash_ratio": [425781, 0.8797997393034727, 25927.003054040913], "free_collateral": [425781, 31615599.501834657, 2.3734243175381873e+20], "mm_reqs": [425781, 17430.677540099627, 4501101395532525.5], "unrealized_pnl_0": [425781, 10.869650179974133, 231759325209.6311], "unrealized_pnl_1": [425781, 7.04891582524104, 1763769829300.609], "unrealized_pnl_2": [425781, 23276.397437858806, 7217307955913556.0], "unrealized_pnl_3": [425781, 47562.395424289345, 1.240758768028546e+17], "unrealized_pnl_4": [425781, 163.08439920060766, 5476116044741.911], "unrealized_pnl_5": [425781, 4630.468884979394, 1156183311564927.2], "unrealized_pnl_6": [425781, 58.338830931832454, 3977445948367.348], "unrealized_pnl_7": [425781, 21.442262514593, 371540271478.8196], "unrealized_pnl_8": [425781, 36.622460568236455, 520318922492.32153], "unrealized_pnl_9": [425781, 1353.3446520941393, 149270437154190.1], "margin_usage_ratio": [425781, 0.004381970426328762, 34.99261181043173]}, "pcr_min_ew": 0.9942406075089886, "pcr_max_ew": 0.9999999930663694}