{"r_count": 527426.0001000001, "r_mean": 0.0046478641191854105, "r_var": 1403.5850721189438, "tanh_k": 2.0, "feature_welford": {"unrealized_pnl": [527428, 55156.31326984128, 8.541050829662173e+16], "realized_pnl": [527428, 41751.1507719461, 1.2052376667708062e+17], "compounded_returns": [527428, 18393.95386598083, 99947997704926.6], "balance": [527428, 33563975.98830288, 3.2622514686766966e+20], "position_value": [527428, 197362.40609838915, 1.7016411773628566e+17], "current_position_size": [527428, 986754.5161056335, 4.2540890855913226e+18], "last_log_ret": [527428, 0.009370237832642283, 1161.9747387844966], "sortino_ratio": [527428, 5.4505512333474435, 23172155886.484108], "rolling_pnl_sigma": [527428, 0.015830047736123218, 471.51731818445353], "portfolio_cash_ratio": [527428, 0.8869085689701333, 29979.354531902653], "free_collateral": [527428, 33798155.9898281, 3.2285890267761194e+20], "mm_reqs": [527428, 18394.03236283013, 6166305862393069.0], "unrealized_pnl_0": [527428, 9.583589478317482, 282714512490.53143], "unrealized_pnl_1": [527428, 12.43615663626364, 2235729743489.473], "unrealized_pnl_2": [527428, 26209.79348127908, 1.0827519855446642e+16], "unrealized_pnl_3": [527428, 51612.388306124405, 1.7281474861183235e+17], "unrealized_pnl_4": [527428, 171.36116432934682, 6531423308611.181], "unrealized_pnl_5": [527428, 5572.324494478322, 1662957052311694.8], "unrealized_pnl_6": [527428, 63.87570616251835, 4259788289683.222], "unrealized_pnl_7": [527428, 23.403312094116593, 393134130049.60175], "unrealized_pnl_8": [527428, 38.56503635726316, 600025482577.6747], "unrealized_pnl_9": [527428, 1379.0525910963606, 200097814249667.84], "margin_usage_ratio": [527428, 0.004136125187053665, 40.691642496966715]}, "pcr_min_ew": 0.9953904890421446, "pcr_max_ew": 0.9999999997561976}