{"r_count": 501735.0001, "r_mean": 0.004574664759799701, "r_var": 1374.2612311666383, "tanh_k": 2.0, "feature_welford": {"unrealized_pnl": [501737, 54005.11139181072, 7.912517200797013e+16], "realized_pnl": [501737, 41036.2732398366, 1.1012356077106768e+17], "compounded_returns": [501737, 18088.686377359605, 92843490344578.02], "balance": [501737, 33004205.12375781, 3.016645983818081e+20], "position_value": [501737, 195774.42095329866, 1.5938794754894013e+17], "current_position_size": [501737, 978816.9614832996, 3.9846904989486643e+18], "last_log_ret": [501737, 0.009342416134748002, 1133.0796230189553], "sortino_ratio": [501737, 6.506270929143698, 216435384224.10095], "rolling_pnl_sigma": [501737, 0.01605352469591334, 460.66405590050294], "portfolio_cash_ratio": [501737, 0.8852916206886347, 28972.99606504442], "free_collateral": [501737, 33235779.281048723, 2.98565295525216e+20], "mm_reqs": [501737, 18263.967342509764, 5776159373522678.0], "unrealized_pnl_0": [501737, 9.217196344573868, 249106777536.47556], "unrealized_pnl_1": [501737, 10.558454038617363, 2051441304907.6626], "unrealized_pnl_2": [501737, 25436.102958692354, 9764701412003260.0], "unrealized_pnl_3": [501737, 50851.950655489774, 1.5960493732519744e+17], "unrealized_pnl_4": [501737, 171.6125794943988, 6439157970186.416], "unrealized_pnl_5": [501737, 5280.875501993855, 1490763562640063.5], "unrealized_pnl_6": [501737, 65.46216269407248, 4373385912563.3027], "unrealized_pnl_7": [501737, 21.649826166623964, 427657487518.6756], "unrealized_pnl_8": [501737, 36.973372198922426, 662419787862.0812], "unrealized_pnl_9": [501737, 1407.3059317204988, 191424633473991.12], "margin_usage_ratio": [501737, 0.004193991231965039, 39.25035337639296]}, "pcr_min_ew": 0.9987898849613754, "pcr_max_ew": 0.9999999976342075}