{"r_count": 454821.0001, "r_mean": 0.004476280746720974, "r_var": 1322.4813547746946, "tanh_k": 2.0, "feature_welford": {"unrealized_pnl": [454823, 52581.51981586617, 7.159917150367278e+16], "realized_pnl": [454823, 40287.38126526716, 9.871955977958408e+16], "compounded_returns": [454823, 17681.649613709807, 83212298063845.8], "balance": [454823, 32349713.134722877, 2.693325687227618e+20], "position_value": [454823, 191198.67167068267, 1.394896673896526e+17], "current_position_size": [454823, 955937.3015160932, 3.487233268348341e+18], "last_log_ret": [454823, 0.009295064821575631, 1082.797902594643], "sortino_ratio": [454823, 4.681739101362535, 2247469986.9181757], "rolling_pnl_sigma": [454823, 0.016532490419968276, 441.20874689107075], "portfolio_cash_ratio": [454823, 0.8820475474808627, 27071.18865955041], "free_collateral": [454823, 32575653.139825888, 2.6668281251358933e+20], "mm_reqs": [454823, 17891.78820133953, 5080032539568691.0], "unrealized_pnl_0": [454823, 9.974126280937524, 222314284278.63397], "unrealized_pnl_1": [454823, 9.996271292259241, 1906106260151.0847], "unrealized_pnl_2": [454823, 24053.86667855132, 8173471104058165.0], "unrealized_pnl_3": [454823, 49955.11903215631, 1.4112692388227376e+17], "unrealized_pnl_4": [454823, 176.47750606607684, 6018152481276.759], "unrealized_pnl_5": [454823, 4973.728786966423, 1333133386496070.2], "unrealized_pnl_6": [454823, 54.54687090405187, 3873124022798.104], "unrealized_pnl_7": [454823, 22.783396752529796, 413723868268.8076], "unrealized_pnl_8": [454823, 36.33436074618818, 578236844300.3966], "unrealized_pnl_9": [454823, 1411.4952452087896, 161481194303848.4], "margin_usage_ratio": [454823, 0.004308850709972805, 36.68309485101621]}, "pcr_min_ew": 0.9986622927396188, "pcr_max_ew": 0.9999999999999649}