{"r_count": 374397.0001, "r_mean": 0.0041992469425818, "r_var": 1232.8181276239975, "tanh_k": 2.0, "feature_welford": {"unrealized_pnl": [374399, 45879.92888098255, 4.847667459495474e+16], "realized_pnl": [374399, 37282.1837958209, 6.9393977105352024e+16], "compounded_returns": [374399, 16253.68341682778, 60723113622182.1], "balance": [374399, 29921761.81926628, 1.9562958173077448e+20], "position_value": [374399, 181146.22151707017, 1.0322994179396646e+17], "current_position_size": [374399, 905669.3488153733, 2.5807355696717097e+18], "last_log_ret": [374399, 0.00916286626025282, 995.443313965212], "sortino_ratio": [374399, 4.767957428319591, 6801773818.544477], "rolling_pnl_sigma": [374399, 0.017585558344929295, 406.46734274263594], "portfolio_cash_ratio": [374399, 0.874782224951292, 23893.731744114164], "free_collateral": [374399, 30132215.406538703, 1.9377959360065903e+20], "mm_reqs": [374399, 16618.950569152235, 3573619698979977.0], "unrealized_pnl_0": [374399, 12.902239705885004, 251998584502.31714], "unrealized_pnl_1": [374399, 10.94235703050896, 1684080514190.29], "unrealized_pnl_2": [374399, 21251.577642911627, 5450307709631347.0], "unrealized_pnl_3": [374399, 44639.496716334055, 9.91003317538169e+16], "unrealized_pnl_4": [374399, 149.57574982532824, 4527265729565.58], "unrealized_pnl_5": [374399, 4310.255269440873, 971110593265827.8], "unrealized_pnl_6": [374399, 56.97518185708728, 3923935155717.1836], "unrealized_pnl_7": [374399, 22.384005178356357, 337644289228.294], "unrealized_pnl_8": [374399, 36.14508680264387, 506268077888.37976], "unrealized_pnl_9": [374399, 1354.0280451803662, 127368534678597.22], "margin_usage_ratio": [374399, 0.0045560189624646915, 32.18379038034639]}, "pcr_min_ew": 0.9889096945914045, "pcr_max_ew": 0.9999999991281973}