{"r_count": 403439.0001, "r_mean": 0.004298556911376521, "r_var": 1265.5649598000794, "tanh_k": 2.0, "feature_welford": {"unrealized_pnl": [403441, 48193.085527493655, 5.578542231915284e+16], "realized_pnl": [403441, 38438.96454024037, 7.991175363059787e+16], "compounded_returns": [403441, 16792.534716938764, 68524361220016.12], "balance": [403441, 30844017.226781454, 2.2145857561263964e+20], "position_value": [403441, 184857.3912750527, 1.1578392203652403e+17], "current_position_size": [403441, 924214.6464333284, 2.8945849427470295e+18], "last_log_ret": [403441, 0.009215312206741507, 1027.2680807108563], "sortino_ratio": [403441, 4.848094479044611, 8560340376.943993], "rolling_pnl_sigma": [403441, 0.01715142959949906, 419.4507747166665], "portfolio_cash_ratio": [403441, 0.8777807366681675, 25041.384333616374], "free_collateral": [403441, 31059987.350130897, 2.193401530175489e+20], "mm_reqs": [403441, 17136.08379660031, 4100550963478722.5], "unrealized_pnl_0": [403441, 10.393162450797693, 210185987367.28015], "unrealized_pnl_1": [403441, 7.879710859988256, 1758977121077.1875], "unrealized_pnl_2": [403441, 22492.858144996346, 6486118986305255.0], "unrealized_pnl_3": [403441, 46478.85361654736, 1.1343310741925371e+17], "unrealized_pnl_4": [403441, 157.47503116920757, 4874895189235.456], "unrealized_pnl_5": [403441, 4446.623936847915, 1067231133564913.8], "unrealized_pnl_6": [403441, 59.71082494711027, 3766342226044.524], "unrealized_pnl_7": [403441, 20.815004110565788, 362407527498.6094], "unrealized_pnl_8": [403441, 36.27011374936946, 508930968191.31903], "unrealized_pnl_9": [403441, 1326.3929609130496, 138270294557546.97], "margin_usage_ratio": [403441, 0.004451275992378687, 33.74037733890932]}, "pcr_min_ew": 0.9993297676751676, "pcr_max_ew": 0.9999999990249233}