{"r_count": 422428.0001, "r_mean": 0.004335397137010844, "r_var": 1286.5392685597822, "tanh_k": 2.0, "feature_welford": {"unrealized_pnl": [422430, 49255.369590427414, 5.873314042683667e+16], "realized_pnl": [422430, 38710.43832349609, 8.216418432322686e+16], "compounded_returns": [422430, 16944.88743231914, 71480624456839.03], "balance": [422430, 31066671.52557523, 2.3106140204948976e+20], "position_value": [422430, 187767.01658744775, 1.241509990466459e+17], "current_position_size": [422430, 938769.7580296744, 3.103765005510967e+18], "last_log_ret": [422430, 0.00923821240867945, 1047.5185935483526], "sortino_ratio": [422430, 4.290825528557236, 1863797406.014889], "rolling_pnl_sigma": [422430, 0.016908117427556338, 427.53722117061136], "portfolio_cash_ratio": [422430, 0.8793547106596364, 25814.926247517447], "free_collateral": [422430, 31286337.35531512, 2.2878856929174736e+20], "mm_reqs": [422430, 17400.288460665182, 4394217260761233.0], "unrealized_pnl_0": [422430, 9.928014113395843, 234571222685.68588], "unrealized_pnl_1": [422430, 7.7126848439844125, 1704446328861.4382], "unrealized_pnl_2": [422430, 23155.916584424533, 7168060532795217.0], "unrealized_pnl_3": [422430, 47153.00636387771, 1.1880318243455011e+17], "unrealized_pnl_4": [422430, 166.26729226668402, 5224633253416.56], "unrealized_pnl_5": [422430, 4715.012525130194, 1197895293605990.8], "unrealized_pnl_6": [422430, 60.20496348013786, 3951696808848.7085], "unrealized_pnl_7": [422430, 21.997148998442245, 356755217798.7744], "unrealized_pnl_8": [422430, 38.6540601207824, 585241232811.3802], "unrealized_pnl_9": [422430, 1387.4783528033315, 148510276088300.8], "margin_usage_ratio": [422430, 0.004398986088273706, 34.80860499297024]}, "pcr_min_ew": 0.9975973943718407, "pcr_max_ew": 0.9999999999999949}