{"r_count": 483863.0001, "r_mean": 0.004567326065649727, "r_var": 1354.7137296527026, "tanh_k": 2.0, "feature_welford": {"unrealized_pnl": [483865, 54063.916219761864, 7.777282327057106e+16], "realized_pnl": [483865, 41085.746772880026, 1.0787399780266091e+17], "compounded_returns": [483865, 18052.03398450378, 91199040853687.69], "balance": [483865, 32987111.22317575, 2.9648899145644586e+20], "position_value": [483865, 194963.59796425005, 1.5334024394229302e+17], "current_position_size": [483865, 974756.7267959563, 3.8334930743170816e+18], "last_log_ret": [483865, 0.009329888439322732, 1114.3901965659797], "sortino_ratio": [483865, 4.5568405616686585, 2969260494.424563], "rolling_pnl_sigma": [483865, 0.016234779021805656, 453.4410965623676], "portfolio_cash_ratio": [483865, 0.8840963857262593, 28247.816729985283], "free_collateral": [483865, 33217892.230953593, 2.935519784630755e+20], "mm_reqs": [483865, 18298.080751817397, 5629434767425338.0], "unrealized_pnl_0": [483865, 9.644448189531905, 263156295784.03897], "unrealized_pnl_1": [483865, 12.841023800761105, 2284679319465.3555], "unrealized_pnl_2": [483865, 25094.111081681684, 9194966312326174.0], "unrealized_pnl_3": [483865, 51502.56163108317, 1.5692827762375565e+17], "unrealized_pnl_4": [483865, 167.43276870194097, 5838918459506.957], "unrealized_pnl_5": [483865, 5093.014341245987, 1354603963397773.2], "unrealized_pnl_6": [483865, 54.488686799281844, 4119601075055.56], "unrealized_pnl_7": [483865, 20.829858514766897, 459501788843.2509], "unrealized_pnl_8": [483865, 37.03727874165134, 567274664394.0508], "unrealized_pnl_9": [483865, 1404.8684142584657, 166331055875512.4], "margin_usage_ratio": [483865, 0.004237579428614132, 38.30042499199146]}, "pcr_min_ew": 0.9981298841306422, "pcr_max_ew": 0.9999999975126627}