{"r_count": 443651.0001, "r_mean": 0.00440453383562735, "r_var": 1310.0112002260357, "tanh_k": 2.0, "feature_welford": {"unrealized_pnl": [443653, 50765.23179661031, 6.420003725477843e+16], "realized_pnl": [443653, 39387.85663621974, 8.883084416471528e+16], "compounded_returns": [443653, 17260.1717811844, 76901827924228.08], "balance": [443653, 31593179.350181386, 2.4876660074162468e+20], "position_value": [443653, 190398.67330501854, 1.3373239403005227e+17], "current_position_size": [443653, 951931.1655355155, 3.343300607259364e+18], "last_log_ret": [443653, 0.00926845313248616, 1070.3952476514216], "sortino_ratio": [443653, 5.0675505094470195, 11975521441.996973], "rolling_pnl_sigma": [443653, 0.016653104834421652, 436.4598291651173], "portfolio_cash_ratio": [443653, 0.8811368125111919, 26652.43496887475], "free_collateral": [443653, 31816690.481896684, 2.4629339045161016e+20], "mm_reqs": [443653, 17694.79846904628, 4760267513892557.0], "unrealized_pnl_0": [443653, 9.36484269937027, 246393505559.5024], "unrealized_pnl_1": [443653, 7.223669956956192, 1738437878652.4604], "unrealized_pnl_2": [443653, 23862.3321386729, 7928827475096706.0], "unrealized_pnl_3": [443653, 48367.14816807895, 1.2892115127575928e+17], "unrealized_pnl_4": [443653, 169.6655678458004, 5413812308665.635], "unrealized_pnl_5": [443653, 4831.083831404667, 1263473971352959.8], "unrealized_pnl_6": [443653, 62.62812162233198, 4312844069781.9854], "unrealized_pnl_7": [443653, 22.185952592667284, 362925712820.6642], "unrealized_pnl_8": [443653, 38.76245578065518, 592930199100.3418], "unrealized_pnl_9": [443653, 1395.3842938345335, 156036711259635.62], "margin_usage_ratio": [443653, 0.004338301095276597, 35.983142946085735]}, "pcr_min_ew": 0.9993327692291708, "pcr_max_ew": 0.9999999997736254}