{"r_count": 436949.0001, "r_mean": 0.00440939746704621, "r_var": 1302.3590322760397, "tanh_k": 2.0, "feature_welford": {"unrealized_pnl": [436951, 50779.361574739494, 6.481298999696134e+16], "realized_pnl": [436951, 39525.28500707686, 9.083322940218818e+16], "compounded_returns": [436951, 17335.78146319105, 77449522059394.5], "balance": [436951, 31744130.5742539, 2.5067170312857204e+20], "position_value": [436951, 189069.67986999505, 1.3120297948993869e+17], "current_position_size": [436951, 945285.0863173626, 3.2800644370538327e+18], "last_log_ret": [436951, 0.009266326426744936, 1063.0461225705308], "sortino_ratio": [436951, 4.503083137032062, 2820468497.612481], "rolling_pnl_sigma": [436951, 0.016727364720641097, 433.7444944287526], "portfolio_cash_ratio": [436951, 0.8806385667105984, 26398.11134513447], "free_collateral": [436951, 31966407.3243813, 2.4821009040699317e+20], "mm_reqs": [436951, 17627.49966154311, 4756142230730044.0], "unrealized_pnl_0": [436951, 9.846635919565005, 216524124814.813], "unrealized_pnl_1": [436951, 11.854002530303413, 1894972712360.4731], "unrealized_pnl_2": [436951, 23712.68124075687, 7808935369810401.0], "unrealized_pnl_3": [436951, 48632.951190297106, 1.3179999949973746e+17], "unrealized_pnl_4": [436951, 165.2480434763724, 5708992220687.961], "unrealized_pnl_5": [436951, 4727.564023871616, 1182292323355737.8], "unrealized_pnl_6": [436951, 66.48603438967585, 4103719002467.9624], "unrealized_pnl_7": [436951, 21.783849057362143, 378430724298.8304], "unrealized_pnl_8": [436951, 36.71666036008783, 620686808992.8303], "unrealized_pnl_9": [436951, 1389.7903371963139, 156449858646289.06], "margin_usage_ratio": [436951, 0.004353300703402273, 35.63937250624231]}, "pcr_min_ew": 0.9996972362539843, "pcr_max_ew": 0.9999999971362833}