{"r_count": 472693.0001, "r_mean": 0.004527745004579738, "r_var": 1342.438605355675, "tanh_k": 2.0, "feature_welford": {"unrealized_pnl": [472695, 53409.48637550567, 7.5552566561941e+16], "realized_pnl": [472695, 40748.47692350618, 1.0453114253654563e+17], "compounded_returns": [472695, 17898.152617862357, 87560707876772.6], "balance": [472695, 32718891.398421153, 2.8390957152840997e+20], "position_value": [472695, 193052.70990725592, 1.4724317791271478e+17], "current_position_size": [472695, 965205.1811295957, 3.6810711623618043e+18], "last_log_ret": [472695, 0.009316798034682154, 1102.2784872516124], "sortino_ratio": [472695, 4.664277182880012, 2266062289.003659], "rolling_pnl_sigma": [472695, 0.0163453124746105, 448.7845060322384], "portfolio_cash_ratio": [472695, 0.8833594785585799, 27780.904298878988], "free_collateral": [472695, 32947338.09161029, 2.8107809680505864e+20], "mm_reqs": [472695, 18069.962644834544, 5370142183379662.0], "unrealized_pnl_0": [472695, 9.721451098575612, 222600455511.04443], "unrealized_pnl_1": [472695, 9.580906741598213, 1909762809208.3687], "unrealized_pnl_2": [472695, 24620.986287660926, 8808034104844464.0], "unrealized_pnl_3": [472695, 50530.718495282985, 1.4940373208548733e+17], "unrealized_pnl_4": [472695, 175.3926456206224, 6097500841713.235], "unrealized_pnl_5": [472695, 5081.437915338644, 1402306654349345.8], "unrealized_pnl_6": [472695, 55.228584811442396, 4026808070786.865], "unrealized_pnl_7": [472695, 22.622113949234112, 430549648580.0141], "unrealized_pnl_8": [472695, 36.58355734490293, 586925726473.334], "unrealized_pnl_9": [472695, 1422.4861634220308, 170533322368787.06], "margin_usage_ratio": [472695, 0.004263235660683881, 37.6704151157325]}, "pcr_min_ew": 0.998915253600418, "pcr_max_ew": 0.9999999968258565}