{"r_count": 319664.0001, "r_mean": 0.003993010775154274, "r_var": 1172.0966505183121, "tanh_k": 2.0, "feature_welford": {"unrealized_pnl": [319666, 41661.445642750994, 3.671229715937467e+16], "realized_pnl": [319666, 35332.55127379724, 5.479575331152803e+16], "compounded_returns": [319666, 15312.050351011456, 48568827772347.79], "balance": [319666, 28411944.820620146, 1.5652862371253132e+20], "position_value": [319666, 174107.85483824825, 8.254750640782379e+16], "current_position_size": [319666, 870468.6503489063, 2.0636724743916393e+18], "last_log_ret": [319666, 0.009055265026807308, 936.7490629762476], "sortino_ratio": [319666, 4.452767931772657, 1459266847.5280461], "rolling_pnl_sigma": [319666, 0.018543209573893733, 381.38408837678946], "portfolio_cash_ratio": [319666, 0.8681084477539331, 21617.37892724817], "free_collateral": [319666, 28611902.00985648, 1.551269368451436e+20], "mm_reqs": [319666, 15863.407165730783, 2793316252590077.5], "unrealized_pnl_0": [319666, 12.444557121483218, 200958357014.42926], "unrealized_pnl_1": [319666, 8.915159101796675, 2098216731462.7395], "unrealized_pnl_2": [319666, 19141.8018917396, 4004538318496432.0], "unrealized_pnl_3": [319666, 41447.66033617226, 7.66007758851306e+16], "unrealized_pnl_4": [319666, 146.07728715235498, 3965690510636.039], "unrealized_pnl_5": [319666, 3872.5787213735753, 765343238793740.6], "unrealized_pnl_6": [319666, 55.186653401500394, 3173608195056.8774], "unrealized_pnl_7": [319666, 19.14488716900196, 307209209065.5694], "unrealized_pnl_8": [319666, 35.7360025920309, 485383627084.63025], "unrealized_pnl_9": [319666, 1236.2933852601475, 100510157475674.14], "margin_usage_ratio": [319666, 0.004781509901732691, 28.990086336409668]}, "pcr_min_ew": 0.996685311852019, "pcr_max_ew": 0.9999999970299095}