{"r_count": 426896.0001, "r_mean": 0.004348115203272376, "r_var": 1291.3635490746058, "tanh_k": 2.0, "feature_welford": {"unrealized_pnl": [426898, 49066.222495535505, 5.9569907231996584e+16], "realized_pnl": [426898, 38671.3661858774, 8.42420429387143e+16], "compounded_returns": [426898, 16979.409007288457, 72365034243960.06], "balance": [426898, 31114475.816215076, 2.3386056389741717e+20], "position_value": [426898, 187043.68960130875, 1.239344365475362e+17], "current_position_size": [426898, 935160.3740148162, 3.0983514068109317e+18], "last_log_ret": [426898, 0.009242602664953258, 1052.1669586805724], "sortino_ratio": [426898, 4.723358403487654, 7107004395.210421], "rolling_pnl_sigma": [426898, 0.01685201214532075, 429.4782942910865], "portfolio_cash_ratio": [426898, 0.8798436251710461, 25988.948712163965], "free_collateral": [426898, 31333478.74819054, 2.3153581358898702e+20], "mm_reqs": [426898, 17145.646910096442, 4299004345574178.0], "unrealized_pnl_0": [426898, 12.22118215211646, 283682197429.6893], "unrealized_pnl_1": [426898, 8.139541710954274, 1773829924519.9785], "unrealized_pnl_2": [426898, 22991.263661684887, 7026072222587107.0], "unrealized_pnl_3": [426898, 46957.288501296294, 1.220589800273184e+17], "unrealized_pnl_4": [426898, 155.07600728761363, 5204480496186.858], "unrealized_pnl_5": [426898, 4663.598951407192, 1169601582252336.2], "unrealized_pnl_6": [426898, 57.48104731007129, 4122379864575.3477], "unrealized_pnl_7": [426898, 23.531525344266004, 355132166061.219], "unrealized_pnl_8": [426898, 36.26273114831759, 535002137193.426], "unrealized_pnl_9": [426898, 1442.9766706613154, 153097421370421.16], "margin_usage_ratio": [426898, 0.004379571408550452, 35.08215232298474]}, "pcr_min_ew": 0.9996886426143735, "pcr_max_ew": 0.9999999935754671}