{"r_count": 506203.0001, "r_mean": 0.004595567002043, "r_var": 1380.0775547121787, "tanh_k": 2.0, "feature_welford": {"unrealized_pnl": [506205, 54492.73164384515, 8.206240543364886e+16], "realized_pnl": [506205, 41404.80312068501, 1.1537529063482638e+17], "compounded_returns": [506205, 18195.484830205645, 95019704340422.66], "balance": [506205, 33223434.395300638, 3.0945275264943594e+20], "position_value": [506205, 196343.93951142294, 1.6223194250630115e+17], "current_position_size": [506205, 981661.5929521215, 4.055789245338488e+18], "last_log_ret": [506205, 0.00935012518902247, 1138.8745663771817], "sortino_ratio": [506205, 5.022407168821948, 13747740511.492512], "rolling_pnl_sigma": [506205, 0.016017768716949893, 462.7914882817585], "portfolio_cash_ratio": [506205, 0.8855963021776979, 29131.692810605466], "free_collateral": [506205, 33455932.09896959, 3.062955378656899e+20], "mm_reqs": [506205, 18398.542404845848, 5963556002450088.0], "unrealized_pnl_0": [506205, 9.534198929589296, 243585373329.69443], "unrealized_pnl_1": [506205, 5.745690846819152, 1848876421529.426], "unrealized_pnl_2": [506205, 25734.55091892665, 9892845228386362.0], "unrealized_pnl_3": [506205, 51304.880068906525, 1.6487270116360125e+17], "unrealized_pnl_4": [506205, 167.1201961091327, 6050820689313.162], "unrealized_pnl_5": [506205, 5236.432926977557, 1481006825173599.0], "unrealized_pnl_6": [506205, 58.74436297037049, 4276208178897.274], "unrealized_pnl_7": [506205, 21.24571436543411, 438766892325.6997], "unrealized_pnl_8": [506205, 37.88996537779375, 569134831833.0508], "unrealized_pnl_9": [506205, 1365.668635962229, 185604736068481.7], "margin_usage_ratio": [506205, 0.004183359659239926, 39.54539896062122]}, "pcr_min_ew": 0.9954400109533236, "pcr_max_ew": 0.9999999993013456}