{"r_count": 468225.0001, "r_mean": 0.004489667070240209, "r_var": 1337.9636543072215, "tanh_k": 2.0, "feature_welford": {"unrealized_pnl": [468227, 52460.05833784235, 7.265244255203256e+16], "realized_pnl": [468227, 40422.95201356477, 1.022592470838826e+17], "compounded_returns": [468227, 17729.120667156716, 85152667843486.92], "balance": [468227, 32432895.270489633, 2.7666738803612084e+20], "position_value": [468227, 192376.86776872326, 1.451090867402278e+17], "current_position_size": [468227, 961821.8661132685, 3.6277163995985126e+18], "last_log_ret": [468227, 0.00930657450596558, 1097.7421524677459], "sortino_ratio": [468227, 5.033582505269874, 13569696404.23918], "rolling_pnl_sigma": [468227, 0.016381384034593462, 447.16019915409646], "portfolio_cash_ratio": [468227, 0.8831124780323498, 27609.531719436392], "free_collateral": [468227, 32659794.99031978, 2.739023354830932e+20], "mm_reqs": [468227, 17997.076866679392, 5310528272361831.0], "unrealized_pnl_0": [468227, 10.168041219512107, 235405325457.9594], "unrealized_pnl_1": [468227, 6.7723047233607945, 1813484384033.9553], "unrealized_pnl_2": [468227, 24668.325560918875, 8648584060327482.0], "unrealized_pnl_3": [468227, 49774.63919484172, 1.46258290244035e+17], "unrealized_pnl_4": [468227, 165.7625942347636, 5815163753313.613], "unrealized_pnl_5": [468227, 4893.489562533468, 1296300213896775.0], "unrealized_pnl_6": [468227, 57.950460465472766, 4167757091947.251], "unrealized_pnl_7": [468227, 20.98849016399493, 427807505522.7308], "unrealized_pnl_8": [468227, 37.0314684830246, 543092984741.94214], "unrealized_pnl_9": [468227, 1395.5649456187716, 173196146501306.44], "margin_usage_ratio": [468227, 0.004268594325517355, 37.37960091947142]}, "pcr_min_ew": 0.9947017273295813, "pcr_max_ew": 0.9999999988571414}