{"r_count": 354291.0001, "r_mean": 0.00414244488625462, "r_var": 1210.5629425608365, "tanh_k": 2.0, "feature_welford": {"unrealized_pnl": [354293, 44639.60405961976, 4.490781977669245e+16], "realized_pnl": [354293, 36729.23449523535, 6.526712987301698e+16], "compounded_returns": [354293, 16018.766959510633, 57113383388593.93], "balance": [354293, 29565804.332217686, 1.8408463701348208e+20], "position_value": [354293, 178631.98001066997, 9.60098683913853e+16], "current_position_size": [354293, 893083.6361177638, 2.400232571936446e+18], "last_log_ret": [354293, 0.009130923233125716, 973.9516397767942], "sortino_ratio": [354293, 4.413832084782948, 1510950779.8740351], "rolling_pnl_sigma": [354293, 0.01790207883999147, 397.60563656748405], "portfolio_cash_ratio": [354293, 0.8725306556013394, 23079.700754397752], "free_collateral": [354293, 29772690.619670644, 1.82395252366602e+20], "mm_reqs": [354293, 16444.260279622606, 3350338619660598.0], "unrealized_pnl_0": [354293, 11.492636781580718, 207671881119.2837], "unrealized_pnl_1": [354293, 10.600801378781995, 1696302930985.6455], "unrealized_pnl_2": [354293, 20577.005931763557, 4935885872649371.0], "unrealized_pnl_3": [354293, 43925.99686514445, 9.272599867615154e+16], "unrealized_pnl_4": [354293, 148.0200869478407, 4347426917802.0884], "unrealized_pnl_5": [354293, 4118.339460256684, 882736991372213.1], "unrealized_pnl_6": [354293, 57.28050204430228, 3331920053844.52], "unrealized_pnl_7": [354293, 20.352869946120173, 342296223756.42444], "unrealized_pnl_8": [354293, 36.2957605414633, 495228736612.78046], "unrealized_pnl_9": [354293, 1277.4827519335333, 114321385103342.75], "margin_usage_ratio": [354293, 0.0046327675209163095, 31.055956552240367]}, "pcr_min_ew": 0.9994284492131261, "pcr_max_ew": 0.9999999998041761}