{"r_count": 481629.0001, "r_mean": 0.00454322637279111, "r_var": 1351.6735946834012, "tanh_k": 2.0, "feature_welford": {"unrealized_pnl": [481631, 53231.786543721704, 7.566359657058491e+16], "realized_pnl": [481631, 40659.75991835371, 1.0469021436438458e+17], "compounded_returns": [481631, 17892.93143143593, 88535481776220.92], "balance": [481631, 32672416.115625728, 2.869542896138538e+20], "position_value": [481631, 193777.6371718477, 1.503165385543138e+17], "current_position_size": [481631, 968822.7174746232, 3.7579011578455e+18], "last_log_ret": [481631, 0.009321520817589876, 1111.2533021085542], "sortino_ratio": [481631, 5.251539949002153, 14819440472.864376], "rolling_pnl_sigma": [481631, 0.016253881590577387, 452.29895805075654], "portfolio_cash_ratio": [481631, 0.8840098760119194, 28150.115049222215], "free_collateral": [481631, 32901402.984881014, 2.840815272920024e+20], "mm_reqs": [481631, 18080.43465863303, 5440439703623621.0], "unrealized_pnl_0": [481631, 9.94412184103003, 244825984825.88403], "unrealized_pnl_1": [481631, 10.441478418816697, 1810379799711.5605], "unrealized_pnl_2": [481631, 24808.202117295954, 8982116733576994.0], "unrealized_pnl_3": [481631, 50294.39722168733, 1.5064304559154182e+17], "unrealized_pnl_4": [481631, 178.96672797526836, 5682638031269.096], "unrealized_pnl_5": [481631, 5185.103566962375, 1432027728268888.0], "unrealized_pnl_6": [481631, 55.49313145470589, 4503383476367.101], "unrealized_pnl_7": [481631, 22.76992716329124, 408698038689.8863], "unrealized_pnl_8": [481631, 37.072855279137535, 584612339778.5063], "unrealized_pnl_9": [481631, 1422.7180060887754, 171222735778118.88], "margin_usage_ratio": [481631, 0.004240756250820416, 38.19951213494162]}, "pcr_min_ew": 0.9909165610369968, "pcr_max_ew": 0.9999091656103076}