{"r_count": 434715.0001, "r_mean": 0.004390250312252738, "r_var": 1300.4970077867908, "tanh_k": 2.0, "feature_welford": {"unrealized_pnl": [434717, 50443.39421840074, 6.415823329934006e+16], "realized_pnl": [434717, 39430.31523662601, 9.073870608670403e+16], "compounded_returns": [434717, 17255.336904229705, 76366651681494.23], "balance": [434717, 31622461.094968084, 2.4741197624239512e+20], "position_value": [434717, 188683.25334889005, 1.29852367264216e+17], "current_position_size": [434717, 943349.1571625146, 3.2462971913637396e+18], "last_log_ret": [434717, 0.00926157810663457, 1061.2057112779971], "sortino_ratio": [434717, 4.875760782830472, 8754022140.153406], "rolling_pnl_sigma": [434717, 0.016751912642523133, 432.92762706409695], "portfolio_cash_ratio": [434717, 0.880523064611659, 26285.888287848058], "free_collateral": [434717, 31844072.58855753, 2.449889680576984e+20], "mm_reqs": [434717, 17571.229144113757, 4682243843110871.0], "unrealized_pnl_0": [434717, 10.839612354909532, 233784041372.138], "unrealized_pnl_1": [434717, 6.882750625893355, 1764151154584.8303], "unrealized_pnl_2": [434717, 23648.229485893593, 7583422752547994.0], "unrealized_pnl_3": [434717, 48177.108610826464, 1.2929317555800544e+17], "unrealized_pnl_4": [434717, 162.1130340825655, 5542701802980.212], "unrealized_pnl_5": [434717, 4680.5992673090905, 1183809186049188.5], "unrealized_pnl_6": [434717, 57.34081742063502, 4037841541555.014], "unrealized_pnl_7": [434717, 21.51251482538822, 377130779773.183], "unrealized_pnl_8": [434717, 36.67916390081975, 523554424708.5367], "unrealized_pnl_9": [434717, 1370.5267359465042, 154275999733172.8], "margin_usage_ratio": [434717, 0.004357222640710063, 35.49082902081925]}, "pcr_min_ew": 0.9961624340728388, "pcr_max_ew": 0.999999998470526}