{"r_count": 500618.0001, "r_mean": 0.004598664827174418, "r_var": 1373.2678602575766, "tanh_k": 2.0, "feature_welford": {"unrealized_pnl": [500620, 54865.16905680338, 8.263891262825837e+16], "realized_pnl": [500620, 41364.21106173705, 1.1277504315497014e+17], "compounded_returns": [500620, 18207.568816664414, 94298853580048.97], "balance": [500620, 33233941.786459107, 3.061403169426287e+20], "position_value": [500620, 195723.58523890152, 1.5910936691280192e+17], "current_position_size": [500620, 978562.8116464006, 3.977726626299885e+18], "last_log_ret": [500620, 0.009347386071999876, 1132.3834585835248], "sortino_ratio": [500620, 4.922295130153442, 2869181687.5099134], "rolling_pnl_sigma": [500620, 0.01607316975314205, 460.236219052626], "portfolio_cash_ratio": [500620, 0.8851994071069309, 28898.38299600505], "free_collateral": [500620, 33466273.10325696, 3.0302521405091545e+20], "mm_reqs": [500620, 18310.692115210233, 5789441646086836.0], "unrealized_pnl_0": [500620, 9.277135507591593, 223753797040.59482], "unrealized_pnl_1": [500620, 10.417913849258651, 2050752809716.912], "unrealized_pnl_2": [500620, 25303.992555075347, 9613266885635130.0], "unrealized_pnl_3": [500620, 51708.161499847294, 1.626796530560427e+17], "unrealized_pnl_4": [500620, 176.84162435103892, 6290854593074.535], "unrealized_pnl_5": [500620, 5309.945583505177, 1537750359687976.2], "unrealized_pnl_6": [500620, 56.26722648003427, 4177280353812.4917], "unrealized_pnl_7": [500620, 22.353878071079265, 446948885935.147], "unrealized_pnl_8": [500620, 37.14122083235555, 601401039929.9314], "unrealized_pnl_9": [500620, 1429.5142999087464, 183325264386714.62], "margin_usage_ratio": [500620, 0.004199558154996748, 39.216630351411176]}, "pcr_min_ew": 0.9983210960513654, "pcr_max_ew": 0.999999989182711}