{"r_count": 502852.0001, "r_mean": 0.004596641050365226, "r_var": 1375.7766241395814, "tanh_k": 2.0, "feature_welford": {"unrealized_pnl": [502854, 54048.49209493848, 8.01155613422695e+16], "realized_pnl": [502854, 41434.673157921, 1.1330711671605086e+17], "compounded_returns": [502854, 18135.948847002317, 93985620692559.73], "balance": [502854, 33107287.665183976, 3.05939887577306e+20], "position_value": [502854, 195507.85710526686, 1.593431743397749e+17], "current_position_size": [502854, 977481.1719966924, 3.9835645688832763e+18], "last_log_ret": [502854, 0.009344803139411868, 1134.781795926467], "sortino_ratio": [502854, 5.8153515019789195, 24097448562.36629], "rolling_pnl_sigma": [502854, 0.016047149844740403, 461.352097544212], "portfolio_cash_ratio": [502854, 0.8853797782182672, 29013.40728000544], "free_collateral": [502854, 33338647.240121607, 3.0284484041459486e+20], "mm_reqs": [502854, 18245.412672519407, 5809428334668691.0], "unrealized_pnl_0": [502854, 8.859059553489631, 282955925007.72144], "unrealized_pnl_1": [502854, 7.758880716386216, 2052470826163.4412], "unrealized_pnl_2": [502854, 25493.21495985071, 9865300647355820.0], "unrealized_pnl_3": [502854, 50871.18981796453, 1.6138008948488003e+17], "unrealized_pnl_4": [502854, 173.52199845969403, 6100257377756.86], "unrealized_pnl_5": [502854, 5246.9273371818745, 1517541636900566.0], "unrealized_pnl_6": [502854, 66.51385493423612, 4974124458759.452], "unrealized_pnl_7": [502854, 22.572323551334268, 435220573148.85913], "unrealized_pnl_8": [502854, 35.26885802938577, 704903076615.6976], "unrealized_pnl_9": [502854, 1415.0009976283643, 193704064117985.75], "margin_usage_ratio": [502854, 0.004190165351496486, 39.345226380931386]}, "pcr_min_ew": 0.9982483490379414, "pcr_max_ew": 0.9999999940897092}