{"r_count": 467108.0001, "r_mean": 0.004500092827227314, "r_var": 1335.788173632672, "tanh_k": 2.0, "feature_welford": {"unrealized_pnl": [467110, 52366.17319584214, 7.1891588423849224e+16], "realized_pnl": [467110, 40422.82089880098, 9.97410833859914e+16], "compounded_returns": [467110, 17715.537254881317, 84974397165961.1], "balance": [467110, 32382900.88026048, 2.7543603937682093e+20], "position_value": [467110, 192241.4355486546, 1.4350613934468318e+17], "current_position_size": [467110, 961142.9487636571, 3.5876431049874186e+18], "last_log_ret": [467110, 0.009304260867033964, 1095.7604306678056], "sortino_ratio": [467110, 6.338591743684232, 488549303705.98883], "rolling_pnl_sigma": [467110, 0.016402121970019463, 446.33559040348655], "portfolio_cash_ratio": [467110, 0.8829647338339084, 27602.128195978894], "free_collateral": [467110, 32609583.68973829, 2.7270353542090686e+20], "mm_reqs": [467110, 17985.562709684007, 5263801387178382.0], "unrealized_pnl_0": [467110, 8.875059213957963, 222506962995.0725], "unrealized_pnl_1": [467110, 6.389165867406713, 2369271085438.359], "unrealized_pnl_2": [467110, 24616.75690806434, 8653360856848888.0], "unrealized_pnl_3": [467110, 49326.88279792171, 1.4052899606862992e+17], "unrealized_pnl_4": [467110, 172.20051724708316, 5514430543301.412], "unrealized_pnl_5": [467110, 4877.291608922506, 1295257148831636.5], "unrealized_pnl_6": [467110, 55.62687050618015, 3972660229492.848], "unrealized_pnl_7": [467110, 22.07671790161188, 474642896329.7156], "unrealized_pnl_8": [467110, 37.669668894939534, 564395995809.0109], "unrealized_pnl_9": [467110, 1350.740999824041, 159050511015732.4], "margin_usage_ratio": [467110, 0.00427369260115671, 37.327669517556664]}, "pcr_min_ew": 0.999739512398881, "pcr_max_ew": 0.9999999999999819}