{"r_count": 533011.0001000001, "r_mean": 0.004683705735147069, "r_var": 1409.6238247679912, "tanh_k": 2.0, "feature_welford": {"unrealized_pnl": [533013, 55666.71172712238, 8.80306197952285e+16], "realized_pnl": [533013, 42169.00511397633, 1.2320012065545096e+17], "compounded_returns": [533013, 18547.278949999818, 102892402355204.98], "balance": [533013, 33838123.94210268, 3.359283524437124e+20], "position_value": [533013, 198974.0107656374, 1.7412898896605754e+17], "current_position_size": [533013, 994813.122861889, 4.353216988464131e+18], "last_log_ret": [533013, 0.009379764139258352, 1168.0552693021336], "sortino_ratio": [533013, 6.212965558245588, 488819732142.793], "rolling_pnl_sigma": [533013, 0.01580523942564867, 473.8955581356469], "portfolio_cash_ratio": [533013, 0.887109118146098, 30248.69672054156], "free_collateral": [533013, 34074184.63150284, 3.3247406745740175e+20], "mm_reqs": [533013, 18639.230266166363, 6454560986342506.0], "unrealized_pnl_0": [533013, 8.017243481079063, 225874447757.04437], "unrealized_pnl_1": [533013, 6.0318360126569255, 2435921952003.5845], "unrealized_pnl_2": [533013, 26388.23591063065, 1.083461537130421e+16], "unrealized_pnl_3": [533013, 52040.705801116026, 1.7494285688777347e+17], "unrealized_pnl_4": [533013, 177.23373710662133, 6444000997101.035], "unrealized_pnl_5": [533013, 5504.499555382735, 1634718066992911.0], "unrealized_pnl_6": [533013, 59.90174671629736, 4570646736479.197], "unrealized_pnl_7": [533013, 22.43096370357647, 506410121436.7522], "unrealized_pnl_8": [533013, 40.48192505670717, 640743715006.5511], "unrealized_pnl_9": [533013, 1344.9683108328834, 184616395905729.97], "margin_usage_ratio": [533013, 0.004132674772336953, 41.11436008241514]}, "pcr_min_ew": 0.9991823410077305, "pcr_max_ew": 0.9999999981449196}