{"r_count": 355408.0001, "r_mean": 0.004146487478256832, "r_var": 1211.8140266837531, "tanh_k": 2.0, "feature_welford": {"unrealized_pnl": [355410, 44780.05479486594, 4.525083185859183e+16], "realized_pnl": [355410, 36797.60052227803, 6.565873997951217e+16], "compounded_returns": [355410, 16048.021547063532, 57489539444887.39], "balance": [355410, 29615632.535979558, 1.8530409099190262e+20], "position_value": [355410, 178780.87515437813, 9.649174855021805e+16], "current_position_size": [355410, 893828.351522345, 2.4122796161448704e+18], "last_log_ret": [355410, 0.00913348264119138, 975.1613143553818], "sortino_ratio": [355410, 4.4231535907370985, 1515535864.4258733], "rolling_pnl_sigma": [355410, 0.017883460326928616, 398.1071796944117], "portfolio_cash_ratio": [355410, 0.8726633685124592, 23126.234233770494], "free_collateral": [355410, 29822786.926440068, 1.8360501803695872e+20], "mm_reqs": [355410, 16465.482499737143, 3368480467680606.5], "unrealized_pnl_0": [355410, 11.465800709032386, 207680460144.2755], "unrealized_pnl_1": [355410, 10.571373956184766, 1696304227773.2783], "unrealized_pnl_2": [355410, 20602.54853651564, 4960084061125983.0], "unrealized_pnl_3": [355410, 44013.93696443008, 9.326351825918973e+16], "unrealized_pnl_4": [355410, 148.67071895257808, 4361595534403.69], "unrealized_pnl_5": [355410, 4153.13954581779, 901571370687417.8], "unrealized_pnl_6": [355410, 57.62187443405163, 3340780924534.9214], "unrealized_pnl_7": [355410, 20.42047765420784, 342642263570.1138], "unrealized_pnl_8": [355410, 36.24780746689518, 496040854695.5024], "unrealized_pnl_9": [355410, 1281.6827387981828, 115042442141895.06], "margin_usage_ratio": [355410, 0.004628206991598576, 31.119512138115976]}, "pcr_min_ew": 0.991981334108097, "pcr_max_ew": 1.000000000000067}