{"r_count": 499501.0001, "r_mean": 0.004564362720999591, "r_var": 1372.007735363951, "tanh_k": 2.0, "feature_welford": {"unrealized_pnl": [499503, 53706.12023032341, 7.790330089623064e+16], "realized_pnl": [499503, 40886.14250866792, 1.0804155929884853e+17], "compounded_returns": [499503, 17978.19953588504, 91128692591599.27], "balance": [499503, 32814053.01888946, 2.960936235223086e+20], "position_value": [499503, 195674.0538310856, 1.5795730405141776e+17], "current_position_size": [499503, 978310.4229873641, 3.948924035664649e+18], "last_log_ret": [499503, 0.009336464482936327, 1130.9364988524544], "sortino_ratio": [499503, 5.1269096128707705, 12253535708.891607], "rolling_pnl_sigma": [499503, 0.016078667101406888, 459.6520010491405], "portfolio_cash_ratio": [499503, 0.8851346401736296, 28868.976389155363], "free_collateral": [499503, 33045233.30142697, 2.9305565139359348e+20], "mm_reqs": [499503, 18245.899454957922, 5698081423266343.0], "unrealized_pnl_0": [499503, 8.176377208368294, 273723945084.63995], "unrealized_pnl_1": [499503, 7.5180559053759275, 1878386411716.3528], "unrealized_pnl_2": [499503, 25396.754776576814, 9737015311802114.0], "unrealized_pnl_3": [499503, 50776.73000154698, 1.5734988910207805e+17], "unrealized_pnl_4": [499503, 172.78253428747774, 5750660296666.909], "unrealized_pnl_5": [499503, 5223.24606020761, 1496861187857117.5], "unrealized_pnl_6": [499503, 63.99096031298219, 4470343870931.639], "unrealized_pnl_7": [499503, 22.798921057136976, 383784753385.9667], "unrealized_pnl_8": [499503, 39.15728895487674, 613878717559.0428], "unrealized_pnl_9": [499503, 1389.5520552065734, 185835131169340.34], "margin_usage_ratio": [499503, 0.004199541554381355, 39.10874609016132]}, "pcr_min_ew": 0.9947655040342692, "pcr_max_ew": 0.9999999965729243}