{"r_count": 394503.0001, "r_mean": 0.004272414472226731, "r_var": 1255.5767220423013, "tanh_k": 2.0, "feature_welford": {"unrealized_pnl": [394505, 47485.66487877004, 5.356078983643238e+16], "realized_pnl": [394505, 38080.19414430483, 7.655860988082522e+16], "compounded_returns": [394505, 16636.644158471394, 66133752142936.65], "balance": [394505, 30581256.922154587, 2.1358443427888166e+20], "position_value": [394505, 183761.83878732705, 1.1201970937020893e+17], "current_position_size": [394505, 918735.2462340485, 2.8004793063335644e+18], "last_log_ret": [394505, 0.00920030729874626, 1017.582733602616], "sortino_ratio": [394505, 4.857944049397077, 8529397479.907617], "rolling_pnl_sigma": [394505, 0.01727721181384706, 415.5769169879692], "portfolio_cash_ratio": [394505, 0.8768969777055732, 24691.750596622478], "free_collateral": [394505, 30795547.363588464, 2.1155237045462342e+20], "mm_reqs": [394505, 17007.567073294627, 3948149815240761.5], "unrealized_pnl_0": [394505, 10.615481328735733, 208282826345.10065], "unrealized_pnl_1": [394505, 9.112080652049492, 1709543662791.6997], "unrealized_pnl_2": [394505, 22145.68118177846, 6167656036927271.0], "unrealized_pnl_3": [394505, 45926.93423457558, 1.0867457747295597e+17], "unrealized_pnl_4": [394505, 155.66394529694242, 4758506356233.682], "unrealized_pnl_5": [394505, 4375.415276188284, 1036224616977777.4], "unrealized_pnl_6": [394505, 59.453800180348715, 3720078934764.046], "unrealized_pnl_7": [394505, 20.560379791017233, 359704529850.21936], "unrealized_pnl_8": [394505, 36.303207711407936, 506468525248.01416], "unrealized_pnl_9": [394505, 1318.0403162976975, 134514533271843.66], "margin_usage_ratio": [394505, 0.004481419885402809, 33.25103628762548]}, "pcr_min_ew": 0.9985327120054845, "pcr_max_ew": 0.9999999991977436}