{"r_count": 428013.0001, "r_mean": 0.004391706431520099, "r_var": 1292.827422149187, "tanh_k": 2.0, "feature_welford": {"unrealized_pnl": [428015, 50511.29055303739, 6.39953792114991e+16], "realized_pnl": [428015, 39422.31487654368, 8.939856623625446e+16], "compounded_returns": [428015, 17282.91879108077, 76059153496839.4], "balance": [428015, 31680061.853742193, 2.4586549836223254e+20], "position_value": [428015, 187752.73187253426, 1.2715431872069934e+17], "current_position_size": [428015, 938705.0856114465, 3.1788480549885957e+18], "last_log_ret": [428015, 0.009257722720572391, 1053.8671215933755], "sortino_ratio": [428015, 4.715278014097625, 2200156876.452648], "rolling_pnl_sigma": [428015, 0.01684016250777056, 430.0067911726643], "portfolio_cash_ratio": [428015, 0.8799015107916551, 26018.11584803491], "free_collateral": [428015, 31900892.077983364, 2.434763143804929e+20], "mm_reqs": [428015, 17484.141292079967, 4593253610730461.0], "unrealized_pnl_0": [428015, 10.314905462898478, 219511531327.88943], "unrealized_pnl_1": [428015, 10.372534083477397, 1884211162280.7021], "unrealized_pnl_2": [428015, 23207.102361988585, 7254236414314898.0], "unrealized_pnl_3": [428015, 48464.74656281456, 1.2814901722478307e+17], "unrealized_pnl_4": [428015, 173.89427399977012, 5691985610142.735], "unrealized_pnl_5": [428015, 4704.376165429407, 1187919235845192.2], "unrealized_pnl_6": [428015, 51.711938097916125, 3671914957570.4546], "unrealized_pnl_7": [428015, 22.149446021211656, 405452393164.36993], "unrealized_pnl_8": [428015, 36.25222438943805, 567295145606.3898], "unrealized_pnl_9": [428015, 1411.9993770029582, 151548078782370.16], "margin_usage_ratio": [428015, 0.004381777153900778, 35.19268086817065]}, "pcr_min_ew": 0.9996381825910962, "pcr_max_ew": 0.9999999935426678}