{"r_count": 304026.0001, "r_mean": 0.0039220232208070135, "r_var": 1155.1472673000585, "tanh_k": 2.0, "feature_welford": {"unrealized_pnl": [304028, 40494.29830722681, 3.3938737801247464e+16], "realized_pnl": [304028, 34694.60997830065, 5.087897115443934e+16], "compounded_returns": [304028, 14980.538557520262, 44950772626236.54], "balance": [304028, 27906913.699210778, 1.4546150452047959e+20], "position_value": [304028, 172080.86571395982, 7.716753858204229e+16], "current_position_size": [304028, 860330.2901355799, 1.9291727113537572e+18], "last_log_ret": [304028, 0.009017673771240698, 920.4694880485611], "sortino_ratio": [304028, 4.284761045711912, 937051773.2996204], "rolling_pnl_sigma": [304028, 0.018863201708218015, 373.89847552554744], "portfolio_cash_ratio": [304028, 0.8659782259586606, 20915.285926954628], "free_collateral": [304028, 28103916.050678752, 1.4417754015228743e+20], "mm_reqs": [304028, 15616.44666933123, 2593570860228464.0], "unrealized_pnl_0": [304028, 12.892542026208934, 198809736525.88568], "unrealized_pnl_1": [304028, 12.972935220728514, 1575348173556.1172], "unrealized_pnl_2": [304028, 18574.148573892693, 3639522919483901.0], "unrealized_pnl_3": [304028, 40476.43392343926, 7.124400767364703e+16], "unrealized_pnl_4": [304028, 141.85568882967075, 3828098045773.579], "unrealized_pnl_5": [304028, 3821.7093772391077, 733533569190413.5], "unrealized_pnl_6": [304028, 55.40565007884189, 3083850852378.4644], "unrealized_pnl_7": [304028, 18.767568252456858, 300524812760.5265], "unrealized_pnl_8": [304028, 34.84915128430352, 473856208904.4311], "unrealized_pnl_9": [304028, 1222.0977403973425, 95078336827318.56], "margin_usage_ratio": [304028, 0.0048549424558807334, 28.04755580987764]}, "pcr_min_ew": 0.9881465323294519, "pcr_max_ew": 0.9999999999999913}