{"r_count": 490565.0001, "r_mean": 0.004574391219207659, "r_var": 1362.1647073319275, "tanh_k": 2.0, "feature_welford": {"unrealized_pnl": [490567, 54357.99028077937, 8.008159494463976e+16], "realized_pnl": [490567, 41132.11360861725, 1.0980456289156554e+17], "compounded_returns": [490567, 18102.11534244517, 91899994033108.61], "balance": [490567, 33057823.650909647, 2.98174190035893e+20], "position_value": [490567, 194845.74965190777, 1.549242801010357e+17], "current_position_size": [490567, 974172.5050474424, 3.8730992130243113e+18], "last_log_ret": [490567, 0.009336864328174007, 1121.5432264487436], "sortino_ratio": [490567, 4.922347357036911, 2822091289.9682465], "rolling_pnl_sigma": [490567, 0.016167487644361524, 456.1366165763834], "portfolio_cash_ratio": [490567, 0.884554550367839, 28502.338369352397], "free_collateral": [490567, 33288847.88524264, 2.951614192654391e+20], "mm_reqs": [490567, 18233.487283534956, 5639803466498536.0], "unrealized_pnl_0": [490567, 9.425146062722085, 223713593107.47717], "unrealized_pnl_1": [490567, 10.712506663072446, 2044984388517.8594], "unrealized_pnl_2": [490567, 25019.807183417965, 9297919350795458.0], "unrealized_pnl_3": [490567, 51327.374830025816, 1.5805237312749926e+17], "unrealized_pnl_4": [490567, 176.67486659130205, 6243377577328.15], "unrealized_pnl_5": [490567, 5252.660924292422, 1488848621106621.5], "unrealized_pnl_6": [490567, 55.98499360518173, 4166982298029.992], "unrealized_pnl_7": [490567, 22.31843279551768, 443661071854.6824], "unrealized_pnl_8": [490567, 36.926272266734344, 596179930331.53], "unrealized_pnl_9": [490567, 1432.326141870456, 178278262006059.88], "margin_usage_ratio": [490567, 0.004222107208322327, 38.668593011473895]}, "pcr_min_ew": 0.9988538230864453, "pcr_max_ew": 1.0000000000000755}