{"r_count": 376631.0001, "r_mean": 0.004219479230866308, "r_var": 1235.7950115971546, "tanh_k": 2.0, "feature_welford": {"unrealized_pnl": [376633, 46202.624866149745, 4.961123858325593e+16], "realized_pnl": [376633, 37543.249057394, 7.165442073520738e+16], "compounded_returns": [376633, 16382.49278263128, 62290962890891.12], "balance": [376633, 30174481.075232115, 2.0117245035780237e+20], "position_value": [376633, 181547.10632594785, 1.0478785207765285e+17], "current_position_size": [376633, 907658.0753273317, 2.619682227567103e+18], "last_log_ret": [376633, 0.009171661338478793, 998.4164271663873], "sortino_ratio": [376633, 4.379052565776023, 1552798410.1764915], "rolling_pnl_sigma": [376633, 0.017546367174930248, 407.86412705842974], "portfolio_cash_ratio": [376633, 0.8750283369137226, 23987.81788337709], "free_collateral": [376633, 30385502.80154511, 1.9929296405799666e+20], "mm_reqs": [376633, 16779.27826275511, 3685221521721586.0], "unrealized_pnl_0": [376633, 10.908114071872031, 207805476159.01044], "unrealized_pnl_1": [376633, 9.740811751329238, 1704822317326.8535], "unrealized_pnl_2": [376633, 21401.874793753308, 5581439765247052.0], "unrealized_pnl_3": [376633, 44921.7191582142, 1.009892455090591e+17], "unrealized_pnl_4": [376633, 154.07390683771138, 4624517964799.464], "unrealized_pnl_5": [376633, 4256.299809932103, 970047984812081.9], "unrealized_pnl_6": [376633, 60.99439737922112, 3595139515942.781], "unrealized_pnl_7": [376633, 20.939974536377814, 350799204313.498], "unrealized_pnl_8": [376633, 36.10458932268757, 501405006498.9685], "unrealized_pnl_9": [376633, 1305.5089243208135, 125177279526447.2], "margin_usage_ratio": [376633, 0.004547098795148265, 32.30466831800761]}, "pcr_min_ew": 0.9950649851243462, "pcr_max_ew": 1.000000000000054}