{"r_count": 543064.0001000001, "r_mean": 0.004678796242789365, "r_var": 1420.0899843170976, "tanh_k": 2.0, "feature_welford": {"unrealized_pnl": [543066, 56169.25773268588, 8.990987112577122e+16], "realized_pnl": [543066, 41983.88849614108, 1.240375710288381e+17], "compounded_returns": [543066, 18539.709578199792, 103375622371948.77], "balance": [543066, 33775422.00212987, 3.368235578502851e+20], "position_value": [543066, 199520.6740837017, 1.7817640291768973e+17], "current_position_size": [543066, 997546.1725766099, 4.4543981714483374e+18], "last_log_ret": [543066, 0.009384087561369303, 1177.9383962871934], "sortino_ratio": [543066, 6.483080917672742, 216937348185.46826], "rolling_pnl_sigma": [543066, 0.015703949695734062, 477.64557958514087], "portfolio_cash_ratio": [543066, 0.8877136059763885, 30623.21902209578], "free_collateral": [543066, 34012528.363428004, 3.332868090778846e+20], "mm_reqs": [543066, 18637.638785842526, 6495779719966853.0], "unrealized_pnl_0": [543066, 8.668805547265904, 261355481820.63284], "unrealized_pnl_1": [543066, 8.914002320481758, 2124695099603.269], "unrealized_pnl_2": [543066, 26601.57007741431, 1.1287392042205546e+16], "unrealized_pnl_3": [543066, 52277.178527807475, 1.799271359278951e+17], "unrealized_pnl_4": [543066, 173.85427574831658, 6772798656027.287], "unrealized_pnl_5": [543066, 5689.415584656069, 1740149666935424.5], "unrealized_pnl_6": [543066, 67.49041268586056, 4574696971858.317], "unrealized_pnl_7": [543066, 21.620481536720057, 436386466161.4902], "unrealized_pnl_8": [543066, 37.94810209918247, 692562562413.1882], "unrealized_pnl_9": [543066, 1392.3903331629936, 209674542103233.97], "margin_usage_ratio": [543066, 0.004108925233614284, 41.55942723740085]}, "pcr_min_ew": 0.9890757230201959, "pcr_max_ew": 0.9999999936641008}