{"r_count": 375514.0001, "r_mean": 0.004215796804224008, "r_var": 1234.0519882292892, "tanh_k": 2.0, "feature_welford": {"unrealized_pnl": [375516, 45967.600589110734, 4.835317677665911e+16], "realized_pnl": [375516, 37397.825471184806, 6.964435095663756e+16], "compounded_returns": [375516, 16316.39292132965, 61453288943959.24], "balance": [375516, 30039006.370444287, 1.981709944963216e+20], "position_value": [375516, 181516.53044657223, 1.0384813334470614e+17], "current_position_size": [375516, 907512.9351183854, 2.5961890823058944e+18], "last_log_ret": [375516, 0.009167177693258586, 996.7747452077848], "sortino_ratio": [375516, 4.578055087286075, 1922911642.8379986], "rolling_pnl_sigma": [375516, 0.017558736616624018, 407.04094113136364], "portfolio_cash_ratio": [375516, 0.8748865223780247, 23949.177743101536], "free_collateral": [375516, 30249834.095330074, 1.9631378486984088e+20], "mm_reqs": [375516, 16705.13955303009, 3617953608737368.0], "unrealized_pnl_0": [375516, 10.46170317423126, 212634749327.26047], "unrealized_pnl_1": [375516, 8.164645065657735, 2209102934741.6562], "unrealized_pnl_2": [375516, 21471.821014516787, 5642833495889817.0], "unrealized_pnl_3": [375516, 44510.34345277942, 9.768712839827912e+16], "unrealized_pnl_4": [375516, 158.63598144286075, 4576534643770.4375], "unrealized_pnl_5": [375516, 4208.268046307647, 947656448890660.5], "unrealized_pnl_6": [375516, 53.34650893076229, 3527455668889.3687], "unrealized_pnl_7": [375516, 20.203381699058564, 337253793469.6958], "unrealized_pnl_8": [375516, 36.2330050917787, 512632333955.6065], "unrealized_pnl_9": [375516, 1292.2782885167132, 120357195898108.97], "margin_usage_ratio": [375516, 0.004551441804203225, 32.22052100698185]}, "pcr_min_ew": 0.9990413400957785, "pcr_max_ew": 0.9999999972918563}