{"r_count": 356525.0001, "r_mean": 0.004151930453693373, "r_var": 1213.0443448644098, "tanh_k": 2.0, "feature_welford": {"unrealized_pnl": [356527, 44912.90638302144, 4.556544512920919e+16], "realized_pnl": [356527, 36878.52593747841, 6.605396940170187e+16], "compounded_returns": [356527, 16081.36897350694, 57926013958551.66], "balance": [356527, 29672102.890382674, 1.866979420954082e+20], "position_value": [356527, 178930.60262877366, 9.699793078451266e+16], "current_position_size": [356527, 894577.2270629007, 2.4249342124746414e+18], "last_log_ret": [356527, 0.00913617322438746, 976.3582794864673], "sortino_ratio": [356527, 4.424143940862136, 1516313967.7064688], "rolling_pnl_sigma": [356527, 0.01786412721597822, 398.6125196194768], "portfolio_cash_ratio": [356527, 0.8727994365213229, 23172.12445002015], "free_collateral": [356527, 29879514.497629855, 1.849878147319712e+20], "mm_reqs": [356527, 16490.75245702099, 3393117165248128.0], "unrealized_pnl_0": [356527, 11.431914419948127, 207688603324.09354], "unrealized_pnl_1": [356527, 10.608766251337395, 1696889590296.378], "unrealized_pnl_2": [356527, 20671.542314214734, 5016239250308889.0], "unrealized_pnl_3": [356527, 44140.38511246857, 9.38569863550863e+16], "unrealized_pnl_4": [356527, 149.08959893785592, 4369655807764.1704], "unrealized_pnl_5": [356527, 4156.415800112081, 903709478131916.5], "unrealized_pnl_6": [356527, 57.407670194729754, 3344625515418.3647], "unrealized_pnl_7": [356527, 20.48718230150695, 343073649293.7708], "unrealized_pnl_8": [356527, 36.15742272538416, 496169089184.1296], "unrealized_pnl_9": [356527, 1282.3431970983227, 115309360106746.16], "margin_usage_ratio": [356527, 0.0046236361615817675, 31.186764081096584]}, "pcr_min_ew": 0.9986144076090923, "pcr_max_ew": 0.9999999929274924}