{"r_count": 359876.0001, "r_mean": 0.004173449047712364, "r_var": 1216.7534473908609, "tanh_k": 2.0, "feature_welford": {"unrealized_pnl": [359878, 45310.82498683448, 4.693572893065503e+16], "realized_pnl": [359878, 37128.085531928424, 6.847227611420036e+16], "compounded_returns": [359878, 16199.790973858631, 59398229267026.3], "balance": [359878, 29874619.4747878, 1.912062759105453e+20], "position_value": [359878, 179361.07769432047, 9.851108314962992e+16], "current_position_size": [359878, 896741.5579578445, 2.462763581028798e+18], "last_log_ret": [359878, 0.009145111934489589, 980.0262008063555], "sortino_ratio": [359878, 4.736109516036924, 1930285605.484587], "rolling_pnl_sigma": [359878, 0.017805867067867177, 400.1226362800955], "portfolio_cash_ratio": [359878, 0.8731518208312521, 23303.60621137497], "free_collateral": [359878, 30082830.27206938, 1.894463462395253e+20], "mm_reqs": [359878, 16518.57178497583, 3466729165290406.0], "unrealized_pnl_0": [359878, 11.644228380285798, 205091259380.51648], "unrealized_pnl_1": [359878, 12.722476057562938, 1713801765942.737], "unrealized_pnl_2": [359878, 20879.46415032998, 5194714945507773.0], "unrealized_pnl_3": [359878, 44539.48767444992, 9.682381981654926e+16], "unrealized_pnl_4": [359878, 154.74455840160414, 4691516758027.333], "unrealized_pnl_5": [359878, 4124.415145759179, 877015551538092.2], "unrealized_pnl_6": [359878, 53.49262590235135, 3380873181812.3794], "unrealized_pnl_7": [359878, 20.70540435976044, 334912216365.3813], "unrealized_pnl_8": [359878, 35.661066797956195, 496514470232.45953], "unrealized_pnl_9": [359878, 1295.5247829322916, 116735747991216.55], "margin_usage_ratio": [359878, 0.004613488383999905, 31.41859087212535]}, "pcr_min_ew": 0.9988304067333185, "pcr_max_ew": 0.9999999997917146}