{"r_count": 459289.0001, "r_mean": 0.0044628061935865874, "r_var": 1327.9615282484788, "tanh_k": 2.0, "feature_welford": {"unrealized_pnl": [459291, 51974.197087834735, 7.0247050587136856e+16], "realized_pnl": [459291, 40125.029445333494, 9.842146729883718e+16], "compounded_returns": [459291, 17597.810808876253, 82631975921333.45], "balance": [459291, 32205465.112588305, 2.681967419884791e+20], "position_value": [459291, 191572.2007454795, 1.41040167342648e+17], "current_position_size": [459291, 957797.316408513, 3.525993178467856e+18], "last_log_ret": [459291, 0.009294777704249153, 1087.978966926391], "sortino_ratio": [459291, 5.0446643513217655, 13560746035.23023], "rolling_pnl_sigma": [459291, 0.016474617178499615, 443.3720800055784], "portfolio_cash_ratio": [459291, 0.8824747480335882, 27253.06713184383], "free_collateral": [459291, 32431170.602859993, 2.6552861361461094e+20], "mm_reqs": [459291, 17897.15962712892, 5125859223163297.0], "unrealized_pnl_0": [459291, 10.296104942289974, 235070240472.2816], "unrealized_pnl_1": [459291, 6.998419204187427, 1803218454492.9365], "unrealized_pnl_2": [459291, 24414.320515122712, 8382158959283067.0], "unrealized_pnl_3": [459291, 49339.506153541384, 1.4072384231617405e+17], "unrealized_pnl_4": [459291, 165.54054343214125, 5764949017773.599], "unrealized_pnl_5": [459291, 4832.852449691003, 1261016405190636.0], "unrealized_pnl_6": [459291, 57.48126865957483, 4154827745576.2817], "unrealized_pnl_7": [459291, 20.78107313654875, 425996605375.22565], "unrealized_pnl_8": [459291, 36.68063905312887, 538602590725.5305], "unrealized_pnl_9": [459291, 1382.3836499431177, 168551378722331.12], "margin_usage_ratio": [459291, 0.004290348165897598, 36.85818499420567]}, "pcr_min_ew": 0.9995413355323154, "pcr_max_ew": 0.9999999907150254}