{"r_count": 390035.0001, "r_mean": 0.004266010811623176, "r_var": 1249.9726468445224, "tanh_k": 2.0, "feature_welford": {"unrealized_pnl": [390037, 47517.492986120364, 5.292951253827339e+16], "realized_pnl": [390037, 37978.764248006744, 7.545248880927941e+16], "compounded_returns": [390037, 16599.48295248397, 65432827849560.42], "balance": [390037, 30498759.57701783, 2.1082950225067016e+20], "position_value": [390037, 183772.11115445348, 1.1120719322560717e+17], "current_position_size": [390037, 918794.565525543, 2.7801684746745467e+18], "last_log_ret": [390037, 0.00919361338775142, 1012.1211310104787], "sortino_ratio": [390037, 4.2701658478003495, 1105683807.6069012], "rolling_pnl_sigma": [390037, 0.01733656207982128, 413.2985948592763], "portfolio_cash_ratio": [390037, 0.8763690306694731, 24542.52903341389], "free_collateral": [390037, 30713088.4138123, 2.0882987136342154e+20], "mm_reqs": [390037, 17011.00459169333, 3925105130698131.5], "unrealized_pnl_0": [390037, 10.767720238393082, 213561303885.92892], "unrealized_pnl_1": [390037, 11.763066605747554, 1761688386448.598], "unrealized_pnl_2": [390037, 22083.945235301067, 6235106419434366.0], "unrealized_pnl_3": [390037, 45982.73099251862, 1.0740870426944882e+17], "unrealized_pnl_4": [390037, 160.45643097333894, 5170453670336.247], "unrealized_pnl_5": [390037, 4315.383113198559, 992813216036212.6], "unrealized_pnl_6": [390037, 57.860107719354595, 3399992114157.292], "unrealized_pnl_7": [390037, 20.854868374868165, 347844149954.9964], "unrealized_pnl_8": [390037, 37.16691649561326, 596545989637.4683], "unrealized_pnl_9": [390037, 1333.6104781799877, 134808839181249.9], "margin_usage_ratio": [390037, 0.004499739832315239, 33.05347334883047]}, "pcr_min_ew": 0.9963249182867663, "pcr_max_ew": 0.9999998758745003}