{"r_count": 365461.0001, "r_mean": 0.004179185774779306, "r_var": 1222.9735616591581, "tanh_k": 2.0, "feature_welford": {"unrealized_pnl": [365463, 45312.01588232587, 4.627660442039795e+16], "realized_pnl": [365463, 37128.48662261157, 6.728929076920165e+16], "compounded_returns": [365463, 16217.962031002811, 59857866892124.984], "balance": [365463, 29892191.455575153, 1.9302396645652e+20], "position_value": [365463, 179859.6613529548, 1.0024351601762862e+17], "current_position_size": [365463, 899236.7101036604, 2.5060739012873416e+18], "last_log_ret": [365463, 0.009152237502967288, 985.9778160812243], "sortino_ratio": [365463, 4.442284232612331, 1454715019.7833788], "rolling_pnl_sigma": [365463, 0.01771761769193569, 402.5982044299187], "portfolio_cash_ratio": [365463, 0.8738533902474072, 23525.799474134015], "free_collateral": [365463, 30100844.165782087, 1.9124311892590313e+20], "mm_reqs": [365463, 16568.98948438249, 3511888346674663.0], "unrealized_pnl_0": [365463, 11.828061166653557, 249507590014.53757], "unrealized_pnl_1": [365463, 11.16034726063282, 1655548824010.7866], "unrealized_pnl_2": [365463, 21015.320449973347, 5383721977147622.0], "unrealized_pnl_3": [365463, 44358.14400691048, 9.540580635734597e+16], "unrealized_pnl_4": [365463, 159.76831075919847, 4739923785030.566], "unrealized_pnl_5": [365463, 4245.434478185378, 929974599296098.9], "unrealized_pnl_6": [365463, 59.30953383998831, 3464523003162.6606], "unrealized_pnl_7": [365463, 20.93581322844013, 323978356495.5636], "unrealized_pnl_8": [365463, 36.271704005603866, 503749503380.11224], "unrealized_pnl_9": [365463, 1319.8802398718612, 122857854000960.89], "margin_usage_ratio": [365463, 0.004586301785347304, 31.650429635027205]}, "pcr_min_ew": 0.9986233411408779, "pcr_max_ew": 0.9999999507436892}