{"r_count": 405673.0001, "r_mean": 0.0043028395798177434, "r_var": 1268.1159503125089, "tanh_k": 2.0, "feature_welford": {"unrealized_pnl": [405675, 48226.28104602925, 5.611350732290733e+16], "realized_pnl": [405675, 38480.70707613482, 8.071094705688509e+16], "compounded_returns": [405675, 16810.374685447798, 68894968675876.07], "balance": [405675, 30873273.706289724, 2.2273151958745563e+20], "position_value": [405675, 185058.64403390567, 1.1663030824495848e+17], "current_position_size": [405675, 925221.3083606095, 2.915744656732008e+18], "last_log_ret": [405675, 0.00921812702537681, 1029.7254942321463], "sortino_ratio": [405675, 4.903281229761472, 8681372581.034174], "rolling_pnl_sigma": [405675, 0.01712093820741001, 420.45959166710617], "portfolio_cash_ratio": [405675, 0.8779870801232372, 25131.558672767955], "free_collateral": [405675, 31089464.43270139, 2.2059325900338237e+20], "mm_reqs": [405675, 17149.563389165392, 4130040060110911.0], "unrealized_pnl_0": [405675, 10.39168678374597, 210547604047.7424], "unrealized_pnl_1": [405675, 7.802813445267252, 1759074524778.063], "unrealized_pnl_2": [405675, 22551.849067246505, 6554384983233816.0], "unrealized_pnl_3": [405675, 46464.11122177462, 1.1415349681740682e+17], "unrealized_pnl_4": [405675, 158.4689955687869, 4920503690429.583], "unrealized_pnl_5": [405675, 4453.069876431684, 1072501836199162.0], "unrealized_pnl_6": [405675, 59.896133210281, 3773974008272.7144], "unrealized_pnl_7": [405675, 20.924916108198836, 363193067573.41345], "unrealized_pnl_8": [405675, 36.41852053770015, 509778640406.5783], "unrealized_pnl_9": [405675, 1333.3074981655043, 140130799779235.03], "margin_usage_ratio": [405675, 0.004444578686382597, 33.871408680670136]}, "pcr_min_ew": 0.9991323377528215, "pcr_max_ew": 0.9999999871755121}