{"r_count": 441417.0001, "r_mean": 0.0044125778474840656, "r_var": 1307.973825720483, "tanh_k": 2.0, "feature_welford": {"unrealized_pnl": [441419, 50927.135598563764, 6.599842611310928e+16], "realized_pnl": [441419, 39652.32539541228, 9.27527241642406e+16], "compounded_returns": [441419, 17349.368512204517, 78024962765413.11], "balance": [441419, 31782663.434851233, 2.5291667039961907e+20], "position_value": [441419, 189461.32808587552, 1.3287333188250211e+17], "current_position_size": [441419, 947240.5497029689, 3.321821533893316e+18], "last_log_ret": [441419, 0.009270902889220162, 1068.527060378095], "sortino_ratio": [441419, 4.961088284240823, 9625372115.07577], "rolling_pnl_sigma": [441419, 0.01667356765070726, 435.78680021991204], "portfolio_cash_ratio": [441419, 0.8810813940276773, 26550.64146768966], "free_collateral": [441419, 32005441.886789326, 2.5042910962882318e+20], "mm_reqs": [441419, 17665.017570892138, 4803950303133934.0], "unrealized_pnl_0": [441419, 10.724801190339164, 233875099975.59332], "unrealized_pnl_1": [441419, 6.746162077681696, 1769493464638.2122], "unrealized_pnl_2": [441419, 23858.52722775268, 7802391112642921.0], "unrealized_pnl_3": [441419, 48565.644032664255, 1.3249776946638882e+17], "unrealized_pnl_4": [441419, 164.05216459489634, 5627147002672.151], "unrealized_pnl_5": [441419, 4714.190262710159, 1205275814674311.2], "unrealized_pnl_6": [441419, 57.54423330622721, 4053747804829.94], "unrealized_pnl_7": [441419, 21.724502403136857, 380920935956.54724], "unrealized_pnl_8": [441419, 36.78406140196894, 526294737147.5832], "unrealized_pnl_9": [441419, 1382.5457810588862, 159014384601866.2], "margin_usage_ratio": [441419, 0.004338293338883096, 35.86458504845874]}, "pcr_min_ew": 0.9997003597724317, "pcr_max_ew": 0.9999999999999178}