{"r_count": 379982.0001, "r_mean": 0.004239850271188117, "r_var": 1239.3483900158556, "tanh_k": 2.0, "feature_welford": {"unrealized_pnl": [379984, 46808.46881102448, 5.152118680770541e+16], "realized_pnl": [379984, 37780.82522196127, 7.41877442857795e+16], "compounded_returns": [379984, 16525.3430873732, 64002049171237.41], "balance": [379984, 30417392.325098574, 2.0640887779036296e+20], "position_value": [379984, 181871.23134248357, 1.066352710404342e+17], "current_position_size": [379984, 909295.7007461385, 2.665868856993302e+18], "last_log_ret": [379984, 0.00918128852380414, 1001.9117239253079], "sortino_ratio": [379984, 4.767255069647149, 2096280787.3406065], "rolling_pnl_sigma": [379984, 0.01749375484810089, 409.1754855920384], "portfolio_cash_ratio": [379984, 0.8753852873871437, 24110.319613726075], "free_collateral": [379984, 30629315.15447788, 2.0447657388362164e+20], "mm_reqs": [379984, 16808.44095013057, 3768166544503938.5], "unrealized_pnl_0": [379984, 11.313671260629132, 206549064350.79526], "unrealized_pnl_1": [379984, 12.088632993531059, 1763018085525.073], "unrealized_pnl_2": [379984, 21508.24881827422, 5728573807049013.0], "unrealized_pnl_3": [379984, 45682.00458412215, 1.0532761909982378e+17], "unrealized_pnl_4": [379984, 162.4334204285852, 5018651110010.398], "unrealized_pnl_5": [379984, 4254.774965120987, 953471965647107.6], "unrealized_pnl_6": [379984, 53.204980475188684, 3419505016827.5513], "unrealized_pnl_7": [379984, 20.404138800947525, 370947315003.1421], "unrealized_pnl_8": [379984, 34.96626677678082, 516529073221.2541], "unrealized_pnl_9": [379984, 1347.0064428001197, 129108925175222.9], "margin_usage_ratio": [379984, 0.004536386230597063, 32.5287496312361]}, "pcr_min_ew": 0.9957201366033864, "pcr_max_ew": 0.9999999996001758}