{"r_count": 463757.0001, "r_mean": 0.004492789392120668, "r_var": 1331.6471461780643, "tanh_k": 2.0, "feature_welford": {"unrealized_pnl": [463759, 52368.67746103702, 7.053521278197635e+16], "realized_pnl": [463759, 40479.81273634402, 1.0072821021146896e+17], "compounded_returns": [463759, 17702.62384456501, 84489488696907.0], "balance": [463759, 32337207.502366506, 2.729747705550217e+20], "position_value": [463759, 191818.25874175303, 1.4214126379443443e+17], "current_position_size": [463759, 959039.6286236439, 3.55352244220049e+18], "last_log_ret": [463759, 0.009300869966899678, 1091.5994371767185], "sortino_ratio": [463759, 4.94322791351992, 9459314967.349009], "rolling_pnl_sigma": [463759, 0.016405190866860847, 444.34047837081056], "portfolio_cash_ratio": [463759, 0.8826972066120671, 27481.058659557737], "free_collateral": [463759, 32563663.78860919, 2.702507378796135e+20], "mm_reqs": [463759, 17781.54372348673, 5039018776231269.0], "unrealized_pnl_0": [463759, 9.005070490726585, 257067817349.13748], "unrealized_pnl_1": [463759, 8.921211412888049, 1777514832224.7017], "unrealized_pnl_2": [463759, 24536.04937770175, 8619917791661545.0], "unrealized_pnl_3": [463759, 49257.33384326718, 1.4143233487853142e+17], "unrealized_pnl_4": [463759, 168.44283148126075, 5458627397677.27], "unrealized_pnl_5": [463759, 5088.611184232721, 1363296209162680.0], "unrealized_pnl_6": [463759, 56.715489869307426, 3793970723485.8906], "unrealized_pnl_7": [463759, 22.63961117906275, 388909327656.1308], "unrealized_pnl_8": [463759, 36.216846461066474, 553612099175.294], "unrealized_pnl_9": [463759, 1427.6538373393178, 169817957921354.2], "margin_usage_ratio": [463759, 0.004283144636011663, 37.22082003961546]}, "pcr_min_ew": 0.996666247345269, "pcr_max_ew": 0.9999999998296588}