{"r_count": 497267.0001, "r_mean": 0.004567721697164966, "r_var": 1369.0941822703132, "tanh_k": 2.0, "feature_welford": {"unrealized_pnl": [497269, 53744.1121804602, 7.951402057277136e+16], "realized_pnl": [497269, 41132.43169479205, 1.1143926686906834e+17], "compounded_returns": [497269, 18047.561573473315, 92247966626899.95], "balance": [497269, 32930050.863491796, 2.994720221140529e+20], "position_value": [497269, 194782.32742160617, 1.5675003839322874e+17], "current_position_size": [497269, 973854.9759043404, 3.918740818886025e+18], "last_log_ret": [497269, 0.009337060303932523, 1128.0742422723406], "sortino_ratio": [497269, 4.649664311728611, 3265994539.4913216], "rolling_pnl_sigma": [497269, 0.01608542134935827, 458.5040901988269], "portfolio_cash_ratio": [497269, 0.8849989374602949, 28787.495559083207], "free_collateral": [497269, 33160534.481182687, 2.964257821479407e+20], "mm_reqs": [497269, 18090.292705721324, 5627797761450649.0], "unrealized_pnl_0": [497269, 8.33746978016107, 210212471502.4197], "unrealized_pnl_1": [497269, 3.9117367102711893, 2096162622571.6821], "unrealized_pnl_2": [497269, 25235.72801963571, 9499642992536362.0], "unrealized_pnl_3": [497269, 50776.645136718995, 1.613274144769527e+17], "unrealized_pnl_4": [497269, 177.71814558513813, 5733366591518.506], "unrealized_pnl_5": [497269, 5297.795139504891, 1539584497819715.0], "unrealized_pnl_6": [497269, 56.45448994408845, 4387022804295.172], "unrealized_pnl_7": [497269, 23.366410347929683, 430827948232.6097], "unrealized_pnl_8": [497269, 37.0768560028479, 615811158189.2037], "unrealized_pnl_9": [497269, 1431.116597149595, 193018240510377.3], "margin_usage_ratio": [497269, 0.004202739858853834, 39.00074989393181]}, "pcr_min_ew": 0.9996310510050483, "pcr_max_ew": 0.9999999920248906}