{"r_count": 340887.0001, "r_mean": 0.004090848100924087, "r_var": 1195.5931915829974, "tanh_k": 2.0, "feature_welford": {"unrealized_pnl": [340889, 43544.55077336141, 4.1608115993875976e+16], "realized_pnl": [340889, 36330.182417685435, 6.1159201996352184e+16], "compounded_returns": [340889, 15768.13383961317, 53913891447190.016], "balance": [340889, 29155255.2120637, 1.7373590888461238e+20], "position_value": [340889, 177353.00091392003, 9.09276519453504e+16], "current_position_size": [340889, 886691.6408475537, 2.2731752491296827e+18], "last_log_ret": [340889, 0.00910372678136553, 959.4659025154185], "sortino_ratio": [340889, 4.472896861093185, 1532137309.3142307], "rolling_pnl_sigma": [340889, 0.018141820669583357, 391.34603396166193], "portfolio_cash_ratio": [340889, 0.870826691931381, 22534.68458102288], "free_collateral": [340889, 29359959.219426747, 1.721631694889174e+20], "mm_reqs": [340889, 16243.029018408319, 3124338108352482.0], "unrealized_pnl_0": [340889, 11.861593993038612, 204595080724.3652], "unrealized_pnl_1": [340889, 9.406900832687471, 2173275054240.4688], "unrealized_pnl_2": [340889, 20154.23293137127, 4651693650706877.0], "unrealized_pnl_3": [340889, 42937.0602692652, 8.551842794514024e+16], "unrealized_pnl_4": [340889, 149.3433896992474, 4224628467805.175], "unrealized_pnl_5": [340889, 3978.432104636344, 827569548270416.8], "unrealized_pnl_6": [340889, 50.815246496576506, 3341322460359.1567], "unrealized_pnl_7": [340889, 20.161372796644724, 314094355374.0337], "unrealized_pnl_8": [340889, 35.73454138282833, 493395558912.92194], "unrealized_pnl_9": [340889, 1254.0651219362521, 107375106496970.86], "margin_usage_ratio": [340889, 0.004690484231039015, 30.277934151375366]}, "pcr_min_ew": 0.9986118100854764, "pcr_max_ew": 1.0000000000000446}