{"r_count": 517373.0001, "r_mean": 0.004618325134987568, "r_var": 1391.5933228331714, "tanh_k": 2.0, "feature_welford": {"unrealized_pnl": [517375, 55035.66328842178, 8.350978249224214e+16], "realized_pnl": [517375, 41383.06221582215, 1.149779856982706e+17], "compounded_returns": [517375, 18266.92295529551, 96796117437888.19], "balance": [517375, 33308631.49647887, 3.148107008621288e+20], "position_value": [517375, 197520.0267978548, 1.669998116685042e+17], "current_position_size": [517375, 987546.6570422173, 4.1749875853627924e+18], "last_log_ret": [517375, 0.009359068321165911, 1150.0760586670422], "sortino_ratio": [517375, 6.445920737707852, 216450445114.93237], "rolling_pnl_sigma": [517375, 0.01591619192009062, 467.12615762713773], "portfolio_cash_ratio": [517375, 0.8862479719389181, 29591.13480716614], "free_collateral": [517375, 33542768.987839542, 3.115553772156895e+20], "mm_reqs": [517375, 18474.78695331848, 6078003406758176.0], "unrealized_pnl_0": [517375, 8.881629285453997, 258562876123.98102], "unrealized_pnl_1": [517375, 10.086074696064257, 2056475972285.2417], "unrealized_pnl_2": [517375, 25853.448684728148, 1.03149679779309e+16], "unrealized_pnl_3": [517375, 51638.793194421254, 1.6758079419165344e+17], "unrealized_pnl_4": [517375, 171.61984903400415, 6525698635179.658], "unrealized_pnl_5": [517375, 5447.015070682706, 1584495055364706.0], "unrealized_pnl_6": [517375, 65.98903013233914, 4397139497172.92], "unrealized_pnl_7": [517375, 21.775979693922025, 430584851700.0573], "unrealized_pnl_8": [517375, 36.72980251615129, 675564928054.8109], "unrealized_pnl_9": [517375, 1403.016822007377, 196543012099946.84], "margin_usage_ratio": [517375, 0.004161202012152531, 40.121781863202585]}, "pcr_min_ew": 0.9995936927623248, "pcr_max_ew": 0.9999999999999944}