{"r_count": 526309.0001000001, "r_mean": 0.0046456267594013525, "r_var": 1402.6641486290036, "tanh_k": 2.0, "feature_welford": {"unrealized_pnl": [526311, 55329.92419374145, 8.682520287070462e+16], "realized_pnl": [526311, 41891.67074744712, 1.2259023240587429e+17], "compounded_returns": [526311, 18421.122369055272, 100296987264827.3], "balance": [526311, 33619150.694652535, 3.2736805992177965e+20], "position_value": [526311, 198071.77760660014, 1.7144847584063206e+17], "current_position_size": [526311, 990303.0007957944, 4.286203089396008e+18], "last_log_ret": [526311, 0.009371036756766243, 1160.9791697158246], "sortino_ratio": [526311, 5.08314242734581, 13891161259.150585], "rolling_pnl_sigma": [526311, 0.015843353928822385, 471.2688530059612], "portfolio_cash_ratio": [526311, 0.8867852106594364, 29938.98758265178], "free_collateral": [526311, 33854039.19479536, 3.2399301243166065e+20], "mm_reqs": [526311, 18571.283873257264, 6336435808008364.0], "unrealized_pnl_0": [526311, 9.00953957309248, 246972810435.6258], "unrealized_pnl_1": [526311, 5.640804622108692, 1859756922949.8206], "unrealized_pnl_2": [526311, 26237.76402654567, 1.0539512183630686e+16], "unrealized_pnl_3": [526311, 51975.63127463269, 1.754466921401531e+17], "unrealized_pnl_4": [526311, 168.16962522347012, 6212862721722.316], "unrealized_pnl_5": [526311, 5406.739347033073, 1573308142617335.0], "unrealized_pnl_6": [526311, 61.52596455294012, 4412571555756.341], "unrealized_pnl_7": [526311, 21.354557569627026, 443160264020.12164], "unrealized_pnl_8": [526311, 38.39733403460226, 580213236302.1741], "unrealized_pnl_9": [526311, 1352.346115462569, 192279528529277.16], "margin_usage_ratio": [526311, 0.00414200279297083, 40.689426970810054]}, "pcr_min_ew": 0.9959811309886185, "pcr_max_ew": 0.9999999995621514}