{"r_count": 360993.0001, "r_mean": 0.004176051955544577, "r_var": 1217.8413514901827, "tanh_k": 2.0, "feature_welford": {"unrealized_pnl": [360995, 45293.88630476032, 4.660763063641115e+16], "realized_pnl": [360995, 37106.726769031106, 6.74615554932371e+16], "compounded_returns": [360995, 16157.462940129848, 58896549473839.836], "balance": [360995, 29790563.45988851, 1.8969916107828183e+20], "position_value": [360995, 179935.58487765773, 9.872248819566533e+16], "current_position_size": [360995, 899610.7285028868, 2.468048314977864e+18], "last_log_ret": [360995, 0.00914463758226522, 981.0751451266293], "sortino_ratio": [360995, 4.228692279719385, 1022847441.2956812], "rolling_pnl_sigma": [360995, 0.017800025180751574, 400.71686900382025], "portfolio_cash_ratio": [360995, 0.8732558523624637, 23348.368668754014], "free_collateral": [360995, 29999285.57767463, 1.8795213332843214e+20], "mm_reqs": [360995, 16554.12465191305, 3459129242387683.0], "unrealized_pnl_0": [360995, 11.41754759274633, 212783958157.28873], "unrealized_pnl_1": [360995, 12.509277022253272, 1667896436680.0146], "unrealized_pnl_2": [360995, 20829.937743621318, 5136141888341174.0], "unrealized_pnl_3": [360995, 44093.959871276864, 9.447128782105714e+16], "unrealized_pnl_4": [360995, 153.28447168071855, 4357245615439.077], "unrealized_pnl_5": [360995, 4258.6220475357395, 938935425426827.6], "unrealized_pnl_6": [360995, 52.04824585342074, 3967666872391.7783], "unrealized_pnl_7": [360995, 20.894951388354357, 329164360602.44006], "unrealized_pnl_8": [360995, 36.12497896766465, 503918198570.51434], "unrealized_pnl_9": [360995, 1317.9792438171526, 117318274380140.48], "margin_usage_ratio": [360995, 0.004606030432429872, 31.42598132150329]}, "pcr_min_ew": 0.99603550748074, "pcr_max_ew": 0.9999999989242893}