{"r_count": 470459.0001, "r_mean": 0.004495703085892818, "r_var": 1340.4690442645951, "tanh_k": 2.0, "feature_welford": {"unrealized_pnl": [470461, 52601.06438559406, 7.323858640257182e+16], "realized_pnl": [470461, 40502.09557508742, 1.031263683278056e+17], "compounded_returns": [470461, 17761.777971880983, 85779037160906.61], "balance": [470461, 32489258.958478518, 2.7875422483571127e+20], "position_value": [470461, 192666.39736433112, 1.4615779797891232e+17], "current_position_size": [470461, 963269.8107102737, 3.653934265297451e+18], "last_log_ret": [470461, 0.009309491579522407, 1100.1760500883506], "sortino_ratio": [470461, 5.043626966858731, 13577021406.406921], "rolling_pnl_sigma": [470461, 0.016359149578482685, 448.0815446320685], "portfolio_cash_ratio": [470461, 0.883271079563203, 27697.88724190727], "free_collateral": [470461, 32716561.58588881, 2.7596494709949514e+20], "mm_reqs": [470461, 18024.16209901336, 5345607704099338.0], "unrealized_pnl_0": [470461, 10.133927716431222, 235413687458.75168], "unrealized_pnl_1": [470461, 6.743401072959117, 1813487407207.2668], "unrealized_pnl_2": [470461, 24716.172250279207, 8700722484616733.0], "unrealized_pnl_3": [470461, 49932.80268751812, 1.4761129828597843e+17], "unrealized_pnl_4": [470461, 165.59118305320095, 5841915165303.773], "unrealized_pnl_5": [470461, 4916.153278952602, 1310391975395490.8], "unrealized_pnl_6": [470461, 57.82510183061027, 4173036501679.3345], "unrealized_pnl_7": [470461, 21.006272784727113, 428039914975.9457], "unrealized_pnl_8": [470461, 37.01058745416826, 543747457621.0704], "unrealized_pnl_9": [470461, 1396.5864887658527, 174513284389007.97], "margin_usage_ratio": [470461, 0.00426300059270097, 37.500439343897376]}, "pcr_min_ew": 0.9982530610008876, "pcr_max_ew": 0.9999999961030781}