{"r_count": 373280.0001, "r_mean": 0.0042102615476512124, "r_var": 1231.332445425714, "tanh_k": 2.0, "feature_welford": {"unrealized_pnl": [373282, 46083.392865411435, 4.870233388562596e+16], "realized_pnl": [373282, 37425.30457011883, 7.078001961678803e+16], "compounded_returns": [373282, 16336.488897497946, 61539076265342.44], "balance": [373282, 30068389.202944305, 1.9821767981342183e+20], "position_value": [373282, 181398.56266871176, 1.03927210273835e+17], "current_position_size": [373282, 906927.1473519377, 2.598167558312823e+18], "last_log_ret": [373282, 0.009165127833994775, 994.0418820550277], "sortino_ratio": [373282, 4.2062988725677295, 1004643778.5882963], "rolling_pnl_sigma": [373282, 0.017590639539220264, 405.96866048540227], "portfolio_cash_ratio": [373282, 0.8746004885147005, 23874.292757163166], "free_collateral": [373282, 30279213.21869139, 1.9636048785325238e+20], "mm_reqs": [373282, 16706.77618270071, 3623826284379229.0], "unrealized_pnl_0": [373282, 11.097130191083545, 213128473682.26105], "unrealized_pnl_1": [373282, 11.878166388210609, 1750049959876.5408], "unrealized_pnl_2": [373282, 21481.466765413137, 5709202771728336.0], "unrealized_pnl_3": [373282, 44970.79592394791, 1.0027322852164645e+17], "unrealized_pnl_4": [373282, 156.4718666264775, 4958131392585.175], "unrealized_pnl_5": [373282, 4196.729407651424, 938189498349665.6], "unrealized_pnl_6": [373282, 57.599142959206866, 3346441818131.273], "unrealized_pnl_7": [373282, 20.869995706855985, 344681630677.8851], "unrealized_pnl_8": [373282, 36.634356934824666, 581080624476.3943], "unrealized_pnl_9": [373282, 1339.7471299365777, 128737293748323.39], "margin_usage_ratio": [373282, 0.004559908949247134, 32.1273131633716]}, "pcr_min_ew": 0.9909986196497194, "pcr_max_ew": 0.9999999962557282}