{"r_count": 349823.0001, "r_mean": 0.0041242400244313835, "r_var": 1205.5091437089598, "tanh_k": 2.0, "feature_welford": {"unrealized_pnl": [349825, 44355.759882285245, 4.395349821436106e+16], "realized_pnl": [349825, 36615.96521617695, 6.434268113563051e+16], "compounded_returns": [349825, 15944.506740361141, 56123363739642.664], "balance": [349825, 29440787.03684507, 1.8076504315864918e+20], "position_value": [349825, 178008.9213226359, 9.43014013390656e+16], "current_position_size": [349825, 889967.3686609617, 2.3575207272318843e+18], "last_log_ret": [349825, 0.009122212818051659, 969.0500862402567], "sortino_ratio": [349825, 4.419614445159267, 1509164642.671895], "rolling_pnl_sigma": [349825, 0.01797623133057345, 395.50120528183436], "portfolio_cash_ratio": [349825, 0.8719891503260045, 22898.89436069501], "free_collateral": [349825, 29646840.339261916, 1.791125748992288e+20], "mm_reqs": [349825, 16372.317388375368, 3284908292775366.5], "unrealized_pnl_0": [349825, 11.608533372338755, 207655192467.95398], "unrealized_pnl_1": [349825, 10.395695908658348, 1689902560328.329], "unrealized_pnl_2": [349825, 20472.043419641454, 4847520732745609.0], "unrealized_pnl_3": [349825, 43745.72594204178, 9.126759028595968e+16], "unrealized_pnl_4": [349825, 148.38949437523704, 4336634573302.916], "unrealized_pnl_5": [349825, 4097.137182333551, 871220123959989.0], "unrealized_pnl_6": [349825, 57.09876563567848, 3318545868788.401], "unrealized_pnl_7": [349825, 20.29459932707119, 341350838329.0219], "unrealized_pnl_8": [349825, 36.22847394998675, 493656013332.6903], "unrealized_pnl_9": [349825, 1273.2374748314744, 112359117114116.66], "margin_usage_ratio": [349825, 0.004651246343341509, 30.805171409605336]}, "pcr_min_ew": 0.9991735106093947, "pcr_max_ew": 0.9999999988300079}