{"r_count": 409024.0001, "r_mean": 0.004339212003388237, "r_var": 1271.8215804090273, "tanh_k": 2.0, "feature_welford": {"unrealized_pnl": [409026, 49120.88488615846, 5.9011783754007416e+16], "realized_pnl": [409026, 38806.74344240809, 8.341127260794984e+16], "compounded_returns": [409026, 17006.7191583687, 71394133452442.28], "balance": [409026, 31227926.9874006, 2.3074721364124965e+20], "position_value": [409026, 185584.99190215633, 1.19185936536657e+17], "current_position_size": [409026, 927868.79418132, 2.9796363490814474e+18], "last_log_ret": [409026, 0.009229852874371452, 1033.5033739849332], "sortino_ratio": [409026, 4.759139537889707, 2167559521.356054], "rolling_pnl_sigma": [409026, 0.01708334072856347, 422.0187500073242], "portfolio_cash_ratio": [409026, 0.8782377687125097, 25266.919724369232], "free_collateral": [409026, 31445460.97634474, 2.2854032554633603e+20], "mm_reqs": [409026, 17223.85840905747, 4258512181364564.5], "unrealized_pnl_0": [409026, 10.63701571194867, 214270690312.44415], "unrealized_pnl_1": [409026, 11.345980047795544, 1860876601131.053], "unrealized_pnl_2": [409026, 22558.42183809001, 6638109061112940.0], "unrealized_pnl_3": [409026, 47301.81111716951, 1.1861220601673323e+17], "unrealized_pnl_4": [409026, 169.86396616047102, 5408355154991.064], "unrealized_pnl_5": [409026, 4577.361763002087, 1111056385125125.5], "unrealized_pnl_6": [409026, 53.443707328630836, 3556096125981.9688], "unrealized_pnl_7": [409026, 21.504613238398548, 388563057765.5956], "unrealized_pnl_8": [409026, 35.96535325166676, 560498287280.8615], "unrealized_pnl_9": [409026, 1380.7308768442595, 141581374287982.12], "margin_usage_ratio": [409026, 0.004437885960116636, 34.128871225714114]}, "pcr_min_ew": 0.9980981759853188, "pcr_max_ew": 0.9999999999999374}