{"r_count": 535245.0001000001, "r_mean": 0.0046570869408230275, "r_var": 1411.3461858378098, "tanh_k": 2.0, "feature_welford": {"unrealized_pnl": [535247, 55312.655363765676, 8.603385225510486e+16], "realized_pnl": [535247, 41665.524021552475, 1.181593997716249e+17], "compounded_returns": [535247, 18354.226177264318, 99959985947376.52], "balance": [535247, 33442122.822947662, 3.251855980133869e+20], "position_value": [535247, 198913.6678458619, 1.739954733036989e+17], "current_position_size": [535247, 994508.2189701202, 4.3498785601852913e+18], "last_log_ret": [535247, 0.009372007688030629, 1169.4202141238195], "sortino_ratio": [535247, 5.973404971929566, 39403089552.74732], "rolling_pnl_sigma": [535247, 0.0157641462063887, 474.04541916023516], "portfolio_cash_ratio": [535247, 0.8872424821416908, 30301.725826456466], "free_collateral": [535247, 33677841.77776076, 3.2178072103558015e+20], "mm_reqs": [535247, 18554.726088000603, 6281965355952780.0], "unrealized_pnl_0": [535247, 7.584590715920502, 283593557563.7854], "unrealized_pnl_1": [535247, 6.94441773704664, 1914715677458.3882], "unrealized_pnl_2": [535247, 26272.10088464765, 1.091800579571596e+16], "unrealized_pnl_3": [535247, 51911.7245922792, 1.7318697129440326e+17], "unrealized_pnl_4": [535247, 172.3465860178683, 5965732814939.535], "unrealized_pnl_5": [535247, 5560.0114226953565, 1689021381705346.8], "unrealized_pnl_6": [535247, 64.98916220922808, 4712839725267.311], "unrealized_pnl_7": [535247, 22.07335657911715, 399374682311.7666], "unrealized_pnl_8": [535247, 39.891141203472905, 643069944092.9088], "unrealized_pnl_9": [535247, 1382.2684746347484, 197237555144080.25], "margin_usage_ratio": [535247, 0.004127339609836693, 41.12336840875563]}, "pcr_min_ew": 0.9960944836117, "pcr_max_ew": 0.9999999999999736}