{"r_count": 508437.0001, "r_mean": 0.004601927007324635, "r_var": 1382.5958431347265, "tanh_k": 2.0, "feature_welford": {"unrealized_pnl": [508439, 54645.46483980081, 8.26811229739212e+16], "realized_pnl": [508439, 41477.55904004593, 1.1621312877787715e+17], "compounded_returns": [508439, 18226.981817096643, 95696602634636.48], "balance": [508439, 33279592.535905316, 3.117533492747317e+20], "position_value": [508439, 196647.4620043092, 1.6345806192043283e+17], "current_position_size": [508439, 983179.4606687982, 4.086442320023995e+18], "last_log_ret": [508439, 0.009352802582936331, 1141.3458542238752], "sortino_ratio": [508439, 5.018900744510787, 13748749375.496237], "rolling_pnl_sigma": [508439, 0.015998037250158564, 463.7090770282622], "portfolio_cash_ratio": [508439, 0.8857361652889015, 29219.658232743892], "free_collateral": [508439, 33512501.76532934, 3.0857479763531805e+20], "mm_reqs": [508439, 18443.37926995033, 6014548338777873.0], "unrealized_pnl_0": [508439, 9.496046313473826, 243598962544.99133], "unrealized_pnl_1": [508439, 5.79556711405014, 1850312028331.571], "unrealized_pnl_2": [508439, 25774.020231587743, 9952774203412224.0], "unrealized_pnl_3": [508439, 51477.13254852067, 1.6617682928024464e+17], "unrealized_pnl_4": [508439, 166.91226553410522, 6071143951119.996], "unrealized_pnl_5": [508439, 5255.146815221112, 1489271954753685.8], "unrealized_pnl_6": [508439, 58.782908473074656, 4283594585980.397], "unrealized_pnl_7": [508439, 21.238044700311082, 438909296782.9017], "unrealized_pnl_8": [508439, 37.838772261789835, 569562833840.9487], "unrealized_pnl_9": [508439, 1363.865560490923, 186520109276399.84], "margin_usage_ratio": [508439, 0.004178593386502385, 39.66468515729232]}, "pcr_min_ew": 0.9995072606035824, "pcr_max_ew": 0.9999999999999686}