{"r_count": 328600.0001, "r_mean": 0.004046752255497708, "r_var": 1181.7581280686438, "tanh_k": 2.0, "feature_welford": {"unrealized_pnl": [328602, 43092.61196930232, 4.0267693005985544e+16], "realized_pnl": [328602, 35815.9822889468, 5.8203359225956024e+16], "compounded_returns": [328602, 15598.363450937233, 51743499599809.02], "balance": [328602, 28880656.81800917, 1.6635981957838314e+20], "position_value": [328602, 175632.39218360014, 8.664810988917058e+16], "current_position_size": [328602, 878093.4560768304, 2.1661877954769853e+18], "last_log_ret": [328602, 0.009079877715335019, 946.1335075161703], "sortino_ratio": [328602, 4.446037563905186, 1114484294.5294607], "rolling_pnl_sigma": [328602, 0.018360072384342972, 385.5078443916969], "portfolio_cash_ratio": [328602, 0.8692714812041286, 22003.8426413777], "free_collateral": [328602, 29083335.541425023, 1.6487334693821956e+20], "mm_reqs": [328602, 16094.674530345657, 2986021316502219.5], "unrealized_pnl_0": [328602, 12.362052628612908, 201363909397.82864], "unrealized_pnl_1": [328602, 13.123269737210492, 1680709566053.1958], "unrealized_pnl_2": [328602, 19676.153411057217, 4314455766386402.0], "unrealized_pnl_3": [328602, 42696.09066339461, 8.279314673219312e+16], "unrealized_pnl_4": [328602, 148.5209451922032, 4041937004416.2485], "unrealized_pnl_5": [328602, 3975.5530573575384, 801318624047662.2], "unrealized_pnl_6": [328602, 53.91055003846731, 3205425101005.98], "unrealized_pnl_7": [328602, 19.689513900070114, 321020991454.5096], "unrealized_pnl_8": [328602, 35.458384664460745, 486168379905.722], "unrealized_pnl_9": [328602, 1239.4936274224247, 104074628765375.92], "margin_usage_ratio": [328602, 0.004744282106874331, 29.570556531285686]}, "pcr_min_ew": 0.9889222378420511, "pcr_max_ew": 1.0000000000000353}