{"r_count": 406790.0001, "r_mean": 0.004285431002129186, "r_var": 1268.9754246412954, "tanh_k": 2.0, "feature_welford": {"unrealized_pnl": [406792, 48173.85225421536, 5.524213234416836e+16], "realized_pnl": [406792, 38247.45423781192, 7.781712584352634e+16], "compounded_returns": [406792, 16732.787464036133, 67968070215864.54], "balance": [406792, 30706399.41776581, 2.1931316815615102e+20], "position_value": [406792, 185656.5451020284, 1.1721968326278677e+17], "current_position_size": [406792, 928214.8931076997, 2.930481525632513e+18], "last_log_ret": [406792, 0.009215320577528118, 1030.3929674230378], "sortino_ratio": [406792, 4.328281777013158, 1836508768.8139946], "rolling_pnl_sigma": [406792, 0.017104441719837812, 420.65994169159916], "portfolio_cash_ratio": [406792, 0.8779675196935188, 25195.88847059308], "free_collateral": [406792, 30923126.493482206, 2.1718181401965796e+20], "mm_reqs": [406792, 17151.060124805783, 4110622867717738.0], "unrealized_pnl_0": [406792, 9.853904879879623, 225218796611.19025], "unrealized_pnl_1": [406792, 8.441059401284095, 1693637587938.79], "unrealized_pnl_2": [406792, 22558.659938330773, 6642241997485808.0], "unrealized_pnl_3": [406792, 46355.654882781426, 1.12230189544615e+17], "unrealized_pnl_4": [406792, 164.57131201481351, 5059225330952.386], "unrealized_pnl_5": [406792, 4615.927479594823, 1135321319211798.5], "unrealized_pnl_6": [406792, 60.179457251254206, 3931405735186.7896], "unrealized_pnl_7": [406792, 21.382162859193745, 348370987347.16815], "unrealized_pnl_8": [406792, 38.52412728559087, 575657741868.8773], "unrealized_pnl_9": [406792, 1383.8084121818958, 142934426084466.06], "margin_usage_ratio": [406792, 0.004446787175226857, 33.95840047518248]}, "pcr_min_ew": 0.9990262183423309, "pcr_max_ew": 0.9999999999999402}