{"r_count": 309611.0001, "r_mean": 0.0039462262247166755, "r_var": 1161.038853176622, "tanh_k": 2.0, "feature_welford": {"unrealized_pnl": [309613, 41027.36507500839, 3.5180820763961016e+16], "realized_pnl": [309613, 34934.315014664186, 5.203435650897135e+16], "compounded_returns": [309613, 15093.206959421772, 46133794852311.305], "balance": [309613, 28067428.671787463, 1.4893428801965182e+20], "position_value": [309613, 172868.5128613099, 7.922126855885494e+16], "current_position_size": [309613, 864269.8607308256, 1.9805161384734518e+18], "last_log_ret": [309613, 0.009030890120116146, 926.122713543402], "sortino_ratio": [309613, 4.383049540319085, 1123984984.1026068], "rolling_pnl_sigma": [309613, 0.0187434232691506, 376.4304038547255], "portfolio_cash_ratio": [309613, 0.8667685196083283, 21166.44255096352], "free_collateral": [309613, 28265644.768934853, 1.476114934523075e+20], "mm_reqs": [309613, 15722.288958656885, 2673200267943062.5], "unrealized_pnl_0": [309613, 12.809846208452937, 199815243507.63617], "unrealized_pnl_1": [309613, 12.45059608858862, 1585296807763.394], "unrealized_pnl_2": [309613, 18826.351234036887, 3776864272428620.0], "unrealized_pnl_3": [309613, 40869.675979161, 7.31833623214673e+16], "unrealized_pnl_4": [309613, 145.57944291768686, 3940664856658.4814], "unrealized_pnl_5": [309613, 3832.718974948946, 745799964895387.0], "unrealized_pnl_6": [309613, 55.06439872594783, 3198041152296.606], "unrealized_pnl_7": [309613, 19.279756115610557, 303447007865.86694], "unrealized_pnl_8": [309613, 35.34072708536575, 477444816874.22345], "unrealized_pnl_9": [309613, 1228.5888956501824, 98152554162334.36], "margin_usage_ratio": [309613, 0.004827501312369404, 28.379366538887723]}, "pcr_min_ew": 0.9955045322027014, "pcr_max_ew": 1.0000000000000464}