{"r_count": 444768.0001, "r_mean": 0.004428439891237054, "r_var": 1311.3692978138065, "tanh_k": 2.0, "feature_welford": {"unrealized_pnl": [444770, 50690.36486975086, 6.541559589612882e+16], "realized_pnl": [444770, 39744.69939041934, 9.378926814350117e+16], "compounded_returns": [444770, 17362.05503210785, 78428047951423.19], "balance": [444770, 31792613.06503221, 2.5432258400967315e+20], "position_value": [444770, 189057.04680748188, 1.32602082772486e+17], "current_position_size": [444770, 945220.351283984, 3.315034836192787e+18], "last_log_ret": [444770, 0.009273406544207162, 1071.8993934890213], "sortino_ratio": [444770, 5.488153193056434, 20882090913.11293], "rolling_pnl_sigma": [444770, 0.01663189253827924, 437.09510651526756], "portfolio_cash_ratio": [444770, 0.8813300806173576, 26698.55900110427], "free_collateral": [444770, 32014910.90070219, 2.5181404449184773e+20], "mm_reqs": [444770, 17499.9818159394, 4738196640154637.0], "unrealized_pnl_0": [444770, 10.15052248360526, 242733181197.40897], "unrealized_pnl_1": [444770, 9.062191165628116, 1982852542952.9119], "unrealized_pnl_2": [444770, 23858.856155186855, 7971289712004613.0], "unrealized_pnl_3": [444770, 48151.912442173816, 1.3247076996908051e+17], "unrealized_pnl_4": [444770, 176.20873744876383, 5554343911491.349], "unrealized_pnl_5": [444770, 4754.277232698679, 1221809248044076.0], "unrealized_pnl_6": [444770, 67.9251304528242, 4658206036718.645], "unrealized_pnl_7": [444770, 21.458900804820352, 406211912545.50995], "unrealized_pnl_8": [444770, 34.61255019835964, 656506133083.7949], "unrealized_pnl_9": [444770, 1429.2292454390856, 172072872782610.66], "margin_usage_ratio": [444770, 0.004328636506942635, 36.07965506031916]}, "pcr_min_ew": 0.9924871679752765, "pcr_max_ew": 0.9999999999999849}