{"r_count": 464874.0001, "r_mean": 0.0044886967284448005, "r_var": 1333.5783170845468, "tanh_k": 2.0, "feature_welford": {"unrealized_pnl": [464876, 51899.19974920071, 7.029827644413172e+16], "realized_pnl": [464876, 40350.79071933086, 1.0030753290260406e+17], "compounded_returns": [464876, 17648.01810667572, 83849359076382.16], "balance": [464876, 32271391.84872878, 2.7206371099739793e+20], "position_value": [464876, 191299.06248801382, 1.4168654715603542e+17], "current_position_size": [464876, 956433.2340692147, 3.5421470944726113e+18], "last_log_ret": [464876, 0.009299830540478216, 1093.5339030406562], "sortino_ratio": [464876, 5.452705504701364, 20910249361.16925], "rolling_pnl_sigma": [464876, 0.01641165933056665, 445.42333968039026], "portfolio_cash_ratio": [464876, 0.8828444529015288, 27493.69479448943], "free_collateral": [464876, 32496884.403226297, 2.6935115759064947e+20], "mm_reqs": [464876, 17757.929952426613, 5101469546811080.0], "unrealized_pnl_0": [464876, 9.615100888345648, 269651527129.2775], "unrealized_pnl_1": [464876, 8.15900127798916, 2031679112891.1538], "unrealized_pnl_2": [464876, 24472.20629815771, 8646455616558042.0], "unrealized_pnl_3": [464876, 49121.763711815074, 1.4208968195133126e+17], "unrealized_pnl_4": [464876, 174.9564267577676, 5810666264219.734], "unrealized_pnl_5": [464876, 4932.891679623768, 1320571617178296.2], "unrealized_pnl_6": [464876, 67.64801653434563, 4725449265648.544], "unrealized_pnl_7": [464876, 21.868187228436096, 418241229785.24915], "unrealized_pnl_8": [464876, 35.347572835315816, 674762813469.3239], "unrealized_pnl_9": [464876, 1426.811259727826, 179253076039829.16], "margin_usage_ratio": [464876, 0.004276831430719111, 37.201798259236256]}, "pcr_min_ew": 0.9973267600880843, "pcr_max_ew": 0.9999999959124111}