{"r_count": 336419.0001, "r_mean": 0.0040679022941731546, "r_var": 1190.383102781551, "tanh_k": 2.0, "feature_welford": {"unrealized_pnl": [336421, 43377.17439239994, 4.0382702368867144e+16], "realized_pnl": [336421, 36021.399467712545, 5.8770809874966376e+16], "compounded_returns": [336421, 15664.258152168328, 52528591868074.2], "balance": [336421, 28967804.26768343, 1.6902512092753183e+20], "position_value": [336421, 177130.04643803593, 8.969808880469077e+16], "current_position_size": [336421, 885581.9226546299, 2.2424382172847642e+18], "last_log_ret": [336421, 0.009093054543670136, 954.4286271018079], "sortino_ratio": [336421, 4.273812981336014, 990689283.7730471], "rolling_pnl_sigma": [336421, 0.018213765022377888, 389.082773347378], "portfolio_cash_ratio": [336421, 0.8702692552958881, 22333.938086423288], "free_collateral": [336421, 29172145.38497568, 1.6748424533589e+20], "mm_reqs": [336421, 16212.077328975438, 3059401280165115.5], "unrealized_pnl_0": [336421, 11.893847204195323, 201489549165.89883], "unrealized_pnl_1": [336421, 11.781827589672572, 1624063269837.5637], "unrealized_pnl_2": [336421, 20054.105588042225, 4577215767962376.0], "unrealized_pnl_3": [336421, 42676.04474660388, 8.31576278861829e+16], "unrealized_pnl_4": [336421, 146.76679465614697, 4138934744868.324], "unrealized_pnl_5": [336421, 4076.6300162989073, 849901581256588.5], "unrealized_pnl_6": [336421, 55.33814795246376, 3239625132344.892], "unrealized_pnl_7": [336421, 20.07413841406197, 315146795368.0596], "unrealized_pnl_8": [336421, 36.962877030922655, 498655213641.0775], "unrealized_pnl_9": [336421, 1283.6190101178804, 110759875815026.73], "margin_usage_ratio": [336421, 0.004709396464311543, 29.988998119734134]}, "pcr_min_ew": 0.9988660358922331, "pcr_max_ew": 1.000000000000003}