{"r_count": 417960.0001, "r_mean": 0.00431904481525386, "r_var": 1281.6968634723555, "tanh_k": 2.0, "feature_welford": {"unrealized_pnl": [417962, 48968.30203954386, 5.803118711448852e+16], "realized_pnl": [417962, 38577.023023298934, 8.115940924188091e+16], "compounded_returns": [417962, 16885.691500018096, 70496705719652.48], "balance": [417962, 30972978.814087246, 2.2791495618935344e+20], "position_value": [417962, 187023.42724904238, 1.2209277847824858e+17], "current_position_size": [417962, 935051.1162581482, 3.052309283554796e+18], "last_log_ret": [417962, 0.009231997810311476, 1042.7772807706654], "sortino_ratio": [417962, 4.291303915752353, 1838791409.6511962], "rolling_pnl_sigma": [417962, 0.016965897681439177, 425.70336372764825], "portfolio_cash_ratio": [417962, 0.878961888663035, 25641.068672095924], "free_collateral": [417962, 31191705.90896268, 2.256788764739851e+20], "mm_reqs": [417962, 17309.20771351473, 4312603194305333.5], "unrealized_pnl_0": [417962, 10.047837224939757, 234259720971.07858], "unrealized_pnl_1": [417962, 7.634589709559727, 1702237327468.3948], "unrealized_pnl_2": [417962, 22985.480734960827, 7027769959018365.0], "unrealized_pnl_3": [417962, 46977.69958040955, 1.1741766746210062e+17], "unrealized_pnl_4": [417962, 165.99265278382026, 5208950074767.016], "unrealized_pnl_5": [417962, 4688.635822127831, 1177531610551167.0], "unrealized_pnl_6": [417962, 60.09954489292958, 3946660052370.921], "unrealized_pnl_7": [417962, 21.827572088016673, 351825765497.8964], "unrealized_pnl_8": [417962, 38.58629197045423, 583826377256.391], "unrealized_pnl_9": [417962, 1385.7571533751009, 146924409562544.6], "margin_usage_ratio": [417962, 0.004412025341963246, 34.56567396725112]}, "pcr_min_ew": 0.9968960065720694, "pcr_max_ew": 0.9999999893047139}