{"r_count": 503969.0001, "r_mean": 0.004589997715158722, "r_var": 1377.5525007540605, "tanh_k": 2.0, "feature_welford": {"unrealized_pnl": [503971, 54414.91311296216, 8.156016957292907e+16], "realized_pnl": [503971, 41352.06151393675, 1.1444611030589965e+17], "compounded_returns": [503971, 18170.871338329594, 94471616237307.06], "balance": [503971, 33180168.970956072, 3.07589871546594e+20], "position_value": [503971, 196170.07013725268, 1.6129053462811392e+17], "current_position_size": [503971, 980791.9885646853, 4.032253997187674e+18], "last_log_ret": [503971, 0.009347731601533585, 1136.4126393095914], "sortino_ratio": [503971, 5.026244837679848, 13746484940.33735], "rolling_pnl_sigma": [503971, 0.01603690510516331, 461.8056409178412], "portfolio_cash_ratio": [503971, 0.885459759395609, 29043.636767255244], "free_collateral": [503971, 33412423.907204155, 3.04457211519565e+20], "mm_reqs": [503971, 18389.54520410905, 5934606510181975.0], "unrealized_pnl_0": [503971, 9.574612382112788, 243529747651.62045], "unrealized_pnl_1": [503971, 5.8775398919874355, 1846440719596.0396], "unrealized_pnl_2": [503971, 25667.029845645866, 9815093547191874.0], "unrealized_pnl_3": [503971, 51250.5931790433, 1.637855214795718e+17], "unrealized_pnl_4": [503971, 166.96905889707028, 6035102050131.309], "unrealized_pnl_5": [503971, 5217.938995995363, 1470005532999934.5], "unrealized_pnl_6": [503971, 58.74247306366685, 4273903908612.18], "unrealized_pnl_7": [503971, 21.376651669158193, 436487044410.48785], "unrealized_pnl_8": [503971, 37.88237330816065, 568206606603.6217], "unrealized_pnl_9": [503971, 1367.9899172786193, 185346858441937.2], "margin_usage_ratio": [503971, 0.004188290783347517, 39.42215777811402]}, "pcr_min_ew": 0.9992289791999877, "pcr_max_ew": 0.9999999998178787}