{"r_count": 515139.0001, "r_mean": 0.004606397892895096, "r_var": 1389.163552018348, "tanh_k": 2.0, "feature_welford": {"unrealized_pnl": [515141, 54387.08033241417, 8.136692515152491e+16], "realized_pnl": [515141, 41253.63445356599, 1.1246103236748632e+17], "compounded_returns": [515141, 18140.486350281113, 94847745252562.12], "balance": [515141, 33082190.192378, 3.082840922631329e+20], "position_value": [515141, 197076.04034733196, 1.6481019460109622e+17], "current_position_size": [515141, 985317.7361254971, 4.1202460000466104e+18], "last_log_ret": [515141, 0.009352265153838916, 1147.7355009858861], "sortino_ratio": [515141, 5.0982271235162635, 12259572548.07834], "rolling_pnl_sigma": [515141, 0.015934454367661985, 465.9364485005818], "portfolio_cash_ratio": [515141, 0.8861002799769736, 29493.44596923143], "free_collateral": [515141, 33315326.03373382, 3.05087249018599e+20], "mm_reqs": [515141, 18374.74023130035, 5937192405619839.0], "unrealized_pnl_0": [515141, 8.093410330123735, 274121200237.868], "unrealized_pnl_1": [515141, 7.369405826685446, 1899213615075.6216], "unrealized_pnl_2": [515141, 25760.63099558385, 1.0220130263359738e+16], "unrealized_pnl_3": [515141, 51224.59434978513, 1.6380101071301437e+17], "unrealized_pnl_4": [515141, 173.09219329289704, 5833889591757.737], "unrealized_pnl_5": [515141, 5359.359372750498, 1580671619077412.2], "unrealized_pnl_6": [515141, 65.52057688263612, 4628921355588.003], "unrealized_pnl_7": [515141, 22.673957626908926, 388674230368.2681], "unrealized_pnl_8": [515141, 39.56868027011307, 626070037585.6373], "unrealized_pnl_9": [515141, 1395.1289782848523, 191259542625336.78], "margin_usage_ratio": [515141, 0.004166604761587961, 39.980110092061686]}, "pcr_min_ew": 0.9985626578068278, "pcr_max_ew": 0.9999999985683357}