{"r_count": 455938.0001, "r_mean": 0.004480751885260584, "r_var": 1323.772220738477, "tanh_k": 2.0, "feature_welford": {"unrealized_pnl": [455940, 52615.87495739006, 7.178984366679108e+16], "realized_pnl": [455940, 40325.84565499877, 9.910158312707776e+16], "compounded_returns": [455940, 17696.595455350573, 83500101371297.83], "balance": [455940, 32377359.270374887, 2.7034400616514978e+20], "position_value": [455940, 191363.2512458033, 1.4004245270360315e+17], "current_position_size": [455940, 956760.3366192386, 3.5010529432534774e+18], "last_log_ret": [455940, 0.009296581293818301, 1084.0632053581712], "sortino_ratio": [455940, 4.67828213222795, 2247549024.1782703], "rolling_pnl_sigma": [455940, 0.016522002398906447, 441.7164683723121], "portfolio_cash_ratio": [455940, 0.882131346833508, 27116.434083663597], "free_collateral": [455940, 32603471.25821753, 2.676834100001806e+20], "mm_reqs": [455940, 17918.965046553367, 5109015723319219.0], "unrealized_pnl_0": [455940, 9.956782611668022, 222316944889.80774], "unrealized_pnl_1": [455940, 9.974853388716646, 1906108480950.8074], "unrealized_pnl_2": [455940, 24068.168390944316, 8199772395713844.0], "unrealized_pnl_3": [455940, 49955.869625521824, 1.4134621581763678e+17], "unrealized_pnl_4": [455940, 176.23247814117366, 6021644437929.457], "unrealized_pnl_5": [455940, 4985.290316320873, 1342264771531735.0], "unrealized_pnl_6": [455940, 54.531426360617694, 3873384457131.1685], "unrealized_pnl_7": [455940, 22.83861064967938, 414160253596.63513], "unrealized_pnl_8": [455940, 36.3420375761963, 578485009093.9893], "unrealized_pnl_9": [455940, 1412.8830552382738, 161915656119926.38], "margin_usage_ratio": [455940, 0.004306331013416394, 36.75051049578155]}, "pcr_min_ew": 0.9996322410294638, "pcr_max_ew": 0.9999999952790791}