{"r_count": 448119.0001, "r_mean": 0.004418908701649462, "r_var": 1314.875003743376, "tanh_k": 2.0, "feature_welford": {"unrealized_pnl": [448121, 51040.020348416714, 6.5113986428318104e+16], "realized_pnl": [448121, 39490.989349180694, 8.975185430147419e+16], "compounded_returns": [448121, 17311.095873740178, 77853109893158.92], "balance": [448121, 31673822.469649516, 2.518331986943037e+20], "position_value": [448121, 190969.51878075287, 1.3562689198254715e+17], "current_position_size": [448121, 954786.0129107714, 3.3906632137711887e+18], "last_log_ret": [448121, 0.009273942950573173, 1075.1374017004227], "sortino_ratio": [448121, 5.073173942260521, 12148154876.855864], "rolling_pnl_sigma": [448121, 0.01660348380780767, 438.2779158092276], "portfolio_cash_ratio": [448121, 0.8814817531728493, 26829.051115819286], "free_collateral": [448121, 31898109.147414774, 2.4932145650200717e+20], "mm_reqs": [448121, 17764.938433196414, 4829174268807187.0], "unrealized_pnl_0": [448121, 9.34837029885608, 247293037790.45633], "unrealized_pnl_1": [448121, 7.202663275993408, 1738760078324.0142], "unrealized_pnl_2": [448121, 23976.376242431223, 8062261581480915.0], "unrealized_pnl_3": [448121, 48550.46559084631, 1.3036769313842934e+17], "unrealized_pnl_4": [448121, 171.08329970548658, 5461733736216.453], "unrealized_pnl_5": [448121, 4868.9128124400795, 1281501526493206.5], "unrealized_pnl_6": [448121, 62.42091641099813, 4317488442474.7515], "unrealized_pnl_7": [448121, 22.18297667958656, 364020917896.6789], "unrealized_pnl_8": [448121, 38.69162084401376, 593795913954.6656], "unrealized_pnl_9": [448121, 1390.8300796508458, 157279102602494.72], "margin_usage_ratio": [448121, 0.00432692888073742, 36.22994070132745]}, "pcr_min_ew": 0.9974165033028688, "pcr_max_ew": 0.9999999942476064}