{"r_count": 453704.0001, "r_mean": 0.004436064357839433, "r_var": 1321.0719526592345, "tanh_k": 2.0, "feature_welford": {"unrealized_pnl": [453706, 51426.923434146534, 6.680128977706611e+16], "realized_pnl": [453706, 39685.789905017446, 9.178381635553904e+16], "compounded_returns": [453706, 17391.781391477263, 79320397953846.88], "balance": [453706, 31810675.12210026, 2.566557603437375e+20], "position_value": [453706, 191586.92301700244, 1.3808626968843624e+17], "current_position_size": [453706, 957873.7917187711, 3.4521478271806577e+18], "last_log_ret": [453706, 0.009281484779284936, 1081.1839860195294], "sortino_ratio": [453706, 5.06036526889203, 12151106447.182499], "rolling_pnl_sigma": [453706, 0.01654322134986409, 440.59085422701907], "portfolio_cash_ratio": [453706, 0.8819097642372429, 27052.441433856762], "free_collateral": [453706, 32035902.90161287, 2.540891860802228e+20], "mm_reqs": [453706, 17828.207961070144, 4920543900033422.0], "unrealized_pnl_0": [453706, 9.02926995461557, 250062122212.6096], "unrealized_pnl_1": [453706, 7.608203466380346, 1755425856313.7134], "unrealized_pnl_2": [453706, 24153.515916467226, 8273096929379662.0], "unrealized_pnl_3": [453706, 48915.00838538146, 1.3362523749627506e+17], "unrealized_pnl_4": [453706, 171.29803642544442, 5494818186898.98], "unrealized_pnl_5": [453706, 4927.5343336665, 1310409715032420.0], "unrealized_pnl_6": [453706, 61.90817910351466, 4323837243436.183], "unrealized_pnl_7": [453706, 22.1564474583909, 364681469585.5986], "unrealized_pnl_8": [453706, 38.54769194290409, 594983929948.489], "unrealized_pnl_9": [453706, 1383.283227308994, 165289178685437.6], "margin_usage_ratio": [453706, 0.004311732406580412, 36.529726457952115]}, "pcr_min_ew": 0.9992050407367881, "pcr_max_ew": 0.9999999968642775}