{"r_count": 416843.0001, "r_mean": 0.004316848121303857, "r_var": 1280.4363748572598, "tanh_k": 2.0, "feature_welford": {"unrealized_pnl": [416845, 48889.55932265562, 5.785948038353209e+16], "realized_pnl": [416845, 38576.32863139763, 8.106784173929197e+16], "compounded_returns": [416845, 16878.77610307318, 70338467864645.37], "balance": [416845, 30962682.256941885, 2.273903181406795e+20], "position_value": [416845, 186831.54327913717, 1.2160718993775048e+17], "current_position_size": [416845, 934091.5196590124, 3.040169516963884e+18], "last_log_ret": [416845, 0.00923074665576232, 1041.561558180308], "sortino_ratio": [416845, 4.295628115676844, 1838699643.0942862], "rolling_pnl_sigma": [416845, 0.01697965266036368, 425.21651877371573], "portfolio_cash_ratio": [416845, 0.8788636450325745, 25596.955391110823], "free_collateral": [416845, 31181161.1188201, 2.251621396273508e+20], "mm_reqs": [416845, 17287.316102310113, 4299085693841624.5], "unrealized_pnl_0": [416845, 9.615709458586363, 225891463047.1018], "unrealized_pnl_1": [416845, 7.654222175468992, 1702232672091.062], "unrealized_pnl_2": [416845, 22951.084443583684, 6988787196856131.0], "unrealized_pnl_3": [416845, 46940.145319720395, 1.172104827284884e+17], "unrealized_pnl_4": [416845, 165.7637477670817, 5193094879816.896], "unrealized_pnl_5": [416845, 4677.645974622157, 1173590232772243.0], "unrealized_pnl_6": [416845, 60.18944581728685, 3944391453694.946], "unrealized_pnl_7": [416845, 21.703439243663155, 351261759577.2306], "unrealized_pnl_8": [416845, 38.63620136428924, 583747845878.8892], "unrealized_pnl_9": [416845, 1387.8878865912693, 146592023356414.72], "margin_usage_ratio": [416845, 0.004415451520607753, 34.510399071064946]}, "pcr_min_ew": 0.9977251054608548, "pcr_max_ew": 0.9999999999999769}