{"r_count": 323015.0001, "r_mean": 0.004012630234398193, "r_var": 1175.6044424603472, "tanh_k": 2.0, "feature_welford": {"unrealized_pnl": [323017, 42348.4890453294, 3.825896638384365e+16], "realized_pnl": [323017, 35507.553549387936, 5.581838560065815e+16], "compounded_returns": [323017, 15417.974650377682, 49696180210655.4], "balance": [323017, 28576414.509560864, 1.5990384703433264e+20], "position_value": [323017, 174827.1973426814, 8.436246033623218e+16], "current_position_size": [323017, 874059.662385404, 2.1090477985996751e+18], "last_log_ret": [323017, 0.009064199108288498, 940.1197407940191], "sortino_ratio": [323017, 4.384963189543135, 1223264489.421507], "rolling_pnl_sigma": [323017, 0.018474805049152897, 382.8843222057092], "portfolio_cash_ratio": [323017, 0.8685123474459316, 21768.501900244322], "free_collateral": [323017, 28777670.329810336, 1.5847312238110523e+20], "mm_reqs": [323017, 15975.93578141889, 2870285251593929.0], "unrealized_pnl_0": [323017, 12.305662736897807, 201244766833.5486], "unrealized_pnl_1": [323017, 10.681704751533223, 1625523360536.6655], "unrealized_pnl_2": [323017, 19482.531619537298, 4185998338942890.5], "unrealized_pnl_3": [323017, 41889.480145537724, 7.893970259086258e+16], "unrealized_pnl_4": [323017, 143.46061810653, 4133650398755.733], "unrealized_pnl_5": [323017, 3908.395783448751, 784932618001776.9], "unrealized_pnl_6": [323017, 57.37566635794205, 3200989015751.246], "unrealized_pnl_7": [323017, 19.85120005764021, 311560120581.70325], "unrealized_pnl_8": [323017, 35.40237443609696, 482486164660.0911], "unrealized_pnl_9": [323017, 1254.803470572013, 103290847249935.61], "margin_usage_ratio": [323017, 0.004768773438345723, 29.220707556424543]}, "pcr_min_ew": 0.9958299901400814, "pcr_max_ew": 0.9998772688050507}