{"r_count": 433598.0001, "r_mean": 0.004416915379456325, "r_var": 1298.7768458118992, "tanh_k": 2.0, "feature_welford": {"unrealized_pnl": [433600, 51107.40305492884, 6.431654269877991e+16], "realized_pnl": [433600, 39592.890208794495, 9.04386061444974e+16], "compounded_returns": [433600, 17357.475464453742, 77826006731534.72], "balance": [433600, 31800799.335428186, 2.5195569451377538e+20], "position_value": [433600, 189580.7935838079, 1.302952190098014e+17], "current_position_size": [433600, 947839.0819741659, 3.257364542781317e+18], "last_log_ret": [433600, 0.009264537814806984, 1059.7456218379784], "sortino_ratio": [433600, 4.425894346407413, 2623049861.880964], "rolling_pnl_sigma": [433600, 0.016771367038974097, 432.2103597050336], "portfolio_cash_ratio": [433600, 0.8803423060028223, 26252.95401070959], "free_collateral": [433600, 32023889.2527256, 2.495278085257429e+20], "mm_reqs": [433600, 17649.638657160613, 4663782023354652.0], "unrealized_pnl_0": [433600, 10.211699978173622, 247783123854.92792], "unrealized_pnl_1": [433600, 15.182387321398728, 2120700119302.7017], "unrealized_pnl_2": [433600, 23716.109469759755, 7585128286527891.0], "unrealized_pnl_3": [433600, 49160.09872534819, 1.314557563128791e+17], "unrealized_pnl_4": [433600, 163.47109860456217, 5274213923154.15], "unrealized_pnl_5": [433600, 4700.018375012202, 1158112511898263.8], "unrealized_pnl_6": [433600, 53.78980661649658, 3934803611976.296], "unrealized_pnl_7": [433600, 19.79581765137969, 427912730974.65045], "unrealized_pnl_8": [433600, 36.38693286440201, 526049160476.4596], "unrealized_pnl_9": [433600, 1393.9948109125494, 149116838592889.3], "margin_usage_ratio": [433600, 0.004367044419014648, 35.493000961082764]}, "pcr_min_ew": 0.9929821896023685, "pcr_max_ew": 1.0000000000000062}