{"r_count": 364344.0001, "r_mean": 0.004181295681303699, "r_var": 1221.640327833488, "tanh_k": 2.0, "feature_welford": {"unrealized_pnl": [364346, 45138.83732955367, 4.625299922632608e+16], "realized_pnl": [364346, 37067.05980885201, 6.712621082963583e+16], "compounded_returns": [364346, 16168.415158755019, 59197683813831.695], "balance": [364346, 29802258.147250768, 1.9069337790008898e+20], "position_value": [364346, 179831.65445324124, 9.941271704113648e+16], "current_position_size": [364346, 899089.6294739159, 2.4853024980381445e+18], "last_log_ret": [364346, 0.009148852044857287, 984.7367761121382], "sortino_ratio": [364346, 4.570459691022098, 1911347297.6118119], "rolling_pnl_sigma": [364346, 0.017735510037316212, 402.1164184815656], "portfolio_cash_ratio": [364346, 0.8736412459082908, 23503.960991409363], "free_collateral": [364346, 30010755.478640627, 1.8892374330676747e+20], "mm_reqs": [364346, 16523.259224871766, 3464483689976550.0], "unrealized_pnl_0": [364346, 10.618633235558125, 211075824539.29037], "unrealized_pnl_1": [364346, 8.938584785647574, 2190829043332.0964], "unrealized_pnl_2": [364346, 21047.090812163326, 5294003536319139.0], "unrealized_pnl_3": [364346, 44040.526659121795, 9.435107016931766e+16], "unrealized_pnl_4": [364346, 154.55693334043858, 4452070683291.376], "unrealized_pnl_5": [364346, 4098.830665816982, 893276648263539.6], "unrealized_pnl_6": [364346, 53.38885745410658, 3489712477603.148], "unrealized_pnl_7": [364346, 19.92522956244871, 332414303232.4134], "unrealized_pnl_8": [364346, 35.94295164558178, 500535836539.4939], "unrealized_pnl_9": [364346, 1288.8021501750982, 116685955844114.08], "margin_usage_ratio": [364346, 0.004593223336755877, 31.606503579873586]}, "pcr_min_ew": 0.9977327215425652, "pcr_max_ew": 0.9999999999999825}