{"r_count": 536362.0001000001, "r_mean": 0.004670917874899678, "r_var": 1413.817727050532, "tanh_k": 2.0, "feature_welford": {"unrealized_pnl": [536364, 55840.16821019482, 8.944113893708893e+16], "realized_pnl": [536364, 42158.71811239028, 1.2636111512499573e+17], "compounded_returns": [536364, 18540.96442915572, 103105630638837.1], "balance": [536364, 33825571.30545912, 3.367582059820101e+20], "position_value": [536364, 198992.75477083752, 1.7604169203179584e+17], "current_position_size": [536364, 994908.9340344147, 4.4010337651771776e+18], "last_log_ret": [536364, 0.00938140992694584, 1171.9028254604914], "sortino_ratio": [536364, 5.0815629392086725, 13907213445.61984], "rolling_pnl_sigma": [536364, 0.015759408313726617, 475.3288478290973], "portfolio_cash_ratio": [536364, 0.8873454683506157, 30340.078920143544], "free_collateral": [536364, 34061811.26268049, 3.332727365795695e+20], "mm_reqs": [536364, 18652.334777265736, 6495002468717891.0], "unrealized_pnl_0": [536364, 8.960687686318133, 248071092976.62686], "unrealized_pnl_1": [536364, 5.547199188974343, 1881944911993.3323], "unrealized_pnl_2": [536364, 26480.743654668975, 1.0876801309678882e+16], "unrealized_pnl_3": [536364, 52383.367555030294, 1.8072071112546893e+17], "unrealized_pnl_4": [536364, 167.2659685246591, 6288506484080.779], "unrealized_pnl_5": [536364, 5482.816627477499, 1612855523925753.0], "unrealized_pnl_6": [536364, 62.618872503842546, 4471134265371.703], "unrealized_pnl_7": [536364, 21.57629313613045, 451008377553.1983], "unrealized_pnl_8": [536364, 38.65231179194365, 584898780205.2782], "unrealized_pnl_9": [536364, 1347.4228030592558, 195428344910312.66], "margin_usage_ratio": [536364, 0.004122529055203238, 41.24733353876304]}, "pcr_min_ew": 0.9985386836512263, "pcr_max_ew": 1.000000000000077}