{"r_count": 460406.0001, "r_mean": 0.004476560810543387, "r_var": 1328.4911302726996, "tanh_k": 2.0, "feature_welford": {"unrealized_pnl": [460408, 52148.35031914969, 7.0187349433615896e+16], "realized_pnl": [460408, 40113.42152749571, 9.766517545665728e+16], "compounded_returns": [460408, 17645.718455059694, 83233145091265.06], "balance": [460408, 32268636.816799466, 2.698675685844289e+20], "position_value": [460408, 191760.24369727404, 1.417186952394826e+17], "current_position_size": [460408, 958741.127712761, 3.542958078245869e+18], "last_log_ret": [460408, 0.009297037212306878, 1088.520522887024], "sortino_ratio": [460408, 6.616205195911429, 216306395093.3462], "rolling_pnl_sigma": [460408, 0.016461195852596356, 443.6064964440916], "portfolio_cash_ratio": [460408, 0.882489255182646, 27324.22369517842], "free_collateral": [460408, 32494686.545710266, 2.6717462141242203e+20], "mm_reqs": [460408, 17920.51869442439, 5158999159332364.0], "unrealized_pnl_0": [460408, 9.553879788361838, 220692877546.11694], "unrealized_pnl_1": [460408, 11.443572933017265, 1902792451576.49], "unrealized_pnl_2": [460408, 24408.941468654662, 8538753748062199.0], "unrealized_pnl_3": [460408, 49536.816938927346, 1.4168295412934213e+17], "unrealized_pnl_4": [460408, 169.3870643625751, 5931456205667.469], "unrealized_pnl_5": [460408, 4894.760631910173, 1265663591129007.0], "unrealized_pnl_6": [460408, 66.18195339662238, 4178350933711.344], "unrealized_pnl_7": [460408, 21.75311568940644, 387415799506.091], "unrealized_pnl_8": [460408, 37.296756103134655, 634959903593.0537], "unrealized_pnl_9": [460408, 1399.986726801964, 169374808853728.97], "margin_usage_ratio": [460408, 0.004290777630331865, 36.93794996253951]}, "pcr_min_ew": 0.9940121984996462, "pcr_max_ew": 0.9999999985044886}