{"r_count": 424662.0001, "r_mean": 0.00435867905129458, "r_var": 1289.3519874171277, "tanh_k": 2.0, "feature_welford": {"unrealized_pnl": [424664, 49269.09570132517, 5.9937270574430536e+16], "realized_pnl": [424664, 38880.63830874459, 8.53176185776908e+16], "compounded_returns": [424664, 17068.414017067993, 73301323247228.61], "balance": [424664, 31308403.783315387, 2.3748857004168102e+20], "position_value": [424664, 186581.06664622374, 1.2350175231949498e+17], "current_position_size": [424664, 932852.3193834373, 3.087531325408767e+18], "last_log_ret": [424664, 0.009245472273481558, 1050.4024733798565], "sortino_ratio": [424664, 4.440865581577331, 1759508283.5841572], "rolling_pnl_sigma": [424664, 0.016876207388077723, 428.8231295887813], "portfolio_cash_ratio": [424664, 0.8797033847377933, 25879.94824517963], "free_collateral": [424664, 31527102.858422875, 2.3516976096422707e+20], "mm_reqs": [424664, 17205.06034572251, 4364709469653280.0], "unrealized_pnl_0": [424664, 11.300407185183293, 261176370108.76285], "unrealized_pnl_1": [424664, 12.035114282728186, 2000113447865.4824], "unrealized_pnl_2": [424664, 23180.475402045104, 7343627497027192.0], "unrealized_pnl_3": [424664, 47117.666646863705, 1.2228782690608078e+17], "unrealized_pnl_4": [424664, 167.59777047132448, 5446847705679.359], "unrealized_pnl_5": [424664, 4709.882244010514, 1178414644484346.2], "unrealized_pnl_6": [424664, 58.10392249229519, 3703751054465.233], "unrealized_pnl_7": [424664, 22.51836351480811, 348308050619.0937], "unrealized_pnl_8": [424664, 37.34067163750222, 543993810224.4829], "unrealized_pnl_9": [424664, 1386.4390951237526, 150351675143827.16], "margin_usage_ratio": [424664, 0.0043834287888351526, 34.89417563193618]}, "pcr_min_ew": 0.9988200086469256, "pcr_max_ew": 0.9999999991964091}