{"r_count": 368812.0001, "r_mean": 0.004193165167107136, "r_var": 1226.6021067380027, "tanh_k": 2.0, "feature_welford": {"unrealized_pnl": [368814, 45493.441121334574, 4.703882644173085e+16], "realized_pnl": [368814, 37196.86505641891, 6.802454955482102e+16], "compounded_returns": [368814, 16226.539058779072, 60146418981755.625], "balance": [368814, 29894618.840222333, 1.9389173943989354e+20], "position_value": [368814, 180575.93020214976, 1.0127308071795776e+17], "current_position_size": [368814, 902811.8397920924, 2.531811776120796e+18], "last_log_ret": [368814, 0.009156124755515837, 989.5247319865017], "sortino_ratio": [368814, 4.582846677536456, 1918947571.8955524], "rolling_pnl_sigma": [368814, 0.017663662049369328, 404.0656408632739], "portfolio_cash_ratio": [368814, 0.8741333798750596, 23683.3074732111], "free_collateral": [368814, 30104119.33210972, 1.9208989350297364e+20], "mm_reqs": [368814, 16617.289455178758, 3534232288624628.0], "unrealized_pnl_0": [368814, 10.492756842337789, 211087794024.01288], "unrealized_pnl_1": [368814, 8.722553509859216, 2201408345369.7466], "unrealized_pnl_2": [368814, 21196.247859000538, 5411862655769797.0], "unrealized_pnl_3": [368814, 44179.238608689106, 9.525043323331189e+16], "unrealized_pnl_4": [368814, 156.12208996485705, 4498031074160.505], "unrealized_pnl_5": [368814, 4140.731560675349, 912519311367790.2], "unrealized_pnl_6": [368814, 53.38261580081843, 3509896189975.1357], "unrealized_pnl_7": [368814, 20.06253403767979, 333287696259.3519], "unrealized_pnl_8": [368814, 36.10617636796861, 504268784511.95667], "unrealized_pnl_9": [368814, 1295.3980817474485, 118691871619675.0], "margin_usage_ratio": [368814, 0.004576766402001544, 31.851019250359332]}, "pcr_min_ew": 0.9944571739257394, "pcr_max_ew": 0.9999999999999756}