{"r_count": 396737.0001, "r_mean": 0.004303349574531714, "r_var": 1258.0007786481947, "tanh_k": 2.0, "feature_welford": {"unrealized_pnl": [396739, 48451.986297729294, 5.5324417503992024e+16], "realized_pnl": [396739, 38361.904503397855, 7.837083370984152e+16], "compounded_returns": [396739, 16798.692959484582, 68243097922410.64], "balance": [396739, 30874904.490912236, 2.2056597527143786e+20], "position_value": [396739, 184901.94778783098, 1.1415095956452294e+17], "current_position_size": [396739, 924438.8266061578, 2.853756738522167e+18], "last_log_ret": [396739, 0.009209338422048574, 1020.0751145255], "sortino_ratio": [396739, 4.404203354029336, 2517482174.0045395], "rolling_pnl_sigma": [396739, 0.017247605642431888, 416.55095145347], "portfolio_cash_ratio": [396739, 0.8770019652005261, 24804.321916079865], "free_collateral": [396739, 31091203.137166116, 2.184838795875857e+20], "mm_reqs": [396739, 17096.406579912986, 4027076773419432.0], "unrealized_pnl_0": [396739, 10.921123085768658, 239038121512.9241], "unrealized_pnl_1": [396739, 10.36860482808519, 1676406778855.2], "unrealized_pnl_2": [396739, 22359.541325626655, 6313597540159421.0], "unrealized_pnl_3": [396739, 47141.08308632902, 1.1400011305024624e+17], "unrealized_pnl_4": [396739, 157.36683771656928, 4654070662792.35], "unrealized_pnl_5": [396739, 4453.99429535919, 1016281436001410.0], "unrealized_pnl_6": [396739, 57.20173919843606, 3619280149160.922], "unrealized_pnl_7": [396739, 19.487948005519016, 402167402673.3915], "unrealized_pnl_8": [396739, 35.811287191938504, 509390740119.2844], "unrealized_pnl_9": [396739, 1350.9449079517094, 130354909395733.42], "margin_usage_ratio": [396739, 0.004481106964057085, 33.490926045425]}, "pcr_min_ew": 0.9987983639062777, "pcr_max_ew": 1.0000000000000597}