{"r_count": 346472.0001, "r_mean": 0.004118526405184999, "r_var": 1201.7782680235775, "tanh_k": 2.0, "feature_welford": {"unrealized_pnl": [346474, 44415.202118592584, 4.397573057163984e+16], "realized_pnl": [346474, 36554.245087044364, 6.387401754783357e+16], "compounded_returns": [346474, 15929.066342420705, 55819227035255.74], "balance": [346474, 29421789.371499017, 1.7954512082288263e+20], "position_value": [346474, 177774.52636234128, 9.328985165967842e+16], "current_position_size": [346474, 888806.3321893634, 2.3322324290916147e+18], "last_log_ret": [346474, 0.009117623004059033, 965.4850788256751], "sortino_ratio": [346474, 4.522293359882618, 1261173020.8756783], "rolling_pnl_sigma": [346474, 0.018032736185352526, 393.95668337349827], "portfolio_cash_ratio": [346474, 0.8715451787079869, 22757.325896981012], "free_collateral": [346474, 29627681.103536133, 1.7791213141085035e+20], "mm_reqs": [346474, 16352.481600875886, 3242544169767015.5], "unrealized_pnl_0": [346474, 11.871216164011988, 202675794783.60263], "unrealized_pnl_1": [346474, 12.52664030239985, 1698881846694.3254], "unrealized_pnl_2": [346474, 20341.43131601008, 4783636875332399.0], "unrealized_pnl_3": [346474, 43806.10505122325, 9.05046435764222e+16], "unrealized_pnl_4": [346474, 149.74847575638944, 4469700483347.149], "unrealized_pnl_5": [346474, 4014.0295165411217, 831611478711599.0], "unrealized_pnl_6": [346474, 54.30488316044927, 3275132398865.407], "unrealized_pnl_7": [346474, 20.472978588130385, 332268032350.1839], "unrealized_pnl_8": [346474, 35.52952798552502, 490882038830.77466], "unrealized_pnl_9": [346474, 1273.560655833978, 111051875405028.38], "margin_usage_ratio": [346474, 0.004668847931522516, 30.65158711289687]}, "pcr_min_ew": 0.9986042679166947, "pcr_max_ew": 0.999999984875735}