{"r_count": 491682.0001, "r_mean": 0.00456968201890543, "r_var": 1363.1409564292499, "tanh_k": 2.0, "feature_welford": {"unrealized_pnl": [491684, 53821.926499003115, 7.819113694798592e+16], "realized_pnl": [491684, 41064.03649205405, 1.0828849982115774e+17], "compounded_returns": [491684, 18053.867305494165, 91779139604617.44], "balance": [491684, 32964524.82502231, 2.980615716258357e+20], "position_value": [491684, 194937.1639998491, 1.5510184098973795e+17], "current_position_size": [491684, 974624.7994715163, 3.877536456577694e+18], "last_log_ret": [491684, 0.0093346384186133, 1122.4823739328303], "sortino_ratio": [491684, 6.306485265708458, 488719581094.55273], "rolling_pnl_sigma": [491684, 0.01615955708419594, 456.52617277457284], "portfolio_cash_ratio": [491684, 0.8846390318245209, 28588.77651256971], "free_collateral": [491684, 33195073.09070831, 2.9507089474739805e+20], "mm_reqs": [491684, 18270.433339978004, 5714586362918251.0], "unrealized_pnl_0": [491684, 8.442898064682902, 225191637986.99347], "unrealized_pnl_1": [491684, 6.300972025389279, 2411989683313.5312], "unrealized_pnl_2": [491684, 25302.531990945205, 9456387996430030.0], "unrealized_pnl_3": [491684, 50629.4044770291, 1.5389127090653434e+17], "unrealized_pnl_4": [491684, 175.35879421435695, 5753308836848.969], "unrealized_pnl_5": [491684, 5108.433529004232, 1413354256949925.2], "unrealized_pnl_6": [491684, 56.89460324965646, 4042381629550.6973], "unrealized_pnl_7": [491684, 22.46739951788305, 489663553792.5586], "unrealized_pnl_8": [491684, 38.83745576451432, 608075655478.1897], "unrealized_pnl_9": [491684, 1351.9429316466835, 168063511369976.97], "margin_usage_ratio": [491684, 0.004217033453141217, 38.73727944004353]}, "pcr_min_ew": 0.9996536985733294, "pcr_max_ew": 1.0000000000000417}