{"r_count": 537479.0001000001, "r_mean": 0.004667868172313832, "r_var": 1413.9109773623973, "tanh_k": 2.0, "feature_welford": {"unrealized_pnl": [537481, 55966.94655179827, 8.861785157449384e+16], "realized_pnl": [537481, 41914.64549115966, 1.225001363107921e+17], "compounded_returns": [537481, 18493.979321099523, 102163871157947.12], "balance": [537481, 33699654.17225864, 3.327962979042417e+20], "position_value": [537481, 199177.34730168365, 1.75975016702139e+17], "current_position_size": [537481, 995828.9445184871, 4.399363409183797e+18], "last_log_ret": [537481, 0.009379342932427084, 1171.9183896898078], "sortino_ratio": [537481, 6.501200916816585, 216931796613.8961], "rolling_pnl_sigma": [537481, 0.01574955605772346, 475.4148956300198], "portfolio_cash_ratio": [537481, 0.887403700272183, 30396.297197970605], "free_collateral": [537481, 33936222.65746016, 3.293180211403706e+20], "mm_reqs": [537481, 18630.303607634967, 6430951927227780.0], "unrealized_pnl_0": [537481, 8.6735671329218, 259820508041.7628], "unrealized_pnl_1": [537481, 9.097423464599059, 2110481223608.662], "unrealized_pnl_2": [537481, 26431.374247955457, 1.1062475214808572e+16], "unrealized_pnl_3": [537481, 52246.04335349691, 1.77635985219802e+17], "unrealized_pnl_4": [537481, 173.2094646716534, 6738980758264.637], "unrealized_pnl_5": [537481, 5623.916991512663, 1698793598500663.0], "unrealized_pnl_6": [537481, 67.18834594554173, 4564195852014.044], "unrealized_pnl_7": [537481, 21.62978270503029, 435956255248.53265], "unrealized_pnl_8": [537481, 37.59645341940197, 688651653839.006], "unrealized_pnl_9": [537481, 1399.7828366208817, 208943948534078.34], "margin_usage_ratio": [537481, 0.004120701747451674, 41.25528236875331]}, "pcr_min_ew": 0.9987347645137434, "pcr_max_ew": 0.9999999950457622}