{"r_count": 511788.0001, "r_mean": 0.004623665411862262, "r_var": 1385.832994663329, "tanh_k": 2.0, "feature_welford": {"unrealized_pnl": [511790, 55218.19270049461, 8.498546545262038e+16], "realized_pnl": [511790, 41659.410474046024, 1.1662427021298875e+17], "compounded_returns": [511790, 18329.718322890443, 97078041773264.83], "balance": [511790, 33447409.76590895, 3.1555275434424566e+20], "position_value": [511790, 196558.99983361285, 1.6371519713847632e+17], "current_position_size": [511790, 982741.0865340995, 4.0928726134640573e+18], "last_log_ret": [511790, 0.009359302117652924, 1144.6431653057102], "sortino_ratio": [511790, 5.210644473762841, 3540834062.79537], "rolling_pnl_sigma": [511790, 0.015975580339617965, 464.9106082743389], "portfolio_cash_ratio": [511790, 0.8859120126494446, 29336.920684324687], "free_collateral": [511790, 33680866.5742938, 3.1231692601546074e+20], "mm_reqs": [511790, 18373.00346118878, 5957225826650986.0], "unrealized_pnl_0": [511790, 9.196371390501941, 224188167470.09702], "unrealized_pnl_1": [511790, 10.2123010931723, 2051731151858.403], "unrealized_pnl_2": [511790, 25559.151289816637, 9929447846096582.0], "unrealized_pnl_3": [511790, 52046.16287435589, 1.6816213767693136e+17], "unrealized_pnl_4": [511790, 177.70549876514403, 6573142365649.066], "unrealized_pnl_5": [511790, 5404.205868819867, 1596150121473546.2], "unrealized_pnl_6": [511790, 56.316615389019084, 4304519916077.933], "unrealized_pnl_7": [511790, 22.079079986157154, 454319821249.0535], "unrealized_pnl_8": [511790, 37.18211753820441, 606608982146.3661], "unrealized_pnl_9": [511790, 1424.4388356715533, 187342776132594.3], "margin_usage_ratio": [511790, 0.004174903323507242, 39.841909807970225]}, "pcr_min_ew": 0.9979202505179989, "pcr_max_ew": 0.9999999989076878}