{"r_count": 339770.0001, "r_mean": 0.004082924224792742, "r_var": 1194.0372498639913, "tanh_k": 2.0, "feature_welford": {"unrealized_pnl": [339772, 43699.87495641773, 4.12880880701809e+16], "realized_pnl": [339772, 36197.58214171069, 6.003975332991298e+16], "compounded_returns": [339772, 15745.555786767334, 53520285434073.8], "balance": [339772, 29099124.63944754, 1.7213189516039075e+20], "position_value": [339772, 177559.97824798367, 9.113138939798944e+16], "current_position_size": [339772, 887732.2553117059, 2.2782708309917412e+18], "last_log_ret": [339772, 0.009100794639492073, 957.9556915346134], "sortino_ratio": [339772, 4.257269986630709, 991041696.3972554], "rolling_pnl_sigma": [339772, 0.018149613188627546, 390.5730037473083], "portfolio_cash_ratio": [339772, 0.8706975219107946, 22473.13392000879], "free_collateral": [339772, 29304156.818810713, 1.7056358753134618e+20], "mm_reqs": [339772, 16272.428173325761, 3129285747591224.0], "unrealized_pnl_0": [339772, 11.807087436686828, 201506115764.92908], "unrealized_pnl_1": [339772, 11.609810977541187, 1624222704511.9275], "unrealized_pnl_2": [339772, 20145.40863554525, 4642318908984400.0], "unrealized_pnl_3": [339772, 42983.723793135956, 8.513793335117213e+16], "unrealized_pnl_4": [339772, 148.51094711448934, 4202897288332.9614], "unrealized_pnl_5": [339772, 4145.020217479345, 878166178026577.8], "unrealized_pnl_6": [339772, 56.19273897249001, 3273299740349.9844], "unrealized_pnl_7": [339772, 20.08943380692559, 316090207506.8732], "unrealized_pnl_8": [339772, 36.99909978391296, 499647788141.46313], "unrealized_pnl_9": [339772, 1291.9483571595313, 112134692431233.75], "margin_usage_ratio": [339772, 0.004695373553621588, 30.189688357937666]}, "pcr_min_ew": 0.9987679388710059, "pcr_max_ew": 1.000000000000051}