{"r_count": 342004.0001, "r_mean": 0.004094745766677918, "r_var": 1196.1843407455406, "tanh_k": 2.0, "feature_welford": {"unrealized_pnl": [342006, 43990.28642282429, 4.192942209826298e+16], "realized_pnl": [342006, 36367.07775371686, 6.123988862930479e+16], "compounded_returns": [342006, 15801.472888572087, 54357621119355.4], "balance": [342006, 29169951.792051565, 1.7423952779286466e+20], "position_value": [342006, 177510.47377082982, 9.146098014245173e+16], "current_position_size": [342006, 887486.5499880705, 2.2865099739653573e+18], "last_log_ret": [342006, 0.009105375649740321, 959.9466647881328], "sortino_ratio": [342006, 4.9350791674222885, 8704121866.144596], "rolling_pnl_sigma": [342006, 0.01810978585906502, 391.36999739620387], "portfolio_cash_ratio": [342006, 0.8709707991514656, 22587.32736704655], "free_collateral": [342006, 29375253.38959993, 1.7265347916992846e+20], "mm_reqs": [342006, 16247.209674394124, 3118337375651738.0], "unrealized_pnl_0": [342006, 11.951904934336556, 227789583738.01846], "unrealized_pnl_1": [342006, 12.38352528454138, 1630312629148.5757], "unrealized_pnl_2": [342006, 20206.069390626406, 4677592101272507.0], "unrealized_pnl_3": [342006, 43053.50411774066, 8.5735351668576e+16], "unrealized_pnl_4": [342006, 155.79279005639998, 4343672063870.87], "unrealized_pnl_5": [342006, 4203.468579636288, 885231222352233.5], "unrealized_pnl_6": [342006, 54.78924546708074, 3147387409984.3394], "unrealized_pnl_7": [342006, 20.63715178444707, 321224643611.69934], "unrealized_pnl_8": [342006, 35.69818073964602, 497479937068.76196], "unrealized_pnl_9": [342006, 1281.1115668250675, 110498435762181.9], "margin_usage_ratio": [342006, 0.004687768417167538, 30.394836767679397]}, "pcr_min_ew": 0.9977184129351754, "pcr_max_ew": 0.9999999174029615}