{"r_count": 488331.0001, "r_mean": 0.004533612125668818, "r_var": 1359.5991854850135, "tanh_k": 2.0, "feature_welford": {"unrealized_pnl": [488333, 53167.1932424534, 7.492389048725278e+16], "realized_pnl": [488333, 40585.78329250869, 1.0378341972416378e+17], "compounded_returns": [488333, 17840.268141610857, 88196386046412.34], "balance": [488333, 32578032.67152152, 2.8635778379313073e+20], "position_value": [488333, 194812.3574613953, 1.5313516473693344e+17], "current_position_size": [488333, 974000.5727438397, 3.8283702946863094e+18], "last_log_ret": [488333, 0.009323811890627701, 1118.7933997905054], "sortino_ratio": [488333, 5.074066302166368, 12215079811.592968], "rolling_pnl_sigma": [488333, 0.01618478770972223, 455.0181814899686], "portfolio_cash_ratio": [488333, 0.8843956310567057, 28429.22780647988], "free_collateral": [488333, 32807899.2291687, 2.8343589957070016e+20], "mm_reqs": [488333, 18158.703120418642, 5515753121131207.0], "unrealized_pnl_0": [488333, 8.636081218678804, 256623497053.64053], "unrealized_pnl_1": [488333, 7.607055223775611, 1877260969330.4822], "unrealized_pnl_2": [488333, 25156.10359661024, 9416970922966656.0], "unrealized_pnl_3": [488333, 50269.60626078795, 1.508734727789265e+17], "unrealized_pnl_4": [488333, 172.13391620735345, 5677122374422.816], "unrealized_pnl_5": [488333, 5153.555551277448, 1451864550991118.8], "unrealized_pnl_6": [488333, 63.188160788686886, 4427334400573.249], "unrealized_pnl_7": [488333, 22.697728666183355, 372043172115.03436], "unrealized_pnl_8": [488333, 39.00815186514318, 609674235942.7623], "unrealized_pnl_9": [488333, 1383.524019619798, 180505313766584.62], "margin_usage_ratio": [488333, 0.004224946868199052, 38.481471878260066]}, "pcr_min_ew": 0.9982502172231665, "pcr_max_ew": 0.999999999999935}