{"r_count": 539713.0001000001, "r_mean": 0.004680271217267441, "r_var": 1417.4788963710444, "tanh_k": 2.0, "feature_welford": {"unrealized_pnl": [539715, 56050.19737072744, 9.065627535940995e+16], "realized_pnl": [539715, 42274.598945705846, 1.2789269513145795e+17], "compounded_returns": [539715, 18587.909225745116, 104178136090987.83], "balance": [539715, 33905647.2933651, 3.40273787004806e+20], "position_value": [539715, 199323.93015095903, 1.7774360566582387e+17], "current_position_size": [539715, 996565.1508164103, 4.4435817041061135e+18], "last_log_ret": [539715, 0.009385067852442565, 1175.5020468914936], "sortino_ratio": [539715, 5.107346720290604, 13925963264.60819], "rolling_pnl_sigma": [539715, 0.015732682496748838, 476.68944482384273], "portfolio_cash_ratio": [539715, 0.8875284660208131, 30472.54738095025], "free_collateral": [539715, 34142384.93205354, 3.3674856255143104e+20], "mm_reqs": [539715, 18696.18325512245, 6573192516480731.0], "unrealized_pnl_0": [539715, 8.916378739415055, 248077117354.43533], "unrealized_pnl_1": [539715, 5.470283933081074, 1882275378800.4724], "unrealized_pnl_2": [539715, 26578.68010292892, 1.1020532965468778e+16], "unrealized_pnl_3": [539715, 52572.03677004598, 1.8299335804346282e+17], "unrealized_pnl_4": [539715, 167.30201085922124, 6311164908513.462], "unrealized_pnl_5": [539715, 5492.478995746745, 1622383385162165.5], "unrealized_pnl_6": [539715, 62.575794106130935, 4481377628048.045], "unrealized_pnl_7": [539715, 21.574139409991027, 451291804110.49243], "unrealized_pnl_8": [539715, 38.74060222508515, 589360832476.4346], "unrealized_pnl_9": [539715, 1348.1072024604152, 196641606543294.6], "margin_usage_ratio": [539715, 0.0041167518463374395, 41.44609991254125]}, "pcr_min_ew": 0.9981144839289844, "pcr_max_ew": 0.9999999360029823}