{"r_count": 450353.0001, "r_mean": 0.0044500788974675964, "r_var": 1317.1050858099602, "tanh_k": 2.0, "feature_welford": {"unrealized_pnl": [450355, 51234.31520949259, 6.747135995890851e+16], "realized_pnl": [450355, 39927.104771382, 9.448491398244226e+16], "compounded_returns": [450355, 17482.742463507962, 80542015793158.77], "balance": [450355, 31982595.996015593, 2.605746915112941e+20], "position_value": [450355, 190140.04040436866, 1.3556897237355504e+17], "current_position_size": [450355, 950633.7301368489, 3.389213178859634e+18], "last_log_ret": [450355, 0.009282394510356114, 1077.5124533072633], "sortino_ratio": [450355, 6.15457936172127, 481398966590.55035], "rolling_pnl_sigma": [450355, 0.016577392562582303, 439.26285590540834], "portfolio_cash_ratio": [450355, 0.8817132904458858, 26934.852995925427], "free_collateral": [450355, 32206289.408531778, 2.5800708487464475e+20], "mm_reqs": [450355, 17737.19591834463, 4939655630704711.0], "unrealized_pnl_0": [450355, 9.119191891795793, 222398591541.179], "unrealized_pnl_1": [450355, 6.179558941990889, 2332824619967.4956], "unrealized_pnl_2": [450355, 24079.888189412115, 8066400577423515.0], "unrealized_pnl_3": [450355, 48456.482482462416, 1.3269615351489605e+17], "unrealized_pnl_4": [450355, 168.09912437295762, 5260454095823.117], "unrealized_pnl_5": [450355, 4757.446874788926, 1233684907049217.5], "unrealized_pnl_6": [450355, 55.805489188068854, 3932220778751.8], "unrealized_pnl_7": [450355, 21.803833069867242, 458241040061.27637], "unrealized_pnl_8": [450355, 37.451631234093256, 557738348070.7622], "unrealized_pnl_9": [450355, 1359.3700865147923, 153523671722411.06], "margin_usage_ratio": [450355, 0.004316897391001401, 36.38456889529394]}, "pcr_min_ew": 0.9995368482897709, "pcr_max_ew": 0.9999998513616466}