{"r_count": 353174.0001, "r_mean": 0.0041494557088555106, "r_var": 1209.0423607233947, "tanh_k": 2.0, "feature_welford": {"unrealized_pnl": [353176, 44674.7447797415, 4.481391756020749e+16], "realized_pnl": [353176, 36835.656836855625, 6.527344249225019e+16], "compounded_returns": [353176, 16033.65385166563, 57206644328463.71], "balance": [353176, 29584969.305733085, 1.8408768063210714e+20], "position_value": [353176, 178908.5605269565, 9.569630536667984e+16], "current_position_size": [353176, 894474.1196244641, 2.3923934947520133e+18], "last_log_ret": [353176, 0.009130118614598117, 972.5460619143627], "sortino_ratio": [353176, 4.235986776602213, 1011576902.2553937], "rolling_pnl_sigma": [353176, 0.017929376676589222, 397.0988230138921], "portfolio_cash_ratio": [353176, 0.8723525632353569, 23030.78197606168], "free_collateral": [353176, 29792147.701600067, 1.824066427798243e+20], "mm_reqs": [353176, 16450.406970655247, 3342960987049142.5], "unrealized_pnl_0": [353176, 11.723427968557452, 211817253555.4613], "unrealized_pnl_1": [353176, 12.420074638758, 1649075911179.0415], "unrealized_pnl_2": [353176, 20500.2958376458, 4909259090223046.0], "unrealized_pnl_3": [353176, 43768.35625902901, 9.17424884668188e+16], "unrealized_pnl_4": [353176, 150.65025071246703, 4248032273711.405], "unrealized_pnl_5": [353176, 4191.929986239972, 905654769361094.0], "unrealized_pnl_6": [353176, 54.57244193390402, 3816762310087.6123], "unrealized_pnl_7": [353176, 20.88775315073933, 326183965303.60986], "unrealized_pnl_8": [353176, 35.92796938611248, 501408565336.72565], "unrealized_pnl_9": [353176, 1311.814282832719, 114008793025262.73], "margin_usage_ratio": [353176, 0.004637615907634767, 30.989603704208307]}, "pcr_min_ew": 0.9995036315654364, "pcr_max_ew": 0.999999977089334}