{"r_count": 305143.0001, "r_mean": 0.003927143537552503, "r_var": 1156.3729868913588, "tanh_k": 2.0, "feature_welford": {"unrealized_pnl": [305145, 40580.35584018558, 3.419457471116233e+16], "realized_pnl": [305145, 34748.998750735125, 5.132666044662063e+16], "compounded_returns": [305145, 15012.153104448129, 45268189701552.664], "balance": [305145, 27957709.22623269, 1.464580645891197e+20], "position_value": [305145, 172152.8171877021, 7.76256132757201e+16], "current_position_size": [305145, 860690.3180502455, 1.940624595147877e+18], "last_log_ret": [305145, 0.009020789648904615, 921.6478295713905], "sortino_ratio": [305145, 4.2935147664223745, 937714076.5081539], "rolling_pnl_sigma": [305145, 0.018835516491841984, 374.4139617864193], "portfolio_cash_ratio": [305145, 0.8661715617645465, 20963.421783671474], "free_collateral": [305145, 28154869.94329141, 1.4516364406182604e+20], "mm_reqs": [305145, 15617.318100302544, 2608127233997365.5], "unrealized_pnl_0": [305145, 12.7563308157061, 199219860707.151], "unrealized_pnl_1": [305145, 12.959940206261663, 1575330497906.3523], "unrealized_pnl_2": [305145, 18673.192237283096, 3694827411058311.5], "unrealized_pnl_3": [305145, 40536.6065138043, 7.1894025180291496e+16], "unrealized_pnl_4": [305145, 142.82900286836642, 3845287885629.1865], "unrealized_pnl_5": [305145, 3810.986434593184, 734660244099493.6], "unrealized_pnl_6": [305145, 55.4367025072489, 3082140086534.3745], "unrealized_pnl_7": [305145, 18.783667070128768, 301344948447.25214], "unrealized_pnl_8": [305145, 34.967229854787625, 474647748747.2524], "unrealized_pnl_9": [305145, 1224.2976547477142, 95821272587891.47], "margin_usage_ratio": [305145, 0.004847188447093007, 28.10974498601795]}, "pcr_min_ew": 0.9974196066545779, "pcr_max_ew": 0.9999999999999601}