{"r_count": 507320.0001, "r_mean": 0.0045986656194683916, "r_var": 1381.3426210379373, "tanh_k": 2.0, "feature_welford": {"unrealized_pnl": [507322, 54595.216787056204, 8.239508575781702e+16], "realized_pnl": [507322, 41438.66229064925, 1.1571454637063104e+17], "compounded_returns": [507322, 18211.185101444164, 95355846940649.62], "balance": [507322, 33251698.679495145, 3.106040915444735e+20], "position_value": [507322, 196550.2819422629, 1.6293354055623197e+17], "current_position_size": [507322, 982693.4329883215, 4.0733292573317924e+18], "last_log_ret": [507322, 0.009351467278749193, 1140.115818640998], "sortino_ratio": [507322, 5.021752992047455, 13748366623.147812], "rolling_pnl_sigma": [507322, 0.016008545813843863, 463.25623617283674], "portfolio_cash_ratio": [507322, 0.8856681866020608, 29174.372228164128], "free_collateral": [507322, 33484473.107708614, 3.074382106029224e+20], "mm_reqs": [507322, 18430.676040922157, 5993090699924535.0], "unrealized_pnl_0": [507322, 9.516125033116332, 243596412658.92722], "unrealized_pnl_1": [507322, 5.805381895541816, 1850310875087.0105], "unrealized_pnl_2": [507322, 25764.93188794233, 9933384763233394.0], "unrealized_pnl_3": [507322, 51398.24528599909, 1.654356141373846e+17], "unrealized_pnl_4": [507322, 166.86910713953145, 6064851475565.031], "unrealized_pnl_5": [507322, 5246.815648984542, 1485698573986515.8], "unrealized_pnl_6": [507322, 58.859110875641946, 4277148966565.6187], "unrealized_pnl_7": [507322, 21.242499163401245, 438852104181.1438], "unrealized_pnl_8": [507322, 37.817108135784906, 569216347071.2031], "unrealized_pnl_9": [507322, 1365.1067960664004, 186432269808034.38], "margin_usage_ratio": [507322, 0.004180827773318985, 39.60010090623411]}, "pcr_min_ew": 0.9952595381358101, "pcr_max_ew": 0.9999999662365748}