{"r_count": 487214.0001, "r_mean": 0.004531441412302847, "r_var": 1358.3668546904798, "tanh_k": 2.0, "feature_welford": {"unrealized_pnl": [487216, 53125.777152378854, 7.474724470608045e+16], "realized_pnl": [487216, 40573.065458833495, 1.034520254426289e+17], "compounded_returns": [487216, 17831.008911166995, 87987097147025.86], "balance": [487216, 32563353.272480402, 2.8567417063800098e+20], "position_value": [487216, 194688.9501356559, 1.526586386339277e+17], "current_position_size": [487216, 973383.3957735522, 3.8164571052167194e+18], "last_log_ret": [487216, 0.009322745658927737, 1117.5934409179633], "sortino_ratio": [487216, 5.078440544662057, 12214870203.706339], "rolling_pnl_sigma": [487216, 0.01619599264790347, 454.56792693991105], "portfolio_cash_ratio": [487216, 0.8843193988120608, 28385.33222203529], "free_collateral": [487216, 32793064.617613535, 2.82762534688224e+20], "mm_reqs": [487216, 18148.97142658109, 5501052007557101.0], "unrealized_pnl_0": [487216, 8.650708039453686, 256621404074.4347], "unrealized_pnl_1": [487216, 7.623115246524354, 1877260007904.0808], "unrealized_pnl_2": [487216, 25115.22992159468, 9372020895627632.0], "unrealized_pnl_3": [487216, 50271.142209469974, 1.5047629031379123e+17], "unrealized_pnl_4": [487216, 172.2617657105479, 5675473434612.931], "unrealized_pnl_5": [487216, 5145.3552503079145, 1444968667216909.8], "unrealized_pnl_6": [487216, 63.19221519517565, 4425771630899.599], "unrealized_pnl_7": [487216, 22.67859165485634, 371891273827.3216], "unrealized_pnl_8": [487216, 39.02794136292101, 609434913772.5319], "unrealized_pnl_9": [487216, 1385.5774578921237, 180467145728728.03], "margin_usage_ratio": [487216, 0.004227685565518851, 38.42092282309357]}, "pcr_min_ew": 0.9991120707325961, "pcr_max_ew": 0.9999999999999845}