{"r_count": 369929.0001, "r_mean": 0.004203210152422037, "r_var": 1227.5676133829427, "tanh_k": 2.0, "feature_welford": {"unrealized_pnl": [369931, 46078.58419636209, 4.7968450518763416e+16], "realized_pnl": [369931, 37517.93244718945, 7.010817806999753e+16], "compounded_returns": [369931, 16315.67246281159, 61185270981625.56], "balance": [369931, 30033685.37105029, 1.9671232382132493e+20], "position_value": [369931, 181102.71690453374, 1.0279850842395614e+17], "current_position_size": [369931, 905452.7329624348, 2.569948990526e+18], "last_log_ret": [369931, 0.009160630224591394, 990.4049572827485], "sortino_ratio": [369931, 4.867174085848903, 8764508269.668127], "rolling_pnl_sigma": [369931, 0.01763768092381858, 404.30338826843797], "portfolio_cash_ratio": [369931, 0.8742219396910279, 23755.33571310225], "free_collateral": [369931, 30244251.771782935, 1.948821574878887e+20], "mm_reqs": [369931, 16667.646643679906, 3570093541512353.5], "unrealized_pnl_0": [369931, 11.145912259896388, 231220951859.85843], "unrealized_pnl_1": [369931, 11.186156117289194, 1655831815067.1555], "unrealized_pnl_2": [369931, 21286.05526050543, 5527528344787720.0], "unrealized_pnl_3": [369931, 44615.20047881779, 9.753431980571674e+16], "unrealized_pnl_4": [369931, 158.0580927245058, 4545117372031.112], "unrealized_pnl_5": [369931, 4420.649280671015, 1001293739182204.8], "unrealized_pnl_6": [369931, 56.683463630020725, 3320531861171.8145], "unrealized_pnl_7": [369931, 21.638388494052457, 343359234723.49506], "unrealized_pnl_8": [369931, 35.531496475874846, 505438538187.47577], "unrealized_pnl_9": [369931, 1317.99586279898, 122329689102265.77], "margin_usage_ratio": [369931, 0.0045769881972466415, 32.03383790355496]}, "pcr_min_ew": 0.9978778919223233, "pcr_max_ew": 0.9999999977478938}