{"r_count": 366578.0001, "r_mean": 0.00417072161060367, "r_var": 1223.8149617394502, "tanh_k": 2.0, "feature_welford": {"unrealized_pnl": [366580, 45162.30598266173, 4.673169774988618e+16], "realized_pnl": [366580, 37052.53761305391, 6.7999693937318696e+16], "compounded_returns": [366580, 16153.911256187454, 59220918710127.3], "balance": [366580, 29750055.269290246, 1.9061783014028034e+20], "position_value": [366580, 179723.5565288816, 1.0008343526065749e+17], "current_position_size": [366580, 898549.8304467818, 2.5020704084736476e+18], "last_log_ret": [366580, 0.009149581375064945, 986.6696754036744], "sortino_ratio": [366580, 4.691542780092318, 2939323864.141505], "rolling_pnl_sigma": [366580, 0.01768639598279875, 402.7910600330733], "portfolio_cash_ratio": [366580, 0.8738492835949551, 23592.746711241434], "free_collateral": [366580, 29958502.518923078, 1.8882428000571667e+20], "mm_reqs": [366580, 16489.185470525535, 3470064792347467.5], "unrealized_pnl_0": [366580, 10.90206027427761, 203223288021.98886], "unrealized_pnl_1": [366580, 8.598973384463571, 1695858908797.4678], "unrealized_pnl_2": [366580, 21056.114996358898, 5297226476772481.0], "unrealized_pnl_3": [366580, 43985.25538726808, 9.660724213993115e+16], "unrealized_pnl_4": [366580, 160.3271119793377, 4546584655061.076], "unrealized_pnl_5": [366580, 4183.203865506802, 935300607151006.5], "unrealized_pnl_6": [366580, 57.32275948625481, 3532016766958.238], "unrealized_pnl_7": [366580, 22.174015573082656, 358920170945.1971], "unrealized_pnl_8": [366580, 36.13533356951546, 503640912103.91284], "unrealized_pnl_9": [366580, 1305.0308078609805, 119861227784996.4], "margin_usage_ratio": [366580, 0.004587044522146242, 31.74666141133776]}, "pcr_min_ew": 0.9991056482516156, "pcr_max_ew": 0.999999999999923}