{"r_count": 411258.0001, "r_mean": 0.004320990212697972, "r_var": 1274.3326820057418, "tanh_k": 2.0, "feature_welford": {"unrealized_pnl": [411260, 48317.88548976588, 5.651015873985087e+16], "realized_pnl": [411260, 38528.47093796997, 8.114650989803942e+16], "compounded_returns": [411260, 16893.15381384858, 70195300330024.02], "balance": [411260, 31013378.454322483, 2.2706286508797857e+20], "position_value": [411260, 184876.46012820242, 1.1787063192539654e+17], "current_position_size": [411260, 924327.5593833753, 2.946752931419856e+18], "last_log_ret": [411260, 0.009226598890564947, 1035.812393470716], "sortino_ratio": [411260, 4.434953850517848, 1744649342.9983015], "rolling_pnl_sigma": [411260, 0.017044063485855646, 423.00547810727164], "portfolio_cash_ratio": [411260, 0.8785461765883745, 25343.19243488596], "free_collateral": [411260, 31229587.017155733, 2.2486541385620387e+20], "mm_reqs": [411260, 17041.04828846414, 4161762078286479.0], "unrealized_pnl_0": [411260, 11.537876025449584, 260117723714.42166], "unrealized_pnl_1": [411260, 9.142323917634743, 1718844430524.6062], "unrealized_pnl_2": [411260, 22686.80488024337, 6865395656988052.0], "unrealized_pnl_3": [411260, 46449.80321671526, 1.1560411350509902e+17], "unrealized_pnl_4": [411260, 169.37066624032244, 5392511237349.663], "unrealized_pnl_5": [411260, 4586.4715698916425, 1122857466561764.4], "unrealized_pnl_6": [411260, 58.20966242320587, 3624287179620.243], "unrealized_pnl_7": [411260, 22.208736903223446, 344495456096.55505], "unrealized_pnl_8": [411260, 37.06158305238649, 538863466058.3647], "unrealized_pnl_9": [411260, 1376.4584345594474, 143495554723391.62], "margin_usage_ratio": [411260, 0.004423387466515406, 34.15722109967655]}, "pcr_min_ew": 0.9995957369283112, "pcr_max_ew": 0.9999999906874317}