{"r_count": 482746.0001, "r_mean": 0.004520182644564262, "r_var": 1353.9577538869132, "tanh_k": 2.0, "feature_welford": {"unrealized_pnl": [482748, 52843.72313500031, 7.41732170841461e+16], "realized_pnl": [482748, 40531.98176050905, 1.044007190220292e+17], "compounded_returns": [482748, 17831.093316385686, 87660773680394.94], "balance": [482748, 32591900.827154562, 2.8499266390342576e+20], "position_value": [482748, 192971.10816249964, 1.4959248466688426e+17], "current_position_size": [482748, 964797.6862715753, 3.739796663606706e+18], "last_log_ret": [482748, 0.009320230816037126, 1113.3216904544147], "sortino_ratio": [482748, 5.428851869819176, 22807890678.027397], "rolling_pnl_sigma": [482748, 0.01623295736981035, 453.1486270982885], "portfolio_cash_ratio": [482748, 0.8841420927217464, 28198.425880238003], "free_collateral": [482748, 32819838.97816338, 2.8210816563669336e+20], "mm_reqs": [482748, 17932.476518845044, 5381596044601183.0], "unrealized_pnl_0": [482748, 10.026595941446406, 270705348599.746], "unrealized_pnl_1": [482748, 10.317908755235376, 2063531844145.4949], "unrealized_pnl_2": [482748, 24998.484070904913, 9313488415069914.0], "unrealized_pnl_3": [482748, 49759.804124755836, 1.4932760099858064e+17], "unrealized_pnl_4": [482748, 169.0153405271387, 6214547338583.352], "unrealized_pnl_5": [482748, 5172.345444959031, 1437708679516345.8], "unrealized_pnl_6": [482748, 62.762899601003596, 4058199029733.4624], "unrealized_pnl_7": [482748, 23.477455000653634, 372985635930.3451], "unrealized_pnl_8": [482748, 37.932097692353956, 578538057262.4312], "unrealized_pnl_9": [482748, 1395.3635908646029, 183257355642015.7], "margin_usage_ratio": [482748, 0.004231320544267473, 38.16856267343595]}, "pcr_min_ew": 0.9972302454658599, "pcr_max_ew": 0.9999994679213243}