{"r_count": 171741.0001, "r_mean": -0.006383947002554687, "r_var": 519.2642180529641, "tanh_k": 2.0, "feature_welford": {"unrealized_pnl": [171743, 23050.733548257896, 8902884632372938.0], "realized_pnl": [171743, 25517.23542129978, 1.9762363020682424e+16], "compounded_returns": [171743, 10604.029464868192, 15172088704740.803], "balance": [171743, 21148882.469930284, 5.26412386696397e+19], "position_value": [171743, 149641.58709496915, 3.1856255981187976e+16], "current_position_size": [171743, 748038.7932410152, 7.96379737757344e+17], "last_log_ret": [171743, 0.008662911562755891, 404.1280294562132], "sortino_ratio": [171743, 4.055823882244346, 2552012619.157307], "rolling_pnl_sigma": [171743, 0.02254556067361443, 261.8994515197383], "portfolio_cash_ratio": [171743, 0.8430801243070462, 14121.97588220848], "free_collateral": [171743, 21309501.196191013, 5.2201874429013615e+19], "mm_reqs": [171743, 12170.843089967264, 765474605049380.8], "unrealized_pnl_0": [171743, 14.989449293352289, 197829114280.26138], "unrealized_pnl_1": [171743, 16.820802025616025, 1255729852713.1208], "unrealized_pnl_2": [171743, 12104.94526763811, 1283864524385920.0], "unrealized_pnl_3": [171743, 23169.540108201316, 2.0724362378613296e+16], "unrealized_pnl_4": [171743, 100.6883732128111, 2494459638447.395], "unrealized_pnl_5": [171743, 2518.717548090073, 331004568101133.5], "unrealized_pnl_6": [171743, 62.62261029114955, 2401955606928.325], "unrealized_pnl_7": [171743, 16.27122900747439, 353354969153.24066], "unrealized_pnl_8": [171743, 83.31074924032553, 470061089901.9477], "unrealized_pnl_9": [171743, 1256.8522275898295, 84930730572615.12], "margin_usage_ratio": [171743, 0.005723389538169499, 20.085355073328227]}, "pcr_min_ew": 0.9990624671441293, "pcr_max_ew": 0.999999999604025}