{"r_count": 162805.0001, "r_mean": -0.006660117925000103, "r_var": 512.3051022176602, "tanh_k": 2.0, "feature_welford": {"unrealized_pnl": [162807, 23145.473933378995, 8887909303509470.0], "realized_pnl": [162807, 25589.755288200453, 1.926109722937737e+16], "compounded_returns": [162807, 10284.485644827922, 13984416488901.543], "balance": [162807, 20831942.698535055, 4.96718921004524e+19], "position_value": [162807, 147999.69118377328, 3.0264314172347436e+16], "current_position_size": [162807, 739843.6852111239, 7.565861019776433e+17], "last_log_ret": [162807, 0.008620805093115568, 396.36433978703735], "sortino_ratio": [162807, 3.318178657537402, 2030425236.2986732], "rolling_pnl_sigma": [162807, 0.023122666184639293, 258.1509192083998], "portfolio_cash_ratio": [162807, 0.8400551399755533, 13633.94247935312], "free_collateral": [162807, 20991041.64701972, 4.927008015711836e+19], "mm_reqs": [162807, 12171.243095340295, 753877181146581.1], "unrealized_pnl_0": [162807, 13.057702896783798, 198587166659.36325], "unrealized_pnl_1": [162807, 13.240389025580482, 1134047525253.3796], "unrealized_pnl_2": [162807, 11259.892242616472, 1103949933631008.1], "unrealized_pnl_3": [162807, 24461.415781540985, 2.1302483812628324e+16], "unrealized_pnl_4": [162807, 91.2149321060968, 2053721751937.8171], "unrealized_pnl_5": [162807, 2388.8484295799226, 282114273787111.7], "unrealized_pnl_6": [162807, 59.81519851107117, 2607619400009.0513], "unrealized_pnl_7": [162807, 16.112372640142414, 332650985115.6324], "unrealized_pnl_8": [162807, 91.96907230568469, 530386651636.4535], "unrealized_pnl_9": [162807, 1093.3257151495698, 65263048721467.78], "margin_usage_ratio": [162807, 0.005836973628807396, 19.461239555860534]}, "pcr_min_ew": 0.9953749512942069, "pcr_max_ew": 0.9999999998104824}