{"r_count": 121476.0001, "r_mean": -0.008150180809783195, "r_var": 468.4848282104889, "tanh_k": 2.0, "feature_welford": {"unrealized_pnl": [121478, 17865.853117350776, 5134721957526386.0], "realized_pnl": [121478, 21956.682649332903, 1.1655668458300044e+16], "compounded_returns": [121478, 8421.133826126037, 8113745214701.928], "balance": [121478, 18059165.90986882, 3.101779276344745e+19], "position_value": [121478, 145119.20641068977, 2.109279045703615e+16], "current_position_size": [121478, 725393.2145500964, 5.2729678115619155e+17], "last_log_ret": [121478, 0.008310973488612676, 348.8445420964544], "sortino_ratio": [121478, 3.019093753869359, 1984659532.357275], "rolling_pnl_sigma": [121478, 0.02636910789170021, 230.02169978080613], "portfolio_cash_ratio": [121478, 0.8178441059249503, 11402.096364129822], "free_collateral": [121478, 18210571.152825776, 3.0790951396409016e+19], "mm_reqs": [121478, 11732.250491867493, 475425398966030.3], "unrealized_pnl_0": [121478, 15.603207743141722, 188569224742.73666], "unrealized_pnl_1": [121478, 16.01101439350946, 1067389832778.0945], "unrealized_pnl_2": [121478, 7716.051246157615, 505695014146282.5], "unrealized_pnl_3": [121478, 20523.725377401937, 1.2466108675176314e+16], "unrealized_pnl_4": [121478, 93.9605924893403, 1892813941400.8677], "unrealized_pnl_5": [121478, 2179.218983337711, 213780011024497.0], "unrealized_pnl_6": [121478, 60.87920012043585, 2163571992560.9023], "unrealized_pnl_7": [121478, 15.872108133899909, 319759806033.0387], "unrealized_pnl_8": [121478, 74.74145081116555, 326744329133.12585], "unrealized_pnl_9": [121478, 1016.2236117909399, 51739724267334.914], "margin_usage_ratio": [121478, 0.006638942540348887, 16.380028771960035]}, "pcr_min_ew": 0.9987060407480424, "pcr_max_ew": 1.0000000000000284}