{"r_count": 163922.0001, "r_mean": -0.006626658978970574, "r_var": 513.4987710281589, "tanh_k": 2.0, "feature_welford": {"unrealized_pnl": [163924, 23325.91909426727, 9101448345438850.0], "realized_pnl": [163924, 25628.526297645603, 1.9369068166391612e+16], "compounded_returns": [163924, 10352.720644108329, 14278466041425.21], "balance": [163924, 20946716.005143557, 5.0648872329132655e+19], "position_value": [163924, 148133.30158764205, 3.0603634622945864e+16], "current_position_size": [163924, 740512.7918575596, 7.650691469362799e+17], "last_log_ret": [163924, 0.008628742771193368, 397.66246606499715], "sortino_ratio": [163924, 3.3200356460008447, 2030787294.1683366], "rolling_pnl_sigma": [163924, 0.023054833627077703, 258.87277525266506], "portfolio_cash_ratio": [163924, 0.8405150387794418, 13692.242275173867], "free_collateral": [163924, 21106095.4546895, 5.023984795622518e+19], "mm_reqs": [163924, 12204.473197764442, 769303224269338.4], "unrealized_pnl_0": [163924, 12.972664009310597, 198589852248.27023], "unrealized_pnl_1": [163924, 13.07720668157548, 1134099794004.12], "unrealized_pnl_2": [163924, 11369.110365969771, 1125581156218542.0], "unrealized_pnl_3": [163924, 24698.84791361299, 2.1962452707485252e+16], "unrealized_pnl_4": [163924, 91.91212605709342, 2059060450529.8157], "unrealized_pnl_5": [163924, 2382.184043413432, 282433203637017.2], "unrealized_pnl_6": [163924, 59.44206352279384, 2607840622075.5], "unrealized_pnl_7": [163924, 16.029264740888983, 332721074897.772], "unrealized_pnl_8": [163924, 91.71449871319801, 531089931098.3764], "unrealized_pnl_9": [163924, 1098.409990171976, 65663035345718.734], "margin_usage_ratio": [163924, 0.0058215424220187766, 19.549247918939407]}, "pcr_min_ew": 0.998039289225143, "pcr_max_ew": 0.9999999992193157}