{"r_count": 147167.0001, "r_mean": -0.007155905944354176, "r_var": 496.35637724221465, "tanh_k": 2.0, "feature_welford": {"unrealized_pnl": [147169, 21057.177531443816, 7238072633250477.0], "realized_pnl": [147169, 24319.605299418134, 1.616562060221055e+16], "compounded_returns": [147169, 9610.34286338501, 11487962140114.863], "balance": [147169, 19854656.28722286, 4.2073144901391565e+19], "position_value": [147169, 146512.31429167953, 2.6570614101604132e+16], "current_position_size": [147169, 732394.1536189808, 6.64242717621605e+17], "last_log_ret": [147169, 0.008520980070137248, 378.98517467831385], "sortino_ratio": [147169, 3.2204203741874777, 2009831754.7535377], "rolling_pnl_sigma": [147169, 0.02417810855634602, 248.2750226537697], "portfolio_cash_ratio": [147169, 0.832965813107213, 12820.102182492745], "free_collateral": [147169, 20010393.770977333, 4.173789404587577e+19], "mm_reqs": [147169, 11963.187254039382, 635393082751003.8], "unrealized_pnl_0": [147169, 14.200640667891774, 197411200577.0562], "unrealized_pnl_1": [147169, 13.95620144867774, 1100388655252.7153], "unrealized_pnl_2": [147169, 10085.633337900108, 867215720383420.6], "unrealized_pnl_3": [147169, 22788.5437565963, 1.7658990457919298e+16], "unrealized_pnl_4": [147169, 91.7304190392126, 1985322950229.3174], "unrealized_pnl_5": [147169, 2309.696992768786, 256411649581927.66], "unrealized_pnl_6": [147169, 57.376563725686594, 2371049906732.249], "unrealized_pnl_7": [147169, 15.98370571960399, 330358263852.72766], "unrealized_pnl_8": [147169, 88.47088391412399, 472408622093.01666], "unrealized_pnl_9": [147169, 1047.4692194065044, 56902430553907.09], "margin_usage_ratio": [147169, 0.006089866152405937, 18.32548454013921]}, "pcr_min_ew": 0.9979249570562382, "pcr_max_ew": 1.000000000000098}