{"r_count": 128178.0001, "r_mean": -0.007822643254608911, "r_var": 474.50037256505703, "tanh_k": 2.0, "feature_welford": {"unrealized_pnl": [128180, 18566.54643878021, 5623140395991667.0], "realized_pnl": [128180, 21948.086608246915, 1.2095966256942034e+16], "compounded_returns": [128180, 8685.738396010336, 8724837281068.759], "balance": [128180, 18320978.80452007, 3.2485733117531406e+19], "position_value": [128180, 145940.15368407604, 2.247624569376516e+16], "current_position_size": [128180, 729478.3564043342, 5.618785370546346e+17], "last_log_ret": [128180, 0.008362964132856114, 355.34299789825553], "sortino_ratio": [128180, 2.856055786668657, 1982031855.3047662], "rolling_pnl_sigma": [128180, 0.025671540418316457, 233.9380541139237], "portfolio_cash_ratio": [128180, 0.8223916580822547, 11752.336705467224], "free_collateral": [128180, 18473935.978028916, 3.2240230508757737e+19], "mm_reqs": [128180, 11663.562263628155, 498415341599191.7], "unrealized_pnl_0": [128180, 18.659106996935115, 200880449466.14236], "unrealized_pnl_1": [128180, 13.745153494945482, 1106878046271.4133], "unrealized_pnl_2": [128180, 8331.251323542565, 585314059416737.0], "unrealized_pnl_3": [128180, 20817.452147982345, 1.3419986510713126e+16], "unrealized_pnl_4": [128180, 100.89349485313349, 2069199203845.1943], "unrealized_pnl_5": [128180, 2221.8248340638743, 233710345177417.53], "unrealized_pnl_6": [128180, 67.06950928683189, 1990951671664.348], "unrealized_pnl_7": [128180, 16.95573177219236, 269754504725.36118], "unrealized_pnl_8": [128180, 85.31649582343117, 430121348433.88654], "unrealized_pnl_9": [128180, 911.6101646096463, 47559360270774.266], "margin_usage_ratio": [128180, 0.0064645687670346, 16.841245245271175]}, "pcr_min_ew": 0.9849063451273884, "pcr_max_ew": 0.9998490624719806}