{"r_count": 134880.0001, "r_mean": -0.007587456668427561, "r_var": 483.133475913728, "tanh_k": 2.0, "feature_welford": {"unrealized_pnl": [134882, 19754.481672519738, 6330783881963762.0], "realized_pnl": [134882, 23366.68395079835, 1.4287791912110312e+16], "compounded_returns": [134882, 9130.427647425277, 10067388317604.748], "balance": [134882, 19147918.481359825, 3.741666401539795e+19], "position_value": [134882, 145532.6006282621, 2.400188588985605e+16], "current_position_size": [134882, 727480.3385782719, 6.000242697567567e+17], "last_log_ret": [134882, 0.00843231930446532, 364.6343354455804], "sortino_ratio": [134882, 3.0692293783429307, 1995329417.7814207], "rolling_pnl_sigma": [134882, 0.025119829814024483, 239.88568661223343], "portfolio_cash_ratio": [134882, 0.8264090228022312, 12159.002807899902], "free_collateral": [134882, 19301475.41756301, 3.7130747991524205e+19], "mm_reqs": [134882, 11872.662830513696, 568922390962755.4], "unrealized_pnl_0": [134882, 14.491712160473265, 194355367950.69037], "unrealized_pnl_1": [134882, 14.990616698762729, 1086704492136.9165], "unrealized_pnl_2": [134882, 9066.239284046733, 693571336256757.1], "unrealized_pnl_3": [134882, 21962.79507115079, 1.536833042643045e+16], "unrealized_pnl_4": [134882, 94.88862345225704, 1951312448359.857], "unrealized_pnl_5": [134882, 2230.821660130389, 235064364856023.8], "unrealized_pnl_6": [134882, 54.98541675788737, 2261083217139.389], "unrealized_pnl_7": [134882, 15.062074138347711, 324549292630.9728], "unrealized_pnl_8": [134882, 82.69722382199579, 404532731712.0743], "unrealized_pnl_9": [134882, 1035.698455550708, 54755497827587.695], "margin_usage_ratio": [134882, 0.006330044255073497, 17.43482609149065]}, "pcr_min_ew": 0.9846751259303671, "pcr_max_ew": 0.9999999596111925}