{"r_count": 142699.0001, "r_mean": -0.007266340608868102, "r_var": 489.8916015726545, "tanh_k": 2.0, "feature_welford": {"unrealized_pnl": [142701, 19303.43920218337, 5926948912202884.0], "realized_pnl": [142701, 23448.404446650715, 1.4200363985404508e+16], "compounded_returns": [142701, 9341.39535957848, 10611822892615.04], "balance": [142701, 19305503.85251574, 3.8639487612024185e+19], "position_value": [142701, 146523.29446808767, 2.4940245571160012e+16], "current_position_size": [142701, 732415.4295059352, 6.234734844931581e+17], "last_log_ret": [142701, 0.008478197306918315, 372.0055919296566], "sortino_ratio": [142701, 3.609983946906932, 2128073480.2935917], "rolling_pnl_sigma": [142701, 0.024488965463781317, 244.02490943956417], "portfolio_cash_ratio": [142701, 0.8301356760606375, 12621.526907740807], "free_collateral": [142701, 19459753.660329703, 3.833816961315677e+19], "mm_reqs": [142701, 11683.012138218768, 561215303737675.3], "unrealized_pnl_0": [142701, 16.8290564633391, 176195003136.73032], "unrealized_pnl_1": [142701, 18.608309008479107, 1072190281986.8318], "unrealized_pnl_2": [142701, 9908.811789512796, 809421457164320.8], "unrealized_pnl_3": [142701, 21191.2856272319, 1.4922085592765956e+16], "unrealized_pnl_4": [142701, 96.58145461256053, 2187560911002.537], "unrealized_pnl_5": [142701, 2360.327390020845, 246044532233396.25], "unrealized_pnl_6": [142701, 73.67508415126873, 2040085455632.5295], "unrealized_pnl_7": [142701, 17.447414478194194, 315294479832.0925], "unrealized_pnl_8": [142701, 80.57820726797142, 412523103665.553], "unrealized_pnl_9": [142701, 1100.6320351007869, 74103581583616.16], "margin_usage_ratio": [142701, 0.006185706305908565, 18.002728940157798]}, "pcr_min_ew": 0.9872674074782039, "pcr_max_ew": 1.0000000000000318}