{"r_count": 111423.0001, "r_mean": -0.008645749015583157, "r_var": 456.9430892094217, "tanh_k": 2.0, "feature_welford": {"unrealized_pnl": [111425, 15882.178954933399, 4001133450256087.0], "realized_pnl": [111425, 20498.831991500098, 9370551794304330.0], "compounded_returns": [111425, 7746.232135693789, 6461351683902.325], "balance": [111425, 16959579.425606865, 2.54643455958702e+19], "position_value": [111425, 144813.2816476934, 1.882033163136799e+16], "current_position_size": [111425, 723845.3439946889, 4.704852263475271e+17], "last_log_ret": [111425, 0.00819614753962315, 336.53725596010304], "sortino_ratio": [111425, 2.9442150322968685, 1977079458.0224934], "rolling_pnl_sigma": [111425, 0.02745276064461483, 222.11728442743933], "portfolio_cash_ratio": [111425, 0.8102191648438488, 10814.218050846917], "free_collateral": [111425, 17108849.8630957, 2.5281166048293052e+19], "mm_reqs": [111425, 11550.739357651622, 398886598154027.5], "unrealized_pnl_0": [111425, 16.813520568921167, 176759326583.27905], "unrealized_pnl_1": [111425, 16.32925336811554, 1054834569765.7214], "unrealized_pnl_2": [111425, 6823.492346199091, 407723464529874.8], "unrealized_pnl_3": [111425, 18599.114381162475, 9845067878131510.0], "unrealized_pnl_4": [111425, 92.09157866474168, 1835662450475.6567], "unrealized_pnl_5": [111425, 2190.1620624656966, 202359618951207.56], "unrealized_pnl_6": [111425, 64.68852511648521, 1991654023828.3796], "unrealized_pnl_7": [111425, 15.540638525728962, 316115146559.53296], "unrealized_pnl_8": [111425, 71.14789025933906, 301374504730.7354], "unrealized_pnl_9": [111425, 1000.3516386542675, 48596678773890.664], "margin_usage_ratio": [111425, 0.006915384683869655, 15.571420661306135]}, "pcr_min_ew": 0.9930966368463733, "pcr_max_ew": 0.999999999999857}