{"r_count": 77913.0001, "r_mean": -0.010959699094293701, "r_var": 415.82569029782496, "tanh_k": 2.0, "feature_welford": {"unrealized_pnl": [77915, 10316.415312520778, 1511761046838401.0], "realized_pnl": [77915, 15872.03392937605, 4213283996408737.0], "compounded_returns": [77915, 5534.328982370346, 2956594110839.5215], "balance": [77915, 13392291.589496681, 1.3097856335917365e+19], "position_value": [77915, 146168.39282845784, 1.255662651151833e+16], "current_position_size": [77915, 730555.3995477939, 3.1389536713813946e+17], "last_log_ret": [77915, 0.007669143761949863, 293.1529265831376], "sortino_ratio": [77915, 2.6507487680621074, 1943672796.2972941], "rolling_pnl_sigma": [77915, 0.03268220967036169, 191.25735431902686], "portfolio_cash_ratio": [77915, 0.7726557022409429, 8579.881583997256], "free_collateral": [77915, 13537688.036217384, 1.3023120186921865e+19], "mm_reqs": [77915, 11201.404267078638, 226883380581379.53], "unrealized_pnl_0": [77915, 18.442294365388467, 167357153851.47305], "unrealized_pnl_1": [77915, 18.414273525887964, 959613279443.8486], "unrealized_pnl_2": [77915, 3613.1017568329935, 150624178423092.03], "unrealized_pnl_3": [77915, 13466.846976093773, 3701902568950306.0], "unrealized_pnl_4": [77915, 82.50513088688209, 1595108855097.603], "unrealized_pnl_5": [77915, 2097.7511425074276, 155105362067631.7], "unrealized_pnl_6": [77915, 70.99566423247735, 2164571237792.8833], "unrealized_pnl_7": [77915, 19.57635424812548, 262376352013.0573], "unrealized_pnl_8": [77915, 52.303676459330454, 227348287373.72064], "unrealized_pnl_9": [77915, 966.3011389271363, 39263196223025.07], "margin_usage_ratio": [77915, 0.00827502493750309, 12.584633098901103]}, "pcr_min_ew": 0.9920901529482653, "pcr_max_ew": 0.9999999648172254}