{"r_count": 73445.0001, "r_mean": -0.011403756301289498, "r_var": 410.15762543815947, "tanh_k": 2.0, "feature_welford": {"unrealized_pnl": [73447, 9493.477147721494, 1258454155824961.8], "realized_pnl": [73447, 15473.432779934228, 3722548778220843.5], "compounded_returns": [73447, 5223.413377681824, 2580221817931.5063], "balance": [73447, 12951057.921410834, 1.1914047921979345e+19], "position_value": [73447, 146547.07056411906, 1.1758397436481206e+16], "current_position_size": [73447, 732435.4665261155, 2.939393732357011e+17], "last_log_ret": [73447, 0.007574594603396218, 287.3753384995933], "sortino_ratio": [73447, 2.438747551475284, 1934788243.888899], "rolling_pnl_sigma": [73447, 0.03365039067750439, 186.74005345435333], "portfolio_cash_ratio": [73447, 0.765835723090866, 8251.84282105302], "free_collateral": [73447, 13095991.269526633, 1.185203835991963e+19], "mm_reqs": [73447, 11215.277539155033, 203885648113261.56], "unrealized_pnl_0": [73447, 17.290540277365526, 165992658562.0362], "unrealized_pnl_1": [73447, 39.55146018140577, 1058198109880.6827], "unrealized_pnl_2": [73447, 3326.9970697531908, 134997656822729.56], "unrealized_pnl_3": [73447, 13021.521449321786, 3360073883529405.5], "unrealized_pnl_4": [73447, 80.07431925051075, 1593849788683.747], "unrealized_pnl_5": [73447, 1932.1279113885382, 147328109070167.7], "unrealized_pnl_6": [73447, 81.29514761785325, 1697278598540.7683], "unrealized_pnl_7": [73447, 16.158307141943997, 261980129745.47], "unrealized_pnl_8": [73447, 55.87673194878896, 237567690357.75558], "unrealized_pnl_9": [73447, 945.6037022182423, 38208730873792.93], "margin_usage_ratio": [73447, 0.008529116732997518, 12.15561325726853]}, "pcr_min_ew": 0.9906740599931899, "pcr_max_ew": 0.9999999983822601}