{"r_count": 68977.0001, "r_mean": -0.01189195989035536, "r_var": 403.7313577057582, "tanh_k": 2.0, "feature_welford": {"unrealized_pnl": [68979, 8924.338567394214, 1136406208757091.8], "realized_pnl": [68979, 14516.676093444046, 3207385924793090.5], "compounded_returns": [68979, 4786.349180608564, 2129221306793.832], "balance": [68979, 12140067.073994877, 1.007822298944139e+19], "position_value": [68979, 148175.54994418056, 1.100548899235558e+16], "current_position_size": [68979, 740517.7612793626, 2.751133131034588e+17], "last_log_ret": [68979, 0.00745177957154675, 280.67160607812775], "sortino_ratio": [68979, 2.461253970248854, 1934138807.3827634], "rolling_pnl_sigma": [68979, 0.0347556707747199, 181.29997630989547], "portfolio_cash_ratio": [68979, 0.7576890504471451, 7893.524503484006], "free_collateral": [68979, 12286075.572868666, 1.00297887888517e+19], "mm_reqs": [68979, 11199.362652790776, 183235897420781.53], "unrealized_pnl_0": [68979, 17.52276355517368, 163710207891.741], "unrealized_pnl_1": [68979, 29.276399602364478, 928947000796.5886], "unrealized_pnl_2": [68979, 3032.0955368263826, 117129305930332.19], "unrealized_pnl_3": [68979, 12159.203405674736, 2793033484799098.0], "unrealized_pnl_4": [68979, 66.8665053722277, 1493748788987.645], "unrealized_pnl_5": [68979, 1966.7124850108455, 146177595530126.22], "unrealized_pnl_6": [68979, 84.90891812903227, 1675360502210.5544], "unrealized_pnl_7": [68979, 17.96282179382781, 254249031046.60812], "unrealized_pnl_8": [68979, 47.78755795263546, 216028132322.19638], "unrealized_pnl_9": [68979, 808.1847847560618, 29326753095935.043], "margin_usage_ratio": [68979, 0.008817253561299589, 11.657668156200877]}, "pcr_min_ew": 0.9706024867821846, "pcr_max_ew": 0.9999994021815802}