{"r_count": 74562.0001, "r_mean": -0.011293391996200317, "r_var": 411.65731048500027, "tanh_k": 2.0, "feature_welford": {"unrealized_pnl": [74564, 9853.707308976156, 1385815669577406.8], "realized_pnl": [74564, 15620.768661455295, 3772257297085486.5], "compounded_returns": [74564, 5300.913038672657, 2655919917893.173], "balance": [74564, 13076453.839202203, 1.2197061134072715e+19], "position_value": [74564, 146303.99641059258, 1.1976261742312168e+16], "current_position_size": [74564, 731216.8266697557, 2.993864388716238e+17], "last_log_ret": [74564, 0.007600048158591318, 288.93845926210656], "sortino_ratio": [74564, 2.423268251431387, 1934818605.6129024], "rolling_pnl_sigma": [74564, 0.03339061994931806, 187.9779933531292], "portfolio_cash_ratio": [74564, 0.7677583916051611, 8335.777293701482], "free_collateral": [74564, 13221500.124959039, 1.2132530481075087e+19], "mm_reqs": [74564, 11216.885958687866, 208906529762611.84], "unrealized_pnl_0": [74564, 17.483373132473893, 166755473091.88498], "unrealized_pnl_1": [74564, 39.19876816676487, 1061347457623.722], "unrealized_pnl_2": [74564, 3446.0007067357133, 140546970562228.11], "unrealized_pnl_3": [74564, 13152.00854376624, 3447897135654214.0], "unrealized_pnl_4": [74564, 81.01386817923088, 1600117517522.194], "unrealized_pnl_5": [74564, 2010.9260779992555, 159790899391853.0], "unrealized_pnl_6": [74564, 82.72248777559568, 1702580327100.8777], "unrealized_pnl_7": [74564, 15.8533440622868, 262044065440.42712], "unrealized_pnl_8": [74564, 58.3151941099552, 240874998362.23746], "unrealized_pnl_9": [74564, 1001.8753430914253, 41119874289888.21], "margin_usage_ratio": [74564, 0.008458313016093552, 12.263708874650783]}, "pcr_min_ew": 0.9958188462372745, "pcr_max_ew": 0.9999632906218013}