{"r_count": 178443.0001, "r_mean": -0.006195211581706911, "r_var": 525.2626849886122, "tanh_k": 2.0, "feature_welford": {"unrealized_pnl": [178445, 23288.8657114081, 9456280201291628.0], "realized_pnl": [178445, 26076.828500421394, 2.1413227199467388e+16], "compounded_returns": [178445, 10861.875699482292, 16532723449755.121], "balance": [178445, 21509687.859206915, 5.665646167958359e+19], "position_value": [178445, 149301.46025319528, 3.329925370751713e+16], "current_position_size": [178445, 746356.3692854852, 8.324604079988943e+17], "last_log_ret": [178445, 0.008695754536497957, 410.95489623838967], "sortino_ratio": [178445, 4.691508577298205, 3894919908.184318], "rolling_pnl_sigma": [178445, 0.022138797698696106, 265.2391833464893], "portfolio_cash_ratio": [178445, 0.8459591800900851, 14429.908031817065], "free_collateral": [178445, 21670280.322615284, 5.618540163680742e+19], "mm_reqs": [178445, 12091.148904397834, 823355997713786.1], "unrealized_pnl_0": [178445, 12.214831357913269, 181261533201.90625], "unrealized_pnl_1": [178445, 11.752045563388782, 1366460946782.2446], "unrealized_pnl_2": [178445, 12455.624318210192, 1375027582674135.2], "unrealized_pnl_3": [178445, 24245.099986223147, 2.410311153904843e+16], "unrealized_pnl_4": [178445, 94.52053506396351, 2316765442896.6665], "unrealized_pnl_5": [178445, 2755.013952929546, 359703012297934.44], "unrealized_pnl_6": [178445, 57.60700550305664, 2419559668850.7524], "unrealized_pnl_7": [178445, 15.065131610091292, 319357512962.6386], "unrealized_pnl_8": [178445, 73.8773567897452, 458244280490.14777], "unrealized_pnl_9": [178445, 1021.2757323248127, 58893123282265.914], "margin_usage_ratio": [178445, 0.005623184200690425, 20.529494481934105]}, "pcr_min_ew": 0.9963057293622601, "pcr_max_ew": 0.9999999993084016}