{"r_count": 151635.0001, "r_mean": -0.006988296322070686, "r_var": 499.55502762583706, "tanh_k": 2.0, "feature_welford": {"unrealized_pnl": [151637, 19994.713855376238, 6517160498879396.0], "realized_pnl": [151637, 23967.470710101432, 1.5612646915963736e+16], "compounded_returns": [151637, 9629.88328214927, 11677098002944.73], "balance": [151637, 19655411.476264928, 4.1517160307739e+19], "position_value": [151637, 146619.86351643043, 2.6708324005587184e+16], "current_position_size": [151637, 732864.4004134757, 6.676817802120854e+17], "last_log_ret": [151637, 0.008532780271915803, 382.3089604246428], "sortino_ratio": [151637, 3.5244149041249067, 2193699635.666157], "rolling_pnl_sigma": [151637, 0.023849864121024713, 249.90426649963524], "portfolio_cash_ratio": [151637, 0.8343530200517654, 13094.674961942903], "free_collateral": [151637, 19810427.193216242, 4.1180701149043696e+19], "mm_reqs": [151637, 11690.568326025286, 609698696107608.5], "unrealized_pnl_0": [151637, 12.767382432032283, 202211613553.43375], "unrealized_pnl_1": [151637, 9.205517715419383, 1089255334841.553], "unrealized_pnl_2": [151637, 10399.044201430439, 937946516583303.0], "unrealized_pnl_3": [151637, 21064.48449889485, 1.6067301109585714e+16], "unrealized_pnl_4": [151637, 87.12163525632701, 2386967564148.1104], "unrealized_pnl_5": [151637, 2499.4229339757117, 287010150558552.25], "unrealized_pnl_6": [151637, 75.33929165035647, 2471307004730.472], "unrealized_pnl_7": [151637, 14.038847649757598, 295348052455.3593], "unrealized_pnl_8": [151637, 74.287817910467, 488920884056.30176], "unrealized_pnl_9": [151637, 1077.1031048088962, 67566670260787.445], "margin_usage_ratio": [151637, 0.006036685231944757, 18.708345657111426]}, "pcr_min_ew": 0.9950205518594781, "pcr_max_ew": 1.0000000000000744}