{"r_count": 100253.0001, "r_mean": -0.00923501000765874, "r_var": 443.0632938306077, "tanh_k": 2.0, "feature_welford": {"unrealized_pnl": [100255, 14015.471411639375, 3214191847260517.5], "realized_pnl": [100255, 18991.995587450532, 7803705834278126.0], "compounded_returns": [100255, 7078.784978884527, 5211689718725.915], "balance": [100255, 15858072.432043552, 2.1092878691517223e+19], "position_value": [100255, 144734.09047473475, 1.6487797615385942e+16], "current_position_size": [100255, 723384.9941169036, 4.1216167289984346e+17], "last_log_ret": [100255, 0.008051217450480964, 321.7368961291967], "sortino_ratio": [100255, 2.8407683182226267, 2011219035.0952427], "rolling_pnl_sigma": [100255, 0.028859600768415965, 212.0871158290847], "portfolio_cash_ratio": [100255, 0.799864285009946, 10126.661262010535], "free_collateral": [100255, 16005606.25855047, 2.095156168401658e+19], "mm_reqs": [100255, 11320.726019545657, 344337267011947.9], "unrealized_pnl_0": [100255, 17.956846088709113, 167720728882.41537], "unrealized_pnl_1": [100255, 29.217763508393922, 1006593427634.3383], "unrealized_pnl_2": [100255, 5814.116050658985, 303875164593728.2], "unrealized_pnl_3": [100255, 16807.007899867032, 7716737153679344.0], "unrealized_pnl_4": [100255, 87.16913254448382, 1769758297759.9583], "unrealized_pnl_5": [100255, 2173.839241575958, 185165575417304.94], "unrealized_pnl_6": [100255, 80.15806015367986, 1853010332301.927], "unrealized_pnl_7": [100255, 15.890016964276485, 284789403743.53925], "unrealized_pnl_8": [100255, 74.95294472080779, 320268081407.8968], "unrealized_pnl_9": [100255, 1034.539007731706, 57566957404602.01], "margin_usage_ratio": [100255, 0.007283544331153553, 14.644366255544579]}, "pcr_min_ew": 0.9907618380293752, "pcr_max_ew": 0.9999999997680034}