{"r_count": 167273.0001, "r_mean": -0.006514057487433123, "r_var": 514.9266087610855, "tanh_k": 2.0, "feature_welford": {"unrealized_pnl": [167275, 21831.502382921466, 8029950140088397.0], "realized_pnl": [167275, 25389.87159276131, 1.9364829637303384e+16], "compounded_returns": [167275, 10443.949254109288, 14504052409011.273], "balance": [167275, 20942557.388136733, 5.068644402962097e+19], "position_value": [167275, 146276.61382082765, 3.0253696280149304e+16], "current_position_size": [167275, 731216.6165688587, 7.563206084032774e+17], "last_log_ret": [167275, 0.008640260402783742, 399.37339581779815], "sortino_ratio": [167275, 3.850182133331011, 2165531382.6233335], "rolling_pnl_sigma": [167275, 0.02278651233170384, 259.06031191224906], "portfolio_cash_ratio": [167275, 0.8421464805258805, 13821.621469115076], "free_collateral": [167275, 21098889.642559495, 5.026786425463751e+19], "mm_reqs": [167275, 11862.692280172676, 735039452708770.8], "unrealized_pnl_0": [167275, 11.57665113624751, 201853915635.4279], "unrealized_pnl_1": [167275, 25.349833354153446, 1274542723941.5896], "unrealized_pnl_2": [167275, 11654.428315724741, 1217420880447993.8], "unrealized_pnl_3": [167275, 22968.72604896117, 2.0802530828564336e+16], "unrealized_pnl_4": [167275, 101.05506612925645, 2550424043149.655], "unrealized_pnl_5": [167275, 2481.5636832765, 314780418374786.44], "unrealized_pnl_6": [167275, 55.22944887936925, 2846234020914.7812], "unrealized_pnl_7": [167275, 17.853255882354382, 316378563023.523], "unrealized_pnl_8": [167275, 69.62965318543944, 454142369887.29846], "unrealized_pnl_9": [167275, 1199.5675814838805, 82479090737307.67], "margin_usage_ratio": [167275, 0.005759373341585987, 19.71545738062208]}, "pcr_min_ew": 0.9917053713446382, "pcr_max_ew": 0.9999999986932081}