{"r_count": 140465.0001, "r_mean": -0.0073478660190020115, "r_var": 487.80645211607407, "tanh_k": 2.0, "feature_welford": {"unrealized_pnl": [140467, 19223.090452864777, 6152626144874498.0], "realized_pnl": [140467, 23494.80070282528, 1.5124589081767068e+16], "compounded_returns": [140467, 9335.49428217015, 10572272511397.215], "balance": [140467, 19334988.807358302, 3.850724989025101e+19], "position_value": [140467, 144144.10336736677, 2.42849437707182e+16], "current_position_size": [140467, 720552.9299121458, 6.071038888986756e+17], "last_log_ret": [140467, 0.00846822972752675, 369.77459162367234], "sortino_ratio": [140467, 3.6248060110625793, 2069617739.4519157], "rolling_pnl_sigma": [140467, 0.024620358043598727, 242.66485796699843], "portfolio_cash_ratio": [140467, 0.8295789929200107, 12442.062081784892], "free_collateral": [140467, 19486828.553232238, 3.820478126127252e+19], "mm_reqs": [140467, 11616.320622503468, 569153406583598.9], "unrealized_pnl_0": [140467, 13.371865740952538, 185305338687.0137], "unrealized_pnl_1": [140467, 23.97580228185355, 1158866169012.3655], "unrealized_pnl_2": [140467, 9374.689434840573, 754298414119568.2], "unrealized_pnl_3": [140467, 21581.16729439537, 1.6118215476040976e+16], "unrealized_pnl_4": [140467, 95.31853060127001, 2343158867272.8726], "unrealized_pnl_5": [140467, 2364.60872586232, 269361481885578.62], "unrealized_pnl_6": [140467, 54.17525497593912, 2565542587432.154], "unrealized_pnl_7": [140467, 17.36738792703432, 312338320653.5894], "unrealized_pnl_8": [140467, 76.17627454063651, 411742415912.7311], "unrealized_pnl_9": [140467, 1184.66559975642, 74434832916172.52], "margin_usage_ratio": [140467, 0.006210304485742132, 17.8340757599238]}, "pcr_min_ew": 0.9982418129030832, "pcr_max_ew": 0.999999999999956}