{"r_count": 156103.0001, "r_mean": -0.0068337590418157765, "r_var": 503.89205804389474, "tanh_k": 2.0, "feature_welford": {"unrealized_pnl": [156105, 20881.707768354685, 7342228381803880.0], "realized_pnl": [156105, 24665.682375905384, 1.7637005762481356e+16], "compounded_returns": [156105, 10013.591680224363, 12874958823536.166], "balance": [156105, 20329986.531922847, 4.572597190277344e+19], "position_value": [156105, 145335.1559582993, 2.7826004969100876e+16], "current_position_size": [156105, 726497.4188448708, 6.956280627083878e+17], "last_log_ret": [156105, 0.00857575254197269, 387.25273391496324], "sortino_ratio": [156105, 3.748432802048496, 2094130594.4150279], "rolling_pnl_sigma": [156105, 0.023503409243134106, 252.58508159313863], "portfolio_cash_ratio": [156105, 0.8372978285342614, 13265.178832688987], "free_collateral": [156105, 20484483.678035337, 4.535776898493785e+19], "mm_reqs": [156105, 11802.264943694981, 676550786024421.4], "unrealized_pnl_0": [156105, 12.171117473432563, 199824352180.18893], "unrealized_pnl_1": [156105, 23.342912965208352, 1213671179454.492], "unrealized_pnl_2": [156105, 10571.492406466617, 984346101743432.8], "unrealized_pnl_3": [156105, 22774.05009865601, 1.926387204140279e+16], "unrealized_pnl_4": [156105, 101.3202475169992, 2493704910037.133], "unrealized_pnl_5": [156105, 2448.9050595292383, 298240133944793.2], "unrealized_pnl_6": [156105, 53.22858763172169, 2691846246912.645], "unrealized_pnl_7": [156105, 17.51617844076212, 314143936451.4741], "unrealized_pnl_8": [156105, 73.54829541282785, 427855533964.0698], "unrealized_pnl_9": [156105, 1187.3597450902369, 78745953537193.14], "margin_usage_ratio": [156105, 0.0059355413811502606, 18.960937610326365]}, "pcr_min_ew": 0.9980278918926521, "pcr_max_ew": 0.9999999993147957}