{"r_count": 133763.0001, "r_mean": -0.007627248865878328, "r_var": 481.95757087071934, "tanh_k": 2.0, "feature_welford": {"unrealized_pnl": [133765, 19671.5480504438, 6289968926410852.0], "realized_pnl": [133765, 23320.854046073226, 1.4198822387567114e+16], "compounded_returns": [133765, 9094.518065166536, 9973110068391.807], "balance": [133765, 19101848.77771052, 3.7123196818168275e+19], "position_value": [133765, 145585.7184987703, 2.3816276838631344e+16], "current_position_size": [133765, 727744.4026563134, 5.953840565142207e+17], "last_log_ret": [133765, 0.008424290155417982, 363.3441613546423], "sortino_ratio": [133765, 3.073375257995082, 1995304715.7122562], "rolling_pnl_sigma": [133765, 0.025215684416567557, 239.10057697360406], "portfolio_cash_ratio": [133765, 0.8257573264290685, 12095.13758052195], "free_collateral": [133765, 19255365.42083341, 3.684065020606593e+19], "mm_reqs": [133765, 11887.853152891088, 565793688243297.8], "unrealized_pnl_0": [133765, 14.60166497753811, 194353704069.11246], "unrealized_pnl_1": [133765, 15.777229623440759, 1079355959725.6942], "unrealized_pnl_2": [133765, 8963.518513635185, 675817542797863.6], "unrealized_pnl_3": [133765, 21895.883486408013, 1.525658267631011e+16], "unrealized_pnl_4": [133765, 93.57438045846317, 1938647181249.022], "unrealized_pnl_5": [133765, 2243.137664766916, 232997363458283.72], "unrealized_pnl_6": [133765, 55.17764227771425, 2260093268757.94], "unrealized_pnl_7": [133765, 15.170498291402057, 324519978371.6088], "unrealized_pnl_8": [133765, 81.09187903155423, 394765722848.61725], "unrealized_pnl_9": [133765, 1031.126736890109, 54506573221494.57], "margin_usage_ratio": [133765, 0.006354635940926226, 17.351881189143903]}, "pcr_min_ew": 0.9963351265386979, "pcr_max_ew": 0.9999999961984974}