{"r_count": 95785.0001, "r_mean": -0.00953347975568355, "r_var": 438.40638252793815, "tanh_k": 2.0, "feature_welford": {"unrealized_pnl": [95787, 13856.897402418872, 3107140378724926.0], "realized_pnl": [95787, 18633.161406199197, 7097976628069012.0], "compounded_returns": [95787, 6823.884363126194, 4815459169143.215], "balance": [95787, 15506523.02899544, 1.9750355247123423e+19], "position_value": [95787, 144915.03457680595, 1.5785431411376394e+16], "current_position_size": [95787, 724323.7878344553, 3.9461452619354214e+17], "last_log_ret": [95787, 0.007990545835610537, 316.9198865927791], "sortino_ratio": [95787, 2.54560090844096, 1948913573.357042], "rolling_pnl_sigma": [95787, 0.029497066056101497, 208.5863148008998], "portfolio_cash_ratio": [95787, 0.7956197017587839, 9834.816919059645], "free_collateral": [95787, 15654069.314280506, 1.9622427137355596e+19], "mm_reqs": [95787, 11309.299971175311, 306187819165579.56], "unrealized_pnl_0": [95787, 13.69057119531699, 175293901571.64374], "unrealized_pnl_1": [95787, 28.918614740256675, 1187238007385.04], "unrealized_pnl_2": [95787, 5047.99793427489, 266504617578175.38], "unrealized_pnl_3": [95787, 17506.882737141554, 7477684763746006.0], "unrealized_pnl_4": [95787, 82.63126100355292, 1733004606240.8884], "unrealized_pnl_5": [95787, 2234.603513897129, 189708972500989.75], "unrealized_pnl_6": [95787, 74.34652685357713, 1900566192570.2139], "unrealized_pnl_7": [95787, 16.639047776491662, 266116631474.13324], "unrealized_pnl_8": [95787, 68.50088823833285, 347964916144.2097], "unrealized_pnl_9": [95787, 1056.4816326476391, 45557627633234.195], "margin_usage_ratio": [95787, 0.007437571815466035, 14.21368762581763]}, "pcr_min_ew": 0.9960578081073008, "pcr_max_ew": 0.999999999363182}