{"r_count": 152752.0001, "r_mean": -0.006939022381602503, "r_var": 500.43188209939825, "tanh_k": 2.0, "feature_welford": {"unrealized_pnl": [152754, 20613.836986644885, 7119820785417334.0], "realized_pnl": [152754, 24471.037451733504, 1.7123135693397604e+16], "compounded_returns": [152754, 9859.12819597217, 12296879447196.777], "balance": [152754, 20093007.623389695, 4.388161389655772e+19], "position_value": [152754, 145151.21571322842, 2.705040587372524e+16], "current_position_size": [152754, 725585.6142602346, 6.762386703551462e+17], "last_log_ret": [152754, 0.008553476660158186, 383.47250456830074], "sortino_ratio": [152754, 3.713381574915271, 2089517224.5235822], "rolling_pnl_sigma": [152754, 0.02372807703979124, 250.4817014526544], "portfolio_cash_ratio": [152754, 0.8357393384175036, 13095.60766301776], "free_collateral": [152754, 20247088.124772426, 4.3530322085256765e+19], "mm_reqs": [152754, 11768.332161026094, 649590973539714.1], "unrealized_pnl_0": [152754, 11.597120797250358, 191738070754.47327], "unrealized_pnl_1": [152754, 23.939904426969, 1213231729550.9287], "unrealized_pnl_2": [152754, 10286.561147255446, 927147689960435.9], "unrealized_pnl_3": [152754, 22571.301933254694, 1.8472728289044532e+16], "unrealized_pnl_4": [152754, 100.03631886499014, 2446559405967.8413], "unrealized_pnl_5": [152754, 2439.6099555723545, 292704648490954.4], "unrealized_pnl_6": [152754, 51.60221085573536, 2667334154674.2295], "unrealized_pnl_7": [152754, 17.64382261482593, 313612523340.73926], "unrealized_pnl_8": [152754, 74.93561607160794, 423658348340.6], "unrealized_pnl_9": [152754, 1192.1779959388916, 78338015218776.06], "margin_usage_ratio": [152754, 0.005990132233121188, 18.719163792502464]}, "pcr_min_ew": 0.9911087206332645, "pcr_max_ew": 0.9999999995968959}