{"r_count": 104721.0001, "r_mean": -0.00897294094826326, "r_var": 448.262323947012, "tanh_k": 2.0, "feature_welford": {"unrealized_pnl": [104723, 14706.451079701937, 3539898471303886.0], "realized_pnl": [104723, 19580.55265974386, 8645356591575205.0], "compounded_returns": [104723, 7361.683137660543, 5776878315990.616], "balance": [104723, 16299278.982639095, 2.3012727699388125e+19], "position_value": [104723, 144860.79988799695, 1.733610169711806e+16], "current_position_size": [104723, 724030.7198369154, 4.333693116154838e+17], "last_log_ret": [104723, 0.008109547653803048, 327.2190785712639], "sortino_ratio": [104723, 3.028188052696451, 2031687867.5903773], "rolling_pnl_sigma": [104723, 0.028265782824496925, 215.78155355652234], "portfolio_cash_ratio": [104723, 0.8041122019092791, 10405.001322164053], "free_collateral": [104723, 16447614.52972334, 2.2856576933379314e+19], "mm_reqs": [104723, 11347.514854908466, 365688547089325.06], "unrealized_pnl_0": [104723, 18.004014193673466, 168217100952.94287], "unrealized_pnl_1": [104723, 27.992132536558945, 1006642186800.8219], "unrealized_pnl_2": [104723, 6279.739624935216, 349000634429434.06], "unrealized_pnl_3": [104723, 17537.985202711145, 8769415702271778.0], "unrealized_pnl_4": [104723, 88.3721427246759, 1873536578271.9976], "unrealized_pnl_5": [104723, 2208.049616907542, 192724835759286.0], "unrealized_pnl_6": [104723, 80.6272459495481, 1889923201788.5728], "unrealized_pnl_7": [104723, 15.611828907091194, 285837398555.96344], "unrealized_pnl_8": [104723, 75.83418668348021, 326592714756.5181], "unrealized_pnl_9": [104723, 1030.4737667968611, 58756023806870.36], "margin_usage_ratio": [104723, 0.007129994402923984, 15.024737273854386]}, "pcr_min_ew": 0.9993167598575143, "pcr_max_ew": 0.999999992003452}