{"r_count": 72328.0001, "r_mean": -0.011526924154705845, "r_var": 408.18316166717966, "tanh_k": 2.0, "feature_welford": {"unrealized_pnl": [72330, 9248.998943739196, 1226262785019254.8], "realized_pnl": [72330, 14959.240390932098, 3506112560179270.5], "compounded_returns": [72330, 5027.619061002621, 2349146197451.292], "balance": [72330, 12514750.696734445, 1.0872319685088932e+19], "position_value": [72330, 147566.03390769698, 1.1574420118822384e+16], "current_position_size": [72330, 737442.8974292929, 2.893310194293942e+17], "last_log_ret": [72330, 0.007533052652018684, 285.2609878827956], "sortino_ratio": [72330, 2.4178194155155897, 1934260372.765801], "rolling_pnl_sigma": [72330, 0.033921534267328114, 185.02005050514376], "portfolio_cash_ratio": [72330, 0.7637226262167744, 8158.089796188746], "free_collateral": [72330, 12660478.315198688, 1.0817063299253496e+19], "mm_reqs": [72330, 11193.39564396462, 196725853554900.94], "unrealized_pnl_0": [72330, 17.81583487941506, 164229470309.67944], "unrealized_pnl_1": [72330, 26.246597897297384, 936456702681.7792], "unrealized_pnl_2": [72330, 3193.51237024041, 127020222811114.16], "unrealized_pnl_3": [72330, 12177.08198919002, 2914866024592936.0], "unrealized_pnl_4": [72330, 69.39817775923098, 1515567155444.7178], "unrealized_pnl_5": [72330, 2029.4080995576142, 155202911113845.97], "unrealized_pnl_6": [72330, 84.24516115774024, 1723047721688.6404], "unrealized_pnl_7": [72330, 16.974918422754087, 254369742656.69116], "unrealized_pnl_8": [72330, 47.42140241444279, 217364423783.57278], "unrealized_pnl_9": [72330, 873.1209570891486, 32839303382862.95], "margin_usage_ratio": [72330, 0.008600173363906257, 12.013684255363595]}, "pcr_min_ew": 0.979851991183558, "pcr_max_ew": 0.9997985199117202}