{"r_count": 159454.0001, "r_mean": -0.006766179894218654, "r_var": 508.74450297810483, "tanh_k": 2.0, "feature_welford": {"unrealized_pnl": [159456, 22531.076688576835, 8299969943416413.0], "realized_pnl": [159456, 25191.349668442323, 1.8082776264933104e+16], "compounded_returns": [159456, 10098.05282257928, 13198582812768.773], "balance": [159456, 20526377.419998188, 4.712957094608693e+19], "position_value": [159456, 147637.79822755317, 2.9315776652379212e+16], "current_position_size": [159456, 738030.9679556615, 7.328725726926844e+17], "last_log_ret": [159456, 0.008597696707543862, 392.47913538169996], "sortino_ratio": [159456, 3.291218806439316, 2024276162.0907753], "rolling_pnl_sigma": [159456, 0.02333370959519787, 255.95347717015125], "portfolio_cash_ratio": [159456, 0.8386397409856989, 13461.798631233669], "free_collateral": [159456, 20684598.993556682, 4.6745579365920465e+19], "mm_reqs": [159456, 12069.890467908104, 706459278325247.9], "unrealized_pnl_0": [159456, 13.172785513263687, 198082696497.12817], "unrealized_pnl_1": [159456, 14.182142654681197, 1128360646934.3704], "unrealized_pnl_2": [159456, 11014.963907437264, 1053338283794472.5], "unrealized_pnl_3": [159456, 23964.601229646265, 2.0199838561883252e+16], "unrealized_pnl_4": [159456, 91.18996089412364, 2034236201772.4353], "unrealized_pnl_5": [159456, 2367.11164648064, 277376493743859.03], "unrealized_pnl_6": [159456, 62.6329302905972, 2568686613573.2715], "unrealized_pnl_7": [159456, 16.20814464717349, 332355799893.6242], "unrealized_pnl_8": [159456, 89.0410181703898, 493461985020.92426], "unrealized_pnl_9": [159456, 1090.7937546304765, 64508173143113.45], "margin_usage_ratio": [159456, 0.005886653446459957, 19.208015802286205]}, "pcr_min_ew": 0.9990753691814481, "pcr_max_ew": 1.00000000000001}