{"r_count": 75679.0001, "r_mean": -0.01116525789502677, "r_var": 412.3981815445094, "tanh_k": 2.0, "feature_welford": {"unrealized_pnl": [75681, 9773.403014723495, 1479594134656760.8], "realized_pnl": [75681, 15257.410349375112, 3881740506076643.0], "compounded_returns": [75681, 5331.848208338347, 2663407913203.328], "balance": [75681, 12998815.23456809, 1.1919549653545587e+19], "position_value": [75681, 146109.53066881, 1.2004354422803066e+16], "current_position_size": [75681, 730169.5081821654, 3.000759837527652e+17], "last_log_ret": [75681, 0.007615864777656268, 289.613803624723], "sortino_ratio": [75681, 2.890460807441032, 2003663259.8321009], "rolling_pnl_sigma": [75681, 0.03311243685874734, 188.5465161545502], "portfolio_cash_ratio": [75681, 0.7693464038065222, 8419.613095994644], "free_collateral": [75681, 13143756.359997341, 1.1854511512529422e+19], "mm_reqs": [75681, 11057.221302218295, 206169175292090.7], "unrealized_pnl_0": [75681, 16.886648481475753, 163300007221.88437], "unrealized_pnl_1": [75681, 27.51009178629943, 952070516058.3506], "unrealized_pnl_2": [75681, 3586.382407436315, 146646894110004.38], "unrealized_pnl_3": [75681, 12994.539658305514, 3657117242861376.5], "unrealized_pnl_4": [75681, 73.53929743391592, 1558244411225.5781], "unrealized_pnl_5": [75681, 2074.2766031788683, 156178691092732.47], "unrealized_pnl_6": [75681, 74.77265327845203, 1703529277167.566], "unrealized_pnl_7": [75681, 21.394283257364844, 268303026634.21808], "unrealized_pnl_8": [75681, 59.187851280214176, 255702237932.35], "unrealized_pnl_9": [75681, 848.5331166354687, 33692788967595.414], "margin_usage_ratio": [75681, 0.00839670185295856, 12.373159533977459]}, "pcr_min_ew": 0.9881970893120177, "pcr_max_ew": 1.0000000000000073}