{"r_count": 82381.0001, "r_mean": -0.010552386211263013, "r_var": 421.95674735805017, "tanh_k": 2.0, "feature_welford": {"unrealized_pnl": [82383, 11358.589081435772, 1984083731231453.5], "realized_pnl": [82383, 16871.689278762402, 5216334431556739.0], "compounded_returns": [82383, 5949.259239394747, 3538540262537.435], "balance": [82383, 14153444.592010643, 1.5443869652904864e+19], "position_value": [82383, 145689.03907504733, 1.3380379257630884e+16], "current_position_size": [82383, 728161.1989642835, 3.344894934238458e+17], "last_log_ret": [82383, 0.0077686997380246375, 299.5648017207355], "sortino_ratio": [82383, 2.6244760401225897, 1943961901.791923], "rolling_pnl_sigma": [82383, 0.03179765966037367, 196.13146175427528], "portfolio_cash_ratio": [82383, 0.7790229518591159, 8915.917336646677], "free_collateral": [82383, 14299309.062261028, 1.535312541448499e+19], "mm_reqs": [82383, 11289.965579362932, 257768438662150.94], "unrealized_pnl_0": [82383, 18.284893705872612, 170036111785.33054], "unrealized_pnl_1": [82383, 17.00955048994248, 962028259888.7245], "unrealized_pnl_2": [82383, 3933.668886682967, 168108800044176.4], "unrealized_pnl_3": [82383, 14673.267181736588, 4724737181736004.0], "unrealized_pnl_4": [82383, 86.75102631978716, 1631166216525.3687], "unrealized_pnl_5": [82383, 2096.455635139757, 158251534782132.94], "unrealized_pnl_6": [82383, 71.0195538367929, 2188970149055.694], "unrealized_pnl_7": [82383, 18.335203932750275, 263404808680.61966], "unrealized_pnl_8": [82383, 55.924270801687285, 234976551930.40094], "unrealized_pnl_9": [82383, 973.8593933638177, 40522633841529.35], "margin_usage_ratio": [82383, 0.008040141655334523, 13.020987555160987]}, "pcr_min_ew": 0.9978734616113074, "pcr_max_ew": 0.999999999999992}