{"r_count": 130412.0001, "r_mean": -0.007741742195046601, "r_var": 477.30015125071856, "tanh_k": 2.0, "feature_welford": {"unrealized_pnl": [130414, 18183.635833841367, 5371244753607924.0], "realized_pnl": [130414, 22239.291451955814, 1.2447987071111132e+16], "compounded_returns": [130414, 8729.639992313356, 8896661084040.498], "balance": [130414, 18346409.379873898, 3.2807397731702837e+19], "position_value": [130414, 145013.53765127267, 2.2213480789217064e+16], "current_position_size": [130414, 724800.672252422, 5.553096061816557e+17], "last_log_ret": [130414, 0.00837716803087591, 358.20678397290686], "sortino_ratio": [130414, 3.0422633513284922, 1993937396.4147232], "rolling_pnl_sigma": [130414, 0.025494647589113, 235.88882029023483], "portfolio_cash_ratio": [130414, 0.8227955465032779, 11958.047624115748], "free_collateral": [130414, 18498220.60705845, 3.2554550216397025e+19], "mm_reqs": [130414, 11482.025779121424, 481907686467420.75], "unrealized_pnl_0": [130414, 15.047753740414118, 200301972465.09796], "unrealized_pnl_1": [130414, 15.042929065660989, 1042009618680.4034], "unrealized_pnl_2": [130414, 8638.829208352377, 652710879531951.8], "unrealized_pnl_3": [130414, 19919.177378904307, 1.3128814131113152e+16], "unrealized_pnl_4": [130414, 80.97460586173992, 2267806268114.6562], "unrealized_pnl_5": [130414, 2387.912736887183, 246059511881807.94], "unrealized_pnl_6": [130414, 78.97491742408427, 2374369637412.84], "unrealized_pnl_7": [130414, 14.041971424233182, 281269690592.657], "unrealized_pnl_8": [130414, 76.58990472027399, 389774517093.31354], "unrealized_pnl_9": [130414, 1074.2681388738326, 63297589370667.16], "margin_usage_ratio": [130414, 0.006449917187270481, 17.141654100534957]}, "pcr_min_ew": 0.9917098327217794, "pcr_max_ew": 0.9999999978904858}