{"r_count": 135997.0001, "r_mean": -0.007543146647670591, "r_var": 484.34450127817695, "tanh_k": 2.0, "feature_welford": {"unrealized_pnl": [135999, 19930.122129853058, 6503331840401502.0], "realized_pnl": [135999, 23470.525486881164, 1.4569837869462282e+16], "compounded_returns": [135999, 9185.173752620818, 10221974288634.682], "balance": [135999, 19232113.949823264, 3.791674348595027e+19], "position_value": [135999, 145674.49726684068, 2.4261629540724772e+16], "current_position_size": [135999, 728191.3219662992, 6.065178960425862e+17], "last_log_ret": [135999, 0.008441551199249801, 365.9457892514844], "sortino_ratio": [135999, 3.0669006183276037, 1995425393.1295977], "rolling_pnl_sigma": [135999, 0.02502901137587942, 240.66974790746966], "portfolio_cash_ratio": [135999, 0.8270534209120266, 12221.762095997701], "free_collateral": [135999, 19385965.42905269, 3.762641660074735e+19], "mm_reqs": [135999, 11894.709650131173, 575992246134137.8], "unrealized_pnl_0": [135999, 14.412381219525356, 194380314992.5525], "unrealized_pnl_1": [135999, 14.97591015187962, 1087437608223.2539], "unrealized_pnl_2": [135999, 9140.860703206456, 704513077436062.5], "unrealized_pnl_3": [135999, 22119.909783796887, 1.5800674772709192e+16], "unrealized_pnl_4": [135999, 94.39757077719356, 1952531475655.0942], "unrealized_pnl_5": [135999, 2243.3375227744978, 237912692648560.2], "unrealized_pnl_6": [135999, 54.42609367379734, 2262238299457.864], "unrealized_pnl_7": [135999, 15.138474522020278, 324683223796.60596], "unrealized_pnl_8": [135999, 82.50088070774949, 406764830685.36816], "unrealized_pnl_9": [135999, 1038.8654744287287, 55018769853226.5], "margin_usage_ratio": [135999, 0.006306658060140831, 17.51972006012613]}, "pcr_min_ew": 0.9941708875278444, "pcr_max_ew": 0.9999999994784576}