{"r_count": 138231.0001, "r_mean": -0.007453867008281717, "r_var": 485.5553890948363, "tanh_k": 2.0, "feature_welford": {"unrealized_pnl": [138233, 18771.81152419802, 5725361248614267.0], "realized_pnl": [138233, 22718.44291139859, 1.326832631374041e+16], "compounded_returns": [138233, 9007.569209491561, 9638091394483.29], "balance": [138233, 18719637.623833485, 3.5114662372855386e+19], "position_value": [138233, 145492.48214704296, 2.369907048487577e+16], "current_position_size": [138233, 727210.4975250175, 5.924495160163128e+17], "last_log_ret": [138233, 0.008434890624741061, 367.1346905006384], "sortino_ratio": [138233, 3.1459324993753683, 2039709988.8464837], "rolling_pnl_sigma": [138233, 0.02482997608615414, 241.14112751134127], "portfolio_cash_ratio": [138233, 0.8273910681055723, 12390.985692850138], "free_collateral": [138233, 18872472.423698988, 3.4835951339306246e+19], "mm_reqs": [138233, 11524.798344327217, 518819857706812.75], "unrealized_pnl_0": [138233, 13.988881383310186, 200792819366.54077], "unrealized_pnl_1": [138233, 10.531515012349251, 1083217871560.208], "unrealized_pnl_2": [138233, 9314.38055558878, 758272473059588.5], "unrealized_pnl_3": [138233, 20209.19093681432, 1.3997006494921716e+16], "unrealized_pnl_4": [138233, 84.06857591030423, 2320633612026.7544], "unrealized_pnl_5": [138233, 2395.0815899688637, 260331441226289.3], "unrealized_pnl_6": [138233, 75.52223402647229, 2415317969545.085], "unrealized_pnl_7": [138233, 15.157043394921256, 287726263147.75446], "unrealized_pnl_8": [138233, 79.83503998206561, 428598527413.9602], "unrealized_pnl_9": [138233, 1069.0205350210008, 64671745108306.3], "margin_usage_ratio": [138233, 0.006283447627866462, 17.72712793586593]}, "pcr_min_ew": 0.9836497069723236, "pcr_max_ew": 0.9999999976002009}