{"r_count": 112540.0001, "r_mean": -0.008562785258848644, "r_var": 457.99839958272383, "tanh_k": 2.0, "feature_welford": {"unrealized_pnl": [112542, 16237.881094074171, 4482318510220816.0], "realized_pnl": [112542, 21235.77068346827, 1.1197788683624922e+16], "compounded_returns": [112542, 7965.792507256159, 7040381147942.647], "balance": [112542, 17361309.6807464, 2.7519941154783138e+19], "position_value": [112542, 143466.64563287416, 1.881528367267014e+16], "current_position_size": [112542, 717124.0588215981, 4.7036222585386125e+17], "last_log_ret": [112542, 0.008218176805112566, 337.7094632375199], "sortino_ratio": [112542, 3.146462069976888, 2016421689.0372202], "rolling_pnl_sigma": [112542, 0.02729262595741112, 222.79331011373125], "portfolio_cash_ratio": [112542, 0.8112843287243793, 10855.227490069185], "free_collateral": [112542, 17509683.254090514, 2.732600845829975e+19], "mm_reqs": [112542, 11426.800418884066, 415204274296960.3], "unrealized_pnl_0": [112542, 17.315564945215232, 172291696252.61084], "unrealized_pnl_1": [112542, 27.82712430586332, 1133276519843.7349], "unrealized_pnl_2": [112542, 6781.780995767311, 412945728861149.25], "unrealized_pnl_3": [112542, 19635.392935398097, 1.173715245729864e+16], "unrealized_pnl_4": [112542, 94.05751554951559, 2012664334422.4531], "unrealized_pnl_5": [112542, 2207.392479811306, 214323909443048.16], "unrealized_pnl_6": [112542, 58.516760935232526, 2171319190982.2522], "unrealized_pnl_7": [112542, 12.646382662196773, 276723168654.9047], "unrealized_pnl_8": [112542, 66.85659790418332, 308692321262.3757], "unrealized_pnl_9": [112542, 1148.2608560773401, 63350968845383.59], "margin_usage_ratio": [112542, 0.006878589481483948, 15.700425735743202]}, "pcr_min_ew": 0.9970466436018851, "pcr_max_ew": 0.999999996878057}