{"r_count": 86849.0001, "r_mean": -0.010225640626770963, "r_var": 427.9924778212404, "tanh_k": 2.0, "feature_welford": {"unrealized_pnl": [86851, 11981.753285970706, 2223566559123663.8], "realized_pnl": [86851, 17322.482188972084, 5461609679818342.0], "compounded_returns": [86851, 6190.924155632337, 3755980283349.0093], "balance": [86851, 14565125.663675675, 1.6361000167591287e+19], "position_value": [86851, 145060.79504611634, 1.4230218318661574e+16], "current_position_size": [86851, 725050.3707760863, 3.557345690217736e+17], "last_log_ret": [86851, 0.007849602868921736, 305.90940892660507], "sortino_ratio": [86851, 2.8070821255634284, 1963680375.9509797], "rolling_pnl_sigma": [86851, 0.030964640187378302, 200.66710334714796], "portfolio_cash_ratio": [86851, 0.7857649352728582, 9208.60031168342], "free_collateral": [86851, 14710975.863908106, 1.6260429483992523e+19], "mm_reqs": [86851, 11302.324284224842, 268616586695754.22], "unrealized_pnl_0": [86851, 16.282284998315852, 166766117569.98013], "unrealized_pnl_1": [86851, 26.63331084793666, 977201966967.186], "unrealized_pnl_2": [86851, 4215.955866216645, 187840869272206.22], "unrealized_pnl_3": [86851, 15384.551181099645, 5465984203615741.0], "unrealized_pnl_4": [86851, 80.15449082568506, 1625356644945.9924], "unrealized_pnl_5": [86851, 2143.039781366692, 173733878786127.97], "unrealized_pnl_6": [86851, 75.38960994474347, 1909221992947.4604], "unrealized_pnl_7": [86851, 19.161188444570527, 271386963426.18567], "unrealized_pnl_8": [86851, 58.766971819015154, 248237975154.5247], "unrealized_pnl_9": [86851, 930.2228256108266, 39047803907764.055], "margin_usage_ratio": [86851, 0.007803568870500347, 13.42490158549167]}, "pcr_min_ew": 0.9985886620938831, "pcr_max_ew": 1.0000000000000286}