{"r_count": 98019.0001, "r_mean": -0.009378185422413239, "r_var": 440.55919673399507, "tanh_k": 2.0, "feature_welford": {"unrealized_pnl": [98021, 14468.118230179414, 3335600513237637.0], "realized_pnl": [98021, 18710.20923902235, 7317113080643938.0], "compounded_returns": [98021, 7037.344261208158, 5104980513454.238], "balance": [98021, 15831923.873002987, 2.071047358573287e+19], "position_value": [98021, 145825.12100689014, 1.6485204489531372e+16], "current_position_size": [98021, 728875.7637282733, 4.1210691532062304e+17], "last_log_ret": [98021, 0.008029436911620268, 319.08597358829974], "sortino_ratio": [98021, 2.5512876071587764, 1954843774.823784], "rolling_pnl_sigma": [98021, 0.02916038654693888, 210.108008117663], "portfolio_cash_ratio": [98021, 0.7981905886945404, 9931.549206151536], "free_collateral": [98021, 15980895.02836484, 2.0573843774274937e+19], "mm_reqs": [98021, 11430.46483204505, 329775593801630.94], "unrealized_pnl_0": [98021, 20.24154959243544, 190205271987.21964], "unrealized_pnl_1": [98021, 18.970560214810387, 1027879524462.735], "unrealized_pnl_2": [98021, 5405.328850229179, 273293546303892.75], "unrealized_pnl_3": [98021, 17484.918535326036, 7540839565072526.0], "unrealized_pnl_4": [98021, 89.25684791354182, 1787279262595.18], "unrealized_pnl_5": [98021, 2179.425381985021, 187061290141658.34], "unrealized_pnl_6": [98021, 73.4855432111054, 1838782311147.6177], "unrealized_pnl_7": [98021, 16.702576264151784, 258542367348.49915], "unrealized_pnl_8": [98021, 70.59391856445225, 316694718338.1483], "unrealized_pnl_9": [98021, 899.442406951214, 41947917511880.36], "margin_usage_ratio": [98021, 0.007347057385037283, 14.394350712741948]}, "pcr_min_ew": 0.993032256747593, "pcr_max_ew": 1.0000000000000024}