{"r_count": 158337.0001, "r_mean": -0.0068125267318148545, "r_var": 507.36708872669925, "tanh_k": 2.0, "feature_welford": {"unrealized_pnl": [158339, 21237.77306902128, 7770877299625614.0], "realized_pnl": [158339, 24977.881191931257, 1.8360198185871068e+16], "compounded_returns": [158339, 10002.830703898771, 13039291179588.793], "balance": [158339, 20346993.77475084, 4.655166489940955e+19], "position_value": [158339, 147556.01672285123, 2.902296483912083e+16], "current_position_size": [158339, 737566.6050787631, 7.255420865801169e+17], "last_log_ret": [158339, 0.008582585891548667, 390.92472171512], "sortino_ratio": [158339, 3.9798466501913814, 2727749435.6730833], "rolling_pnl_sigma": [158339, 0.02342384319234697, 255.02617286244984], "portfolio_cash_ratio": [158339, 0.8380624913546796, 13395.772267103735], "free_collateral": [158339, 20503842.652280923, 4.617759448005393e+19], "mm_reqs": [158339, 12023.000548534254, 708510934213816.9], "unrealized_pnl_0": [158339, 13.7163956064924, 186575653022.39456], "unrealized_pnl_1": [158339, 7.8143830284639515, 1207010330750.5398], "unrealized_pnl_2": [158339, 10903.015825597498, 1048239405512808.5], "unrealized_pnl_3": [158339, 23060.395599416843, 2.0127981075262748e+16], "unrealized_pnl_4": [158339, 82.61321662731415, 3093701410939.017], "unrealized_pnl_5": [158339, 2307.17677876241, 276889066440306.12], "unrealized_pnl_6": [158339, 59.42125535403452, 2451790933809.671], "unrealized_pnl_7": [158339, 15.34319942372547, 274536299500.36166], "unrealized_pnl_8": [158339, 76.65025959514395, 511179733786.5968], "unrealized_pnl_9": [158339, 1036.5387967548143, 61984218446386.78], "margin_usage_ratio": [158339, 0.005915329895603739, 19.185852890142403]}, "pcr_min_ew": 0.9953632744404265, "pcr_max_ew": 0.9999999997674438}