{"r_count": 154986.0001, "r_mean": -0.006909320095903464, "r_var": 504.41421672304034, "tanh_k": 2.0, "feature_welford": {"unrealized_pnl": [154988, 21927.84473914284, 7871099424683216.0], "realized_pnl": [154988, 24778.681812142157, 1.7241554459535836e+16], "compounded_returns": [154988, 9888.315951212928, 12425476285655.87], "balance": [154988, 20232826.92816054, 4.4928159991043736e+19], "position_value": [154988, 147291.4764003711, 2.8351455215445504e+16], "current_position_size": [154988, 736298.4083414602, 7.087639380836604e+17], "last_log_ret": [154988, 0.008569093609178308, 387.73610837559033], "sortino_ratio": [154988, 3.2621910105484226, 2021296391.46925], "rolling_pnl_sigma": [154988, 0.023634710632540235, 253.32369026881804], "portfolio_cash_ratio": [154988, 0.836639733492202, 13229.832611279238], "free_collateral": [154988, 20390134.711781442, 4.456402450208987e+19], "mm_reqs": [154988, 12037.075795820165, 682385470929266.9], "unrealized_pnl_0": [154988, 13.478014203421555, 198070796791.48294], "unrealized_pnl_1": [154988, 14.646069603644296, 1127893635435.4094], "unrealized_pnl_2": [154988, 10667.656903819301, 977769558570311.0], "unrealized_pnl_3": [154988, 23387.779177218003, 1.911756757796314e+16], "unrealized_pnl_4": [154988, 91.37790146885578, 2021280344471.2593], "unrealized_pnl_5": [154988, 2357.6518265656787, 271379246817202.5], "unrealized_pnl_6": [154988, 60.17992393941026, 2475615660945.155], "unrealized_pnl_7": [154988, 16.02760565160128, 331728506721.17676], "unrealized_pnl_8": [154988, 86.4143075111668, 476917247264.8001], "unrealized_pnl_9": [154988, 1073.2503210118034, 60867113025170.0], "margin_usage_ratio": [154988, 0.0059595689034528075, 18.89224310579225]}, "pcr_min_ew": 0.988226470285452, "pcr_max_ew": 1.000000000000114}