{"r_count": 101370.0001, "r_mean": -0.00915889193848919, "r_var": 445.26614808088055, "tanh_k": 2.0, "feature_welford": {"unrealized_pnl": [101372, 15358.644036659354, 3945738541720151.5], "realized_pnl": [101372, 20232.513565590172, 9801789053739274.0], "compounded_returns": [101372, 7373.923802846874, 5877676325696.106], "balance": [101372, 16497109.23413733, 2.374077785192635e+19], "position_value": [101372, 144047.11157602805, 1.6994289506433436e+16], "current_position_size": [101372, 720006.7941372436, 4.2483712582285856e+17], "last_log_ret": [101372, 0.008086970539650434, 324.13572446472733], "sortino_ratio": [101372, 2.771807502117169, 1968716219.4500566], "rolling_pnl_sigma": [101372, 0.028703327581023293, 213.65507844080665], "portfolio_cash_ratio": [101372, 0.8013781727182319, 10179.442294701346], "free_collateral": [101372, 16645071.656280482, 2.358633324128231e+19], "mm_reqs": [101372, 11535.627986006151, 372404596579249.0], "unrealized_pnl_0": [101372, 18.268119437319545, 171253829044.69247], "unrealized_pnl_1": [101372, 30.21097054361598, 1128360164031.7659], "unrealized_pnl_2": [101372, 5711.443493105123, 315299334263492.4], "unrealized_pnl_3": [101372, 19052.68283112771, 9946379062475554.0], "unrealized_pnl_4": [101372, 86.40393176706024, 1834806352711.9048], "unrealized_pnl_5": [101372, 2155.2114004308664, 198173512200129.16], "unrealized_pnl_6": [101372, 60.95436824197574, 2150790227417.388], "unrealized_pnl_7": [101372, 12.63349730336847, 272655229169.28723], "unrealized_pnl_8": [101372, 68.23598090584761, 299155565205.0553], "unrealized_pnl_9": [101372, 1188.1058197108307, 61616654006659.52], "margin_usage_ratio": [101372, 0.007244146759288317, 14.789092788845567]}, "pcr_min_ew": 0.9852396414445235, "pcr_max_ew": 0.9999999874953261}