{"r_count": 150518.0001, "r_mean": -0.007043035381167549, "r_var": 499.779164368162, "tanh_k": 2.0, "feature_welford": {"unrealized_pnl": [150520, 21540.085562898264, 7619246711915417.0], "realized_pnl": [150520, 24582.072853493446, 1.6711785397707214e+16], "compounded_returns": [150520, 9756.401627103342, 11969694227914.146], "balance": [150520, 20062507.721829258, 4.353335478500079e+19], "position_value": [150520, 146958.71323047703, 2.738688069365311e+16], "current_position_size": [150520, 734629.8754103573, 6.84649492522904e+17], "last_log_ret": [150520, 0.008543788933447129, 382.6903921137648], "sortino_ratio": [150520, 3.21834944562787, 2010856690.3520765], "rolling_pnl_sigma": [150520, 0.023939706104509607, 250.37892670943782], "portfolio_cash_ratio": [150520, 0.8346042591218917, 12992.586831715826], "free_collateral": [150520, 20219107.848171093, 4.3185655711329e+19], "mm_reqs": [150520, 12026.904711918714, 659968302961415.6], "unrealized_pnl_0": [150520, 14.064336186128768, 197640909102.88928], "unrealized_pnl_1": [150520, 13.53834318932061, 1100586698589.5508], "unrealized_pnl_2": [150520, 10327.159270450014, 911036599455308.2], "unrealized_pnl_3": [150520, 23227.467809681937, 1.8476700137778532e+16], "unrealized_pnl_4": [150520, 91.2875958045071, 1992356496613.3696], "unrealized_pnl_5": [150520, 2322.979885012386, 260557776745656.97], "unrealized_pnl_6": [150520, 60.03200997564965, 2461749994666.4805], "unrealized_pnl_7": [150520, 15.86563272700988, 330899150896.71625], "unrealized_pnl_8": [150520, 87.09458089317249, 473043416379.71497], "unrealized_pnl_9": [150520, 1063.3322642732558, 59735108575465.75], "margin_usage_ratio": [150520, 0.006032591287043076, 18.562072369442614]}, "pcr_min_ew": 0.9981587202952761, "pcr_max_ew": 0.9999999966049752}