{"r_count": 99136.0001, "r_mean": -0.009331735098090705, "r_var": 443.11168701723875, "tanh_k": 2.0, "feature_welford": {"unrealized_pnl": [99138, 14267.02546053614, 3175780747958813.5], "realized_pnl": [99138, 19287.660912314997, 7590927839740017.0], "compounded_returns": [99138, 7103.092755636006, 5274508200483.101], "balance": [99138, 16051455.914221494, 2.16895798934864e+19], "position_value": [99138, 144769.1374879255, 1.6537098177439616e+16], "current_position_size": [99138, 723623.5138008737, 4.1340650201556704e+17], "last_log_ret": [99138, 0.0080502894520821, 321.79492411390896], "sortino_ratio": [99138, 2.908190567282346, 1970281790.3428094], "rolling_pnl_sigma": [99138, 0.029040199274898742, 212.1649411277689], "portfolio_cash_ratio": [99138, 0.7992270856159025, 10045.344129415203], "free_collateral": [99138, 16199146.615574265, 2.154584128806491e+19], "mm_reqs": [99138, 11455.103876232894, 338375039531614.7], "unrealized_pnl_0": [99138, 18.14697859902764, 174217021858.29816], "unrealized_pnl_1": [99138, 23.20653099854537, 1015199990113.8661], "unrealized_pnl_2": [99138, 5607.93824939895, 290744385889469.25], "unrealized_pnl_3": [99138, 17399.743927147098, 7776887583980173.0], "unrealized_pnl_4": [99138, 87.07725918573176, 1740710302052.3523], "unrealized_pnl_5": [99138, 2146.2118553384007, 188047446197356.6], "unrealized_pnl_6": [99138, 68.59367662860059, 1969424592754.9824], "unrealized_pnl_7": [99138, 18.27149821425439, 273858738184.7866], "unrealized_pnl_8": [99138, 63.51979172791864, 269567295313.93033], "unrealized_pnl_9": [99138, 960.9546294965927, 43277130659120.945], "margin_usage_ratio": [99138, 0.0073125636090470136, 14.539545834547747]}, "pcr_min_ew": 0.996645413376246, "pcr_max_ew": 0.9999999947331673}