{"r_count": 143816.0001, "r_mean": -0.007235631018912939, "r_var": 492.18477582711495, "tanh_k": 2.0, "feature_welford": {"unrealized_pnl": [143818, 20893.502983943174, 7655576442444066.0], "realized_pnl": [143818, 24180.00023007864, 1.7008004736724396e+16], "compounded_returns": [143818, 9586.396368985817, 11620070969461.438], "balance": [143818, 19817714.702873055, 4.220326967387149e+19], "position_value": [143818, 147628.6360946562, 2.604725503239643e+16], "current_position_size": [143818, 737965.7753687133, 6.511601259651337e+17], "last_log_ret": [143818, 0.008500036011944687, 374.60654426753456], "sortino_ratio": [143818, 2.8757489272011907, 1986590715.229558], "rolling_pnl_sigma": [143818, 0.024391354285008816, 245.60563229454274], "portfolio_cash_ratio": [143818, 0.8310330319740755, 12676.299899078604], "free_collateral": [143818, 19974302.495058596, 4.188167268321646e+19], "mm_reqs": [143818, 12017.581924063476, 615133060975202.1], "unrealized_pnl_0": [143818, 10.708360144407601, 236465245544.76], "unrealized_pnl_1": [143818, 13.322856973931687, 1026626860113.9352], "unrealized_pnl_2": [143818, 9639.049773332059, 818760192290867.1], "unrealized_pnl_3": [143818, 22935.750504215015, 1.870713802710133e+16], "unrealized_pnl_4": [143818, 101.6437298070358, 2376016236818.006], "unrealized_pnl_5": [143818, 2264.5834102972053, 256699433192261.3], "unrealized_pnl_6": [143818, 58.01230720187006, 2308884019927.7183], "unrealized_pnl_7": [143818, 17.668683170955358, 308292370041.1045], "unrealized_pnl_8": [143818, 90.08236335167368, 494290874206.5992], "unrealized_pnl_9": [143818, 1033.8060630146301, 57893338435518.37], "margin_usage_ratio": [143818, 0.006158041235619682, 18.12283919183199]}, "pcr_min_ew": 0.9950342575356964, "pcr_max_ew": 0.9999999999999506}