{"r_count": 122593.0001, "r_mean": -0.008076519107678018, "r_var": 468.8991632191699, "tanh_k": 2.0, "feature_welford": {"unrealized_pnl": [122595, 17387.58317473793, 5111481280832418.0], "realized_pnl": [122595, 22214.34381323823, 1.2922187557125342e+16], "compounded_returns": [122595, 8550.996202090548, 8442742522274.192], "balance": [122595, 18224526.66739871, 3.187588935022715e+19], "position_value": [122595, 143407.6098074313, 2.0775714586607708e+16], "current_position_size": [122595, 716846.0316718718, 5.193729852557509e+17], "last_log_ret": [122595, 0.00832308619517787, 349.3707698750418], "sortino_ratio": [122595, 3.323634730832595, 2033917316.7595024], "rolling_pnl_sigma": [122595, 0.02621198896778378, 230.29585033256302], "portfolio_cash_ratio": [122595, 0.8186986588859267, 11445.75912678092], "free_collateral": [122595, 18373921.06872966, 3.1639812216398397e+19], "mm_reqs": [122595, 11494.060435566242, 478492244063548.44], "unrealized_pnl_0": [122595, 16.23083384682868, 172454986666.30167], "unrealized_pnl_1": [122595, 25.731348269586064, 1144821331032.4766], "unrealized_pnl_2": [122595, 7758.858091636485, 529916142319433.75], "unrealized_pnl_3": [122595, 20519.121886216923, 1.3555032893953944e+16], "unrealized_pnl_4": [122595, 92.90918194672817, 2056588245167.5813], "unrealized_pnl_5": [122595, 2233.7165854207346, 229115160842757.66], "unrealized_pnl_6": [122595, 60.681819776074306, 2487064278218.486], "unrealized_pnl_7": [122595, 16.043056633523005, 300589912566.05664], "unrealized_pnl_8": [122595, 73.27785934257582, 345030299102.16833], "unrealized_pnl_9": [122595, 1153.7767903121505, 65902976545226.56], "margin_usage_ratio": [122595, 0.006607779402206987, 16.503927951896973]}, "pcr_min_ew": 0.9898791090023924, "pcr_max_ew": 0.9999999999999513}