{"r_count": 169507.0001, "r_mean": -0.006489605771246201, "r_var": 518.7259814965012, "tanh_k": 2.0, "feature_welford": {"unrealized_pnl": [169509, 22231.337818421496, 8581083491162770.0], "realized_pnl": [169509, 25859.896406641168, 2.043486111540514e+16], "compounded_returns": [169509, 10457.9200879631, 14786601379646.262], "balance": [169509, 21025881.135685362, 5.199484800379493e+19], "position_value": [169509, 148440.92675160294, 3.1592837368780564e+16], "current_position_size": [169509, 742005.2214758407, 7.897891997090829e+17], "last_log_ret": [169509, 0.008648580960328582, 403.36902506823446], "sortino_ratio": [169509, 4.007546768964194, 2734950564.120169], "rolling_pnl_sigma": [169509, 0.02273337983028995, 261.82993506101485], "portfolio_cash_ratio": [169509, 0.8426524549836512, 13969.684604545113], "free_collateral": [169509, 21184493.836096726, 5.156740486901363e+19], "mm_reqs": [169509, 12135.685280690064, 783810000832271.1], "unrealized_pnl_0": [169509, 12.36243356586547, 188619141747.804], "unrealized_pnl_1": [169509, 8.228906841056888, 1218552489748.7637], "unrealized_pnl_2": [169509, 11819.292113653139, 1250543637019763.8], "unrealized_pnl_3": [169509, 23784.704180115797, 2.247052681560042e+16], "unrealized_pnl_4": [169509, 87.5584980423328, 3360508044354.542], "unrealized_pnl_5": [169509, 2374.8388103710517, 298437393359728.25], "unrealized_pnl_6": [169509, 62.98164798728865, 2650865267106.002], "unrealized_pnl_7": [169509, 17.106593448826747, 287154558010.0311], "unrealized_pnl_8": [169509, 75.97749470545057, 526576116188.5237], "unrealized_pnl_9": [169509, 1053.3561791827196, 64754901915354.016], "margin_usage_ratio": [169509, 0.005747289934409615, 19.949725643797077]}, "pcr_min_ew": 0.9953094814457174, "pcr_max_ew": 0.9999999984662536}