{"r_count": 149401.0001, "r_mean": -0.00708248557737679, "r_var": 498.0641796503334, "tanh_k": 2.0, "feature_welford": {"unrealized_pnl": [149403, 20470.033679753356, 7296895687501732.0], "realized_pnl": [149403, 24309.11365731653, 1.6926224954319402e+16], "compounded_returns": [149403, 9640.718324194224, 11782220174154.967], "balance": [149403, 19812760.519687098, 4.26263225026199e+19], "position_value": [149403, 146900.038414513, 2.705647369592318e+16], "current_position_size": [149403, 734273.945723124, 6.763795856961836e+17], "last_log_ret": [149403, 0.008525153173396012, 380.80437690426544], "sortino_ratio": [149403, 3.710656930469135, 2305661361.2914777], "rolling_pnl_sigma": [149403, 0.024023868096251247, 249.2751916253767], "portfolio_cash_ratio": [149403, 0.8340121205621313, 12923.869915643787], "free_collateral": [149403, 19968286.066049814, 4.2291718754983125e+19], "mm_reqs": [149403, 11925.058343988405, 650465132156923.5], "unrealized_pnl_0": [149403, 14.254350520586955, 186131588644.14145], "unrealized_pnl_1": [149403, 8.192122575813382, 1182771186670.0027], "unrealized_pnl_2": [149403, 10165.285359822274, 905863133732791.2], "unrealized_pnl_3": [149403, 22642.0792067257, 1.872169450086742e+16], "unrealized_pnl_4": [149403, 83.55593054642037, 3076997538929.7573], "unrealized_pnl_5": [149403, 2246.806658835853, 260982361840772.56], "unrealized_pnl_6": [149403, 61.2474388499693, 2420512922610.7964], "unrealized_pnl_7": [149403, 14.985004140271883, 273115325799.12762], "unrealized_pnl_8": [149403, 75.6223603406151, 488082520252.28516], "unrealized_pnl_9": [149403, 1013.0446991296493, 59462013980586.164], "margin_usage_ratio": [149403, 0.006056761874972134, 18.511320596153183]}, "pcr_min_ew": 0.9977576906007568, "pcr_max_ew": 1.0000000000000306}