{"r_count": 113657.0001, "r_mean": -0.008443382501545334, "r_var": 458.5965265018457, "tanh_k": 2.0, "feature_welford": {"unrealized_pnl": [113659, 17381.90671813731, 5282090321171164.0], "realized_pnl": [113659, 21397.995765134627, 1.1108111025463986e+16], "compounded_returns": [113659, 8070.894985367047, 7284422967983.638], "balance": [113659, 17501304.120859656, 2.8331091139513577e+19], "position_value": [113659, 145512.60188653736, 1.93840708664557e+16], "current_position_size": [113659, 727369.2106995537, 4.845809852489927e+17], "last_log_ret": [113659, 0.008231353203736606, 338.2744129908995], "sortino_ratio": [113659, 2.9197865903645326, 2003065707.3269358], "rolling_pnl_sigma": [113659, 0.02713754669875857, 223.1591948973448], "portfolio_cash_ratio": [113659, 0.8116970690651316, 10966.936711299699], "free_collateral": [113659, 17652652.585787475, 2.8135260942633673e+19], "mm_reqs": [113659, 11658.647865883311, 418440056342868.94], "unrealized_pnl_0": [113659, 15.395061444238653, 181550288956.5759], "unrealized_pnl_1": [113659, 10.493006834934105, 1056553588847.781], "unrealized_pnl_2": [113659, 7270.184808476468, 450669775477677.5], "unrealized_pnl_3": [113659, 20672.13098927838, 1.283641843844623e+16], "unrealized_pnl_4": [113659, 101.73373311220712, 2071145617067.4468], "unrealized_pnl_5": [113659, 2252.4993640725306, 220162658387463.53], "unrealized_pnl_6": [113659, 70.73804078384397, 1992764036916.2312], "unrealized_pnl_7": [113659, 15.7928873565676, 282894295779.94617], "unrealized_pnl_8": [113659, 71.27376349405664, 335859851498.7137], "unrealized_pnl_9": [113659, 1057.1786832480373, 56286188514496.695], "margin_usage_ratio": [113659, 0.006860577452861387, 15.790726021657797]}, "pcr_min_ew": 0.994092022425588, "pcr_max_ew": 0.9999999948260969}