{"r_count": 139348.0001, "r_mean": -0.007429511156140033, "r_var": 487.84942037996495, "tanh_k": 2.0, "feature_welford": {"unrealized_pnl": [139350, 20167.975058429554, 6645422388387866.0], "realized_pnl": [139350, 23653.537300342286, 1.483936807681625e+16], "compounded_returns": [139350, 9291.742412299991, 10516119622753.223], "balance": [139350, 19367999.898557264, 3.882781409964701e+19], "position_value": [139350, 145965.50496970228, 2.490539345576619e+16], "current_position_size": [139350, 729650.7138403258, 6.226120663685423e+17], "last_log_ret": [139350, 0.00846457923235605, 369.75131241688473], "sortino_ratio": [139350, 3.076717051022111, 1998168713.67], "rolling_pnl_sigma": [139350, 0.024756302488548654, 242.88438002511398], "portfolio_cash_ratio": [139350, 0.8289053443680352, 12402.772169394339], "free_collateral": [139350, 19522367.80483888, 3.852587869611321e+19], "mm_reqs": [139350, 11905.833872554782, 590073242006713.2], "unrealized_pnl_0": [139350, 14.049655028568809, 194394034968.0295], "unrealized_pnl_1": [139350, 13.889364738658847, 1092073126122.8195], "unrealized_pnl_2": [139350, 9376.236997871541, 736419052704301.8], "unrealized_pnl_3": [139350, 22256.304721557484, 1.6126171983291386e+16], "unrealized_pnl_4": [139350, 93.63439176316126, 1966482989338.9795], "unrealized_pnl_5": [139350, 2234.2307136682143, 243589340001189.88], "unrealized_pnl_6": [139350, 57.27768989378445, 2350915209878.2856], "unrealized_pnl_7": [139350, 15.213660599634455, 324967521793.42847], "unrealized_pnl_8": [139350, 84.96675284090827, 434561141707.76685], "unrealized_pnl_9": [139350, 1039.0045270785458, 55502576584164.734], "margin_usage_ratio": [139350, 0.006238431734942524, 17.757143549507283]}, "pcr_min_ew": 0.9970819013110214, "pcr_max_ew": 0.9999999822444438}