{"r_count": 109189.0001, "r_mean": -0.008737426888308562, "r_var": 454.29691159034445, "tanh_k": 2.0, "feature_welford": {"unrealized_pnl": [109191, 15031.231874769597, 3462312628227983.5], "realized_pnl": [109191, 19941.396115544158, 8413354790069063.0], "compounded_returns": [109191, 7489.762374312522, 5890610193133.1875], "balance": [109191, 16489077.283832284, 2.3380818640142758e+19], "position_value": [109191, 144644.79807035456, 1.7954270653448712e+16], "current_position_size": [109191, 722925.8174474289, 4.488285467672062e+17], "last_log_ret": [109191, 0.008158785473770996, 333.64395158731224], "sortino_ratio": [109191, 2.686387104499344, 1959840421.0479753], "rolling_pnl_sigma": [109191, 0.02772354642993038, 220.2547484940728], "portfolio_cash_ratio": [109191, 0.8074566859794386, 10714.510350860886], "free_collateral": [109191, 16637597.283951648, 2.3210622521021493e+19], "mm_reqs": [109191, 11265.27298374634, 355795504225865.25], "unrealized_pnl_0": [109191, 17.670609970501697, 196233623262.84662], "unrealized_pnl_1": [109191, 16.12274498915484, 1006641879604.5525], "unrealized_pnl_2": [109191, 6649.6404297072295, 402527366614487.56], "unrealized_pnl_3": [109191, 17182.35007719458, 8524128044614122.0], "unrealized_pnl_4": [109191, 74.41879960122021, 2106778777641.2214], "unrealized_pnl_5": [109191, 2317.674136033805, 216019278271059.34], "unrealized_pnl_6": [109191, 82.90811358361746, 2020969244565.1614], "unrealized_pnl_7": [109191, 14.252674910813116, 271067404645.3559], "unrealized_pnl_8": [109191, 75.14419768001873, 351127182584.90784], "unrealized_pnl_9": [109191, 1085.6697890691055, 54494307896922.04], "margin_usage_ratio": [109191, 0.007007969027177299, 15.442764697925366]}, "pcr_min_ew": 0.9862349701375512, "pcr_max_ew": 0.99999998574693}