{"r_count": 80147.0001, "r_mean": -0.010729097593888076, "r_var": 418.5491641570125, "tanh_k": 2.0, "feature_welford": {"unrealized_pnl": [80149, 11524.006892200377, 2014509807849051.0], "realized_pnl": [80149, 16325.775638031731, 4642898622163174.0], "compounded_returns": [80149, 5802.128667062223, 3267506117231.4175], "balance": [80149, 13875769.484751783, 1.4321291602148989e+19], "position_value": [80149, 146719.41599688726, 1.3038259944743254e+16], "current_position_size": [80149, 733291.5344006522, 3.2593351858184096e+17], "last_log_ret": [80149, 0.007725378755341762, 296.0167728071489], "sortino_ratio": [80149, 2.399130811878013, 1935686885.6798122], "rolling_pnl_sigma": [80149, 0.0322126674410081, 193.30272412198963], "portfolio_cash_ratio": [80149, 0.7761876046414515, 8731.85236516144], "free_collateral": [80149, 14022781.798672052, 1.4238007099123309e+19], "mm_reqs": [80149, 11329.695027296515, 239098735335814.97], "unrealized_pnl_0": [80149, 16.790305943294033, 166232259993.5042], "unrealized_pnl_1": [80149, 23.903484295344267, 994508561254.0365], "unrealized_pnl_2": [80149, 3972.7898522990185, 171104420747208.22], "unrealized_pnl_3": [80149, 14519.457202718455, 4465812904441349.5], "unrealized_pnl_4": [80149, 77.6372484978557, 1645820222258.2227], "unrealized_pnl_5": [80149, 2088.828179568421, 161099514583726.25], "unrealized_pnl_6": [80149, 78.23218975348821, 1767351617035.4934], "unrealized_pnl_7": [80149, 17.883830058699616, 256774547969.6297], "unrealized_pnl_8": [80149, 52.277268219985615, 225052818295.57492], "unrealized_pnl_9": [80149, 928.7016251688744, 36942166905778.37], "margin_usage_ratio": [80149, 0.008150145852290855, 12.785814590502659]}, "pcr_min_ew": 0.9879008496818575, "pcr_max_ew": 0.9999999999999039}