{"r_count": 94668.0001, "r_mean": -0.009675283003749764, "r_var": 437.23205246025447, "tanh_k": 2.0, "feature_welford": {"unrealized_pnl": [94670, 12618.670157074037, 2658455989514604.0], "realized_pnl": [94670, 18266.455576775243, 6880203621196927.0], "compounded_returns": [94670, 6595.547812434166, 4370592101857.965], "balance": [94670, 15127485.077646265, 1.845183460471525e+19], "position_value": [94670, 146340.1341347953, 1.564088470077682e+16], "current_position_size": [94670, 731388.541737352, 3.909930319468468e+17], "last_log_ret": [94670, 0.007962192416575753, 315.68924956046857], "sortino_ratio": [94670, 2.6209009193283204, 1957466224.565346], "rolling_pnl_sigma": [94670, 0.02971152761590914, 207.5884265571244], "portfolio_cash_ratio": [94670, 0.7945431303474498, 9734.587271618351], "free_collateral": [94670, 15275152.662390027, 1.8331540750759041e+19], "mm_reqs": [94670, 11390.808114526739, 306142507036740.44], "unrealized_pnl_0": [94670, 19.917900891483463, 171479323918.92957], "unrealized_pnl_1": [94670, 20.93310016504329, 984826076517.3503], "unrealized_pnl_2": [94670, 4847.912728185847, 245617927129030.88], "unrealized_pnl_3": [94670, 15430.165609999349, 6227610692448338.0], "unrealized_pnl_4": [94670, 77.16744929953954, 2073149082539.7715], "unrealized_pnl_5": [94670, 2124.018345262889, 185261263533863.1], "unrealized_pnl_6": [94670, 74.71260657338713, 2197836042979.3118], "unrealized_pnl_7": [94670, 14.149374274656704, 256384134177.30148], "unrealized_pnl_8": [94670, 62.800781737246574, 277006829103.08905], "unrealized_pnl_9": [94670, 1038.5841018814729, 48349878331220.89], "margin_usage_ratio": [94670, 0.007488770402329259, 14.172338396501033]}, "pcr_min_ew": 0.9910655628096214, "pcr_max_ew": 0.999999999832372}