{"r_count": 137114.0001, "r_mean": -0.007442710347241976, "r_var": 484.60652714446195, "tanh_k": 2.0, "feature_welford": {"unrealized_pnl": [137116, 20017.333255838315, 6594468781532261.0], "realized_pnl": [137116, 23661.605700580294, 1.494017296585695e+16], "compounded_returns": [137116, 9339.50509488948, 10771606690142.754], "balance": [137116, 19417053.341790516, 3.93171726521504e+19], "position_value": [137116, 147588.75997478442, 2.468824525885474e+16], "current_position_size": [137116, 737743.7533077673, 6.17179104056534e+17], "last_log_ret": [137116, 0.008452281422783441, 366.25492116896515], "sortino_ratio": [137116, 3.1235087078408736, 1994588412.4729857], "rolling_pnl_sigma": [137116, 0.024934415352477517, 240.79621769175068], "portfolio_cash_ratio": [137116, 0.8268895706264845, 12325.43711556882], "free_collateral": [137116, 19572764.755664155, 3.902241474313263e+19], "mm_reqs": [137116, 11988.451051871689, 575045010838836.4], "unrealized_pnl_0": [137116, 18.653579032489084, 195397957461.5814], "unrealized_pnl_1": [137116, 21.363696297582994, 1233481901658.9758], "unrealized_pnl_2": [137116, 9274.419552461144, 738474474504414.8], "unrealized_pnl_3": [137116, 21858.268256155516, 1.5703223458213564e+16], "unrealized_pnl_4": [137116, 93.66294608762925, 2046976957270.1099], "unrealized_pnl_5": [137116, 2374.3398253163796, 263709220515908.94], "unrealized_pnl_6": [137116, 60.25182432834758, 2138521894949.408], "unrealized_pnl_7": [137116, 16.538099595450298, 329267087942.8971], "unrealized_pnl_8": [137116, 82.93958765155263, 412474690948.94543], "unrealized_pnl_9": [137116, 1199.7844899527731, 71289348681439.61], "margin_usage_ratio": [137116, 0.006304443260232561, 17.621725222875032]}, "pcr_min_ew": 0.9943448062731336, "pcr_max_ew": 0.9999999999999025}