{"r_count": 129295.0001, "r_mean": -0.007782284220493437, "r_var": 475.8059043572286, "tanh_k": 2.0, "feature_welford": {"unrealized_pnl": [129297, 18658.488863058683, 5680598992458305.0], "realized_pnl": [129297, 22053.970145738393, 1.2271229034622358e+16], "compounded_returns": [129297, 8728.828844635167, 8831612359449.084], "balance": [129297, 18391604.838422846, 3.2872777186116338e+19], "position_value": [129297, 145825.89291008914, 2.2637826047235816e+16], "current_position_size": [129297, 728908.9739573405, 5.659180133718349e+17], "last_log_ret": [129297, 0.008372483710003398, 356.7507062037654], "sortino_ratio": [129297, 2.894363446439863, 1988745541.7978423], "rolling_pnl_sigma": [129297, 0.0255745705171207, 234.81522491276857], "portfolio_cash_ratio": [129297, 0.8230682100877176, 11818.314763930563], "free_collateral": [129297, 18544549.306578215, 3.2622305342326944e+19], "mm_reqs": [129297, 11653.610131508152, 503299163531852.44], "unrealized_pnl_0": [129297, 18.941145428466196, 201344319884.56815], "unrealized_pnl_1": [129297, 13.618499661379918, 1106881830477.1138], "unrealized_pnl_2": [129297, 8401.461410363132, 595138847388150.9], "unrealized_pnl_3": [129297, 20794.32200610943, 1.3479548762591188e+16], "unrealized_pnl_4": [129297, 101.23149543600039, 2076003647228.5188], "unrealized_pnl_5": [129297, 2247.1065057036017, 236043719112265.62], "unrealized_pnl_6": [129297, 66.49422616800149, 1991831312469.6494], "unrealized_pnl_7": [129297, 16.35628005322317, 272710434934.82413], "unrealized_pnl_8": [129297, 87.31000736668034, 441279883389.4923], "unrealized_pnl_9": [129297, 911.5340248319894, 47668204844475.42], "margin_usage_ratio": [129297, 0.006439736936887008, 16.929878195651582]}, "pcr_min_ew": 0.9943150405194608, "pcr_max_ew": 1.0000000000000357}