{"r_count": 119242.0001, "r_mean": -0.008291707586249803, "r_var": 465.8847800928177, "tanh_k": 2.0, "feature_welford": {"unrealized_pnl": [119244, 16314.456575369348, 4474586880285200.0], "realized_pnl": [119244, 21223.344148541244, 1.1030594127742704e+16], "compounded_returns": [119244, 8082.961071334864, 7310318510575.537], "balance": [119244, 17457607.80686615, 2.8425452122142577e+19], "position_value": [119244, 145042.78702670676, 2.033876087396054e+16], "current_position_size": [119244, 724966.1284243643, 5.0843955513519616e+17], "last_log_ret": [119244, 0.00826874384336078, 346.086014957884], "sortino_ratio": [119244, 2.8417830537309214, 1984816676.5718815], "rolling_pnl_sigma": [119244, 0.026615014379803466, 228.18432210880164], "portfolio_cash_ratio": [119244, 0.8162815848686135, 11252.329294431154], "free_collateral": [119244, 17607500.951115035, 2.8218010126835835e+19], "mm_reqs": [119244, 11553.248921658607, 444182702290432.25], "unrealized_pnl_0": [119244, 18.170072920739557, 179338014762.12973], "unrealized_pnl_1": [119244, 14.878084103859496, 1038872892397.2157], "unrealized_pnl_2": [119244, 7390.736983799441, 485449061315330.75], "unrealized_pnl_3": [119244, 18880.346863677616, 1.1127146866367242e+16], "unrealized_pnl_4": [119244, 87.24380413039209, 2786826676802.716], "unrealized_pnl_5": [119244, 2115.805236834697, 209091938999937.1], "unrealized_pnl_6": [119244, 65.00244545110719, 2305819665274.35], "unrealized_pnl_7": [119244, 14.59831362589114, 262395716051.2722], "unrealized_pnl_8": [119244, 72.4751890025941, 420924021891.8305], "unrealized_pnl_9": [119244, 1000.9455527627273, 54069356712277.76], "margin_usage_ratio": [119244, 0.006696842903857213, 16.223619705210872]}, "pcr_min_ew": 0.9939384918093974, "pcr_max_ew": 0.9999999999999956}