{"r_count": 106955.0001, "r_mean": -0.00888316883813293, "r_var": 452.2196784982616, "tanh_k": 2.0, "feature_welford": {"unrealized_pnl": [106957, 15452.027045088342, 3687520950172562.5], "realized_pnl": [106957, 20044.843895615355, 8615002889347334.0], "compounded_returns": [106957, 7497.566284247198, 5963668315159.506], "balance": [106957, 16624740.286509646, 2.3977722216489615e+19], "position_value": [106957, 144824.57906743075, 1.8010011571965994e+16], "current_position_size": [106957, 723916.9628282532, 4.502293495538617e+17], "last_log_ret": [106957, 0.008145917455872759, 331.49714309072783], "sortino_ratio": [106957, 2.94198423506586, 1974326610.289727], "rolling_pnl_sigma": [106957, 0.028002399427787657, 218.80366182096478], "portfolio_cash_ratio": [106957, 0.8064651515596295, 10546.082581614175], "free_collateral": [106957, 16773650.657674976, 2.380957601436886e+19], "mm_reqs": [106957, 11494.946602826412, 374064662724385.75], "unrealized_pnl_0": [106957, 17.431188528936925, 176473646908.25443], "unrealized_pnl_1": [106957, 17.12800388810382, 1053756826200.1023], "unrealized_pnl_2": [106957, 6466.6458945822815, 370129910621099.9], "unrealized_pnl_3": [106957, 18238.066174819138, 9036660858767588.0], "unrealized_pnl_4": [106957, 90.96346870052713, 1801708422536.3767], "unrealized_pnl_5": [106957, 2162.4520300347276, 197317121982265.7], "unrealized_pnl_6": [106957, 65.1377654645216, 1981918621673.4688], "unrealized_pnl_7": [106957, 15.089118556944944, 315018132597.53217], "unrealized_pnl_8": [106957, 70.48502414834853, 293173634107.82227], "unrealized_pnl_9": [106957, 1004.1223765318889, 47776202317848.76], "margin_usage_ratio": [106957, 0.0070480699553886516, 15.200858117304158]}, "pcr_min_ew": 0.9891739316976091, "pcr_max_ew": 0.9999999924095548}