{"r_count": 124827.0001, "r_mean": -0.007994651003118037, "r_var": 472.4003424322225, "tanh_k": 2.0, "feature_welford": {"unrealized_pnl": [124829, 18467.346765983588, 5565668956561788.0], "realized_pnl": [124829, 22439.511293422962, 1.2616514836019522e+16], "compounded_returns": [124829, 8627.567867670303, 8650404400917.577], "balance": [124829, 18408279.60926366, 3.2915349842855154e+19], "position_value": [124829, 145202.17621317436, 2.1896621467696944e+16], "current_position_size": [124829, 725813.5071185965, 5.4739257718433754e+17], "last_log_ret": [124829, 0.008345770246559246, 353.0334172793192], "sortino_ratio": [124829, 2.9985794517300954, 1985092939.2343771], "rolling_pnl_sigma": [124829, 0.026048424505240857, 232.70358547826658], "portfolio_cash_ratio": [124829, 0.8201751819737539, 11591.680094216923], "free_collateral": [124829, 18560313.465906445, 3.267206080238348e+19], "mm_reqs": [124829, 11787.064008884132, 502757571655338.75], "unrealized_pnl_0": [124829, 15.370181495763124, 188913738627.5288], "unrealized_pnl_1": [124829, 15.572570747207505, 1067423080659.3456], "unrealized_pnl_2": [124829, 8069.522922423058, 548572393023816.94], "unrealized_pnl_3": [124829, 21112.874295871366, 1.3651362905023558e+16], "unrealized_pnl_4": [124829, 93.92262055098071, 1903391595645.6743], "unrealized_pnl_5": [124829, 2241.618001333186, 224013969738533.66], "unrealized_pnl_6": [124829, 58.589830714773775, 2220671974957.3306], "unrealized_pnl_7": [124829, 15.665476568756423, 319976024606.6068], "unrealized_pnl_8": [124829, 74.04654543888222, 329232637349.0152], "unrealized_pnl_9": [124829, 1010.5896122072788, 52112089476363.305], "margin_usage_ratio": [124829, 0.006552654231470879, 16.636008764895212]}, "pcr_min_ew": 0.9873480299223288, "pcr_max_ew": 0.9999996042438218}