{"r_count": 91756.0001, "r_mean": -0.04144364251532225, "r_var": 740.8451279461393, "tanh_k": 2.0, "feature_welford": {"unrealized_pnl": [91757, 7481.186112183483, 1126641366969308.5], "realized_pnl": [91757, 13213.778072856996, 3696974050657846.5], "compounded_returns": [91757, 4373.753285637017, 3057665111836.0522], "balance": [91757, 10940516.42470246, 1.3306314682523953e+19], "position_value": [91757, 138399.81490107407, 1.2977482946974236e+16], "current_position_size": [91757, 691780.6972129518, 3.244227660799172e+17], "last_log_ret": [91757, 0.006967970377750242, 419.100192580841], "sortino_ratio": [91757, 1.897192499076459, 43248112.43941074], "rolling_pnl_sigma": [91757, 0.03898479549334866, 257.613271457305], "portfolio_cash_ratio": [91757, 0.7007939114459256, 12057.390835825829], "free_collateral": [91757, 11076676.143106366, 1.3248485776776767e+19], "mm_reqs": [91757, 9779.878341684249, 192010864050683.1], "unrealized_pnl_0": [91757, 26.901321414930283, 421501247452.66534], "unrealized_pnl_1": [91757, 48.17055742249223, 1092987876699.1047], "unrealized_pnl_2": [91757, 2351.197159111803, 121502151236490.56], "unrealized_pnl_3": [91757, 11568.176337324734, 3725323154221605.0], "unrealized_pnl_4": [91757, 47.425261057027434, 2967728102182.4634], "unrealized_pnl_5": [91757, 2244.7100457783167, 203202686086420.53], "unrealized_pnl_6": [91757, 70.66941929737102, 2042176883815.1812], "unrealized_pnl_7": [91757, 49.98264311385706, 408637800897.3564], "unrealized_pnl_8": [91757, 33.949266676800214, 380135849647.8061], "unrealized_pnl_9": [91757, 753.4126458119126, 31813496972810.484], "margin_usage_ratio": [91757, 0.010503553474870643, 16.422438179024635]}, "pcr_min_ew": 0.9842775252528969, "pcr_max_ew": 1.000000000000025}