{"r_count": 93824.0001, "r_mean": -0.040899748913980814, "r_var": 752.2419129756485, "tanh_k": 2.0, "feature_welford": {"unrealized_pnl": [93825, 8692.534188190219, 1374363861292132.5], "realized_pnl": [93825, -93007.51539344748, 1.0001560743768998e+20], "compounded_returns": [93825, 4711.398250482669, 3252648940210.325], "balance": [93825, 11250243.665488785, 1.4205462442446313e+19], "position_value": [93825, 140089.00448538212, 1.3471206749962004e+16], "current_position_size": [93825, 700297.2754284447, 3.3677227446038374e+17], "last_log_ret": [93825, 0.007129097055113939, 401.83694895695083], "sortino_ratio": [93825, 2.2196723626710995, 77463459.11996642], "rolling_pnl_sigma": [93825, 0.03868617159820388, 239.9429046611556], "portfolio_cash_ratio": [93825, 0.7043818955434861, 12148.203125200565], "free_collateral": [93825, 11388956.10694339, 1.4143034045514334e+19], "mm_reqs": [93825, 10144.016094976028, 220694147465339.72], "unrealized_pnl_0": [93825, 20.71804067883333, 230146496179.40695], "unrealized_pnl_1": [93825, 26.156753653769048, 1538124940971.2698], "unrealized_pnl_2": [93825, 2778.0162782043635, 147979244338960.4], "unrealized_pnl_3": [93825, 11993.678993257356, 4349552771275181.5], "unrealized_pnl_4": [93825, 100.56887413469434, 3679813240684.243], "unrealized_pnl_5": [93825, 2202.0057331342746, 184581730144377.75], "unrealized_pnl_6": [93825, 78.37181290376525, 1756272706332.969], "unrealized_pnl_7": [93825, 28.436959734561967, 323877840204.4528], "unrealized_pnl_8": [93825, 46.74670791260445, 520185161253.8304], "unrealized_pnl_9": [93825, 874.6621769139515, 44892330801074.01], "margin_usage_ratio": [93825, 0.01046315451843459, 16.7860514340061]}, "pcr_min_ew": 0.9869149164317967, "pcr_max_ew": 0.9999999990737102}