{"r_count": 135924.0001, "r_mean": -0.0329542807722864, "r_var": 763.4863557705742, "tanh_k": 2.0, "feature_welford": {"unrealized_pnl": [135925, 12042.914547301887, 2811506084935108.5], "realized_pnl": [135925, 18190.7048800404, 8702646034124803.0], "compounded_returns": [135925, 7369.425695724015, 9055226367508.674], "balance": [135925, 14887625.92496275, 2.9469963227148915e+19], "position_value": [135925, 146994.22135782143, 2.208913687932345e+16], "current_position_size": [135925, 734771.5187138809, 5.5219643947348704e+17], "last_log_ret": [135925, 0.007747449159028663, 444.9970122410367], "sortino_ratio": [135925, 3.4737557774538104, 513296700.49955267], "rolling_pnl_sigma": [135925, 0.030799695721281006, 278.6823514357964], "portfolio_cash_ratio": [135925, 0.7625152004036732, 15601.512500741488], "free_collateral": [135925, 15036105.799514018, 2.9274362342391374e+19], "mm_reqs": [135925, 10654.855485963184, 383715430424212.7], "unrealized_pnl_0": [135925, 32.7379543527237, 415117696375.8543], "unrealized_pnl_1": [135925, 7.042152112392096, 1546100197300.735], "unrealized_pnl_2": [135925, 5678.532401908558, 394826828051145.44], "unrealized_pnl_3": [135925, 16245.15776678538, 9344006483406872.0], "unrealized_pnl_4": [135925, 102.27723765428446, 2123185137344.0962], "unrealized_pnl_5": [135925, 2626.6195616718655, 297724530281277.06], "unrealized_pnl_6": [135925, 94.19784850431739, 3445636851949.113], "unrealized_pnl_7": [135925, 24.428721564623984, 392196994100.4044], "unrealized_pnl_8": [135925, 21.248795624704954, 345884028686.8785], "unrealized_pnl_9": [135925, 685.5377597130283, 46478357140436.836], "margin_usage_ratio": [135925, 0.008215502220670827, 19.843580191936763]}, "pcr_min_ew": 0.9841501051198814, "pcr_max_ew": 0.9999999999999002}