{"r_count": 2684.0001, "r_mean": -0.10128967449197825, "r_var": 71.96216341343055, "tanh_k": 2.0, "feature_welford": {"unrealized_pnl": [2685, 4.874813253451973, 28684271.387063026], "realized_pnl": [2685, 3.479828390519423, 158430551.9045772], "compounded_returns": [2685, 0.34056835972384186, 449.9943901027738], "balance": [2685, 421.2571582180499, 1300726691.9392934], "position_value": [2685, 1187.9578602645902, 4829074187.815527], "current_position_size": [2685, 5927.487020125513, 120396612894.32272], "last_log_ret": [2685, -0.003675166664524067, 37.496333981409045], "sortino_ratio": [2685, 0.09459612422873175, 298.13878402816573], "rolling_pnl_sigma": [2685, 0.0921757530074156, 13.976005724250859], "portfolio_cash_ratio": [2685, 0.25801481087806083, 126.21233038699334], "free_collateral": [2685, 1581.7215379589925, 7545451277.423907], "mm_reqs": [2685, 32.9996295325921, 4540526.930504422], "unrealized_pnl_0": [2685, -1.3734871752691906, 23282944.740587723], "unrealized_pnl_1": [2685, 2.454400801164504, 24712555.39187314], "unrealized_pnl_2": [2685, 2.653232429051429, 12893348.163730405], "unrealized_pnl_3": [2685, -0.018567364556142843, 33731605.17697526], "unrealized_pnl_4": [2685, 1.6184586912896106, 74864056.05910407], "unrealized_pnl_5": [2685, 0.6339599755983032, 38865001.03791042], "unrealized_pnl_6": [2685, -3.5919608681786053, 18508022.0461898], "unrealized_pnl_7": [2685, -1.166546546246449, 23212501.928243227], "unrealized_pnl_8": [2685, -0.8275255107098322, 18149153.145178195], "unrealized_pnl_9": [2685, 3.47839211687884, 21028739.234363478], "margin_usage_ratio": [2685, 0.020140408971866846, 0.1502454958277874]}, "pcr_min_ew": -0.0072114791062680705, "pcr_max_ew": 0.7544121652977303}