{"r_count": 84542.0001, "r_mean": -0.04310093583679919, "r_var": 687.7236172895686, "tanh_k": 2.0, "feature_welford": {"unrealized_pnl": [84543, 7576.645445037261, 1160307619103853.8], "realized_pnl": [84543, 11648.156583932825, 3487836556630685.0], "compounded_returns": [84543, 3786.941603137603, 2243842169694.98], "balance": [84543, 9658119.21295077, 1.055964634768685e+19], "position_value": [84543, 151237.0858907785, 1.3204354808934116e+16], "current_position_size": [84543, 755943.3380016022, 3.3008015954147226e+17], "last_log_ret": [84543, 0.006773547697433176, 390.20244662560066], "sortino_ratio": [84543, 1.8580106731779618, 303997906.36621445], "rolling_pnl_sigma": [84543, 0.04055847834677407, 228.08882194872467], "portfolio_cash_ratio": [84543, 0.6891264096426547, 11191.032558335248], "free_collateral": [84543, 9806535.615793, 1.0516661060169802e+19], "mm_reqs": [84543, 10501.966098703542, 170504396061368.94], "unrealized_pnl_0": [84543, 37.620886806470146, 392387246243.4342], "unrealized_pnl_1": [84543, 15.449785483817495, 1360140055816.999], "unrealized_pnl_2": [84543, 2004.8044443226597, 115010735052730.05], "unrealized_pnl_3": [84543, 10873.812112475856, 3607096385465395.5], "unrealized_pnl_4": [84543, 43.09716388600504, 1594469772891.1907], "unrealized_pnl_5": [84543, 2409.920808797617, 204456403756734.5], "unrealized_pnl_6": [84543, 71.53871684894968, 2760334411535.6284], "unrealized_pnl_7": [84543, 34.960471055009556, 342909837149.8547], "unrealized_pnl_8": [84543, 16.94864991776971, 309691553018.5039], "unrealized_pnl_9": [84543, 706.6722063978222, 29028662706684.098], "margin_usage_ratio": [84543, 0.010724913258451813, 14.579188297667775]}, "pcr_min_ew": 0.9902237376605881, "pcr_max_ew": 0.9999590808604633}