{"r_count": 126383.0001, "r_mean": -0.03462977468811102, "r_var": 794.080936724414, "tanh_k": 2.0, "feature_welford": {"unrealized_pnl": [126384, 10827.81863098653, 2397695751389401.0], "realized_pnl": [126384, 17469.99375057093, 7444985698234414.0], "compounded_returns": [126384, 6761.324485777216, 7595624866682.819], "balance": [126384, 14425059.900110338, 2.6244376493861777e+19], "position_value": [126384, 138671.80675343797, 1.893065400198674e+16], "current_position_size": [126384, 693200.305232662, 4.732521296852998e+17], "last_log_ret": [126384, 0.00762125181895124, 457.9056959586638], "sortino_ratio": [126384, 3.245063296454764, 228159435.4114713], "rolling_pnl_sigma": [126384, 0.03241981255949567, 293.3998624044057], "portfolio_cash_ratio": [126384, 0.7512139933057778, 15038.304116299576], "free_collateral": [126384, 14564520.72953356, 2.6089784864186642e+19], "mm_reqs": [126384, 10100.995875696437, 344067835074312.75], "unrealized_pnl_0": [126384, 25.460376209698975, 443548016487.5317], "unrealized_pnl_1": [126384, 26.96118622395418, 1268489033013.7878], "unrealized_pnl_2": [126384, 4942.444609957721, 317497772256276.6], "unrealized_pnl_3": [126384, 15202.69656143902, 8026069637499262.0], "unrealized_pnl_4": [126384, 84.05451242605517, 3254371378091.8003], "unrealized_pnl_5": [126384, 2479.5288533696544, 270883067149572.2], "unrealized_pnl_6": [126384, 80.13207554489723, 3158316421149.007], "unrealized_pnl_7": [126384, 37.69175342774767, 435990296763.16315], "unrealized_pnl_8": [126384, 35.70006846776306, 404623186906.9009], "unrealized_pnl_9": [126384, 720.7653072064514, 38529548330613.66], "margin_usage_ratio": [126384, 0.008726670325111836, 20.0549293844039]}, "pcr_min_ew": 0.9924346203314122, "pcr_max_ew": 0.9999999974735625}