{"r_count": 146489.0001, "r_mean": -0.03198011565205104, "r_var": 819.6983467369447, "tanh_k": 2.0, "feature_welford": {"unrealized_pnl": [146490, 12054.123717807985, 2977507818619933.5], "realized_pnl": [146490, 19404.229155417037, 9784915053117916.0], "compounded_returns": [146490, 7899.648119032951, 10678048124198.271], "balance": [146490, 16023455.233598122, 3.4484289916165177e+19], "position_value": [146490, 139114.59266633692, 2.2483710364840332e+16], "current_position_size": [146490, 695432.8162532162, 5.620790625019457e+17], "last_log_ret": [146490, 0.007871217603040192, 478.276355735509], "sortino_ratio": [146490, 4.493805303394106, 1438864361.8264327], "rolling_pnl_sigma": [146490, 0.02985731093390519, 309.7433122575013], "portfolio_cash_ratio": [146490, 0.7705303089136414, 16557.48595440267], "free_collateral": [146490, 16164393.741107399, 3.4266389370041532e+19], "mm_reqs": [146490, 10289.556254124549, 443632940425857.8], "unrealized_pnl_0": [146490, 26.04752556880343, 467663007607.67413], "unrealized_pnl_1": [146490, 21.930546270657562, 1277370422956.4326], "unrealized_pnl_2": [146490, 6201.991822419016, 446763809820944.1], "unrealized_pnl_3": [146490, 16373.229772768454, 1.022209158652615e+16], "unrealized_pnl_4": [146490, 111.7546890193559, 3549535866232.124], "unrealized_pnl_5": [146490, 2525.0980667103563, 297670592474449.5], "unrealized_pnl_6": [146490, 81.02992009848454, 3264470035702.7417], "unrealized_pnl_7": [146490, 33.700428226266844, 443663711946.30914], "unrealized_pnl_8": [146490, 37.45767328823863, 414633058495.1167], "unrealized_pnl_9": [146490, 756.2019199484463, 44990530559312.88], "margin_usage_ratio": [146490, 0.008048398611634562, 21.902439938962782]}, "pcr_min_ew": 0.994700333928717, "pcr_max_ew": 0.999999999975445}