{"r_count": 14698.000100000001, "r_mean": -0.09287840525349458, "r_var": 356.2368099956495, "tanh_k": 2.0, "feature_welford": {"unrealized_pnl": [14699, 26.666787553956635, 60506648029.02692], "realized_pnl": [14699, 23.988579993139822, 128331985118.04256], "compounded_returns": [14699, 0.8011933621297324, 92627.71802054002], "balance": [14699, 2471.345404238353, 1405386477938.7432], "position_value": [14699, 6502.476045505114, 5555504941796.036], "current_position_size": [14699, 32476.478904442774, 138709395814063.03], "last_log_ret": [14699, -0.0013030475666160552, 176.60585587920744], "sortino_ratio": [14699, 0.11778929394094224, 2475.1660884948537], "rolling_pnl_sigma": [14699, 0.08643876286603068, 59.83033053410413], "portfolio_cash_ratio": [14699, 0.26404167818511926, 717.7925204040565], "free_collateral": [14699, 8715.65136780193, 9462357894302.246], "mm_reqs": [14699, 287.57469746597803, 19308727248.06218], "unrealized_pnl_0": [14699, 7.280390309268957, 13268166402.445885], "unrealized_pnl_1": [14699, 7.393027089779474, 23590425481.03778], "unrealized_pnl_2": [14699, -0.4460215752035228, 4014366040.623459], "unrealized_pnl_3": [14699, 5.286619700281051, 26406392474.300816], "unrealized_pnl_4": [14699, 17.41980244497188, 34813266658.54786], "unrealized_pnl_5": [14699, -8.028112344082043, 11902691747.522415], "unrealized_pnl_6": [14699, -5.261714181353382, 10775160423.421463], "unrealized_pnl_7": [14699, 26.864074230550173, 19377446245.73664], "unrealized_pnl_8": [14699, 0.3409038072374001, 12060762310.57096], "unrealized_pnl_9": [14699, 6.047019743569275, 35490820548.57207], "margin_usage_ratio": [14699, 0.021317644954630423, 1.2794984356763117]}, "pcr_min_ew": 0.017827729323969855, "pcr_max_ew": 0.6983627108765674}