{"r_count": 35740.000100000005, "r_mean": -0.07010083397371354, "r_var": 590.8102301139716, "tanh_k": 2.0, "feature_welford": {"unrealized_pnl": [35741, 2144.840294725274, 124031742058524.9], "realized_pnl": [35741, -277193.4965262988, 1.0000946807053463e+20], "compounded_returns": [35741, 344.1277933336496, 24076261302.412376], "balance": [35741, 2319520.4466492273, 7.289789274792934e+17], "position_value": [35741, 128178.08118595311, 3882165067041601.5], "current_position_size": [35741, 640535.5761629407, 9.704376448309944e+16], "last_log_ret": [35741, 0.004029418484346236, 299.22013032746617], "sortino_ratio": [35741, 0.38129647355946467, 139931.06933160682], "rolling_pnl_sigma": [35741, 0.06750296006524457, 129.35627294002433], "portfolio_cash_ratio": [35741, 0.4718834519474573, 4397.408276258435], "free_collateral": [35741, 2441385.1893029343, 7.448095266654061e+17], "mm_reqs": [35741, 8509.923617952485, 36976955102752.04], "unrealized_pnl_0": [35741, 33.11936580312283, 215710852044.6926], "unrealized_pnl_1": [35741, 60.925003361018796, 1186513287530.6426], "unrealized_pnl_2": [35741, 149.70739674191339, 19073686357296.6], "unrealized_pnl_3": [35741, 3253.7309732980852, 232355788884064.9], "unrealized_pnl_4": [35741, 173.34303288801232, 2855537816588.815], "unrealized_pnl_5": [35741, 256.5660860369548, 34426008667719.61], "unrealized_pnl_6": [35741, 40.648947664812034, 1092284679254.3528], "unrealized_pnl_7": [35741, -2.842562770502765, 210947079732.34903], "unrealized_pnl_8": [35741, 53.187541538872246, 237589247853.98535], "unrealized_pnl_9": [35741, 378.75849009191535, 9593896470739.266], "margin_usage_ratio": [35741, 0.018569109367044645, 7.041897411652087]}, "pcr_min_ew": 0.9682528453798717, "pcr_max_ew": 0.9999999999999034}