{"r_count": 77622.0001, "r_mean": -0.047505186023423865, "r_var": 1401.0933157530578, "tanh_k": 2.0, "feature_welford": {"unrealized_pnl": [77623, 5955.468012309776, 766818618785564.8], "realized_pnl": [77623, 11082.8189514661, 2558582321226699.0], "compounded_returns": [77623, 3365.9612249476586, 1812697031275.6172], "balance": [77623, 9290596.439628301, 9.458398964273125e+18], "position_value": [77623, 137657.19277703, 1.0367462634650446e+16], "current_position_size": [77623, 687929.3176112365, 2.5913418193393053e+17], "last_log_ret": [77623, 0.006287305652857246, 818.1441471034647], "sortino_ratio": [77623, 1.3346386771399688, 32484681.13937379], "rolling_pnl_sigma": [77623, 0.044240654727437344, 283.473389630945], "portfolio_cash_ratio": [77623, 0.6694469860198387, 10411.061592334274], "free_collateral": [77623, 9424549.280354915, 9.429568759012889e+18], "mm_reqs": [77623, 9720.106783946465, 142332714791503.1], "unrealized_pnl_0": [77623, 36.76456429933788, 367818031261.18896], "unrealized_pnl_1": [77623, 17.874143178169483, 1059086291431.7867], "unrealized_pnl_2": [77623, 1433.1369683265111, 82770716860156.16], "unrealized_pnl_3": [77623, 9482.73616233911, 2588114719361094.0], "unrealized_pnl_4": [77623, 39.47024181453217, 1708271734513.1282], "unrealized_pnl_5": [77623, 2173.598901353925, 163477049305190.7], "unrealized_pnl_6": [77623, 51.39006389140714, 1908251872931.7913], "unrealized_pnl_7": [77623, 65.10291604482177, 529335064574.9824], "unrealized_pnl_8": [77623, 9.604314799768195, 377041487881.142], "unrealized_pnl_9": [77623, 906.3601791631935, 39064102766891.055], "margin_usage_ratio": [77623, 0.011559382987047005, 14.322855958833465]}, "pcr_min_ew": 0.9896852042060557, "pcr_max_ew": 0.9999999662579199}