{"r_count": 38745.000100000005, "r_mean": -0.06627086713017036, "r_var": 559.9325847389107, "tanh_k": 2.0, "feature_welford": {"unrealized_pnl": [38746, 2383.4061726131486, 158969451596527.6], "realized_pnl": [38746, 3296.5088642620317, 376462700379305.6], "compounded_returns": [38746, 372.6844358171843, 27169353055.99527], "balance": [38746, 2714776.615104426, 9.123467898329057e+17], "position_value": [38746, 147196.17688413514, 5496411448315869.0], "current_position_size": [38746, 735532.6698999633, 1.373799889243151e+17], "last_log_ret": [38746, 0.0041985734828332184, 308.55034543198104], "sortino_ratio": [38746, 0.4408606043254862, 241855.21918526827], "rolling_pnl_sigma": [38746, 0.0630558153183055, 142.23976938241046], "portfolio_cash_ratio": [38746, 0.5045794524437257, 5120.2065462302335], "free_collateral": [38746, 2854819.2246494023, 9.318856648566606e+17], "mm_reqs": [38746, 9607.701051429816, 45913505173032.29], "unrealized_pnl_0": [38746, 70.44951207013547, 321931220065.35516], "unrealized_pnl_1": [38746, 54.67386050473747, 943762277154.7262], "unrealized_pnl_2": [38746, 195.60241123017863, 28300784035528.816], "unrealized_pnl_3": [38746, 2410.5845593953536, 275074297629066.56], "unrealized_pnl_4": [38746, 35.59157773845112, 1212327258189.2637], "unrealized_pnl_5": [38746, 1498.9625164925747, 68322240482244.47], "unrealized_pnl_6": [38746, 11.623375952031616, 1922442624003.546], "unrealized_pnl_7": [38746, 18.236878826766034, 242124692518.46866], "unrealized_pnl_8": [38746, 20.979406239837896, 228109949784.90057], "unrealized_pnl_9": [38746, 266.0854127751551, 8179670004504.296], "margin_usage_ratio": [38746, 0.016735540186950736, 7.230308236427454]}, "pcr_min_ew": 0.9853382910835192, "pcr_max_ew": 0.9999999999997908}