{"r_count": 52661.000100000005, "r_mean": -0.05709086260665917, "r_var": 651.9910913204711, "tanh_k": 2.0, "feature_welford": {"unrealized_pnl": [52662, 3681.0264088237514, 340519115985748.25], "realized_pnl": [52662, 7082.363756610139, 1134582147789060.0], "compounded_returns": [52662, 1178.8995479263467, 249591016245.78113], "balance": [52662, 5700396.250936118, 3.630071127501755e+18], "position_value": [52662, 138515.41046720368, 7098334755675823.0], "current_position_size": [52662, 692209.2931451462, 1.7744347289462227e+17], "last_log_ret": [52662, 0.0053732335557568, 362.58163958900815], "sortino_ratio": [52662, 0.6760381052334676, 2577734.601373903], "rolling_pnl_sigma": [52662, 0.05395276226882991, 196.69826358490735], "portfolio_cash_ratio": [52662, 0.585453532036383, 7424.06927681247], "free_collateral": [52662, 5833112.514728596, 3.6387240929628227e+18], "mm_reqs": [52662, 9536.328721627844, 84655967150387.02], "unrealized_pnl_0": [52662, 36.26297588064777, 392732733004.1313], "unrealized_pnl_1": [52662, 73.81737798982967, 940547110172.7052], "unrealized_pnl_2": [52662, 506.7655229661289, 37440938429130.34], "unrealized_pnl_3": [52662, 6424.709792086705, 1011102578349398.9], "unrealized_pnl_4": [52662, 26.51419665158808, 1691066385299.3176], "unrealized_pnl_5": [52662, 1214.2927865547992, 101961913719750.34], "unrealized_pnl_6": [52662, 52.481495646484746, 1668508191153.7578], "unrealized_pnl_7": [52662, 28.970039373692572, 283872895425.7558], "unrealized_pnl_8": [52662, 45.1028496404203, 348772284175.0711], "unrealized_pnl_9": [52662, 482.0163008675059, 13027987125754.125], "margin_usage_ratio": [52662, 0.014537391589284862, 10.748146825381463]}, "pcr_min_ew": 0.9679047741465665, "pcr_max_ew": 0.9999999999999959}