{"r_count": 184467.0001, "r_mean": -0.02842208018674302, "r_var": 863.7709342234544, "tanh_k": 2.0, "feature_welford": {"unrealized_pnl": [184468, 15266.438351286652, 4804750527416865.0], "realized_pnl": [184468, 22706.074243841234, 1.4973705095980424e+16], "compounded_returns": [184468, 9692.277367908904, 17270042056723.469], "balance": [184468, 18583747.737825003, 5.2245371008818864e+19], "position_value": [184468, 141613.64824038435, 2.991373752347068e+16], "current_position_size": [184468, 707954.3484339224, 7.478307061728783e+17], "last_log_ret": [184468, 0.008210817775476616, 515.9678460830347], "sortino_ratio": [184468, 5.566545516822132, 1705581789.945202], "rolling_pnl_sigma": [184468, 0.026390176857245585, 336.6702005731608], "portfolio_cash_ratio": [184468, 0.7966944690736916, 19086.810431809256], "free_collateral": [184468, 18730017.767511036, 5.188323232823019e+19], "mm_reqs": [184468, 10671.493497268153, 626477621630142.2], "unrealized_pnl_0": [184468, 25.849168633673113, 490631232705.2576], "unrealized_pnl_1": [184468, 20.955461695130026, 1340955265842.5325], "unrealized_pnl_2": [184468, 8717.815991258733, 806995321218049.9], "unrealized_pnl_3": [184468, 19330.75043652033, 1.580239193794279e+16], "unrealized_pnl_4": [184468, 141.6028687951529, 4123901769275.8335], "unrealized_pnl_5": [184468, 2659.7970292303576, 365739197718908.0], "unrealized_pnl_6": [184468, 81.82598064379391, 3653596249546.7817], "unrealized_pnl_7": [184468, 28.43270087222133, 464704214327.29816], "unrealized_pnl_8": [184468, 43.81981737682695, 482167783352.1436], "unrealized_pnl_9": [184468, 747.8008657211061, 49861166249369.305], "margin_usage_ratio": [184468, 0.007136433099069702, 25.014106157605173]}, "pcr_min_ew": 0.9949442074873502, "pcr_max_ew": 1.0000000000000842}