{"r_count": 12464.000100000001, "r_mean": -0.09392939585538604, "r_var": 329.6775966357416, "tanh_k": 2.0, "feature_welford": {"unrealized_pnl": [12465, 30.62871107031755, 57568968645.40157], "realized_pnl": [12465, 25.281980901277528, 126360036423.49498], "compounded_returns": [12465, 0.8310666745456377, 90717.01970367394], "balance": [12465, 2673.017559107984, 1386442863690.117], "position_value": [12465, 6997.839651511613, 5472944745427.587], "current_position_size": [12465, 34947.258282400006, 136647671663993.28], "last_log_ret": [12465, -0.0014856315552047947, 154.2577223397149], "sortino_ratio": [12465, 0.11641617322528407, 2180.2056024547505], "rolling_pnl_sigma": [12465, 0.0873186439286951, 52.21489328781324], "portfolio_cash_ratio": [12465, 0.2640054147325952, 613.5685729823997], "free_collateral": [12465, 9385.96406191259, 9325604568380.965], "mm_reqs": [12465, 318.49949175154313, 19143289908.457523], "unrealized_pnl_0": [12465, 7.961422256929199, 13043899909.42141], "unrealized_pnl_1": [12465, 5.760134023874869, 23370038087.36203], "unrealized_pnl_2": [12465, -1.909862436599883, 3876569401.4964905], "unrealized_pnl_3": [12465, 3.24393983019052, 23155382112.3292], "unrealized_pnl_4": [12465, 20.349367629845013, 34502950037.66846], "unrealized_pnl_5": [12465, -8.414718389518237, 11730581988.990345], "unrealized_pnl_6": [12465, -3.606784953664089, 9897358903.00428], "unrealized_pnl_7": [12465, 32.51819131000973, 19004254440.005104], "unrealized_pnl_8": [12465, 3.21865657840533, 11659071513.305445], "unrealized_pnl_9": [12465, 5.947447117676229, 35304578659.64038], "margin_usage_ratio": [12465, 0.02144795626619003, 1.1356552965555686]}, "pcr_min_ew": 0.016489167584978613, "pcr_max_ew": 0.7076533690938378}