{"r_count": 1561.0001, "r_mean": -0.09507806045351495, "r_var": 66.62919586247142, "tanh_k": 2.0, "feature_welford": {"unrealized_pnl": [1562, 161.07423227100495, 31748266865.45606], "realized_pnl": [1562, -219.5841891200918, 69116647716.48161], "compounded_returns": [1562, 1.280806442658155, 6331.975185469793], "balance": [1562, 7987.514606486925, 806915579177.3943], "position_value": [1562, 20337.165231501105, 3246723262769.68], "current_position_size": [1562, 101401.07552932954, 81069151776070.2], "last_log_ret": [1562, -0.0031303216171898276, 19.69747898410911], "sortino_ratio": [1562, 0.11958876502026877, 705.4883569648993], "rolling_pnl_sigma": [1562, 0.08493220431923335, 7.320065431090732], "portfolio_cash_ratio": [1562, 0.26565618116511863, 77.40095553629597], "free_collateral": [1562, 27388.799477985915, 5282176980794.931], "mm_reqs": [1562, 1105.6916862238415, 12786295213.423796], "unrealized_pnl_0": [1562, 81.62730731988798, 13705041012.89358], "unrealized_pnl_1": [1562, -53.178828402567405, 8188117594.342668], "unrealized_pnl_2": [1562, 50.65125503410638, 2678460089.1011853], "unrealized_pnl_3": [1562, 63.45197730614683, 11674553631.182837], "unrealized_pnl_4": [1562, 32.75053840873797, 19904872470.07716], "unrealized_pnl_5": [1562, 57.51505138287535, 18290885813.03805], "unrealized_pnl_6": [1562, 23.507941489098087, 3312695241.2302904], "unrealized_pnl_7": [1562, -24.364251091035378, 3655571532.1792526], "unrealized_pnl_8": [1562, 73.11203308588924, 9083901175.688055], "unrealized_pnl_9": [1562, -131.56066765010866, 28706713582.39451], "margin_usage_ratio": [1562, 0.023868716765740164, 0.2405056389396142]}, "pcr_min_ew": 0.043079643467666115, "pcr_max_ew": 0.7321093120978925}