{"r_count": 8662.000100000001, "r_mean": -0.0980316986927287, "r_var": 265.208051789662, "tanh_k": 2.0, "feature_welford": {"unrealized_pnl": [8663, 2.495836168804798, 464940484.43773675], "realized_pnl": [8663, 4.15331489509924, 1860909641.0456624], "compounded_returns": [8663, 0.4028023546004133, 5881.321560069447], "balance": [8663, 421.0468713730656, 13051975174.147808], "position_value": [8663, 1224.253978365279, 62890859910.721466], "current_position_size": [8663, 6116.650914381532, 1572320056778.8074], "last_log_ret": [8663, -0.002495515215583874, 105.8778056204227], "sortino_ratio": [8663, 0.10695523550542811, 1247.2688700834858], "rolling_pnl_sigma": [8663, 0.08954113463188657, 35.200446898235676], "portfolio_cash_ratio": [8663, 0.2581775151452781, 420.29959439466074], "free_collateral": [8663, 1611.6897210674874, 100596510331.69997], "mm_reqs": [8663, 36.67024836694716, 89102245.39565337], "unrealized_pnl_0": [8663, 0.5540887216206937, 135980121.82571837], "unrealized_pnl_1": [8663, 4.135079016047676, 533273003.2870598], "unrealized_pnl_2": [8663, 0.27848471578469214, 67163908.61060442], "unrealized_pnl_3": [8663, -0.1104909713143071, 404074568.49638337], "unrealized_pnl_4": [8663, 1.1908259626543038, 162245313.74271685], "unrealized_pnl_5": [8663, 2.185309365934173, 105372829.61213526], "unrealized_pnl_6": [8663, -1.1890266741111417, 151339458.11670634], "unrealized_pnl_7": [8663, 0.7357130210274717, 225173307.17954016], "unrealized_pnl_8": [8663, 0.7035353356675563, 99307269.902664], "unrealized_pnl_9": [8663, -2.8846006099795805, 224717165.84409758], "margin_usage_ratio": [8663, 0.02013649089035282, 0.5252150419882542]}, "pcr_min_ew": 0.020631655704516704, "pcr_max_ew": 0.8158082341048603}