{"r_count": 135319.0001, "r_mean": -0.033381080696548666, "r_var": 805.6612540105763, "tanh_k": 2.0, "feature_welford": {"unrealized_pnl": [135320, 11322.582877778648, 2653057244659847.0], "realized_pnl": [135320, 18132.986076189554, 8308817674000564.0], "compounded_returns": [135320, 7235.401617862585, 8723398714358.52], "balance": [135320, 15074649.811696451, 2.9258480449904394e+19], "position_value": [135320, 138830.52272652675, 2.0446400292900588e+16], "current_position_size": [135320, 694004.3525137337, 5.111458217076722e+17], "last_log_ret": [135320, 0.00773703394535024, 467.06219773137593], "sortino_ratio": [135320, 3.5209853293328397, 250808153.22795254], "rolling_pnl_sigma": [135320, 0.031205553605635834, 300.91940242702896], "portfolio_cash_ratio": [135320, 0.7603269156278064, 15732.782754283005], "free_collateral": [135320, 15214713.445866393, 2.9077298708563587e+19], "mm_reqs": [135320, 10150.51783828764, 377912365548160.6], "unrealized_pnl_0": [135320, 24.733088736530043, 445994478488.9569], "unrealized_pnl_1": [135320, 24.528254176120612, 1270909469806.44], "unrealized_pnl_2": [135320, 5528.764432978662, 372101049958918.9], "unrealized_pnl_3": [135320, 15542.290593848255, 8864045650188518.0], "unrealized_pnl_4": [135320, 101.25023158428327, 3435826666429.279], "unrealized_pnl_5": [135320, 2484.6332643880155, 281398416985292.34], "unrealized_pnl_6": [135320, 81.55490783771822, 3193914754413.4336], "unrealized_pnl_7": [135320, 34.905985223590235, 440661245948.09973], "unrealized_pnl_8": [135320, 36.559625334592, 409941147199.5379], "unrealized_pnl_9": [135320, 758.7502616092274, 43755834071645.15], "margin_usage_ratio": [135320, 0.00840795428268216, 20.908297072141327]}, "pcr_min_ew": 0.9834213778841742, "pcr_max_ew": 0.9999999983626456}