{"r_count": 144255.0001, "r_mean": -0.03223599741891281, "r_var": 816.9178120733624, "tanh_k": 2.0, "feature_welford": {"unrealized_pnl": [144256, 11916.216814069385, 2907164520481351.0], "realized_pnl": [144256, 19151.713589228064, 9428749425481170.0], "compounded_returns": [144256, 7771.372343268389, 10289781491205.531], "balance": [144256, 15832475.451531958, 3.3394240111698026e+19], "position_value": [144256, 139088.37928969262, 2.2047989711320468e+16], "current_position_size": [144256, 695299.5790799267, 5.511860407221582e+17], "last_log_ret": [144256, 0.007845528110233735, 475.9694763940407], "sortino_ratio": [144256, 4.385524000154625, 1421031487.2888136], "rolling_pnl_sigma": [144256, 0.030106366001124093, 307.98820566530577], "portfolio_cash_ratio": [144256, 0.7685913940542103, 16396.93205693615], "free_collateral": [144256, 15973277.313512024, 3.318412779796651e+19], "mm_reqs": [144256, 10262.619354779596, 429890112731756.4], "unrealized_pnl_0": [144256, 24.134495342705975, 453053546287.18713], "unrealized_pnl_1": [144256, 22.75288393770297, 1275770462352.5881], "unrealized_pnl_2": [144256, 6112.211666718253, 436891334270413.7], "unrealized_pnl_3": [144256, 16231.376716700883, 9899960634073238.0], "unrealized_pnl_4": [144256, 109.79106712019946, 3528520410077.0884], "unrealized_pnl_5": [144256, 2499.518476079526, 293109992597499.75], "unrealized_pnl_6": [144256, 81.00830393073223, 3255618462035.6455], "unrealized_pnl_7": [144256, 34.05361552825849, 443569137517.41095], "unrealized_pnl_8": [144256, 37.031540135360544, 413342730235.5386], "unrealized_pnl_9": [144256, 754.9737810760861, 44767972070433.93], "margin_usage_ratio": [144256, 0.008115041627025355, 21.696636944336355]}, "pcr_min_ew": 0.9920857876348967, "pcr_max_ew": 0.9999999991832029}