{"r_count": 74215.0001, "r_mean": -0.04945865402580807, "r_var": 1350.4257489225, "tanh_k": 2.0, "feature_welford": {"unrealized_pnl": [74216, 5609.01842317987, 723283239577132.5], "realized_pnl": [74216, -204310.11169167171, 2.52837474696538e+20], "compounded_returns": [74216, 2679.812423287291, 1149947000685.928], "balance": [74216, 8055073.978533624, 7.569878017523925e+18], "position_value": [74216, 127803.28794218528, 9363445136085216.0], "current_position_size": [74216, 638811.2227697641, 2.3405959408172595e+17], "last_log_ret": [74216, 0.0058448260739732295, 802.6073417782269], "sortino_ratio": [74216, 1.2990239371161931, 83989923.94303171], "rolling_pnl_sigma": [74216, 0.04673275437040561, 253.54319043334945], "portfolio_cash_ratio": [74216, 0.634602880123366, 11845.665138595172], "free_collateral": [74216, 8179773.546701693, 7.565017898364848e+18], "mm_reqs": [74216, 8803.908348127516, 119383673430322.84], "unrealized_pnl_0": [74216, 19.212738267368263, 217376529733.9466], "unrealized_pnl_1": [74216, 17.333623504268328, 1138825924330.08], "unrealized_pnl_2": [74216, 988.9790775792425, 57412808324138.555], "unrealized_pnl_3": [74216, 9451.664495216683, 2369407486599047.5], "unrealized_pnl_4": [74216, 52.221090544240084, 1830970776172.654], "unrealized_pnl_5": [74216, 1669.5826986095694, 135362918790500.69], "unrealized_pnl_6": [74216, 39.92423353597232, 1577225215375.1228], "unrealized_pnl_7": [74216, 17.632669689139124, 274829827913.3355], "unrealized_pnl_8": [74216, 36.49079332305338, 314842751096.7989], "unrealized_pnl_9": [74216, 664.5066082608148, 27439843498085.08], "margin_usage_ratio": [74216, 0.012625097533475186, 14.492395752255424]}, "pcr_min_ew": 0.9919299688429398, "pcr_max_ew": 0.9999999999998511}