{"r_count": 17928.0001, "r_mean": -0.09175027643181283, "r_var": 408.70293405467487, "tanh_k": 2.0, "feature_welford": {"unrealized_pnl": [17929, 127.74805055339236, 289855061593.1365], "realized_pnl": [17929, 18.037011258253376, 667020391568.5529], "compounded_returns": [17929, 0.41719385469211556, 2020089.484156564], "balance": [17929, 7531.5901206028775, 19325242854399.824], "position_value": [17929, 15856.205603323888, 36164864029266.62], "current_position_size": [17929, 79212.17641261005, 903869053638461.4], "last_log_ret": [17929, -0.0007327402567680395, 212.97441749792313], "sortino_ratio": [17929, 0.14479992308584844, 3905.6324317288168], "rolling_pnl_sigma": [17929, 0.08567857998133703, 78.63895902759816], "portfolio_cash_ratio": [17929, 0.2639017349301228, 885.3049752193969], "free_collateral": [17929, 22719.68654457153, 78935067515708.86], "mm_reqs": [17929, 804.6639881630786, 143400672018.07355], "unrealized_pnl_0": [17929, 14.581161956091524, 72565319004.21425], "unrealized_pnl_1": [17929, 8.779449775452028, 46024252433.190346], "unrealized_pnl_2": [17929, 14.649825032445033, 52035345681.23763], "unrealized_pnl_3": [17929, 37.480415522734674, 348323788484.82825], "unrealized_pnl_4": [17929, 26.679706936904278, 127009269844.16309], "unrealized_pnl_5": [17929, 22.425589041549035, 215498086942.67307], "unrealized_pnl_6": [17929, 20.880747622068412, 152179669915.51047], "unrealized_pnl_7": [17929, -8.555850623939241, 51434160083.326096], "unrealized_pnl_8": [17929, 5.394382484428094, 47347728294.65814], "unrealized_pnl_9": [17929, 16.044530790117744, 316758640760.5711], "margin_usage_ratio": [17929, 0.02294800727570881, 2.1218806378378754]}, "pcr_min_ew": 0.01775758096640861, "pcr_max_ew": 0.6468510009343662}