{"r_count": 148723.0001, "r_mean": -0.031743239454783564, "r_var": 822.4659863405959, "tanh_k": 2.0, "feature_welford": {"unrealized_pnl": [148724, 12380.299842462488, 3250196658101849.0], "realized_pnl": [148724, 19591.841573845606, 1.025558820632337e+16], "compounded_returns": [148724, 8000.102094306878, 10983816660814.938], "balance": [148724, 16171285.326845542, 3.5384242729090286e+19], "position_value": [148724, 139298.52543180477, 2.2912910091032012e+16], "current_position_size": [148724, 696351.3762774228, 5.7280953036323725e+17], "last_log_ret": [148724, 0.007894441265869695, 480.6466471288452], "sortino_ratio": [148724, 4.561659578012312, 1454479931.378941], "rolling_pnl_sigma": [148724, 0.029620033613993, 311.5068036620253], "portfolio_cash_ratio": [148724, 0.7723711043480517, 16715.03498941064], "free_collateral": [148724, 16312708.72462663, 3.515888238842102e+19], "mm_reqs": [148724, 10314.30801953465, 454175601150835.75], "unrealized_pnl_0": [148724, 27.086141461286037, 477689218766.47906], "unrealized_pnl_1": [148724, 21.742772455937203, 1277686241352.6309], "unrealized_pnl_2": [148724, 6357.068402360091, 466298137516659.4], "unrealized_pnl_3": [148724, 16601.36226959616, 1.0597420206383118e+16], "unrealized_pnl_4": [148724, 112.64473953788293, 3569897793811.192], "unrealized_pnl_5": [148724, 2558.911463916878, 303211250358386.0], "unrealized_pnl_6": [148724, 80.29206224736801, 3267345485581.5986], "unrealized_pnl_7": [148724, 33.26286622282159, 443758099871.0441], "unrealized_pnl_8": [148724, 37.72756192004498, 417186450536.9031], "unrealized_pnl_9": [148724, 751.948617136403, 45124273761136.11], "margin_usage_ratio": [148724, 0.00798325621211799, 22.095015181316676]}, "pcr_min_ew": 0.983407022530076, "pcr_max_ew": 1.0000000000001368}