{"r_count": 88405.0001, "r_mean": -0.04233890400410989, "r_var": 734.8103638042918, "tanh_k": 2.0, "feature_welford": {"unrealized_pnl": [88406, 7140.114792156742, 1018288383262944.4], "realized_pnl": [88406, 12751.512164688818, 3434263270861611.5], "compounded_returns": [88406, 4096.418546126924, 2665560252801.6836], "balance": [88406, 10505432.022976594, 1.2045267446407016e+19], "position_value": [88406, 138563.59471772925, 1.2430935785742672e+16], "current_position_size": [88406, 692591.3192219894, 3.1075911964647386e+17], "last_log_ret": [88406, 0.006879519323469331, 414.93911945231304], "sortino_ratio": [88406, 1.7903568149472493, 37600358.42495503], "rolling_pnl_sigma": [88406, 0.03985855459958389, 253.38904996024502], "portfolio_cash_ratio": [88406, 0.6940803598249469, 11729.717809524838], "free_collateral": [88406, 10641427.7698056, 1.1996429866296232e+19], "mm_reqs": [88406, 9767.526017622777, 177443205835463.34], "unrealized_pnl_0": [88406, 26.636929734359324, 419680237658.2293], "unrealized_pnl_1": [88406, 51.40685089868917, 1079046504589.9332], "unrealized_pnl_2": [88406, 2091.7581839288764, 110962903840759.88], "unrealized_pnl_3": [88406, 11009.194333948795, 3259781415923995.5], "unrealized_pnl_4": [88406, 42.658274022931465, 2918732964069.443], "unrealized_pnl_5": [88406, 2231.370610195324, 199075877638695.6], "unrealized_pnl_6": [88406, 67.40438898276139, 2019474903569.4548], "unrealized_pnl_7": [88406, 50.890031531758495, 406960382775.32385], "unrealized_pnl_8": [88406, 34.49705931625927, 378508352893.87134], "unrealized_pnl_9": [88406, 758.0067984162372, 31350631998835.24], "margin_usage_ratio": [88406, 0.010745901698798112, 16.026497012864805]}, "pcr_min_ew": 0.9857932940756069, "pcr_max_ew": 0.9999999990068513}