{"r_count": 45447.000100000005, "r_mean": -0.060881919582004194, "r_var": 586.8117320996555, "tanh_k": 2.0, "feature_welford": {"unrealized_pnl": [45448, 3111.5376552457215, 222398451949245.62], "realized_pnl": [45448, 4414.730822862291, 585930601768847.4], "compounded_returns": [45448, 731.222037486487, 91942485881.10855], "balance": [45448, 3681921.813818529, 1.469129027147161e+18], "position_value": [45448, 155364.02689323036, 7056915985717368.0], "current_position_size": [45448, 776438.0157548464, 1.7639402199616176e+17], "last_log_ret": [45448, 0.00483960257517352, 325.27422882007454], "sortino_ratio": [45448, 0.522218303832146, 310700.94913890003], "rolling_pnl_sigma": [45448, 0.057873558907038096, 159.3532765896492], "portfolio_cash_ratio": [45448, 0.5498704521849176, 6270.734626524943], "free_collateral": [45448, 3830045.248130579, 1.4904126555261204e+18], "mm_reqs": [45448, 10429.532289998491, 65390871184773.29], "unrealized_pnl_0": [45448, 60.450948232491136, 323738737246.9584], "unrealized_pnl_1": [45448, 25.342125150502916, 1149213903527.872], "unrealized_pnl_2": [45448, 145.21120684379267, 35008649904319.324], "unrealized_pnl_3": [45448, 3716.9420141446376, 455571599508226.94], "unrealized_pnl_4": [45448, 27.68413296357104, 1375989378709.0945], "unrealized_pnl_5": [45448, 1923.510914504625, 95229278331908.94], "unrealized_pnl_6": [45448, 26.38668082912899, 2182902776276.8145], "unrealized_pnl_7": [45448, 19.949826168410425, 260600395793.37], "unrealized_pnl_8": [45448, 25.665534760602675, 246499040489.94388], "unrealized_pnl_9": [45448, 402.6539754579869, 12616775339799.654], "margin_usage_ratio": [45448, 0.015331853816246648, 8.636153604273186]}, "pcr_min_ew": 0.9890222980206196, "pcr_max_ew": 0.9999999815457634}