{"r_count": 81214.0001, "r_mean": -0.0440526856033789, "r_var": 778.4617231520677, "tanh_k": 2.0, "feature_welford": {"unrealized_pnl": [81215, 6948.1531420178535, 965864024834438.2], "realized_pnl": [81215, -7892.524949368151, 2.7600168005083407e+18], "compounded_returns": [81215, 4126.256252090405, 2312304812904.8213], "balance": [81215, 10485167.307022167, 1.1435413923653116e+19], "position_value": [81215, 129069.76448949083, 1.0744085186329204e+16], "current_position_size": [81215, 645150.8421687264, 2.685926869358011e+17], "last_log_ret": [81215, 0.00675679238168887, 398.397459685548], "sortino_ratio": [81215, 2.324062046732906, 114778127.75888263], "rolling_pnl_sigma": [81215, 0.04137500168137398, 242.25539008915186], "portfolio_cash_ratio": [81215, 0.6824410367863625, 11034.940968594932], "free_collateral": [81215, 10611983.973447377, 1.1399184714025748e+19], "mm_reqs": [81215, 9261.539779483192, 158911691464695.28], "unrealized_pnl_0": [81215, 13.191784402957559, 182719500305.9749], "unrealized_pnl_1": [81215, 42.59015804790419, 792400048780.3813], "unrealized_pnl_2": [81215, 1925.5787685567814, 103967902095450.25], "unrealized_pnl_3": [81215, 11451.575510176166, 3401866454929603.0], "unrealized_pnl_4": [81215, 24.051655251831196, 1387915874801.522], "unrealized_pnl_5": [81215, 2111.099980679473, 147846092725092.72], "unrealized_pnl_6": [81215, 69.48665730300394, 1503730300785.5627], "unrealized_pnl_7": [81215, 42.794144044119754, 337020361167.17834], "unrealized_pnl_8": [81215, 16.377420587247464, 216448291498.1459], "unrealized_pnl_9": [81215, 713.9220936497507, 24857647498387.965], "margin_usage_ratio": [81215, 0.010696529022476848, 13.639450381384009]}, "pcr_min_ew": 0.9917649132728944, "pcr_max_ew": 1.0000000000000266}