{"r_count": 180604.0001, "r_mean": -0.028441939758228264, "r_var": 815.6649796889299, "tanh_k": 2.0, "feature_welford": {"unrealized_pnl": [180605, 15353.441895955197, 4680137294426465.0], "realized_pnl": [180605, 22207.959637044587, 1.4415605334649548e+16], "compounded_returns": [180605, 9544.884598489925, 16437867568159.926], "balance": [180605, 18037775.77521583, 4.9554939716512416e+19], "position_value": [180605, 146849.14920818995, 3.041564619797201e+16], "current_position_size": [180605, 734050.7742546779, 7.603466784010529e+17], "last_log_ret": [180605, 0.008178581113571228, 489.06534058949853], "sortino_ratio": [180605, 5.6004060925178205, 1104843828.0642955], "rolling_pnl_sigma": [180605, 0.02638106453147984, 310.94258204126726], "portfolio_cash_ratio": [180605, 0.7959805861402988, 18614.068736965182], "free_collateral": [180605, 18189212.938311983, 4.918825285085084e+19], "mm_reqs": [180605, 10856.571040332903, 583069247425171.0], "unrealized_pnl_0": [180605, 29.808714867645822, 434057649057.69946], "unrealized_pnl_1": [180605, 7.598990506728273, 2027214578384.8801], "unrealized_pnl_2": [180605, 8672.42024595193, 812833811918659.8], "unrealized_pnl_3": [180605, 19089.974240954944, 1.5265020050421752e+16], "unrealized_pnl_4": [180605, 144.37243359064607, 2836191856669.8604], "unrealized_pnl_5": [180605, 2751.69200720199, 356676296573711.2], "unrealized_pnl_6": [180605, 87.07930927816005, 3764065241687.385], "unrealized_pnl_7": [180605, 19.679100731240318, 448171225758.1137], "unrealized_pnl_8": [180605, 31.408790833706682, 385663329676.699], "unrealized_pnl_9": [180605, 736.1056288568515, 55600777975414.22], "margin_usage_ratio": [180605, 0.007077120398292465, 23.52435331576532]}, "pcr_min_ew": 0.9830056102504242, "pcr_max_ew": 0.9996770402866401}