{"r_count": 112979.0001, "r_mean": -0.03685467102407164, "r_var": 775.0233665101515, "tanh_k": 2.0, "feature_welford": {"unrealized_pnl": [112980, 9632.130482763072, 1848940819317342.8], "realized_pnl": [112980, 15921.980853631114, 5859373845688287.0], "compounded_returns": [112980, 5821.592156569952, 5402314325247.866], "balance": [112980, 13038241.211106751, 2.0072112768118292e+19], "position_value": [112980, 138665.010123371, 1.6446701564193238e+16], "current_position_size": [112980, 693147.6902393254, 4.111532862061843e+17], "last_log_ret": [112980, 0.007405151787590158, 443.50469088770495], "sortino_ratio": [112980, 2.4374845074123264, 85393722.41042101], "rolling_pnl_sigma": [112980, 0.0345580600186349, 280.8122791836622], "portfolio_cash_ratio": [112980, 0.7348042983250413, 13961.012373730493], "free_collateral": [112980, 13176715.698887177, 1.996045774795452e+19], "mm_reqs": [112980, 9884.965770326275, 263236645933500.8], "unrealized_pnl_0": [112980, 26.529797891629418, 429779486410.37537], "unrealized_pnl_1": [112980, 30.846371288947612, 1254701184846.1711], "unrealized_pnl_2": [112980, 3954.2301820277253, 234063980286749.34], "unrealized_pnl_3": [112980, 13867.673230763257, 6098092146491979.0], "unrealized_pnl_4": [112980, 63.426857548416926, 3094260895757.389], "unrealized_pnl_5": [112980, 2462.736609356506, 250401980382882.8], "unrealized_pnl_6": [112980, 71.89907493539893, 2302935056157.1704], "unrealized_pnl_7": [112980, 40.95072388274629, 430470957367.78015], "unrealized_pnl_8": [112980, 34.488136658584295, 392967633339.6238], "unrealized_pnl_9": [112980, 708.985449805444, 35808589387864.44], "margin_usage_ratio": [112980, 0.009298595611951064, 18.716187021682696]}, "pcr_min_ew": 0.9816426430100678, "pcr_max_ew": 0.9999999986721662}