{"r_count": 173901.0001, "r_mean": -0.03017439320356003, "r_var": 794.9208998727476, "tanh_k": 2.0, "feature_welford": {"unrealized_pnl": [173902, 14125.958421823245, 3887162361018564.5], "realized_pnl": [173902, 21117.430223275896, 1.2405826613568286e+16], "compounded_returns": [173902, 8798.543207444181, 13917361762781.586], "balance": [173902, 17069067.758870892, 4.306554818186198e+19], "position_value": [173902, 142310.79067539985, 2.696534828025584e+16], "current_position_size": [173902, 711332.818908317, 6.740873598315654e+17], "last_log_ret": [173902, 0.007962509456287164, 515.3868101879242], "sortino_ratio": [173902, 5.163955614719207, 1802900530.9102147], "rolling_pnl_sigma": [173902, 0.028041742544031845, 331.66591852520577], "portfolio_cash_ratio": [173902, 0.7847908506583416, 18673.82808317466], "free_collateral": [173902, 17215331.3222584, 4.2752272703809544e+19], "mm_reqs": [173902, 10246.844008397113, 478048689414699.06], "unrealized_pnl_0": [173902, 24.17818249836779, 300040509587.4634], "unrealized_pnl_1": [173902, 7.619633806389859, 1200515274551.9436], "unrealized_pnl_2": [173902, 8149.148662342166, 730890216652028.1], "unrealized_pnl_3": [173902, 17275.653602842056, 1.250780897697348e+16], "unrealized_pnl_4": [173902, 132.5816682452879, 3602718917960.363], "unrealized_pnl_5": [173902, 2700.712845976419, 368655343061835.1], "unrealized_pnl_6": [173902, 64.30022599092705, 2545245556362.3643], "unrealized_pnl_7": [173902, 27.854211178233953, 501721076099.8269], "unrealized_pnl_8": [173902, 31.337019447701046, 387102176555.8187], "unrealized_pnl_9": [173902, 764.2145028428965, 63705858469033.08], "margin_usage_ratio": [173902, 0.00740219591207745, 23.179812922586226]}, "pcr_min_ew": 0.9913486934154176, "pcr_max_ew": 0.9999999997343236}