{"r_count": 182656.0001, "r_mean": -0.02875158597528112, "r_var": 849.4986181526687, "tanh_k": 2.0, "feature_welford": {"unrealized_pnl": [182657, 14315.77530511329, 3905302783037888.5], "realized_pnl": [182657, 22378.24902156727, 1.3997799210208714e+16], "compounded_returns": [182657, 9560.905741215945, 16398374624644.238], "balance": [182657, 18225902.15367034, 4.9960074251381105e+19], "position_value": [182657, 140541.52557571905, 2.8659599421027864e+16], "current_position_size": [182657, 702558.6484403223, 7.164665244912225e+17], "last_log_ret": [182657, 0.008169905492706834, 516.5942087842238], "sortino_ratio": [182657, 5.927701705557562, 8125800439.936312], "rolling_pnl_sigma": [182657, 0.02682533359253432, 335.5331024494743], "portfolio_cash_ratio": [182657, 0.7936269458795744, 19017.287971764013], "free_collateral": [182657, 18370419.162306547, 4.961331627181936e+19], "mm_reqs": [182657, 10398.410423514133, 577446661908891.9], "unrealized_pnl_0": [182657, 23.523270974543664, 286002000322.074], "unrealized_pnl_1": [182657, 4.5579081439019395, 1163312049553.203], "unrealized_pnl_2": [182657, 8630.989168843287, 793482556868758.2], "unrealized_pnl_3": [182657, 17518.881317324165, 1.3309991027592144e+16], "unrealized_pnl_4": [182657, 124.14908720648891, 2359591429253.286], "unrealized_pnl_5": [182657, 2815.1322533791727, 368565198129348.1], "unrealized_pnl_6": [182657, 85.3228016643093, 2793525536281.9487], "unrealized_pnl_7": [182657, 31.592761453178184, 506622446594.96124], "unrealized_pnl_8": [182657, 35.03484559900138, 407243458387.2832], "unrealized_pnl_9": [182657, 814.0646121145536, 53590711043659.58], "margin_usage_ratio": [182657, 0.0071829035237336815, 24.32662766613343]}, "pcr_min_ew": 0.9982912192645684, "pcr_max_ew": 0.9999999999999428}