{"r_count": 56617.000100000005, "r_mean": -0.054150545883965645, "r_var": 623.9655913065744, "tanh_k": 2.0, "feature_welford": {"unrealized_pnl": [56618, 4382.266409618877, 381948818670362.3], "realized_pnl": [56618, 6785.424864987386, 1200782514485349.5], "compounded_returns": [56618, 1506.27661115777, 369999874905.3772], "balance": [56618, 5626394.4120867895, 3.4844646694117847e+18], "position_value": [56618, 156906.61165997127, 8937866744539514.0], "current_position_size": [56618, 784226.3246493024, 2.2341806034918963e+17], "last_log_ret": [56618, 0.005625616151092207, 349.23247303505707], "sortino_ratio": [56618, 1.3279278172318183, 165921570.40066433], "rolling_pnl_sigma": [56618, 0.05124540679887799, 184.16038491848343], "portfolio_cash_ratio": [56618, 0.6064498164935025, 7910.703028249111], "free_collateral": [56618, 5777131.549631798, 3.4935997008924273e+18], "mm_reqs": [56618, 10651.20479607144, 92312445679230.56], "unrealized_pnl_0": [56618, 47.994569419141214, 383989749534.4886], "unrealized_pnl_1": [56618, 17.669374635869787, 1249048447437.9128], "unrealized_pnl_2": [56618, 392.8880958899769, 48083916651244.39], "unrealized_pnl_3": [56618, 6075.128255180517, 1066952275930294.1], "unrealized_pnl_4": [56618, 35.25453235571045, 1446644057405.0222], "unrealized_pnl_5": [56618, 2079.781952589461, 124598062641946.9], "unrealized_pnl_6": [56618, 44.94629154252109, 2380207255603.4014], "unrealized_pnl_7": [56618, 30.971860993806814, 297573747738.7116], "unrealized_pnl_8": [56618, 19.89083782236943, 258689516179.60254], "unrealized_pnl_9": [56618, 611.4951393633609, 19225816798062.457], "margin_usage_ratio": [56618, 0.013508217068709043, 10.645560719802672]}, "pcr_min_ew": 0.9908503521632488, "pcr_max_ew": 1.0000000000001532}