{"r_count": 21400.0001, "r_mean": -0.08399674577217867, "r_var": 419.9420231050439, "tanh_k": 2.0, "feature_welford": {"unrealized_pnl": [21401, 779.6604544599454, 27851694995475.074], "realized_pnl": [21401, 634.9558219591755, 45154884038495.414], "compounded_returns": [21401, 14.017922985164539, 121952402.27189189], "balance": [21401, 476580.97496350185, 4.5890615798377896e+16], "position_value": [21401, 73659.57376993097, 1181533260899659.2], "current_position_size": [21401, 367906.9187895242, 2.951566766743439e+16], "last_log_ret": [21401, 0.0009091645183143816, 227.51777030747306], "sortino_ratio": [21401, 0.20102432190931635, 29439.80512522682], "rolling_pnl_sigma": [21401, 0.07916178500996392, 84.64921516138659], "portfolio_cash_ratio": [21401, 0.3486092674151732, 1835.5711697453678], "free_collateral": [21401, 546785.259182471, 5.206470090681702e+16], "mm_reqs": [21401, 4263.967492504106, 6759044310432.953], "unrealized_pnl_0": [21401, 68.9924430783097, 182801458588.61804], "unrealized_pnl_1": [21401, 1.7720989606647688, 398464635327.95465], "unrealized_pnl_2": [21401, -157.99980189211004, 6852162748874.369], "unrealized_pnl_3": [21401, 612.7540398227884, 51499492063453.47], "unrealized_pnl_4": [21401, 60.28008224663647, 419422244434.9295], "unrealized_pnl_5": [21401, 426.43019451192305, 14207870294529.443], "unrealized_pnl_6": [21401, 7.752611703108662, 275830980684.11505], "unrealized_pnl_7": [21401, 21.87806750743724, 106402627285.8922], "unrealized_pnl_8": [21401, 3.8911696265237614, 113533159662.57219], "unrealized_pnl_9": [21401, 95.2471612397584, 1907652198156.1719], "margin_usage_ratio": [21401, 0.020454997097961922, 2.8910359572473654]}, "pcr_min_ew": 0.8537810372367255, "pcr_max_ew": 1.0000000000003335}