{"r_count": 102926.0001, "r_mean": -0.038818516817523914, "r_var": 759.45928898546, "tanh_k": 2.0, "feature_welford": {"unrealized_pnl": [102927, 8996.250916387244, 1541678164021218.8], "realized_pnl": [102927, 14775.458886162389, 4892827311342903.0], "compounded_returns": [102927, 5208.593952546178, 4321182979151.9487], "balance": [102927, 12170789.46752085, 1.6997799033442677e+19], "position_value": [102927, 138688.85312167052, 1.4921848810202036e+16], "current_position_size": [102927, 693249.5838251673, 3.730319715602193e+17], "last_log_ret": [102927, 0.007221676055172723, 432.1068068492799], "sortino_ratio": [102927, 2.0965881403343967, 60298512.46169963], "rolling_pnl_sigma": [102927, 0.03644121188972048, 270.36473778152674], "portfolio_cash_ratio": [102927, 0.7203170872374507, 13091.911388977851], "free_collateral": [102927, 12308644.47032442, 1.6911715189757608e+19], "mm_reqs": [102927, 9894.159676559042, 235789063077816.47], "unrealized_pnl_0": [102927, 26.611991522053664, 428746783188.59076], "unrealized_pnl_1": [102927, 38.652753402815506, 1213110842769.4602], "unrealized_pnl_2": [102927, 3324.766029141414, 185560625371020.78], "unrealized_pnl_3": [102927, 13067.868308380577, 5023785278286701.0], "unrealized_pnl_4": [102927, 53.40379167174838, 3015440648804.0425], "unrealized_pnl_5": [102927, 2434.8308494982357, 237100268258755.5], "unrealized_pnl_6": [102927, 71.99704543015653, 2147307014464.5522], "unrealized_pnl_7": [102927, 45.83086390995677, 417605528247.66797], "unrealized_pnl_8": [102927, 34.21284635559136, 384269593347.8177], "unrealized_pnl_9": [102927, 716.5947651088945, 33953044614092.67], "margin_usage_ratio": [102927, 0.009810380287026662, 17.675270573264765]}, "pcr_min_ew": 0.9847596050768762, "pcr_max_ew": 1.0000000000001126}