{"r_count": 136436.0001, "r_mean": -0.033222302388805754, "r_var": 807.0953181876966, "tanh_k": 2.0, "feature_welford": {"unrealized_pnl": [136437, 11385.43191964438, 2685824944022727.0], "realized_pnl": [136437, 18282.798151723247, 8435510692789478.0], "compounded_returns": [136437, 7310.988056013221, 8938066525315.697], "balance": [136437, 15181215.606806267, 2.9808753762411045e+19], "position_value": [136437, 138821.2742041914, 2.0628968675191784e+16], "current_position_size": [136437, 693955.8985501322, 5.157104596454061e+17], "last_log_ret": [136437, 0.007751576536322062, 468.1511945920496], "sortino_ratio": [136437, 3.5792518812362593, 258691326.2183533], "rolling_pnl_sigma": [136437, 0.03106156325190013, 301.81168853213546], "portfolio_cash_ratio": [136437, 0.7614351802585039, 15817.271136777334], "free_collateral": [136437, 15321327.237053491, 2.9623946108746416e+19], "mm_reqs": [136437, 10155.798515908162, 382143467160120.06], "unrealized_pnl_0": [136437, 24.621140229934312, 446019975709.27637], "unrealized_pnl_1": [136437, 24.329383482920456, 1270919077315.6404], "unrealized_pnl_2": [136437, 5582.892885417787, 378222422022751.56], "unrealized_pnl_3": [136437, 15670.168099480568, 9006549991097821.0], "unrealized_pnl_4": [136437, 103.18521851726177, 3450078262812.6074], "unrealized_pnl_5": [136437, 2488.0324590577216, 282456789859387.0], "unrealized_pnl_6": [136437, 80.99123337981963, 3212362283378.4556], "unrealized_pnl_7": [136437, 35.148050452746425, 442664290440.1366], "unrealized_pnl_8": [136437, 36.372641386057325, 410040778297.25165], "unrealized_pnl_9": [136437, 759.1248534447031, 43926530596870.77], "margin_usage_ratio": [136437, 0.008368338776482739, 21.007074997525113]}, "pcr_min_ew": 0.9852807725818378, "pcr_max_ew": 0.9999773107441892}