{"r_count": 3250.0001, "r_mean": -0.09766053901585824, "r_var": 121.15021797805053, "tanh_k": 2.0, "feature_welford": {"unrealized_pnl": [3251, 6.3857353694142915, 70938005.0146786], "realized_pnl": [3251, 4.5855654972942705, 183627469.23894814], "compounded_returns": [3251, 0.4110821627726794, 1691.1166406557643], "balance": [3251, 445.61408905442767, 1825851432.1016247], "position_value": [3251, 1272.092220797817, 6766571198.78123], "current_position_size": [3251, 6357.227782831857, 169256425330.807], "last_log_ret": [3251, -0.0038587174417705045, 45.95545431839228], "sortino_ratio": [3251, 0.10406846521442459, 593.8227255934667], "rolling_pnl_sigma": [3251, 0.08876770770624712, 14.9410874384574], "portfolio_cash_ratio": [3251, 0.2625857687041539, 167.4059328783845], "free_collateral": [3251, 1690.2079247009033, 10362649964.74642], "mm_reqs": [3251, 34.40785311670188, 5563713.765498784], "unrealized_pnl_0": [3251, 2.4169322456003544, 37536824.96309695], "unrealized_pnl_1": [3251, 0.8697805561610089, 34754972.87474975], "unrealized_pnl_2": [3251, 0.5548006737814783, 13464474.51059616], "unrealized_pnl_3": [3251, 3.4974592070899626, 109042034.17263801], "unrealized_pnl_4": [3251, 0.12051549165398513, 25132495.05380733], "unrealized_pnl_5": [3251, 6.499508627145414, 20321027.290045656], "unrealized_pnl_6": [3251, 0.928747894645967, 21914159.588567562], "unrealized_pnl_7": [3251, -1.8437293496901102, 26944758.30292408], "unrealized_pnl_8": [3251, -0.15175400003855086, 25591141.931299213], "unrealized_pnl_9": [3251, -3.5329651529932624, 34812915.88412837], "margin_usage_ratio": [3251, 0.019858971051209127, 0.1903785819029445]}, "pcr_min_ew": 0.0322915876048294, "pcr_max_ew": 0.5954338145713908}