{"r_count": 126988.0001, "r_mean": -0.03423225211494442, "r_var": 752.7022898128256, "tanh_k": 2.0, "feature_welford": {"unrealized_pnl": [126989, 11424.11567148634, 2515893531061304.5], "realized_pnl": [126989, 17228.302154036395, 7627973131369920.0], "compounded_returns": [126989, 6797.855909720346, 7534409203853.513], "balance": [126989, 14114807.847212158, 2.567372121060153e+19], "position_value": [126989, 147356.5916394619, 2.0441554203578316e+16], "current_position_size": [126989, 736571.6339194266, 5.1100662061830195e+17], "last_log_ret": [126989, 0.007628388585005358, 436.704156374799], "sortino_ratio": [126989, 3.160920533362564, 459289960.24384344], "rolling_pnl_sigma": [126989, 0.032040497581326516, 271.6267025467862], "portfolio_cash_ratio": [126989, 0.7536115969429852, 14918.987612743282], "free_collateral": [126989, 14263108.643010218, 2.550869130683223e+19], "mm_reqs": [126989, 10582.168879134084, 334472947089964.7], "unrealized_pnl_0": [126989, 32.47099953521012, 410058866049.2222], "unrealized_pnl_1": [126989, 8.525611976729987, 1528007169845.1309], "unrealized_pnl_2": [126989, 5116.858110581996, 339562207152596.2], "unrealized_pnl_3": [126989, 15432.966142742402, 8255784570082596.0], "unrealized_pnl_4": [126989, 88.24691661936214, 1975623433412.3486], "unrealized_pnl_5": [126989, 2712.438798156046, 292933016946419.3], "unrealized_pnl_6": [126989, 90.7276437973704, 3172909471322.6147], "unrealized_pnl_7": [126989, 24.828928186884458, 389791253665.3467], "unrealized_pnl_8": [126989, 19.673380638877223, 342867913860.1311], "unrealized_pnl_9": [126989, 697.2194468495469, 45048287085371.664], "margin_usage_ratio": [126989, 0.008518549389972613, 19.023990639080818]}, "pcr_min_ew": 0.9925487973422636, "pcr_max_ew": 0.9999999992133619}