{"r_count": 158264.0001, "r_mean": -0.030397319060813516, "r_var": 790.1704511529377, "tanh_k": 2.0, "feature_welford": {"unrealized_pnl": [158265, 13661.318367628317, 3742004607062202.0], "realized_pnl": [158265, 20142.4943113074, 1.1276067905183356e+16], "compounded_returns": [158265, 8498.67673444936, 12445485609194.074], "balance": [158265, 16481110.410538768, 3.852974670413554e+19], "position_value": [158265, 146460.8509172496, 2.5892833377805e+16], "current_position_size": [158265, 732101.0220834733, 6.472810477843164e+17], "last_log_ret": [158265, 0.007986437907518209, 466.89687954232204], "sortino_ratio": [158265, 4.96827179128149, 941563071.3925645], "rolling_pnl_sigma": [158265, 0.028293975701107185, 295.6069940695794], "portfolio_cash_ratio": [158265, 0.7813190891528589, 17182.172023711548], "free_collateral": [158265, 16630648.335086374, 3.8256447902387315e+19], "mm_reqs": [158265, 10675.661491128878, 462918290533805.0], "unrealized_pnl_0": [158265, 30.814566652701885, 417318435529.8675], "unrealized_pnl_1": [158265, 10.825040567097165, 1887358058403.1309], "unrealized_pnl_2": [158265, 7174.358277537194, 578661948154106.6], "unrealized_pnl_3": [158265, 17733.1326686174, 1.230765989962449e+16], "unrealized_pnl_4": [158265, 124.08376211271984, 2494176962294.521], "unrealized_pnl_5": [158265, 2706.5632115312674, 329229029128186.6], "unrealized_pnl_6": [158265, 90.67184633343186, 3629963140251.7095], "unrealized_pnl_7": [158265, 21.029190565228276, 442417901083.3273], "unrealized_pnl_8": [158265, 27.09576979592641, 364677532570.24066], "unrealized_pnl_9": [158265, 685.2094871832752, 49762298186362.4], "margin_usage_ratio": [158265, 0.007574841440685454, 21.75231459997736]}, "pcr_min_ew": 0.9930678607859653, "pcr_max_ew": 0.999999999160935}