{"r_count": 6719.0001, "r_mean": -0.0977102956863149, "r_var": 259.80441306776765, "tanh_k": 2.0, "feature_welford": {"unrealized_pnl": [6720, 26.75814672163753, 7809228192.905127], "realized_pnl": [6720, 47.38897176786443, 38593161283.74169], "compounded_returns": [6720, 0.5395605602955206, 4781.422590328561], "balance": [6720, 1639.7749367914003, 184884291146.03497], "position_value": [6720, 4732.301309162008, 950134658110.7906], "current_position_size": [6720, 23656.045549298815, 23754787417389.52], "last_log_ret": [6720, -0.0017966702334388884, 88.40601118752475], "sortino_ratio": [6720, 0.11825124757235336, 1400.2009020418682], "rolling_pnl_sigma": [6720, 0.09069621144403081, 31.89733404288662], "portfolio_cash_ratio": [6720, 0.2574667218587792, 322.68676158423676], "free_collateral": [6720, 6217.946926965056, 1509728503806.3313], "mm_reqs": [6720, 182.69671248996687, 2141759308.0407064], "unrealized_pnl_0": [6720, -1.7257208244993851, 2710056928.054414], "unrealized_pnl_1": [6720, -5.119632055814172, 3414902451.622215], "unrealized_pnl_2": [6720, 9.15802737429109, 1651701477.1388273], "unrealized_pnl_3": [6720, 30.43728183899181, 17329795776.642292], "unrealized_pnl_4": [6720, 1.1590777979858218, 6673449585.560949], "unrealized_pnl_5": [6720, 19.37168911769796, 2751889839.084163], "unrealized_pnl_6": [6720, -7.434466669415871, 1259665957.7389631], "unrealized_pnl_7": [6720, -0.8669341686021043, 4293293716.4381757], "unrealized_pnl_8": [6720, 0.201443730965322, 1944302113.3804471], "unrealized_pnl_9": [6720, 24.435527156773585, 8405298254.975349], "margin_usage_ratio": [6720, 0.02132931868147137, 0.5456337065497119]}, "pcr_min_ew": 0.026804848805718054, "pcr_max_ew": 0.604957158226477}