{"r_count": 140904.0001, "r_mean": -0.032654615192969215, "r_var": 812.8911939672306, "tanh_k": 2.0, "feature_welford": {"unrealized_pnl": [140905, 11795.375360813303, 2856189740878034.0], "realized_pnl": [140905, 18847.453762295518, 9145002984185916.0], "compounded_returns": [140905, 7595.470096250683, 9797050193492.705], "balance": [140905, 15602463.07429638, 3.2180016833544143e+19], "position_value": [140905, 139026.59275746995, 2.150375867513458e+16], "current_position_size": [140905, 694987.2621235807, 5.3758025200565024e+17], "last_log_ret": [140905, 0.007807643346789921, 472.78433565683144], "sortino_ratio": [140905, 4.278845663968146, 1291182920.828148], "rolling_pnl_sigma": [140905, 0.03050580109727202, 305.47727824338546], "portfolio_cash_ratio": [140905, 0.7656101871297278, 16149.21154066426], "free_collateral": [140905, 15743094.406787401, 3.1979612239315857e+19], "mm_reqs": [140905, 10251.411280525019, 416882400895586.7], "unrealized_pnl_0": [140905, 24.295799776978978, 451026600222.9889], "unrealized_pnl_1": [140905, 23.284331175630186, 1271284565032.3862], "unrealized_pnl_2": [140905, 5927.9396833003175, 416521528541070.3], "unrealized_pnl_3": [140905, 16113.934785915486, 9698135262261168.0], "unrealized_pnl_4": [140905, 107.80839792747146, 3509953135735.057], "unrealized_pnl_5": [140905, 2493.974243986139, 288272786138460.8], "unrealized_pnl_6": [140905, 79.80783944822508, 3231555408935.957], "unrealized_pnl_7": [140905, 34.40187391489379, 443082085351.64923], "unrealized_pnl_8": [140905, 36.99221407777004, 412428516951.69183], "unrealized_pnl_9": [140905, 758.8714344676947, 44524148940047.625], "margin_usage_ratio": [140905, 0.008221121717392643, 21.405737338483963]}, "pcr_min_ew": 0.9910489167723543, "pcr_max_ew": 0.9999999977813946}