{"r_count": 119169.0001, "r_mean": -0.03542243789887187, "r_var": 741.7341491233828, "tanh_k": 2.0, "feature_welford": {"unrealized_pnl": [119170, 10708.21156789467, 2155866532854802.5], "realized_pnl": [119170, 16407.77651942595, 6813250272517083.0], "compounded_returns": [119170, 6321.1497896895235, 6465720229002.181], "balance": [119170, 13391992.816592963, 2.2582329410149925e+19], "position_value": [119170, 147727.09023753266, 1.8995887154290016e+16], "current_position_size": [119170, 738425.7560686904, 4.7486572597907955e+17], "last_log_ret": [119170, 0.007511081676831876, 428.18261035120145], "sortino_ratio": [119170, 2.772943899732364, 416984851.60481364], "rolling_pnl_sigma": [119170, 0.03319971084166193, 264.47479923611576], "portfolio_cash_ratio": [119170, 0.744541750836077, 14306.827863740418], "free_collateral": [119170, 13539949.453995226, 2.244064956544021e+19], "mm_reqs": [119170, 10572.97738298125, 304222681007065.75], "unrealized_pnl_0": [119170, 33.20368878079578, 408277332152.26776], "unrealized_pnl_1": [119170, 10.699912238149787, 1512618255118.9663], "unrealized_pnl_2": [119170, 4646.903555083728, 297817321182936.9], "unrealized_pnl_3": [119170, 14492.413912370059, 7061633039367229.0], "unrealized_pnl_4": [119170, 79.97547278637043, 1898796803929.6895], "unrealized_pnl_5": [119170, 2628.1801654946016, 277076488734918.53], "unrealized_pnl_6": [119170, 89.87827066833624, 3135522635972.3223], "unrealized_pnl_7": [119170, 25.107090458403416, 385292092267.4814], "unrealized_pnl_8": [119170, 18.324658179215028, 318865406087.8023], "unrealized_pnl_9": [119170, 726.770174586917, 44200990942684.9], "margin_usage_ratio": [119170, 0.00883027139941766, 18.290002315606152]}, "pcr_min_ew": 0.9888014387032922, "pcr_max_ew": 1.0000000000001081}