{"r_count": 152074.0001, "r_mean": -0.031362942794340355, "r_var": 826.474310462897, "tanh_k": 2.0, "feature_welford": {"unrealized_pnl": [152075, 12652.513917053366, 3342052835833644.0], "realized_pnl": [152075, 19845.026588227225, 1.0558013738337068e+16], "compounded_returns": [152075, 8161.293485030988, 11461301528929.385], "balance": [152075, 16389141.130451903, 3.6621557486601114e+19], "position_value": [152075, 139660.44252412862, 2.3594305387524892e+16], "current_position_size": [152075, 698164.0630274463, 5.898444912457582e+17], "last_log_ret": [152075, 0.007928509956219479, 483.9077548234608], "sortino_ratio": [152075, 4.701358981758718, 1490696707.9020314], "rolling_pnl_sigma": [152075, 0.02926009177046368, 313.9568464626943], "portfolio_cash_ratio": [152075, 0.7750929101755033, 16953.799069021832], "free_collateral": [152075, 16531165.799663914, 3.638529194013029e+19], "mm_reqs": [152075, 10346.534792021612, 467268193356316.9], "unrealized_pnl_0": [152075, 26.859131075076704, 477880212487.0149], "unrealized_pnl_1": [152075, 21.233392807958218, 1277879315452.7646], "unrealized_pnl_2": [152075, 6615.860508438388, 500540163848319.7], "unrealized_pnl_3": [152075, 16805.37613171722, 1.0921257359138414e+16], "unrealized_pnl_4": [152075, 111.44594554661649, 3679892182704.681], "unrealized_pnl_5": [152075, 2573.469225558953, 307888388897480.3], "unrealized_pnl_6": [152075, 78.48528996041419, 3305553464253.31], "unrealized_pnl_7": [152075, 32.710748048087616, 444074429533.5839], "unrealized_pnl_8": [152075, 39.41820002209278, 422609290754.61536], "unrealized_pnl_9": [152075, 753.269027308493, 45972711837256.61], "margin_usage_ratio": [152075, 0.007887337114346579, 22.383023621319822]}, "pcr_min_ew": 0.9891842854231051, "pcr_max_ew": 0.9999999413775896}