{"r_count": 133085.0001, "r_mean": -0.033688800129182885, "r_var": 802.9161823857775, "tanh_k": 2.0, "feature_welford": {"unrealized_pnl": [133086, 11207.96185223797, 2593754772529315.5], "realized_pnl": [133086, 17938.676123170597, 8085081306859096.0], "compounded_returns": [133086, 7119.857745011092, 8446346062010.683], "balance": [133086, 14926757.6590539, 2.857522127077741e+19], "position_value": [133086, 138697.18605969555, 2.0075719301962224e+16], "current_position_size": [133086, 693335.1804948625, 5.0187877012469376e+17], "last_log_ret": [133086, 0.007709587099992514, 464.89159379893573], "sortino_ratio": [133086, 3.406263465239411, 238303980.64907947], "rolling_pnl_sigma": [133086, 0.031502842408404896, 299.1329375293094], "portfolio_cash_ratio": [133086, 0.7581436716863499, 15561.700576956673], "free_collateral": [133086, 15066601.964667536, 2.839998102802911e+19], "mm_reqs": [133086, 10121.808844679026, 369137033512001.56], "unrealized_pnl_0": [133086, 24.737271065376394, 445524327745.43933], "unrealized_pnl_1": [133086, 24.921944392239116, 1270742910890.6396], "unrealized_pnl_2": [133086, 5395.925715945447, 360248578609693.56], "unrealized_pnl_3": [133086, 15563.467866592415, 8729025414186039.0], "unrealized_pnl_4": [133086, 95.52929438363358, 3380322869736.7812], "unrealized_pnl_5": [133086, 2483.699808453348, 278463150533657.06], "unrealized_pnl_6": [133086, 81.57533552073315, 3187063964667.9307], "unrealized_pnl_7": [133086, 35.371902381350196, 440589068175.89844], "unrealized_pnl_8": [133086, 36.49811083194974, 409160937458.55524], "unrealized_pnl_9": [133086, 733.3019541128233, 40570933151992.55], "margin_usage_ratio": [133086, 0.008483816373623923, 20.70181156313307]}, "pcr_min_ew": 0.9936199051817746, "pcr_max_ew": 0.9999999999999991}