{"r_count": 99575.0001, "r_mean": -0.039547656687112576, "r_var": 754.1527436301369, "tanh_k": 2.0, "feature_welford": {"unrealized_pnl": [99576, 8711.437020611962, 1437875987321592.8], "realized_pnl": [99576, 14322.670127522191, 4558572273610200.0], "compounded_returns": [99576, 4973.4621830459855, 3947896120712.535], "balance": [99576, 11834339.912519207, 1.5942976917532453e+19], "position_value": [99576, 138361.40344062608, 1.4314743713170918e+16], "current_position_size": [99576, 691605.7872696794, 3.578542779185186e+17], "last_log_ret": [99576, 0.007151297472442177, 428.3150812762012], "sortino_ratio": [99576, 2.0890532802125916, 60224783.14967088], "rolling_pnl_sigma": [99576, 0.03715880835569864, 266.72530902396505], "portfolio_cash_ratio": [99576, 0.7147269518237066, 12795.35191917399], "free_collateral": [99576, 11971645.740248943, 1.5864276634406222e+19], "mm_reqs": [99576, 9831.679992703594, 221996891431800.22], "unrealized_pnl_0": [99576, 26.708065346749045, 426651332575.2589], "unrealized_pnl_1": [99576, 40.36551978937521, 1207693132201.9868], "unrealized_pnl_2": [99576, 3165.802160444171, 171849538658606.66], "unrealized_pnl_3": [99576, 12655.643531241305, 4630623138340420.0], "unrealized_pnl_4": [99576, 51.78206836695607, 3002638305854.911], "unrealized_pnl_5": [99576, 2377.8137187244215, 230723902079802.66], "unrealized_pnl_6": [99576, 70.79734655702269, 2115598623459.6892], "unrealized_pnl_7": [99576, 47.06779683879813, 417058087186.1806], "unrealized_pnl_8": [99576, 33.549610654926184, 382758317453.23956], "unrealized_pnl_9": [99576, 724.1578743617621, 33536268939861.61], "margin_usage_ratio": [99576, 0.010005546358470098, 17.31331468639901]}, "pcr_min_ew": 0.98539807084411, "pcr_max_ew": 0.9999999996814971}