{"r_count": 175531.0001, "r_mean": -0.029127310173103833, "r_var": 853.9090380061597, "tanh_k": 2.0, "feature_welford": {"unrealized_pnl": [175532, 14578.287752696258, 4394646274232370.5], "realized_pnl": [175532, 21926.17301360919, 1.3625286838621422e+16], "compounded_returns": [175532, 9265.844899850466, 15416919550576.85], "balance": [175532, 17965127.216479965, 4.731749971914585e+19], "position_value": [175532, 140874.36567935345, 2.803464427536775e+16], "current_position_size": [175532, 704252.1382320384, 7.008532193634205e+17], "last_log_ret": [175532, 0.00814015568149249, 507.27327932923134], "sortino_ratio": [175532, 5.287248099364156, 1656038211.5140343], "rolling_pnl_sigma": [175532, 0.027096062304885444, 330.7422674439579], "portfolio_cash_ratio": [175532, 0.7913495813900346, 18534.736357121183], "free_collateral": [175532, 18110094.361769713, 4.6993114033774625e+19], "mm_reqs": [175532, 10545.16376539864, 574591181482374.6], "unrealized_pnl_0": [175532, 27.086143698350742, 486501317881.6613], "unrealized_pnl_1": [175532, 19.86863070118148, 1307134520092.7998], "unrealized_pnl_2": [175532, 8215.529049967852, 725194328310975.4], "unrealized_pnl_3": [175532, 18544.77187197259, 1.4313463677919912e+16], "unrealized_pnl_4": [175532, 131.90644557531402, 3998901878171.97], "unrealized_pnl_5": [175532, 2642.6670061678406, 356370089537440.94], "unrealized_pnl_6": [175532, 80.89486399770429, 3578115937657.8584], "unrealized_pnl_7": [175532, 29.453502449774305, 462772388320.42114], "unrealized_pnl_8": [175532, 42.182198412541275, 442669868686.64105], "unrealized_pnl_9": [175532, 748.7730588954184, 48933757454007.52], "margin_usage_ratio": [175532, 0.007320130326272346, 24.3223360991507]}, "pcr_min_ew": 0.9974281670788545, "pcr_max_ew": 0.9999999994021499}