{"r_count": 192286.0001, "r_mean": -0.02783921634518475, "r_var": 872.1564137617784, "tanh_k": 2.0, "feature_welford": {"unrealized_pnl": [192287, 15827.485747988483, 5267233810804279.0], "realized_pnl": [192287, 23272.241292785562, 1.617685627448888e+16], "compounded_returns": [192287, 10027.407296730471, 18776367434354.406], "balance": [192287, 19061689.09438099, 5.6289681177072796e+19], "position_value": [192287, 141961.4892034227, 3.13707355516021e+16], "current_position_size": [192287, 709698.1832296078, 7.842557303975053e+17], "last_log_ret": [192287, 0.008266473971643177, 523.4472114565126], "sortino_ratio": [192287, 5.667292120332603, 1725884528.1205769], "rolling_pnl_sigma": [192287, 0.025826975633856084, 341.5446734165542], "portfolio_cash_ratio": [192287, 0.8010167661928812, 19560.589591943506], "free_collateral": [192287, 19208842.05301648, 5.58939657337092e+19], "mm_reqs": [192287, 10698.796848435375, 659053357014460.6], "unrealized_pnl_0": [192287, 25.851987971401506, 492349241818.90955], "unrealized_pnl_1": [192287, 20.354881312834426, 1343317461431.6394], "unrealized_pnl_2": [192287, 9032.105283655996, 870562241313296.6], "unrealized_pnl_3": [192287, 19994.705829563998, 1.7319285121567958e+16], "unrealized_pnl_4": [192287, 147.14654828576147, 4317933410505.7373], "unrealized_pnl_5": [192287, 2757.078319440836, 386981945967941.94], "unrealized_pnl_6": [192287, 79.62911815372546, 3718255792457.7974], "unrealized_pnl_7": [192287, 28.044544606598134, 470526387411.58386], "unrealized_pnl_8": [192287, 44.49045889796177, 495558857351.81665], "unrealized_pnl_9": [192287, 755.8056885151286, 51507420627026.586], "margin_usage_ratio": [192287, 0.0069842656505682416, 25.586884709706677]}, "pcr_min_ew": 0.9934448711694577, "pcr_max_ew": 1.0000000000000329}