{"r_count": 93990.0001, "r_mean": -0.040884979194774705, "r_var": 744.6472500751029, "tanh_k": 2.0, "feature_welford": {"unrealized_pnl": [93991, 7761.359866346094, 1199170443964679.0], "realized_pnl": [93991, 13461.572835090277, 3892844624839973.5], "compounded_returns": [93991, 4514.07224901031, 3221833707146.1924], "balance": [93991, 11131328.024043605, 1.376416036166475e+19], "position_value": [93991, 138307.9001637886, 1.3287838254705774e+16], "current_position_size": [93991, 691326.3139603983, 3.32181630460769e+17], "last_log_ret": [93991, 0.007019655776479685, 421.6900855099655], "sortino_ratio": [93991, 1.9987349612670682, 53016556.10725561], "rolling_pnl_sigma": [93991, 0.0384422003157393, 260.2197640372332], "portfolio_cash_ratio": [93991, 0.7049823017247999, 12273.759651381682], "free_collateral": [93991, 11267689.761906726, 1.3702082763978234e+19], "mm_reqs": [93991, 9769.012931419735, 197606593072864.66], "unrealized_pnl_0": [93991, 25.85086162622495, 424096406043.6532], "unrealized_pnl_1": [93991, 45.78649358459037, 1098918439195.2462], "unrealized_pnl_2": [93991, 2573.543579494522, 138107849966077.22], "unrealized_pnl_3": [93991, 11696.870242249792, 3862807541236574.0], "unrealized_pnl_4": [93991, 47.28798514352188, 2973589798076.054], "unrealized_pnl_5": [93991, 2316.743594703485, 220136513596669.3], "unrealized_pnl_6": [93991, 68.15550809993108, 2074027629168.2454], "unrealized_pnl_7": [93991, 49.080721045389836, 415571709116.12976], "unrealized_pnl_8": [93991, 33.61869865407139, 380451980326.47894], "unrealized_pnl_9": [93991, 755.0591377461827, 32715206004694.06], "margin_usage_ratio": [93991, 0.010352261801214175, 16.680086790183015]}, "pcr_min_ew": 0.9844883723280814, "pcr_max_ew": 0.9999999999998245}