{"r_count": 25069.0001, "r_mean": -0.08346537198666146, "r_var": 566.1903034729538, "tanh_k": 2.0, "feature_welford": {"unrealized_pnl": [25070, 706.8376884337912, 41626561820051.09], "realized_pnl": [25070, -64941.58218491563, 2.756768171187553e+18], "compounded_returns": [25070, 74.56431149562317, 1694295667.6371405], "balance": [25070, 875421.4516599429, 2.907781978815502e+17], "position_value": [25070, 74707.7639475886, 1266995842413980.5], "current_position_size": [25070, 373378.8435224171, 3.1674908832887964e+16], "last_log_ret": [25070, 0.0018860357095933805, 273.4233144106983], "sortino_ratio": [25070, 0.23068322236549663, 15873.770741692046], "rolling_pnl_sigma": [25070, 0.07940910872662116, 111.34876981443482], "portfolio_cash_ratio": [25070, 0.35805187393527005, 2241.409552640305], "free_collateral": [25070, 946506.3066469637, 2.9706579210836915e+17], "mm_reqs": [25070, 4363.300879188353, 8250124565904.392], "unrealized_pnl_0": [25070, 0.35213783905632307, 113085567197.48796], "unrealized_pnl_1": [25070, 70.9601384808721, 363857036390.8741], "unrealized_pnl_2": [25070, 254.6733455198196, 6309437933772.095], "unrealized_pnl_3": [25070, 795.169201809618, 141542838841668.0], "unrealized_pnl_4": [25070, -11.058907560167725, 670315462173.654], "unrealized_pnl_5": [25070, 271.769061747431, 12801325953591.385], "unrealized_pnl_6": [25070, 59.14935878872682, 515856481617.6663], "unrealized_pnl_7": [25070, -1.6466096088540003, 172163126885.89584], "unrealized_pnl_8": [25070, -17.473959963943155, 104056573166.97498], "unrealized_pnl_9": [25070, 265.2000002995922, 4836689474242.273], "margin_usage_ratio": [25070, 0.020481014972792196, 3.480509726939167]}, "pcr_min_ew": 0.9666117123555006, "pcr_max_ew": 0.999999999999901}