{"r_count": 19166.0001, "r_mean": -0.0877479444580033, "r_var": 400.01836805989586, "tanh_k": 2.0, "feature_welford": {"unrealized_pnl": [19167, 296.11340252741917, 3106113728360.602], "realized_pnl": [19167, 331.4531994660667, 8624790767174.027], "compounded_returns": [19167, 6.042937616448854, 7002054.296581531], "balance": [19167, 102122.35017160724, 2493507046634705.0], "position_value": [19167, 47019.65786424838, 412647252745992.2], "current_position_size": [19167, 234661.77227482785, 1.0291288194574588e+16], "last_log_ret": [19167, 0.0001009897259799968, 213.25477532495904], "sortino_ratio": [19167, 0.15259252980383373, 3909.138969738191], "rolling_pnl_sigma": [19167, 0.08275775475808073, 74.09004234190759], "portfolio_cash_ratio": [19167, 0.30766589861521493, 1250.7536345519673], "free_collateral": [19167, 146950.09319879996, 3951540403694634.5], "mm_reqs": [19167, 2505.7304491555924, 1534421697157.1772], "unrealized_pnl_0": [19167, 70.9705283018475, 173497756373.43915], "unrealized_pnl_1": [19167, -15.838252241785687, 367303796474.5345], "unrealized_pnl_2": [19167, 56.34443795678252, 2547094873420.197], "unrealized_pnl_3": [19167, 82.20485267965277, 4234715171128.3765], "unrealized_pnl_4": [19167, 68.95997280247768, 388369557072.01904], "unrealized_pnl_5": [19167, 19.35326929349454, 3843521013991.9995], "unrealized_pnl_6": [19167, 23.171944378637537, 197649544195.68005], "unrealized_pnl_7": [19167, 11.347450137972432, 96378060465.94014], "unrealized_pnl_8": [19167, -18.132187874288796, 79330008816.04636], "unrealized_pnl_9": [19167, 45.08350029580526, 850830923426.4681], "margin_usage_ratio": [19167, 0.021526106033513712, 2.281695853916736]}, "pcr_min_ew": 0.20542271551524677, "pcr_max_ew": 0.9133126791618302}