{"r_count": 77840.0001, "r_mean": -0.045216205429104914, "r_var": 674.6833192040673, "tanh_k": 2.0, "feature_welford": {"unrealized_pnl": [77841, 6998.73947212497, 1012045422391850.0], "realized_pnl": [77841, 10598.019250801417, 3049015981739254.5], "compounded_returns": [77841, 3228.4445179712666, 1635338012504.8618], "balance": [77841, 8750573.464861829, 8.514532930146716e+18], "position_value": [77841, 152891.76716879127, 1.2190019448466876e+16], "current_position_size": [77841, 764200.2386441568, 3.0472171168483194e+17], "last_log_ret": [77841, 0.006562357016400436, 381.58147334169166], "sortino_ratio": [77841, 1.5857764335901015, 193664476.36725128], "rolling_pnl_sigma": [77841, 0.04256290909316654, 219.09039123364218], "portfolio_cash_ratio": [77841, 0.6736698544637791, 10488.20479922672], "free_collateral": [77841, 8899990.363596056, 8.488029210747207e+18], "mm_reqs": [77841, 10579.573456954013, 151336685513382.2], "unrealized_pnl_0": [77841, 39.06493780922193, 391447183008.7886], "unrealized_pnl_1": [77841, 15.432275210137817, 1323745203702.3704], "unrealized_pnl_2": [77841, 1503.1325575035412, 93625443642443.7], "unrealized_pnl_3": [77841, 9898.326346105232, 3031700269428127.5], "unrealized_pnl_4": [77841, 40.490938545488405, 1555346215915.3425], "unrealized_pnl_5": [77841, 2412.7862089713035, 192995650769321.97], "unrealized_pnl_6": [77841, 65.80522154724649, 2571443526801.0103], "unrealized_pnl_7": [77841, 35.157081241719325, 338138107161.2331], "unrealized_pnl_8": [77841, 17.67961438195577, 308514058076.31726], "unrealized_pnl_9": [77841, 687.413978346351, 27132349243799.984], "margin_usage_ratio": [77841, 0.011255921403659783, 13.744908573049777]}, "pcr_min_ew": 0.9890270002932656, "pcr_max_ew": 0.9999969330832338}