{"r_count": 118564.0001, "r_mean": -0.035891998284450194, "r_var": 783.3131630299945, "tanh_k": 2.0, "feature_welford": {"unrealized_pnl": [118565, 10123.291191741637, 2013109623103907.5], "realized_pnl": [118565, 16629.21242247192, 6589783336019541.0], "compounded_returns": [118565, 6207.128301455744, 6207243459946.863], "balance": [118565, 13621418.930573266, 2.2448192353245872e+19], "position_value": [118565, 138685.56720150987, 1.7459924521520406e+16], "current_position_size": [118565, 693258.8283835028, 4.364838647220229e+17], "last_log_ret": [118565, 0.007500207422785696, 449.77109017911533], "sortino_ratio": [118565, 2.798392558665075, 153531429.03470144], "rolling_pnl_sigma": [118565, 0.033623537098094534, 286.3355035173086], "portfolio_cash_ratio": [118565, 0.7420946277548447, 14415.40404973491], "free_collateral": [118565, 13760330.651162772, 2.23186544658867e+19], "mm_reqs": [118565, 9959.88781676997, 294083162688681.94], "unrealized_pnl_0": [118565, 26.374006159957304, 430952109916.70233], "unrealized_pnl_1": [118565, 29.088575552286365, 1257073633056.2646], "unrealized_pnl_2": [118565, 4450.371865501597, 273482430392274.1], "unrealized_pnl_3": [118565, 14338.639427002297, 6713826470753501.0], "unrealized_pnl_4": [118565, 71.11768702879068, 3140058452771.3335], "unrealized_pnl_5": [118565, 2469.613902541804, 257740403534379.78], "unrealized_pnl_6": [118565, 83.76099495764969, 3105997266634.7783], "unrealized_pnl_7": [118565, 39.46552267864403, 432746285436.26184], "unrealized_pnl_8": [118565, 34.35201910591848, 399511829255.0454], "unrealized_pnl_9": [118565, 721.3369852679778, 36961982621059.07], "margin_usage_ratio": [118565, 0.009043581352479105, 19.28159840039913]}, "pcr_min_ew": 0.9952092764655778, "pcr_max_ew": 0.9999999999999195}