{"r_count": 28179.0001, "r_mean": -0.08278582060656275, "r_var": 1193.9960555825544, "tanh_k": 2.0, "feature_welford": {"unrealized_pnl": [28180, 1023.3670553347123, 36352514085830.31], "realized_pnl": [28180, 1118.5493243886096, 78410107217406.1], "compounded_returns": [28180, 90.86172940237293, 2674096268.4891453], "balance": [28180, 974596.8084469491, 2.4374791042643133e+17], "position_value": [28180, 104768.57517181116, 1811384057111120.8], "current_position_size": [28180, 523026.5290415177, 4.5223338559438504e+16], "last_log_ret": [28180, 0.0016432227089452495, 699.6459392877985], "sortino_ratio": [28180, 0.28341868443647666, 131214.12877303496], "rolling_pnl_sigma": [28180, 0.07743245087339261, 159.3706401629378], "portfolio_cash_ratio": [28180, 0.39973635647553096, 2735.548602519935], "free_collateral": [28180, 1074137.5553091543, 2.5167450863676448e+17], "mm_reqs": [28180, 6292.701329011699, 12644404428228.54], "unrealized_pnl_0": [28180, 46.753736651330804, 277633096775.0579], "unrealized_pnl_1": [28180, 11.378738594962202, 729683273161.3295], "unrealized_pnl_2": [28180, 201.27368821096044, 10882080197784.703], "unrealized_pnl_3": [28180, 1229.491052422599, 60718428312784.336], "unrealized_pnl_4": [28180, 49.49972201792764, 1330087705073.1658], "unrealized_pnl_5": [28180, 461.37496041115486, 17951703957952.355], "unrealized_pnl_6": [28180, -13.742926725760121, 675874785090.0175], "unrealized_pnl_7": [28180, 46.205994033800046, 312364816311.0553], "unrealized_pnl_8": [28180, -4.072744850251543, 198486291288.18005], "unrealized_pnl_9": [28180, 231.75453325265212, 5525070555476.2705], "margin_usage_ratio": [28180, 0.020420309552132407, 4.834869836390192]}, "pcr_min_ew": 0.09185101489627816, "pcr_max_ew": 0.7871866885370851}