{"r_count": 179999.0001, "r_mean": -0.028759693818438792, "r_var": 858.7289983378794, "tanh_k": 2.0, "feature_welford": {"unrealized_pnl": [180000, 14851.308877964166, 4526328075321741.0], "realized_pnl": [180000, 22290.588887317543, 1.4178889983783486e+16], "compounded_returns": [180000, 9479.884194444941, 16315507215317.258], "balance": [180000, 18260191.606245458, 4.957536993173101e+19], "position_value": [180000, 141113.61816296878, 2.8873353010925388e+16], "current_position_size": [180000, 705451.3709756002, 7.218209882455859e+17], "last_log_ret": [180000, 0.008175520088756612, 511.47213033336766], "sortino_ratio": [180000, 5.410566088721714, 1677918453.4149375], "rolling_pnl_sigma": [180000, 0.026729356515736574, 333.65898407122444], "portfolio_cash_ratio": [180000, 0.7940532981392554, 18815.729314792155], "free_collateral": [180000, 18405636.38069448, 4.923227704073203e+19], "mm_reqs": [180000, 10579.422191024965, 594185940260901.4], "unrealized_pnl_0": [180000, 26.819707725549904, 486819552981.6473], "unrealized_pnl_1": [180000, 21.514741735888634, 1339683095385.8308], "unrealized_pnl_2": [180000, 8456.932708373675, 763518416160705.6], "unrealized_pnl_3": [180000, 18817.598216203394, 1.486263661058441e+16], "unrealized_pnl_4": [180000, 139.0123806807209, 4078396997083.0005], "unrealized_pnl_5": [180000, 2660.9711173316036, 362718155339425.6], "unrealized_pnl_6": [180000, 81.08510693569748, 3618669557380.2197], "unrealized_pnl_7": [180000, 28.82538354228469, 463541100030.04474], "unrealized_pnl_8": [180000, 43.22961198876806, 456509764986.9683], "unrealized_pnl_9": [180000, 748.3603459780797, 49386955535437.38], "margin_usage_ratio": [180000, 0.007225968728996123, 24.66591085681811]}, "pcr_min_ew": 0.9958921694263814, "pcr_max_ew": 0.9999999986777717}