{"r_count": 154308.0001, "r_mean": -0.031122082213482748, "r_var": 829.0251528583943, "tanh_k": 2.0, "feature_welford": {"unrealized_pnl": [154309, 12778.900686629071, 3434215799957376.5], "realized_pnl": [154309, 20029.140791094225, 1.081882823248944e+16], "compounded_returns": [154309, 8260.380117199611, 11759925705868.51], "balance": [154309, 16516031.44158677, 3.736391165596744e+19], "position_value": [154309, 139745.62315815414, 2.3952534502876212e+16], "current_position_size": [154309, 698591.9647804291, 5.988002373841699e+17], "last_log_ret": [154309, 0.007949980081671528, 486.0261033039468], "sortino_ratio": [154309, 4.667821604674248, 1490797403.0194087], "rolling_pnl_sigma": [154309, 0.02902119902961433, 315.53342311652506], "portfolio_cash_ratio": [154309, 0.7768443994255494, 17108.650826068104], "free_collateral": [154309, 16658267.268428886, 3.712039754065099e+19], "mm_reqs": [154309, 10349.729356127278, 474109864456874.3], "unrealized_pnl_0": [154309, 26.75798958137712, 478336361929.9662], "unrealized_pnl_1": [154309, 20.767325371015048, 1278398801749.529], "unrealized_pnl_2": [154309, 6750.785993701352, 516271333028713.44], "unrealized_pnl_3": [154309, 16986.208977128183, 1.1233145733563088e+16], "unrealized_pnl_4": [154309, 112.96469737145593, 3693769557459.8516], "unrealized_pnl_5": [154309, 2560.364017387076, 311088811145862.3], "unrealized_pnl_6": [154309, 80.1965159351911, 3350104503025.5894], "unrealized_pnl_7": [154309, 32.49336653871793, 444239177025.624], "unrealized_pnl_8": [154309, 39.52715822018794, 423532883083.02954], "unrealized_pnl_9": [154309, 751.1313994049497, 46210634042217.88], "margin_usage_ratio": [154309, 0.007825140073159268, 22.565927631922566]}, "pcr_min_ew": 0.988462803184374, "pcr_max_ew": 0.9999999861799833}