{"r_count": 151562.0001, "r_mean": -0.031063140901688296, "r_var": 782.0252431737906, "tanh_k": 2.0, "feature_welford": {"unrealized_pnl": [151563, 13053.847945674233, 3295136782473531.5], "realized_pnl": [151563, 19502.33703582278, 1.0289891405593974e+16], "compounded_returns": [151563, 8171.699910737312, 11368040294827.338], "balance": [151563, 15991480.44474431, 3.5514663720127443e+19], "position_value": [151563, 146745.0900825249, 2.47874781883886e+16], "current_position_size": [151563, 733537.0044572821, 6.196549553175022e+17], "last_log_ret": [151563, 0.007920009900669068, 459.97763380218225], "sortino_ratio": [151563, 4.3322020126866425, 798606498.5950433], "rolling_pnl_sigma": [151563, 0.02896964320590891, 290.42507395231763], "portfolio_cash_ratio": [151563, 0.7761010061127713, 16728.810184369915], "free_collateral": [151563, 16140689.835228033, 3.5266529966405173e+19], "mm_reqs": [151563, 10683.5925620888, 440760763911574.25], "unrealized_pnl_0": [151563, 31.361601831216312, 416652065084.8019], "unrealized_pnl_1": [151563, 11.059049816173758, 1877236866011.0605], "unrealized_pnl_2": [151563, 6660.780806578271, 510234518538805.44], "unrealized_pnl_3": [151563, 17169.84344667476, 1.1046898903457882e+16], "unrealized_pnl_4": [151563, 117.30152834295023, 2382587783825.333], "unrealized_pnl_5": [151563, 2646.243321330228, 314962839047494.9], "unrealized_pnl_6": [151563, 94.87672139008548, 3539980278515.397], "unrealized_pnl_7": [151563, 22.345434833125285, 432540551920.92615], "unrealized_pnl_8": [151563, 24.74542902022077, 356789357612.71063], "unrealized_pnl_9": [151563, 680.0624783378355, 48310523471188.055], "margin_usage_ratio": [151563, 0.007752187455722492, 21.198157680101488]}, "pcr_min_ew": 0.9926429538193846, "pcr_max_ew": 1.0000000000000446}