{"r_count": 166595.0001, "r_mean": -0.02991961704308475, "r_var": 843.7295280615396, "tanh_k": 2.0, "feature_welford": {"unrealized_pnl": [166596, 13837.75349462902, 3961966877738493.0], "realized_pnl": [166596, 21181.82598305651, 1.2417604981586692e+16], "compounded_returns": [166596, 8854.224174391182, 13821377034739.963], "balance": [166596, 17381634.061132792, 4.30688403248259e+19], "position_value": [166596, 140440.27027406337, 2.6314686504895264e+16], "current_position_size": [166596, 702075.2416634569, 6.578541836515433e+17], "last_log_ret": [166596, 0.008065231400337708, 498.52603965059143], "sortino_ratio": [166596, 5.222676809731963, 1631674406.5596054], "rolling_pnl_sigma": [166596, 0.027857269724271373, 324.5555680877918], "portfolio_cash_ratio": [166596, 0.7856746085253337, 17949.63263936418], "free_collateral": [166596, 17525530.16437779, 4.277982810810135e+19], "mm_reqs": [166596, 10442.185485529737, 527743863176902.5], "unrealized_pnl_0": [166596, 27.295746946325732, 481778057975.4705], "unrealized_pnl_1": [166596, 20.810098881646407, 1295753238398.0571], "unrealized_pnl_2": [166596, 7748.145562214052, 653335598888963.9], "unrealized_pnl_3": [166596, 17857.926741223786, 1.3032181476455566e+16], "unrealized_pnl_4": [166596, 121.79188398001911, 3842455892701.777], "unrealized_pnl_5": [166596, 2596.032476410989, 342038396251795.5], "unrealized_pnl_6": [166596, 80.78337203456266, 3451270100986.0503], "unrealized_pnl_7": [166596, 30.22088129376413, 461935188862.86163], "unrealized_pnl_8": [166596, 42.165031704279436, 435332971691.7355], "unrealized_pnl_9": [166596, 755.0730858686383, 48022114200021.79], "margin_usage_ratio": [166596, 0.007515668188499491, 23.59491288512017]}, "pcr_min_ew": 0.9924511075138367, "pcr_max_ew": 0.9999999999999188}