{"r_count": 175019.0001, "r_mean": -0.028865081283594406, "r_var": 809.0926855533983, "tanh_k": 2.0, "feature_welford": {"unrealized_pnl": [175020, 15026.922077421828, 4476666327407015.5], "realized_pnl": [175020, 21753.067062518072, 1.3672305694129336e+16], "compounded_returns": [175020, 9330.240826227826, 15568841559599.303], "balance": [175020, 17703239.005404007, 4.701440509101533e+19], "position_value": [175020, 146791.74108440412, 2.9283823880478812e+16], "current_position_size": [175020, 733774.9277456426, 7.320559176659789e+17], "last_log_ret": [175020, 0.008135815152958279, 483.21005641378065], "sortino_ratio": [175020, 5.3992687228210166, 1034250077.8931988], "rolling_pnl_sigma": [175020, 0.026807264136262506, 307.0011731062848], "portfolio_cash_ratio": [175020, 0.792648156326534, 18264.456120952116], "free_collateral": [175020, 17854309.1507321, 4.667124296333803e+19], "mm_reqs": [175020, 10841.070430535838, 557276799213291.56], "unrealized_pnl_0": [175020, 30.216456019123495, 433244145907.01776], "unrealized_pnl_1": [175020, 7.534673779413763, 2015193238352.0354], "unrealized_pnl_2": [175020, 8259.342483384695, 744025932499522.1], "unrealized_pnl_3": [175020, 18882.21980022749, 1.4498665741502618e+16], "unrealized_pnl_4": [175020, 137.4119322076418, 2731318976224.068], "unrealized_pnl_5": [175020, 2735.592368682262, 349353919093105.2], "unrealized_pnl_6": [175020, 88.07312753720616, 3741696490368.406], "unrealized_pnl_7": [175020, 19.7825451848163, 447359522114.8783], "unrealized_pnl_8": [175020, 29.828723208921584, 380196678123.4938], "unrealized_pnl_9": [175020, 724.0036828350128, 54411854273111.86], "margin_usage_ratio": [175020, 0.007191716571390287, 23.096282111743047]}, "pcr_min_ew": 0.9947598819806381, "pcr_max_ew": 0.9999999899183929}