{"r_count": 164438.0001, "r_mean": -0.03099852757314796, "r_var": 824.5442501690228, "tanh_k": 2.0, "feature_welford": {"unrealized_pnl": [164439, 12817.921106520726, 3395206543586942.5], "realized_pnl": [164439, 20781.54701490613, 1.1777152596561304e+16], "compounded_returns": [164439, 8587.0230075243, 12504611323459.12], "balance": [164439, 17057417.188235912, 4.031303887209253e+19], "position_value": [164439, 138190.32256263352, 2.5957184960267692e+16], "current_position_size": [164439, 690735.9004717029, 6.488290729888751e+17], "last_log_ret": [164439, 0.007920838204139084, 507.3821081182983], "sortino_ratio": [164439, 5.097022662890613, 2293235478.5036793], "rolling_pnl_sigma": [164439, 0.02862761745512032, 331.7566243447632], "portfolio_cash_ratio": [164439, 0.7794815252314289, 18237.66704935325], "free_collateral": [164439, 17198179.287124798, 4.0054267749396726e+19], "mm_reqs": [164439, 10318.10538668518, 502972187313629.1], "unrealized_pnl_0": [164439, 25.833867727717074, 270398858594.63022], "unrealized_pnl_1": [164439, 4.780848113837355, 1069629390558.2529], "unrealized_pnl_2": [164439, 7062.015316644629, 607067363164395.5], "unrealized_pnl_3": [164439, 17345.642782903706, 1.2336074517013384e+16], "unrealized_pnl_4": [164439, 130.38325650324148, 3203506854637.645], "unrealized_pnl_5": [164439, 2609.9813071527224, 320730516277714.94], "unrealized_pnl_6": [164439, 79.62889309208954, 2582717893091.8105], "unrealized_pnl_7": [164439, 25.339491238020933, 336932777633.22003], "unrealized_pnl_8": [164439, 33.93502835524078, 323984042877.943], "unrealized_pnl_9": [164439, 842.8149670546668, 62608037404066.484], "margin_usage_ratio": [164439, 0.007588657361851895, 23.15365516968247]}, "pcr_min_ew": 0.9983403552408283, "pcr_max_ew": 0.9999999991842269}