{"r_count": 66670.0001, "r_mean": -0.04946784383993306, "r_var": 650.5798140599339, "tanh_k": 2.0, "feature_welford": {"unrealized_pnl": [66671, 5888.7174426185475, 766064932953190.1], "realized_pnl": [66671, 8553.84330976798, 2056425631762399.8], "compounded_returns": [66671, 2258.023984877754, 809486127269.8934], "balance": [66671, 7124593.748869068, 5.575838873407305e+18], "position_value": [66671, 155361.29243541986, 1.056669742140647e+16], "current_position_size": [66671, 776505.2300622452, 2.6413908788830013e+17], "last_log_ret": [66671, 0.006130184354503781, 366.28303241006876], "sortino_ratio": [66671, 1.5227827520161217, 189481860.66217163], "rolling_pnl_sigma": [66671, 0.04666504925155424, 202.3219404889555], "portfolio_cash_ratio": [66671, 0.6426090794812575, 9207.569166851907], "free_collateral": [66671, 7275285.490556622, 5.571022320720119e+18], "mm_reqs": [66671, 10652.624933715764, 122092758721169.31], "unrealized_pnl_0": [66671, 43.237571674397614, 385258513991.91614], "unrealized_pnl_1": [66671, 13.88359631372712, 1282758512735.3022], "unrealized_pnl_2": [66671, 806.0882825010174, 64215804172649.64], "unrealized_pnl_3": [66671, 8093.253211952965, 2071572173056168.8], "unrealized_pnl_4": [66671, 34.80325847538942, 1491765007423.9312], "unrealized_pnl_5": [66671, 2234.0829122326236, 155119894405398.4], "unrealized_pnl_6": [66671, 61.939480533559596, 2505215796368.921], "unrealized_pnl_7": [66671, 37.60417410228864, 325692115640.217], "unrealized_pnl_8": [66671, 21.025983458915043, 263521927438.74686], "unrealized_pnl_9": [66671, 690.2459379651808, 24015714551127.566], "margin_usage_ratio": [66671, 0.012306189447326336, 12.218483518098083]}, "pcr_min_ew": 0.9923732094309773, "pcr_max_ew": 0.9999999999998332}