{"r_count": 49144.000100000005, "r_mean": -0.059331030607697816, "r_var": 648.4041142082212, "tanh_k": 2.0, "feature_welford": {"unrealized_pnl": [49145, 3785.7918576666766, 339286820894813.06], "realized_pnl": [49145, -197321.2639191936, 1.0001102006207932e+20], "compounded_returns": [49145, 1221.7662320977954, 246499237655.38055], "balance": [49145, 5176318.416648602, 3.013154323937732e+18], "position_value": [49145, 135027.1772516808, 6130139881346569.0], "current_position_size": [49145, 674866.5808595915, 1.5324444539433597e+17], "last_log_ret": [49145, 0.0053386329735112025, 336.0050972469808], "sortino_ratio": [49145, 0.7586143764821212, 2884263.208326214], "rolling_pnl_sigma": [49145, 0.05661485787115252, 168.2764040624161], "portfolio_cash_ratio": [49145, 0.5634320311342104, 6815.173900648029], "free_collateral": [49145, 5305856.537458721, 3.0214325972231644e+18], "mm_reqs": [49145, 9335.62294884917, 72157844477248.67], "unrealized_pnl_0": [49145, 27.75728687613375, 221414278848.57138], "unrealized_pnl_1": [49145, 55.31900919321813, 1385598091389.718], "unrealized_pnl_2": [49145, 391.9679600234362, 30547025288803.367], "unrealized_pnl_3": [49145, 6078.160131834931, 865894950311959.2], "unrealized_pnl_4": [49145, 137.03338012570126, 2947892293594.2183], "unrealized_pnl_5": [49145, 731.2723277228696, 62060072615092.8], "unrealized_pnl_6": [49145, 69.02260920840648, 1421149155521.1704], "unrealized_pnl_7": [49145, 2.681434612903815, 241528119241.7883], "unrealized_pnl_8": [49145, 69.60325110043458, 453755664242.28625], "unrealized_pnl_9": [49145, 603.4257012075813, 17865607635054.223], "margin_usage_ratio": [49145, 0.015402201733306087, 10.1151229500208]}, "pcr_min_ew": 0.9760753886951643, "pcr_max_ew": 0.9999999923277512}