{"r_count": 32043.0001, "r_mean": -0.07161234471734691, "r_var": 521.0964812490496, "tanh_k": 2.0, "feature_welford": {"unrealized_pnl": [32044, 1613.0218606850701, 83916875298436.28], "realized_pnl": [32044, 2143.3383014635956, 237235798542013.88], "compounded_returns": [32044, 188.05692475802553, 6060027542.407487], "balance": [32044, 1595056.8353029354, 2.7675616836560032e+17], "position_value": [32044, 135295.4711683635, 4211939685019157.0], "current_position_size": [32044, 675935.3972940888, 1.0526612647531598e+17], "last_log_ret": [32044, 0.003320298858813085, 280.8138370166768], "sortino_ratio": [32044, 0.3322873897220062, 161395.3198249199], "rolling_pnl_sigma": [32044, 0.06833330976736475, 120.47068587586548], "portfolio_cash_ratio": [32044, 0.4530607978173098, 3902.3901946167357], "free_collateral": [32044, 1723364.4216562877, 2.958750520829534e+17], "mm_reqs": [32044, 8653.279237086645, 30884248467053.0], "unrealized_pnl_0": [32044, 73.84787600670806, 260313884238.76956], "unrealized_pnl_1": [32044, 34.82673715399575, 638380302275.1127], "unrealized_pnl_2": [32044, 41.116830151304185, 22177377922527.324], "unrealized_pnl_3": [32044, 1118.3027396294653, 156164921860327.56], "unrealized_pnl_4": [32044, 48.94770148710341, 894320075752.2537], "unrealized_pnl_5": [32044, 1213.9475070236078, 50283157025789.0], "unrealized_pnl_6": [32044, 18.26168460596872, 1605971214870.6267], "unrealized_pnl_7": [32044, 21.632051366995604, 186818139384.1333], "unrealized_pnl_8": [32044, 20.21425478459514, 178324075299.7467], "unrealized_pnl_9": [32044, 234.15625863515203, 6088175592512.385], "margin_usage_ratio": [32044, 0.018113437628551797, 5.638687418160838]}, "pcr_min_ew": 0.8044550919309728, "pcr_max_ew": 0.9999999999995974}