{"r_count": 125871.0001, "r_mean": -0.034393710559000326, "r_var": 751.3200100275881, "tanh_k": 2.0, "feature_welford": {"unrealized_pnl": [125872, 11357.107861601462, 2498950505666700.5], "realized_pnl": [125872, 17121.50035704048, 7531272131071053.0], "compounded_returns": [125872, 6733.454818203492, 7392302089979.772], "balance": [125872, 14028426.605353357, 2.531631986275954e+19], "position_value": [125872, 147387.48086726072, 2.02283809707178e+16], "current_position_size": [125872, 736724.2047486099, 5.056772980355267e+17], "last_log_ret": [125872, 0.007612928364735969, 435.6186781391124], "sortino_ratio": [125872, 3.1614420968739125, 459150879.5306932], "rolling_pnl_sigma": [125872, 0.03220093622980296, 270.7348244598731], "portfolio_cash_ratio": [125872, 0.7523555419758516, 14833.610930751502], "free_collateral": [125872, 14176691.29918172, 2.5154685145819152e+19], "mm_reqs": [125872, 10582.718506025672, 330931520141259.25], "unrealized_pnl_0": [125872, 32.62848565097767, 409792032125.8828], "unrealized_pnl_1": [125872, 8.613656507289512, 1528003897282.274], "unrealized_pnl_2": [125872, 4995.89817945249, 327897093886747.25], "unrealized_pnl_3": [125872, 15417.57344518671, 8160399543362219.0], "unrealized_pnl_4": [125872, 87.68936966405357, 1970997143625.202], "unrealized_pnl_5": [125872, 2696.344178202222, 291240381629675.25], "unrealized_pnl_6": [125872, 91.41141444732209, 3172565177783.3735], "unrealized_pnl_7": [125872, 24.894428605720602, 389725815639.996], "unrealized_pnl_8": [125872, 17.866284688634444, 325514193136.4752], "unrealized_pnl_9": [125872, 699.2178833253992, 44947647652891.09], "margin_usage_ratio": [125872, 0.008561748653916124, 18.92148923456398]}, "pcr_min_ew": 0.9840765889434869, "pcr_max_ew": 0.9998805303482049}