{"r_count": 187124.0001, "r_mean": -0.028401592329714367, "r_var": 854.2677741375842, "tanh_k": 2.0, "feature_welford": {"unrealized_pnl": [187125, 14603.306107397086, 4075330040798447.5], "realized_pnl": [187125, 22659.107485710854, 1.4599557342732966e+16], "compounded_returns": [187125, 9758.994168331032, 17265464806353.713], "balance": [187125, 18506732.247387547, 5.223755292914264e+19], "position_value": [187125, 140688.3766882828, 2.9560084715456812e+16], "current_position_size": [187125, 703287.664777552, 7.389783042388742e+17], "last_log_ret": [187125, 0.00820324518964581, 520.8146746333931], "sortino_ratio": [187125, 6.109939540879156, 8155964230.233085], "rolling_pnl_sigma": [187125, 0.026477095181087335, 338.3518692826506], "portfolio_cash_ratio": [187125, 0.7962509542274236, 19291.244969602947], "free_collateral": [187125, 18651654.462161552, 5.1871713809046135e+19], "mm_reqs": [187125, 10429.22642814955, 600528820686223.2], "unrealized_pnl_0": [187125, 23.68325351340331, 289972309333.4809], "unrealized_pnl_1": [187125, 4.7142077993233595, 1164485264645.8577], "unrealized_pnl_2": [187125, 8911.960863657034, 845598546401273.8], "unrealized_pnl_3": [187125, 17772.575051453186, 1.3971000763757118e+16], "unrealized_pnl_4": [187125, 128.25881021179234, 2417069149198.4556], "unrealized_pnl_5": [187125, 2784.416561761116, 374828735328847.9], "unrealized_pnl_6": [187125, 85.68532390142009, 2825571735002.0215], "unrealized_pnl_7": [187125, 31.550389105747797, 508941598761.2111], "unrealized_pnl_8": [187125, 35.11813028646304, 408454197691.5555], "unrealized_pnl_9": [187125, 829.1140924496631, 54949835971085.27], "margin_usage_ratio": [187125, 0.0070933277108388565, 24.67306584286973]}, "pcr_min_ew": 0.9944479239478896, "pcr_max_ew": 0.999999960663402}