{"r_count": 104043.0001, "r_mean": -0.03860420455987195, "r_var": 761.5223849814653, "tanh_k": 2.0, "feature_welford": {"unrealized_pnl": [104044, 9051.878870180177, 1550064651553861.5], "realized_pnl": [104044, 14864.102342416129, 4926385335852142.0], "compounded_returns": [104044, 5252.536894483011, 4377129053160.5225], "balance": [104044, 12238590.11484119, 1.7197193708216422e+19], "position_value": [104044, 138899.8189719525, 1.5117541011329308e+16], "current_position_size": [104044, 694306.502950846, 3.779243189323523e+17], "last_log_ret": [104044, 0.007242352775756207, 433.6803488634959], "sortino_ratio": [104044, 2.1123213647264385, 60481930.534425944], "rolling_pnl_sigma": [104044, 0.0362245706778497, 271.76178993644163], "portfolio_cash_ratio": [104044, 0.7220362994771081, 13189.257256208783], "free_collateral": [104044, 12376693.827530425, 1.7109345917322967e+19], "mm_reqs": [104044, 9911.564940165286, 239059202936597.84], "unrealized_pnl_0": [104044, 26.56278204541444, 428876998551.02185], "unrealized_pnl_1": [104044, 37.83903747997627, 1216940029160.3083], "unrealized_pnl_2": [104044, 3416.9439904605647, 191378664963002.06], "unrealized_pnl_3": [104044, 13081.017522555176, 5047889073266344.0], "unrealized_pnl_4": [104044, 54.07963539296769, 3023108809407.335], "unrealized_pnl_5": [104044, 2436.620140529058, 238267310815963.38], "unrealized_pnl_6": [104044, 72.95646596268185, 2158143015326.8699], "unrealized_pnl_7": [104044, 45.55311660843406, 417785863196.021], "unrealized_pnl_8": [104044, 34.05665865063224, 388764350113.4263], "unrealized_pnl_9": [104044, 721.0562411274103, 34547679910534.934], "margin_usage_ratio": [104044, 0.00974949955733652, 17.789493273467595]}, "pcr_min_ew": 0.9831244143051264, "pcr_max_ew": 0.9999999949860866}