{"r_count": 197871.0001, "r_mean": -0.02743416899270977, "r_var": 877.7142866781605, "tanh_k": 2.0, "feature_welford": {"unrealized_pnl": [197872, 16165.20791468248, 5488133475885539.0], "realized_pnl": [197872, 23673.628841484962, 1.696990748497837e+16], "compounded_returns": [197872, 10262.354791142387, 19892242852301.223], "balance": [197872, 19372515.508821175, 5.902457079754323e+19], "position_value": [197872, 142228.94007557808, 3.2558356001524384e+16], "current_position_size": [197872, 711038.5202916459, 8.139462982601652e+17], "last_log_ret": [197872, 0.008303299413568093, 528.4385304020799], "sortino_ratio": [197872, 6.314000126421827, 3434166085.15898], "rolling_pnl_sigma": [197872, 0.025426511365904896, 344.73948393316647], "portfolio_cash_ratio": [197872, 0.803978135548522, 19887.690910574453], "free_collateral": [197872, 19520219.159243304, 5.860572955515795e+19], "mm_reqs": [197872, 10750.55216983752, 691929134370806.0], "unrealized_pnl_0": [197872, 25.602687912635535, 493649597492.0368], "unrealized_pnl_1": [197872, 19.09230521318618, 1351395661727.0361], "unrealized_pnl_2": [197872, 9358.200880398406, 931596030309012.2], "unrealized_pnl_3": [197872, 20293.370732469484, 1.809107162913537e+16], "unrealized_pnl_4": [197872, 148.57112403547688, 4367887672431.397], "unrealized_pnl_5": [197872, 2756.3498837939815, 391006531524262.9], "unrealized_pnl_6": [197872, 81.19486199079628, 3783581689689.9766], "unrealized_pnl_7": [197872, 27.786828678154606, 471648855063.02423], "unrealized_pnl_8": [197872, 46.88480336368208, 517161403135.9863], "unrealized_pnl_9": [197872, 758.2122895044932, 52050150540656.02], "margin_usage_ratio": [197872, 0.00688189405713686, 25.997101864777925]}, "pcr_min_ew": 0.996857429403086, "pcr_max_ew": 0.999999968184736}