{"r_count": 147606.0001, "r_mean": -0.031857938642268685, "r_var": 821.1173210963731, "tanh_k": 2.0, "feature_welford": {"unrealized_pnl": [147607, 12324.422235452115, 3223767084633797.5], "realized_pnl": [147607, 19550.066461990566, 1.0174437568983136e+16], "compounded_returns": [147607, 7969.922682870718, 10906537222980.89], "balance": [147607, 16133983.312614704, 3.5163784287539007e+19], "position_value": [147607, 139219.74419638194, 2.274353027920676e+16], "current_position_size": [147607, 695956.4011995463, 5.685750184952655e+17], "last_log_ret": [147607, 0.007884297581042187, 479.4720473562601], "sortino_ratio": [147607, 4.509993927241703, 1440709659.6802566], "rolling_pnl_sigma": [147607, 0.029737577877971943, 310.64799665748797], "portfolio_cash_ratio": [147607, 0.7714622450220461, 16636.47563842567], "free_collateral": [147607, 16275272.869866509, 3.4941009917261074e+19], "mm_reqs": [147607, 10313.696758543263, 451637601858002.1], "unrealized_pnl_0": [147607, 26.16202240205472, 467918659570.85895], "unrealized_pnl_1": [147607, 21.863965967725033, 1277594612601.9243], "unrealized_pnl_2": [147607, 6321.917112067112, 460373194101819.8], "unrealized_pnl_3": [147607, 16557.024551587867, 1.0505067113911726e+16], "unrealized_pnl_4": [147607, 111.01912421604882, 3558580311813.3145], "unrealized_pnl_5": [147607, 2529.9208368916334, 298560741795419.06], "unrealized_pnl_6": [147607, 80.56034665105409, 3265953870574.745], "unrealized_pnl_7": [147607, 33.45454538433766, 443737867751.615], "unrealized_pnl_8": [147607, 37.57108707562115, 415188337692.08704], "unrealized_pnl_9": [147607, 754.8683559273865, 45083357145541.516], "margin_usage_ratio": [147607, 0.008015219131120611, 21.999841427745366]}, "pcr_min_ew": 0.9906217387525956, "pcr_max_ew": 0.9999789528866543}