{"r_count": 115213.0001, "r_mean": -0.03646124513435906, "r_var": 778.379094304852, "tanh_k": 2.0, "feature_welford": {"unrealized_pnl": [115214, 9803.266224534578, 1909921703619148.0], "realized_pnl": [115214, 16165.581335652261, 6139681377073912.0], "compounded_returns": [115214, 5973.32762401736, 5705494935083.774], "balance": [115214, 13266226.608939292, 2.0964035155562533e+19], "position_value": [115214, 138713.32034503436, 1.6867702300005426e+16], "current_position_size": [115214, 693392.6787820125, 4.2167831460397965e+17], "last_log_ret": [115214, 0.007443707752490856, 446.0238081962841], "sortino_ratio": [115214, 2.464693539797641, 87497006.29802065], "rolling_pnl_sigma": [115214, 0.03417024070218421, 283.07107529242074], "portfolio_cash_ratio": [115214, 0.7378400733633936, 14145.777386558138], "free_collateral": [115214, 13404886.725575145, 2.0845714092309447e+19], "mm_reqs": [115214, 9919.022892646813, 277806366952986.3], "unrealized_pnl_0": [115214, 26.521025616529613, 430090737683.75275], "unrealized_pnl_1": [115214, 30.342147598545317, 1255818198686.983], "unrealized_pnl_2": [115214, 4130.912142075369, 247401700581745.06], "unrealized_pnl_3": [115214, 14033.267724227446, 6358987287853446.0], "unrealized_pnl_4": [115214, 67.38619110817208, 3117868053626.3794], "unrealized_pnl_5": [115214, 2484.513976696453, 255216651592891.25], "unrealized_pnl_6": [115214, 83.62625199631434, 3087951385070.5664], "unrealized_pnl_7": [115214, 40.260655531168716, 430497840968.9687], "unrealized_pnl_8": [115214, 34.05366159717595, 397134164346.2106], "unrealized_pnl_9": [115214, 705.5126206231287, 36027128846840.8], "margin_usage_ratio": [115214, 0.009192141336170558, 18.94601164685284]}, "pcr_min_ew": 0.9967381446582141, "pcr_max_ew": 0.9999999921499951}