{"r_count": 4365.0001, "r_mean": -0.0993211873204764, "r_var": 804.9753311873814, "tanh_k": 2.0, "feature_welford": {"unrealized_pnl": [4366, -2.565476976469236, 1110689474.6898892], "realized_pnl": [4366, 25.569930678666477, 3318911058.201442], "compounded_returns": [4366, 0.47505389367875606, 1570.613614413842], "balance": [4366, 792.3891127880865, 29212329107.584316], "position_value": [4366, 2226.936808485775, 147352859236.51175], "current_position_size": [4366, 11123.305731553628, 3683988750206.9146], "last_log_ret": [4366, -0.007215773825447393, 454.51259383498274], "sortino_ratio": [4366, 0.09554638595995366, 553.2466562449906], "rolling_pnl_sigma": [4366, 0.08892338588173364, 45.949839530918155], "portfolio_cash_ratio": [4366, 0.2686889154390925, 1556.9457388090998], "free_collateral": [4366, 2944.614715890809, 228022596459.66034], "mm_reqs": [4366, 73.16710746380211, 255478121.975178], "unrealized_pnl_0": [4366, 0.6659410584035576, 244974564.70584583], "unrealized_pnl_1": [4366, 5.463046744948425, 507871451.8584999], "unrealized_pnl_2": [4366, 0.5443875248770796, 136819985.89701897], "unrealized_pnl_3": [4366, -8.615183632076738e-05, 1391784728.9770575], "unrealized_pnl_4": [4366, -3.682992854512663, 333624820.2774658], "unrealized_pnl_5": [4366, -8.574929262986302, 454472155.64996433], "unrealized_pnl_6": [4366, -8.30503418599308, 332958118.0505658], "unrealized_pnl_7": [4366, 0.020806674775991883, 103618860.65446714], "unrealized_pnl_8": [4366, 5.721827125749906, 387732367.7554861], "unrealized_pnl_9": [4366, 2.173966727125996, 483359525.6050233], "margin_usage_ratio": [4366, 0.02032790039886232, 0.27070391471469046]}, "pcr_min_ew": 0.015368734556652127, "pcr_max_ew": 0.7524356752650938}