{"r_count": 63101.000100000005, "r_mean": -0.053846991846869995, "r_var": 1366.1548252234602, "tanh_k": 2.0, "feature_welford": {"unrealized_pnl": [63102, 4272.581964318369, 418697934999237.94], "realized_pnl": [63102, 8270.226223634463, 1398701620808054.5], "compounded_returns": [63102, 2080.3151689061933, 728309545801.5022], "balance": [63102, 7126426.477332438, 5.48753970991141e+18], "position_value": [63102, 137003.35134461705, 8077042369900876.0], "current_position_size": [63102, 684588.7237327076, 2.0187302331207968e+17], "last_log_ret": [63102, 0.005626972772898558, 797.519549869414], "sortino_ratio": [63102, 0.9179034389250191, 3068245.378204145], "rolling_pnl_sigma": [63102, 0.050166976111850704, 259.52258028856676], "portfolio_cash_ratio": [63102, 0.6261631827479863, 8684.521498488495], "free_collateral": [63102, 7258210.473283412, 5.483315507806979e+18], "mm_reqs": [63102, 9555.310225480502, 99693735485431.78], "unrealized_pnl_0": [63102, 43.17517221464192, 353477713857.85205], "unrealized_pnl_1": [63102, 18.14131334753435, 1024209376931.08], "unrealized_pnl_2": [63102, 622.2710203795779, 48517410479385.62], "unrealized_pnl_3": [63102, 7222.538583595757, 1365204136013701.5], "unrealized_pnl_4": [63102, 35.957036095586275, 1636624954298.8643], "unrealized_pnl_5": [63102, 1968.4753514466868, 125551839139780.5], "unrealized_pnl_6": [63102, 48.570032858021804, 1493035145044.8496], "unrealized_pnl_7": [63102, 53.25669587912157, 436909843451.143], "unrealized_pnl_8": [63102, 4.792321853270436, 366788220686.8906], "unrealized_pnl_9": [63102, 710.6470747321847, 23917579208228.465], "margin_usage_ratio": [63102, 0.013045918889166001, 12.2045107970062]}, "pcr_min_ew": 0.9918980579813186, "pcr_max_ew": 0.9999999957154954}