{"r_count": 35176.000100000005, "r_mean": -0.07505205339248394, "r_var": 1259.8237919529836, "tanh_k": 2.0, "feature_welford": {"unrealized_pnl": [35177, 2037.5133534821887, 109716719209934.94], "realized_pnl": [35177, 2607.5293873878327, 322205511260769.3], "compounded_returns": [35177, 154.75227397999777, 16550630966.720333], "balance": [35177, 2368002.0928937024, 8.852313781721164e+17], "position_value": [35177, 120927.24119080653, 3342497160089156.0], "current_position_size": [35177, 603884.5780375134, 8.35045951728123e+16], "last_log_ret": [35177, 0.0030750387152132345, 734.937269982655], "sortino_ratio": [35177, 0.3906094845122858, 175918.82146184833], "rolling_pnl_sigma": [35177, 0.07007929022990404, 189.02995424021987], "portfolio_cash_ratio": [35177, 0.4657441129119734, 4226.244138440279], "free_collateral": [35177, 2483255.537752067, 8.974862554475452e+17], "mm_reqs": [35177, 7765.608494620952, 28876328958813.543], "unrealized_pnl_0": [35177, 47.57730934872151, 301876639012.0823], "unrealized_pnl_1": [35177, 30.133586698453367, 923237243447.9001], "unrealized_pnl_2": [35177, 149.66447952566725, 20215430320178.58], "unrealized_pnl_3": [35177, 3253.110464995058, 317159119536324.75], "unrealized_pnl_4": [35177, 32.9758695348183, 1427813029862.4382], "unrealized_pnl_5": [35177, 773.9215974647867, 46460668300894.94], "unrealized_pnl_6": [35177, -13.718072019026033, 900362672753.9631], "unrealized_pnl_7": [35177, 39.70970603478222, 341711990386.7284], "unrealized_pnl_8": [35177, 0.2695026860473571, 260936703380.162], "unrealized_pnl_9": [35177, 267.1886398837323, 8377655051902.619], "margin_usage_ratio": [35177, 0.018368638772730445, 6.730480068384359]}, "pcr_min_ew": 0.9832192672871283, "pcr_max_ew": 0.9998741788111447}