{"r_count": 149840.0001, "r_mean": -0.031612558241264285, "r_var": 823.7522815356637, "tanh_k": 2.0, "feature_welford": {"unrealized_pnl": [149841, 12491.40127236707, 3294511043457508.5], "realized_pnl": [149841, 19681.222690505063, 1.0361360181917676e+16], "compounded_returns": [149841, 8050.357982481582, 11125798755749.87], "balance": [149841, 16233180.384209285, 3.572415187151242e+19], "position_value": [149841, 139455.9865571128, 2.3141013296988736e+16], "current_position_size": [149841, 697139.7348683373, 5.785121436127574e+17], "last_log_ret": [149841, 0.007905562332683903, 481.68031426598526], "sortino_ratio": [149841, 4.586126363344961, 1459671013.003854], "rolling_pnl_sigma": [149841, 0.029495821139001142, 312.30926087385194], "portfolio_cash_ratio": [149841, 0.7732933562867543, 16792.780540697888], "free_collateral": [149841, 16374868.208511205, 3.5495468912221934e+19], "mm_reqs": [149841, 10318.043294513824, 457440511774539.3], "unrealized_pnl_0": [149841, 27.01632267848546, 477752797090.4759], "unrealized_pnl_1": [149841, 21.651991076848606, 1277812237971.6833], "unrealized_pnl_2": [149841, 6439.02063807386, 476241816020232.3], "unrealized_pnl_3": [149841, 16686.71814069697, 1.0731294950911226e+16], "unrealized_pnl_4": [149841, 114.13344491628759, 3584448443569.794], "unrealized_pnl_5": [149841, 2567.6603221948862, 305409863634391.8], "unrealized_pnl_6": [149841, 79.86356937759483, 3268820112551.3765], "unrealized_pnl_7": [149841, 33.08303652035485, 443793858013.15686], "unrealized_pnl_8": [149841, 38.06614088655036, 417975121199.36993], "unrealized_pnl_9": [149841, 754.9729379843164, 45623671315656.44], "margin_usage_ratio": [149841, 0.007950086792780147, 22.18430029247481]}, "pcr_min_ew": 0.9927627552680189, "pcr_max_ew": 0.9999999999999197}