{"r_count": 163244.0001, "r_mean": -0.03024688512161893, "r_var": 839.8926585416672, "tanh_k": 2.0, "feature_welford": {"unrealized_pnl": [163245, 13552.671106145672, 3845965375612956.5], "realized_pnl": [163245, 20840.928429831274, 1.2010050845873072e+16], "compounded_returns": [163245, 8676.04621059319, 13147090699361.016], "balance": [163245, 17125913.61999266, 4.1289053200461414e+19], "position_value": [163245, 140199.77045539615, 2.560594902265913e+16], "current_position_size": [163245, 700870.1540465523, 6.401356959715621e+17], "last_log_ret": [163245, 0.008034480559889114, 495.2672375800205], "sortino_ratio": [163245, 5.019157924764404, 1589822813.7292984], "rolling_pnl_sigma": [163245, 0.028164755492016316, 322.25961793239827], "portfolio_cash_ratio": [163245, 0.7834113439407249, 17725.52063605238], "free_collateral": [163245, 17269302.612461794, 4.101388282476634e+19], "mm_reqs": [163245, 10423.413681966334, 512815498084349.2], "unrealized_pnl_0": [163245, 27.641685943891225, 481145272434.70953], "unrealized_pnl_1": [163245, 20.781213290043357, 1290095486291.8606], "unrealized_pnl_2": [163245, 7457.757392751746, 611580978980335.8], "unrealized_pnl_3": [163245, 17624.435127414155, 1.2595245429779432e+16], "unrealized_pnl_4": [163245, 120.24099663349863, 3820177219718.0737], "unrealized_pnl_5": [163245, 2575.114602274752, 336975725337292.7], "unrealized_pnl_6": [163245, 81.67615658636431, 3409543778833.048], "unrealized_pnl_7": [163245, 30.573159004757432, 461791311760.1067], "unrealized_pnl_8": [163245, 41.43031720527281, 432495422728.04266], "unrealized_pnl_9": [163245, 758.8322409631237, 47882962225550.945], "margin_usage_ratio": [163245, 0.007594741900471627, 23.31729709301393]}, "pcr_min_ew": 0.9905483387772064, "pcr_max_ew": 0.9999999995993383}