{"r_count": 156030.0001, "r_mean": -0.030616870462808025, "r_var": 787.6765926470782, "tanh_k": 2.0, "feature_welford": {"unrealized_pnl": [156031, 13353.27107535155, 3406450177156375.5], "realized_pnl": [156031, 19918.52692837127, 1.0751924992048808e+16], "compounded_returns": [156031, 8382.147347803524, 12039835036260.164], "balance": [156031, 16313649.634421129, 3.7431469510197764e+19], "position_value": [156031, 146488.04005637797, 2.5465682609777036e+16], "current_position_size": [156031, 732234.0580924716, 6.366022872058738e+17], "last_log_ret": [156031, 0.007964680887024834, 464.770833813103], "sortino_ratio": [156031, 4.845781757391075, 920007233.5564369], "rolling_pnl_sigma": [156031, 0.028520857507449916, 294.0516187988815], "portfolio_cash_ratio": [156031, 0.7796278638495118, 17032.93377730115], "free_collateral": [156031, 16462922.766781252, 3.7166313998897316e+19], "mm_reqs": [156031, 10660.309669544571, 453833486058457.1], "unrealized_pnl_0": [156031, 30.936985727610196, 417045806355.097], "unrealized_pnl_1": [156031, 11.267555724057045, 1886010764821.6084], "unrealized_pnl_2": [156031, 7017.450993829618, 556035651503108.8], "unrealized_pnl_3": [156031, 17395.633297078773, 1.148998684645544e+16], "unrealized_pnl_4": [156031, 119.52035920637226, 2421312967928.0635], "unrealized_pnl_5": [156031, 2698.0829131956525, 326166964082435.2], "unrealized_pnl_6": [156031, 91.01324902842386, 3618931109255.0728], "unrealized_pnl_7": [156031, 21.627940086408532, 433295806719.276], "unrealized_pnl_8": [156031, 26.7561133089754, 363815583371.1368], "unrealized_pnl_9": [156031, 682.2743773478975, 49562449239150.875], "margin_usage_ratio": [156031, 0.007630308876602232, 21.559024793054004]}, "pcr_min_ew": 0.995533475224561, "pcr_max_ew": 0.9999998036476676}