{"r_count": 194520.0001, "r_mean": -0.027670409416398006, "r_var": 874.4097876921163, "tanh_k": 2.0, "feature_welford": {"unrealized_pnl": [194521, 15983.413425583994, 5339950694191279.0], "realized_pnl": [194521, 23419.66714925419, 1.64414564757486e+16], "compounded_returns": [194521, 10116.333646767242, 19182054239066.52], "balance": [194521, 19176246.973495677, 5.7268113791972205e+19], "position_value": [194521, 142091.4477580172, 3.1851910174767036e+16], "current_position_size": [194521, 710349.2307774198, 7.962851233255246e+17], "last_log_ret": [194521, 0.008281188280384504, 525.4297252566113], "sortino_ratio": [194521, 5.72224929710017, 1743046063.7258284], "rolling_pnl_sigma": [194521, 0.02566463739746937, 342.82315695836616], "portfolio_cash_ratio": [194521, 0.8022018462081681, 19693.51192256431], "free_collateral": [194521, 19323655.686662566, 5.686390932069608e+19], "mm_reqs": [194521, 10729.68649336455, 674864577506676.4], "unrealized_pnl_0": [194521, 25.77381107876343, 492886628657.55457], "unrealized_pnl_1": [194521, 19.937614832113198, 1344292317245.5857], "unrealized_pnl_2": [194521, 9171.726396911261, 895160514108273.4], "unrealized_pnl_3": [194521, 20126.505867334126, 1.7598970635694594e+16], "unrealized_pnl_4": [194521, 147.497306617633, 4329573599075.207], "unrealized_pnl_5": [194521, 2759.8772666256846, 388822843626677.75], "unrealized_pnl_6": [194521, 79.50325894146086, 3723672133137.56], "unrealized_pnl_7": [194521, 28.05230106827518, 470729032540.0847], "unrealized_pnl_8": [194521, 44.7128225558112, 496875758919.1599], "unrealized_pnl_9": [194521, 758.1088307824824, 51778283956754.68], "margin_usage_ratio": [194521, 0.006943188281566646, 25.74852514783061]}, "pcr_min_ew": 0.9925244397403975, "pcr_max_ew": 0.9999999413891254}