{"r_count": 123032.0001, "r_mean": -0.035152345809625424, "r_var": 789.4451845677229, "tanh_k": 2.0, "feature_welford": {"unrealized_pnl": [123033, 10514.38513676122, 2204739242325678.2], "realized_pnl": [123033, 17050.330119438415, 6977226850902321.0], "compounded_returns": [123033, 6519.713089937137, 6980511809516.879], "balance": [123033, 14065437.31498716, 2.453406886153697e+19], "position_value": [123033, 138521.04244093495, 1.826705867293743e+16], "current_position_size": [123033, 692442.1606229739, 4.5666221609762694e+17], "last_log_ret": [123033, 0.007570023685818891, 454.360118826824], "sortino_ratio": [123033, 3.0509697811065952, 186453016.94011036], "rolling_pnl_sigma": [123033, 0.03291410164393323, 290.3740955001824], "portfolio_cash_ratio": [123033, 0.7474070402995074, 14776.864530958284], "free_collateral": [123033, 14204499.461970827, 2.4390417311570838e+19], "mm_reqs": [123033, 10035.223710094195, 318945429994026.5], "unrealized_pnl_0": [123033, 26.243211294004528, 437161538866.8289], "unrealized_pnl_1": [123033, 28.173125589912974, 1267892185009.8296], "unrealized_pnl_2": [123033, 4765.100998161283, 301894071050704.5], "unrealized_pnl_3": [123033, 14841.881051600321, 7468577185248876.0], "unrealized_pnl_4": [123033, 81.2360563975424, 3225938934907.274], "unrealized_pnl_5": [123033, 2444.757185217992, 261276290612902.7], "unrealized_pnl_6": [123033, 81.30995449296807, 3142797422656.663], "unrealized_pnl_7": [123033, 38.58991732093589, 435576565722.30774], "unrealized_pnl_8": [123033, 34.927813543499795, 402618373549.38885], "unrealized_pnl_9": [123033, 724.4631780571893, 38238267369457.36], "margin_usage_ratio": [123033, 0.00885862237449888, 19.726228320415697]}, "pcr_min_ew": 0.9899887909702483, "pcr_max_ew": 0.9999999988256156}