{"r_count": 28692.0001, "r_mean": -0.07524395991121319, "r_var": 502.619512695031, "tanh_k": 2.0, "feature_welford": {"unrealized_pnl": [28693, 1549.9524044959878, 66505949737913.02], "realized_pnl": [28693, 1775.0664389341352, 175270956638543.25], "compounded_returns": [28693, 111.44985403650671, 2732817624.5260377], "balance": [28693, 1230827.935248025, 1.9576683944212874e+17], "position_value": [28693, 116709.27493957902, 3092486749230273.0], "current_position_size": [28693, 583082.6175430943, 7.728832330216978e+16], "last_log_ret": [28693, 0.00277276205103414, 267.94390276490736], "sortino_ratio": [28693, 0.3020483387330383, 151347.55314135508], "rolling_pnl_sigma": [28693, 0.07178419471717037, 109.8059095791257], "portfolio_cash_ratio": [28693, 0.41935776395247354, 3223.4804138940935], "free_collateral": [28693, 1341780.7329178266, 2.1041356450507478e+17], "mm_reqs": [28693, 7352.115387622581, 21754138813129.965], "unrealized_pnl_0": [28693, 77.80397858681775, 249099969512.1559], "unrealized_pnl_1": [28693, 43.97931921493878, 616587891443.5958], "unrealized_pnl_2": [28693, -128.32072396690486, 16332046688843.99], "unrealized_pnl_3": [28693, 1182.040774381782, 128909012149335.72], "unrealized_pnl_4": [28693, 33.728437836706384, 634823579551.0311], "unrealized_pnl_5": [28693, 996.6360918323783, 36678679931726.586], "unrealized_pnl_6": [28693, -36.78031845664582, 862607761021.489], "unrealized_pnl_7": [28693, 17.217858032084358, 171846939306.37335], "unrealized_pnl_8": [28693, 13.192957949938307, 154974790447.87213], "unrealized_pnl_9": [28693, 177.00580835339267, 3349701916832.8643], "margin_usage_ratio": [28693, 0.019034207156180826, 4.830316244127633]}, "pcr_min_ew": 0.847128378565527, "pcr_max_ew": 0.9980097471595342}