{"r_count": 22517.0001, "r_mean": -0.08190708592612703, "r_var": 427.30095570113764, "tanh_k": 2.0, "feature_welford": {"unrealized_pnl": [22518, 834.6000116810468, 32436884653538.336], "realized_pnl": [22518, 849.5517027887543, 60493584281234.28], "compounded_returns": [22518, 36.9129348245704, 466994832.7565983], "balance": [22518, 633362.8148860461, 6.516325415669978e+16], "position_value": [22518, 84930.71999312764, 1547138791472925.8], "current_position_size": [22518, 424282.04288966116, 3.865674911951918e+16], "last_log_ret": [22518, 0.0012584446406287784, 232.20259711600687], "sortino_ratio": [22518, 0.21603513528168208, 30486.388198470242], "rolling_pnl_sigma": [22518, 0.07732253440969172, 88.48656217852616], "portfolio_cash_ratio": [22518, 0.3663958248251769, 2102.4909880665455], "free_collateral": [22518, 714134.3033525937, 7.316216133081493e+16], "mm_reqs": [22518, 5027.219066502314, 9073222221340.021], "unrealized_pnl_0": [22518, 63.24860296630573, 186434170430.8583], "unrealized_pnl_1": [22518, 12.609685926066556, 420293049563.82587], "unrealized_pnl_2": [22518, -245.1949167371318, 8311472364743.48], "unrealized_pnl_3": [22518, 662.6712121747157, 57207208106841.914], "unrealized_pnl_4": [22518, 51.39832960304257, 486814310824.32947], "unrealized_pnl_5": [22518, 650.0078362954574, 17807530775013.39], "unrealized_pnl_6": [22518, 18.39522270956768, 308920520921.0678], "unrealized_pnl_7": [22518, 19.370869855348023, 109223327992.15622], "unrealized_pnl_8": [22518, 9.911725434025339, 124704968677.43736], "unrealized_pnl_9": [22518, 151.98388550238002, 2418830881242.765], "margin_usage_ratio": [22518, 0.02005530221984295, 3.214112597870207]}, "pcr_min_ew": 0.8168949863053188, "pcr_max_ew": 1.0000000000002267}