{"r_count": 81703.0001, "r_mean": -0.04439585746161567, "r_var": 722.7988571512376, "tanh_k": 2.0, "feature_welford": {"unrealized_pnl": [81704, 6629.472540412669, 915161698624310.6], "realized_pnl": [81704, 11690.874799372676, 2961099978236535.0], "compounded_returns": [81704, 3527.903693587679, 1980110257163.7532], "balance": [81704, 9700049.95055578, 1.0150981803013278e+19], "position_value": [81704, 139065.5768156829, 1.1551680516904928e+16], "current_position_size": [81704, 695082.639796601, 2.887778379058537e+17], "last_log_ret": [81704, 0.006686290332412093, 407.27441065171735], "sortino_ratio": [81704, 1.4299205789381608, 22964312.122069385], "rolling_pnl_sigma": [81704, 0.04178521172300743, 245.1395854270369], "portfolio_cash_ratio": [81704, 0.6799265978964083, 11028.039046573957], "free_collateral": [81704, 9836019.676776063, 1.011586073603091e+19], "mm_reqs": [81704, 9783.50982263411, 160589047404968.78], "unrealized_pnl_0": [81704, 26.556719915313813, 411543436638.85254], "unrealized_pnl_1": [81704, 56.039375010418624, 1062011684873.2621], "unrealized_pnl_2": [81704, 1569.9449594035889, 86179388764172.36], "unrealized_pnl_3": [81704, 10383.484272386335, 2822907948219436.5], "unrealized_pnl_4": [81704, 41.009088667980535, 2776031932542.194], "unrealized_pnl_5": [81704, 2169.732150332074, 188098395132303.56], "unrealized_pnl_6": [81704, 58.73018205624056, 1963936018138.648], "unrealized_pnl_7": [81704, 52.42244779115737, 403448265455.9446], "unrealized_pnl_8": [81704, 35.64368717514635, 376518824612.1315], "unrealized_pnl_9": [81704, 726.8799098495787, 27908659432626.906], "margin_usage_ratio": [81704, 0.011251644960234923, 15.191903005609307]}, "pcr_min_ew": 0.9922618982103308, "pcr_max_ew": 1.000000000000066}