{"r_count": 25355.0001, "r_mean": -0.08408821173293551, "r_var": 461.5235286446528, "tanh_k": 2.0, "feature_welford": {"unrealized_pnl": [25356, 671.8277084681149, 21368008591029.438], "realized_pnl": [25356, 847.7452442701997, 65844099958141.95], "compounded_returns": [25356, 69.82062241282846, 1842063839.329479], "balance": [25356, 704176.3583784449, 1.247102880625966e+17], "position_value": [25356, 100075.46334615574, 1530019822191603.0], "current_position_size": [25356, 499773.6306680161, 3.8214894616464376e+16], "last_log_ret": [25356, 0.0016172790760604, 282.56022911067714], "sortino_ratio": [25356, 0.2538841583730836, 123115.776998413], "rolling_pnl_sigma": [25356, 0.07872724942185344, 121.35110204219826], "portfolio_cash_ratio": [25356, 0.3880185379364586, 2354.595335586624], "free_collateral": [25356, 799060.2164968936, 1.3107532127371034e+17], "mm_reqs": [25356, 5901.990170856199, 10176307888438.592], "unrealized_pnl_0": [25356, 30.500514265710382, 216983206011.18323], "unrealized_pnl_1": [25356, 34.71545023791547, 606908315879.3787], "unrealized_pnl_2": [25356, 63.54767188746113, 6887751826941.433], "unrealized_pnl_3": [25356, 693.6160600826728, 38322824589363.65], "unrealized_pnl_4": [25356, 18.00766952591744, 987803114500.0038], "unrealized_pnl_5": [25356, 454.6547506869086, 15460964240239.29], "unrealized_pnl_6": [25356, -3.470840347649587, 609579614782.4443], "unrealized_pnl_7": [25356, 43.93361653437959, 290756923528.2277], "unrealized_pnl_8": [25356, -4.339769960012651, 160306142995.5361], "unrealized_pnl_9": [25356, 286.83509209631654, 5155562216810.727], "margin_usage_ratio": [25356, 0.020490551741052514, 4.1183435931833925]}, "pcr_min_ew": 0.9717899222174563, "pcr_max_ew": 0.9999999999997092}