{"r_count": 168829.0001, "r_mean": -0.029710252419938524, "r_var": 846.2886838559047, "tanh_k": 2.0, "feature_welford": {"unrealized_pnl": [168830, 14048.468489923258, 4097856652433178.5], "realized_pnl": [168830, 21422.34155249697, 1.2794670723816648e+16], "compounded_returns": [168830, 8973.673628159651, 14297269184377.877], "balance": [168830, 17556378.669099897, 4.437490481956467e+19], "position_value": [168830, 140637.78710205678, 2.6777365264367656e+16], "current_position_size": [168830, 703064.4944121115, 6.694211941955987e+17], "last_log_ret": [168830, 0.008085497923792572, 500.6865719447053], "sortino_ratio": [168830, 5.197455312971272, 1632069083.9423702], "rolling_pnl_sigma": [168830, 0.027664896583610817, 326.08359694311173], "portfolio_cash_ratio": [168830, 0.7870900217588922, 18098.999309179948], "free_collateral": [168830, 17700642.15641943, 4.40763867810084e+19], "mm_reqs": [168830, 10483.107742094318, 540733455714275.6], "unrealized_pnl_0": [168830, 27.415090055445745, 482196169726.77234], "unrealized_pnl_1": [168830, 19.797045577848486, 1300122166860.749], "unrealized_pnl_2": [168830, 7862.837684947264, 671053523187855.9], "unrealized_pnl_3": [168830, 18075.854421396536, 1.3349601050637314e+16], "unrealized_pnl_4": [168830, 124.58270950668206, 3876103510970.551], "unrealized_pnl_5": [168830, 2605.720910739253, 344011679055754.25], "unrealized_pnl_6": [168830, 83.18035333921345, 3513057493951.9453], "unrealized_pnl_7": [168830, 29.955860300333832, 462019483014.3337], "unrealized_pnl_8": [168830, 42.1195402160992, 435711863671.922], "unrealized_pnl_9": [168830, 751.9199814538747, 48255032548993.1], "margin_usage_ratio": [168830, 0.007466632779510788, 23.775687117884075]}, "pcr_min_ew": 0.9923662340100246, "pcr_max_ew": 0.9999999970263562}