{"r_count": 130851.0001, "r_mean": -0.03398723885788208, "r_var": 799.915036594301, "tanh_k": 2.0, "feature_welford": {"unrealized_pnl": [130852, 11041.857817724103, 2502028932192638.0], "realized_pnl": [130852, 17762.966456320682, 7805632838992890.0], "compounded_returns": [130852, 6991.15243366149, 8118619648635.876], "balance": [130852, 14733984.91479925, 2.7620863519773426e+19], "position_value": [130852, 138710.65563567635, 1.961959065334737e+16], "current_position_size": [130852, 693399.9546650676, 4.9047555656004595e+17], "last_log_ret": [130852, 0.007680042763189335, 462.49566598718167], "sortino_ratio": [130852, 3.33129073669129, 232983306.55988392], "rolling_pnl_sigma": [130852, 0.03179853053007084, 297.1854354854713], "portfolio_cash_ratio": [130852, 0.7558664786013501, 15389.751216423896], "free_collateral": [130852, 14873691.762979228, 2.745313965745643e+19], "mm_reqs": [130852, 10106.809939068396, 357475599410849.6], "unrealized_pnl_0": [130852, 25.17886041557857, 444677161715.2577], "unrealized_pnl_1": [130852, 25.35039166001899, 1270700136474.3242], "unrealized_pnl_2": [130852, 5230.876869799357, 342506026438012.6], "unrealized_pnl_3": [130852, 15385.109624485078, 8403939934165906.0], "unrealized_pnl_4": [130852, 90.49785735649104, 3327319739575.8066], "unrealized_pnl_5": [130852, 2485.8714591599155, 276927242047427.0], "unrealized_pnl_6": [130852, 81.26997116754673, 3177910395773.001], "unrealized_pnl_7": [130852, 36.458798130877454, 436716429650.79254], "unrealized_pnl_8": [130852, 35.71155611812667, 405977672069.238], "unrealized_pnl_9": [130852, 721.68557499362, 39092884036497.18], "margin_usage_ratio": [130852, 0.008563025460540132, 20.48377857019929]}, "pcr_min_ew": 0.9933350562738588, "pcr_max_ew": 0.9999999999999847}