{"r_count": 20283.0001, "r_mean": -0.0857191893996158, "r_var": 409.2728230715059, "tanh_k": 2.0, "feature_welford": {"unrealized_pnl": [20284, 393.99621774036103, 9754727798958.6], "realized_pnl": [20284, 454.8875395585503, 27390580127302.3], "compounded_returns": [20284, 19.371675088499213, 103813480.78877518], "balance": [20284, 308807.446377506, 2.6747788063505412e+16], "position_value": [20284, 60717.73764664144, 802011398122049.9], "current_position_size": [20284, 303176.2093219042, 2.002653811038749e+16], "last_log_ret": [20284, 0.0005285504932978062, 220.04311803732028], "sortino_ratio": [20284, 0.17119593665305283, 9452.77422168557], "rolling_pnl_sigma": [20284, 0.08076709960709068, 79.13525429182796], "portfolio_cash_ratio": [20284, 0.3293123459135184, 1553.4033199619425], "free_collateral": [20284, 366490.155207474, 3.072685379612218e+16], "mm_reqs": [20284, 3452.5704678432444, 4326427101951.79], "unrealized_pnl_0": [20284, 68.41508131144087, 177525443485.56485], "unrealized_pnl_1": [20284, -5.217921220335659, 380200734378.9079], "unrealized_pnl_2": [20284, -59.152149178867234, 5047723197590.289], "unrealized_pnl_3": [20284, 213.95233217755913, 28491869689188.96], "unrealized_pnl_4": [20284, 63.17399732539292, 395453028858.086], "unrealized_pnl_5": [20284, 334.5017911852437, 9731033146958.598], "unrealized_pnl_6": [20284, 17.816958795236747, 221781578640.2676], "unrealized_pnl_7": [20284, 19.368626166600627, 102010242336.10425], "unrealized_pnl_8": [20284, -12.981399832149561, 81992226914.6065], "unrealized_pnl_9": [20284, 107.34399972892643, 1770197886908.6074], "margin_usage_ratio": [20284, 0.020956925609730746, 2.59259211606783]}, "pcr_min_ew": 0.790016816176388, "pcr_max_ew": 0.9999999997305054}