{"r_count": 114701.0001, "r_mean": -0.03618660799123604, "r_var": 735.5792333857295, "tanh_k": 2.0, "feature_welford": {"unrealized_pnl": [114702, 10348.010357202535, 2039973760883394.8], "realized_pnl": [114702, 15975.57303860931, 6436983174943616.0], "compounded_returns": [114702, 6074.650328647315, 5990601122247.063], "balance": [114702, 13049055.519413047, 2.1276383084577923e+19], "position_value": [114702, 147954.83978883352, 1.8257936441654892e+16], "current_position_size": [114702, 739564.5744556111, 4.564165101358989e+17], "last_log_ret": [114702, 0.007441976032354203, 423.56204522999263], "sortino_ratio": [114702, 2.637101203008131, 393349500.4125527], "rolling_pnl_sigma": [114702, 0.03393407217098892, 260.4194732761153], "portfolio_cash_ratio": [114702, 0.7390573205160013, 13940.997398572348], "free_collateral": [114702, 13196867.153904213, 2.1147354570974237e+19], "mm_reqs": [114702, 10586.103254613063, 285911478787604.8], "unrealized_pnl_0": [114702, 33.270568530040514, 407652853525.5866], "unrealized_pnl_1": [114702, 7.4827370991461875, 1451109236838.8293], "unrealized_pnl_2": [114702, 4268.373454542726, 259533422605667.4], "unrealized_pnl_3": [114702, 14317.299776707654, 6738367435530820.0], "unrealized_pnl_4": [114702, 68.33589478937834, 1821779783628.7415], "unrealized_pnl_5": [114702, 2555.66120092586, 258703320468347.47], "unrealized_pnl_6": [114702, 84.72248320837112, 3067934264802.638], "unrealized_pnl_7": [114702, 25.45620711709338, 384220570607.32794], "unrealized_pnl_8": [114702, 18.25471304316434, 318215546569.2057], "unrealized_pnl_9": [114702, 733.6495787285194, 43216492237438.32], "margin_usage_ratio": [114702, 0.009020281355020521, 17.85731445464819]}, "pcr_min_ew": 0.9989013370280129, "pcr_max_ew": 0.9999999981994884}