{"r_count": 38527.000100000005, "r_mean": -0.07126217512649552, "r_var": 1276.6691245275867, "tanh_k": 2.0, "feature_welford": {"unrealized_pnl": [38528, 2093.449978948257, 125113122983827.98], "realized_pnl": [38528, 3251.0097402550873, 386745132847812.75], "compounded_returns": [38528, 364.21788808499804, 47255586086.35555], "balance": [38528, 3032791.8176412582, 1.2262490186156444e+18], "position_value": [38528, 124247.79507467942, 3918424110538181.5], "current_position_size": [38528, 620552.7207781851, 9.790364861972763e+16], "last_log_ret": [38528, 0.0035587608063990476, 744.4430456378519], "sortino_ratio": [38528, 0.46696956090828307, 251910.33042969147], "rolling_pnl_sigma": [38528, 0.06654309089512245, 199.99496363260755], "portfolio_cash_ratio": [38528, 0.4953337738796671, 4910.61809051819], "free_collateral": [38528, 3151038.1865624203, 1.2393054453432494e+18], "mm_reqs": [38528, 8152.022351960995, 36214506869465.96], "unrealized_pnl_0": [38528, 44.81126992924792, 306004279611.68384], "unrealized_pnl_1": [38528, 26.62587143760396, 933884119357.6353], "unrealized_pnl_2": [38528, 150.60237904188767, 22833615592033.242], "unrealized_pnl_3": [38528, 3738.861383996455, 372399354860391.6], "unrealized_pnl_4": [38528, 31.918703561648606, 1437753779430.6719], "unrealized_pnl_5": [38528, 780.4631307146516, 51714055599612.984], "unrealized_pnl_6": [38528, -7.809949968610268, 977618902038.4487], "unrealized_pnl_7": [38528, 43.34932927602113, 360030871322.0628], "unrealized_pnl_8": [38528, 5.726012378157837, 275775976654.33264], "unrealized_pnl_9": [38528, 331.8006791362077, 9514324401971.918], "margin_usage_ratio": [38528, 0.017400156156721924, 7.544645920297863]}, "pcr_min_ew": 0.9672072804858094, "pcr_max_ew": 0.9999999942314022}