{"r_count": 141509.0001, "r_mean": -0.03222260737564427, "r_var": 770.0186480179809, "tanh_k": 2.0, "feature_welford": {"unrealized_pnl": [141510, 12269.504934562638, 2916203205809619.0], "realized_pnl": [141510, 18611.958538591356, 9160778444944414.0], "compounded_returns": [141510, 7652.819851518812, 9790673029392.162], "balance": [141510, 15248177.864723394, 3.1223451293287313e+19], "position_value": [141510, 146835.9766850102, 2.2938651139867228e+16], "current_position_size": [141510, 733988.1723431193, 5.734342533088557e+17], "last_log_ret": [141510, 0.007811407816245714, 450.10086533964625], "sortino_ratio": [141510, 3.62364015317446, 525038080.2882357], "rolling_pnl_sigma": [141510, 0.030096233680862682, 282.85163214551164], "portfolio_cash_ratio": [141510, 0.767671051031853, 16007.770540835063], "free_collateral": [141510, 15396781.177434234, 3.1011254623313187e+19], "mm_reqs": [141510, 10596.792773988176, 396574556912405.8], "unrealized_pnl_0": [141510, 31.87213976617506, 415705756123.21265], "unrealized_pnl_1": [141510, 12.467323089434025, 1869510436152.6187], "unrealized_pnl_2": [141510, 6065.481130190662, 439668531772983.4], "unrealized_pnl_3": [141510, 16378.872186448776, 9732543246396118.0], "unrealized_pnl_4": [141510, 108.10526087653336, 2228049101408.9863], "unrealized_pnl_5": [141510, 2644.614568178046, 305469663124419.4], "unrealized_pnl_6": [141510, 94.05876439568645, 3480222424762.4224], "unrealized_pnl_7": [141510, 23.360509550663764, 402578632767.5184], "unrealized_pnl_8": [141510, 22.010447367740884, 349113497438.84985], "unrealized_pnl_9": [141510, 681.0132300818995, 47048716076084.55], "margin_usage_ratio": [141510, 0.00803663609277047, 20.325334907024683]}, "pcr_min_ew": 0.9906931982193058, "pcr_max_ew": 0.9999999999998924}