{"r_count": 163849.0001, "r_mean": -0.029847492596944396, "r_var": 796.4425940328347, "tanh_k": 2.0, "feature_welford": {"unrealized_pnl": [163850, 14100.33988716381, 4001877961663266.0], "realized_pnl": [163850, 20651.442458870995, 1.2002415668331906e+16], "compounded_returns": [163850, 8771.850604477419, 13382726610494.154], "balance": [163850, 16865766.73121059, 4.096509222210686e+19], "position_value": [163850, 146190.78363274314, 2.691800099400056e+16], "current_position_size": [163850, 730757.6129451313, 6.729101515723078e+17], "last_log_ret": [163850, 0.008037953825882094, 472.20182285095694], "sortino_ratio": [163850, 5.223785899005555, 987280810.4021444], "rolling_pnl_sigma": [163850, 0.02775427304131663, 299.4052783695689], "portfolio_cash_ratio": [163850, 0.7854054696570374, 17548.478573137527], "free_collateral": [163850, 17015459.519824635, 4.066995618912371e+19], "mm_reqs": [163850, 10687.420399656956, 488166907867935.8], "unrealized_pnl_0": [163850, 30.53199646665085, 419922574961.79535], "unrealized_pnl_1": [163850, 10.60040882182173, 1938529348773.1692], "unrealized_pnl_2": [163850, 7539.456936565907, 631833673085126.6], "unrealized_pnl_3": [163850, 18207.118976820955, 1.3173831414250594e+16], "unrealized_pnl_4": [163850, 127.43248842004914, 2543407873844.161], "unrealized_pnl_5": [163850, 2701.4362970717516, 334026150101781.9], "unrealized_pnl_6": [163850, 88.5968018235696, 3663413896647.86], "unrealized_pnl_7": [163850, 20.957222381598214, 443082443407.8866], "unrealized_pnl_8": [163850, 28.272128539900244, 369105085079.18317], "unrealized_pnl_9": [163850, 697.3152877486301, 51489946781588.69], "margin_usage_ratio": [163850, 0.007435807387573127, 22.205104076086723]}, "pcr_min_ew": 0.9938398295675582, "pcr_max_ew": 1.0000000000000249}