{"r_count": 122520.0001, "r_mean": -0.0348899743448681, "r_var": 746.494412286807, "tanh_k": 2.0, "feature_welford": {"unrealized_pnl": [122521, 10964.138309531434, 2280923320832992.0], "realized_pnl": [122521, 16879.700329832343, 7233441062481217.0], "compounded_returns": [122521, 6549.175995836959, 6989676632070.953], "balance": [122521, 13738848.454092663, 2.4063560555014623e+19], "position_value": [122521, 147457.3295723996, 1.9574340113183092e+16], "current_position_size": [122521, 737082.6879336145, 4.8932698269364736e+17], "last_log_ret": [122521, 0.007564263300560898, 431.83320135472053], "sortino_ratio": [122521, 3.0107699653312574, 445386839.15572494], "rolling_pnl_sigma": [122521, 0.03268751218117037, 267.61675325482065], "portfolio_cash_ratio": [122521, 0.748587226311498, 14573.201018857766], "free_collateral": [122521, 13886778.479430351, 2.391162443702128e+19], "mm_reqs": [122521, 10584.58958181273, 319178122011810.25], "unrealized_pnl_0": [122521, 32.98425477541738, 408752623152.9853], "unrealized_pnl_1": [122521, 9.059318365233835, 1527175967772.6147], "unrealized_pnl_2": [122521, 4817.32453125747, 312440824798547.56], "unrealized_pnl_3": [122521, 14890.96002596798, 7536046439411828.0], "unrealized_pnl_4": [122521, 85.88686918189627, 1955270663826.167], "unrealized_pnl_5": [122521, 2656.064013049183, 281864828661802.2], "unrealized_pnl_6": [122521, 89.62702266385429, 3154974586392.2627], "unrealized_pnl_7": [122521, 25.361548221289958, 387815032931.5593], "unrealized_pnl_8": [122521, 17.232531993913856, 324405066292.3119], "unrealized_pnl_9": [122521, 711.6191415556078, 44438696884533.02], "margin_usage_ratio": [122521, 0.008691228480157449, 18.60742138070425]}, "pcr_min_ew": 0.9967674069230336, "pcr_max_ew": 0.9999999986298403}