{"r_count": 70864.0001, "r_mean": -0.050813990291788916, "r_var": 1342.197863697916, "tanh_k": 2.0, "feature_welford": {"unrealized_pnl": [70865, 5355.9747287609725, 662171379950790.8], "realized_pnl": [70865, -215058.6766670528, 2.5283707528534134e+20], "compounded_returns": [70865, 2399.396566913159, 919692907913.6881], "balance": [70865, 7536090.678291206, 6.598040990552242e+18], "position_value": [70865, 127182.37793751611, 8830301594551720.0], "current_position_size": [70865, 635696.9686333934, 2.2073091082863597e+17], "last_log_ret": [70865, 0.005686371923141225, 797.4858042792795], "sortino_ratio": [70865, 1.2319720037579032, 82733799.7122296], "rolling_pnl_sigma": [70865, 0.0480315324834075, 247.8037316935349], "portfolio_cash_ratio": [70865, 0.624157609489713, 11413.086177214776], "free_collateral": [70865, 7659999.593009398, 6.598156670682925e+18], "mm_reqs": [70865, 8722.438115852126, 109562693031457.2], "unrealized_pnl_0": [70865, 19.638498832449894, 217305249759.6682], "unrealized_pnl_1": [70865, 18.461322235250123, 1138690317466.1968], "unrealized_pnl_2": [70865, 862.6956324195476, 53473545794938.33], "unrealized_pnl_3": [70865, 8800.661800069736, 2111864298416073.0], "unrealized_pnl_4": [70865, 49.13726664482578, 1815843468495.39], "unrealized_pnl_5": [70865, 1644.4043570939511, 131691820523439.73], "unrealized_pnl_6": [70865, 49.778208651228276, 1250443259162.9114], "unrealized_pnl_7": [70865, 16.814453437827698, 271175478148.65143], "unrealized_pnl_8": [70865, 37.022476470601404, 314448486902.4714], "unrealized_pnl_9": [70865, 652.7599989596082, 24458133489092.402], "margin_usage_ratio": [70865, 0.012983370598143364, 13.976350782928103]}, "pcr_min_ew": 0.9815997430064897, "pcr_max_ew": 0.9999999871024555}