{"r_count": 195637.0001, "r_mean": -0.027588068976497158, "r_var": 875.4697347633958, "tanh_k": 2.0, "feature_welford": {"unrealized_pnl": [195638, 16014.378238854826, 5355345300996408.0], "realized_pnl": [195638, 23479.23461814419, 1.6527790767923666e+16], "compounded_returns": [195638, 10153.312663157567, 19345609873102.848], "balance": [195638, 19219470.716089036, 5.764790942086035e+19], "position_value": [195638, 142129.50308084104, 3.2046102099240124e+16], "current_position_size": [195638, 710540.1240659597, 8.01139929445667e+17], "last_log_ret": [195638, 0.008287932998305375, 526.3929165889739], "sortino_ratio": [195638, 5.769545237687593, 1750033988.506672], "rolling_pnl_sigma": [195638, 0.025584624123217593, 343.4442786488608], "portfolio_cash_ratio": [195638, 0.8027992390145787, 19758.307489208513], "free_collateral": [195638, 19366944.854904648, 5.723981076996994e+19], "mm_reqs": [195638, 10733.079215171194, 679076274592398.0], "unrealized_pnl_0": [195638, 25.840654984850364, 493529759640.93445], "unrealized_pnl_1": [195638, 19.845925854175583, 1344328546825.9434], "unrealized_pnl_2": [195638, 9232.308618911267, 906390888437176.2], "unrealized_pnl_3": [195638, 20122.746444850494, 1.7662923278398778e+16], "unrealized_pnl_4": [195638, 148.18085889398864, 4344621835632.009], "unrealized_pnl_5": [195638, 2755.584911608719, 389284239526485.7], "unrealized_pnl_6": [195638, 79.41336711841078, 3726080309166.5796], "unrealized_pnl_7": [195638, 27.863534611418288, 471235055862.20776], "unrealized_pnl_8": [195638, 45.22442956097194, 500393957972.32697], "unrealized_pnl_9": [195638, 757.4774621139509, 51865284776225.88], "margin_usage_ratio": [195638, 0.0069226126512014685, 25.82930673972056]}, "pcr_min_ew": 0.9870324759337797, "pcr_max_ew": 1.000000000000124}