{"r_count": 31438.0001, "r_mean": -0.07403405819941103, "r_var": 556.1290713951599, "tanh_k": 2.0, "feature_welford": {"unrealized_pnl": [31439, 1653.766134237108, 70280739449219.266], "realized_pnl": [31439, 2047.477198670004, 214581031212288.94], "compounded_returns": [31439, 175.59111046559096, 8279375350.163966], "balance": [31439, 1500076.7160090005, 3.2248760568003283e+17], "position_value": [31439, 120901.34185092458, 3048528554978108.5], "current_position_size": [31439, 603985.7277329471, 7.619690181988637e+16], "last_log_ret": [31439, 0.0030873916832748613, 299.796884776461], "sortino_ratio": [31439, 0.28543505203614233, 52085.27812785838], "rolling_pnl_sigma": [31439, 0.0710338700379472, 133.63445391804942], "portfolio_cash_ratio": [31439, 0.4398733368589363, 3647.4267269631896], "free_collateral": [31439, 1615217.6744468287, 3.367857645862235e+17], "mm_reqs": [31439, 7463.199555023438, 22813103636489.258], "unrealized_pnl_0": [31439, 65.61252382361047, 344938882402.9861], "unrealized_pnl_1": [31439, 106.87954879393466, 800742455878.7476], "unrealized_pnl_2": [31439, 270.8760498401266, 16780382740884.719], "unrealized_pnl_3": [31439, 1855.736333902904, 182424269053118.88], "unrealized_pnl_4": [31439, 0.8797922941242187, 1349689220992.7957], "unrealized_pnl_5": [31439, 457.439674636011, 37362802058506.23], "unrealized_pnl_6": [31439, 14.19189190053322, 1064917972163.4305], "unrealized_pnl_7": [31439, 26.762430171132245, 192107167897.33194], "unrealized_pnl_8": [31439, 50.64126599920173, 266582787276.8615], "unrealized_pnl_9": [31439, 199.15018011940157, 4951130683297.226], "margin_usage_ratio": [31439, 0.019285832939770153, 5.934273929737601]}, "pcr_min_ew": 0.9771331294166056, "pcr_max_ew": 0.9999999741150891}