{"r_count": 167712.0001, "r_mean": -0.029813958544781156, "r_var": 845.0899067035175, "tanh_k": 2.0, "feature_welford": {"unrealized_pnl": [167713, 13957.865549551803, 4059367348870976.5], "realized_pnl": [167713, 21327.24409878856, 1.2676820791161518e+16], "compounded_returns": [167713, 8923.80635885079, 14113641901801.506], "balance": [167713, 17492679.068172704, 4.393088428616528e+19], "position_value": [167713, 140547.04193237625, 2.657234714590327e+16], "current_position_size": [167713, 702609.9398692955, 6.642957221264472e+17], "last_log_ret": [167713, 0.008076120880179486, 499.67895986314863], "sortino_ratio": [167713, 5.210987977729066, 1631882686.2567074], "rolling_pnl_sigma": [167713, 0.027761968939147123, 325.36068721540215], "portfolio_cash_ratio": [167713, 0.7863883079441255, 18024.891810103574], "free_collateral": [167713, 17636774.484728336, 4.363633947751652e+19], "mm_reqs": [167713, 10469.621264460044, 535082566761421.56], "unrealized_pnl_0": [167713, 27.26651813172941, 481879578363.5836], "unrealized_pnl_1": [167713, 20.677203062896645, 1295757546600.343], "unrealized_pnl_2": [167713, 7800.923417145117, 660652657819599.1], "unrealized_pnl_3": [167713, 17996.67788361268, 1.3223619612051374e+16], "unrealized_pnl_4": [167713, 123.35530186470561, 3855229048903.8706], "unrealized_pnl_5": [167713, 2596.2097777498875, 342771315646760.06], "unrealized_pnl_6": [167713, 82.99951282215739, 3510118139977.591], "unrealized_pnl_7": [167713, 30.104289266447072, 461981990019.84656], "unrealized_pnl_8": [167713, 42.141280675013526, 435470473008.4593], "unrealized_pnl_9": [167713, 752.8226540734331, 48190368108845.26], "margin_usage_ratio": [167713, 0.0074909198745428595, 23.685948950326353]}, "pcr_min_ew": 0.9940945878867989, "pcr_max_ew": 1.000000000000072}