{"r_count": 6599.0001, "r_mean": -0.09787515742437518, "r_var": 840.669263066293, "tanh_k": 2.0, "feature_welford": {"unrealized_pnl": [6600, -16.915980954825827, 13186026902.388285], "realized_pnl": [6600, 13.071763441501902, 38997552726.100136], "compounded_returns": [6600, 0.5608225978138289, 12913.545371914042], "balance": [6600, 1963.0943833846366, 635566030133.0343], "position_value": [6600, 4852.517541982171, 1879597511763.9321], "current_position_size": [6600, 24248.118952411354, 46992611459006.97], "last_log_ret": [6600, -0.0045591504620619994, 484.2561628535814], "sortino_ratio": [6600, 0.12875755376748887, 1483.9687808327158], "rolling_pnl_sigma": [6600, 0.08854310748251991, 58.43672325938981], "portfolio_cash_ratio": [6600, 0.2661752517566956, 1667.2185807119695], "free_collateral": [6600, 6601.850958822299, 3449850775883.365], "mm_reqs": [6600, 198.6956513714578, 5517646360.819059], "unrealized_pnl_0": [6600, 14.465781823353435, 4714871884.619437], "unrealized_pnl_1": [6600, 25.40900842872141, 19462521293.7763], "unrealized_pnl_2": [6600, 2.349780619233865, 2000606703.7378824], "unrealized_pnl_3": [6600, -20.457334195371352, 6793514942.93721], "unrealized_pnl_4": [6600, -15.90827067179416, 6141622686.182306], "unrealized_pnl_5": [6600, -1.5768891406704277, 5562264381.163215], "unrealized_pnl_6": [6600, -3.923077610333219, 3521182613.634122], "unrealized_pnl_7": [6600, 11.047301233843083, 3195704418.226901], "unrealized_pnl_8": [6600, -6.881797941660446, 1797327113.3501287], "unrealized_pnl_9": [6600, 20.036807760447484, 13868319681.429502], "margin_usage_ratio": [6600, 0.020949083772287373, 0.4903627678254356]}, "pcr_min_ew": 0.012656817507440521, "pcr_max_ew": 0.7539291536406275}