{"r_count": 70533.0001, "r_mean": -0.04834210042478521, "r_var": 699.9458568295817, "tanh_k": 2.0, "feature_welford": {"unrealized_pnl": [70534, 5247.667827057652, 620337939323418.9], "realized_pnl": [70534, 9916.213486315226, 2079225587580020.2], "compounded_returns": [70534, 2575.0686567895214, 1064825275664.5066], "balance": [70534, 8240176.6312565515, 7.214057266396412e+18], "position_value": [70534, 139185.97514666562, 9818472717238876.0], "current_position_size": [70534, 695653.6501056236, 2.4544720227662403e+17], "last_log_ret": [70534, 0.006293673774077743, 392.7636289013495], "sortino_ratio": [70534, 1.3405010673095024, 21711510.689176176], "rolling_pnl_sigma": [70534, 0.0455758101708637, 229.38858641851294], "portfolio_cash_ratio": [70534, 0.6512411964403723, 9783.148756996741], "free_collateral": [70534, 8375000.893905005, 7.200631694369312e+18], "mm_reqs": [70534, 9668.116915090173, 126767425956518.48], "unrealized_pnl_0": [70534, 31.25149347033923, 405166350140.52637], "unrealized_pnl_1": [70534, 65.63791465319107, 1051032249515.4497], "unrealized_pnl_2": [70534, 990.4162364368782, 62570881864217.234], "unrealized_pnl_3": [70534, 9018.706298176114, 2060714863815426.8], "unrealized_pnl_4": [70534, 30.74226892090168, 2700436752412.7676], "unrealized_pnl_5": [70534, 1796.808433391964, 153112497762162.56], "unrealized_pnl_6": [70534, 55.32102782114347, 1852533930067.342], "unrealized_pnl_7": [70534, 49.19372784451429, 367069117145.77454], "unrealized_pnl_8": [70534, 38.86589488424804, 373707323886.6802], "unrealized_pnl_9": [70534, 674.7048437834452, 24786200312781.656], "margin_usage_ratio": [70534, 0.012250552799351442, 13.648693483333512]}, "pcr_min_ew": 0.9929706208384534, "pcr_max_ew": 0.9999999993584516}