{"r_count": 106277.0001, "r_mean": -0.03813526583405908, "r_var": 764.7452695474229, "tanh_k": 2.0, "feature_welford": {"unrealized_pnl": [106278, 9158.645969032032, 1595073193938238.2], "realized_pnl": [106278, 15082.280143896616, 5104474120527327.0], "compounded_returns": [106278, 5382.48975837871, 4573589212353.378], "balance": [106278, 12395900.026650807, 1.7673453216790344e+19], "position_value": [106278, 138872.56170710866, 1.543166678835013e+16], "current_position_size": [106278, 694174.2647902361, 3.857774580043761e+17], "last_log_ret": [106278, 0.00728307355000876, 435.9483715729232], "sortino_ratio": [106278, 2.1044596666380926, 60514606.12689638], "rolling_pnl_sigma": [106278, 0.03577755780496387, 273.96156454302456], "portfolio_cash_ratio": [106278, 0.7253552880770503, 13388.785151490109], "free_collateral": [106278, 12534094.05695485, 1.758081909370603e+19], "mm_reqs": [106278, 9900.59414716955, 243412380520847.03], "unrealized_pnl_0": [106278, 26.344307852985672, 428943034262.04156], "unrealized_pnl_1": [106278, 36.353880761040024, 1221068257689.9138], "unrealized_pnl_2": [106278, 3517.8150996505256, 200038919063314.8], "unrealized_pnl_3": [106278, 13205.762130993344, 5212152822857632.0], "unrealized_pnl_4": [106278, 55.9557847578768, 3041293288896.245], "unrealized_pnl_5": [106278, 2422.0318079854374, 240302453117101.03], "unrealized_pnl_6": [106278, 71.53145906505709, 2178504944858.7766], "unrealized_pnl_7": [106278, 44.71552151644856, 418255109775.28455], "unrealized_pnl_8": [106278, 34.013049804834694, 390334579706.668], "unrealized_pnl_9": [106278, 719.4262405731729, 34719942497686.887], "margin_usage_ratio": [106278, 0.009633266025247321, 18.028682708678364]}, "pcr_min_ew": 0.9859922275942736, "pcr_max_ew": 1.002700206851923}