{"r_count": 67513.0001, "r_mean": -0.052324918316507534, "r_var": 1334.036206978381, "tanh_k": 2.0, "feature_welford": {"unrealized_pnl": [67514, 5086.30396634189, 612340851606229.8], "realized_pnl": [67514, -226736.61520560397, 2.5283669201797893e+20], "compounded_returns": [67514, 2134.071369770392, 738144384290.2227], "balance": [67514, 7107614.047415181, 5.961344803862009e+18], "position_value": [67514, 127154.41632557202, 8403298635617370.0], "current_position_size": [67514, 635553.7532263297, 2.1005544957791392e+17], "last_log_ret": [67514, 0.005520874123074156, 792.6977260586976], "sortino_ratio": [67514, 1.2113337429613666, 82662014.84555097], "rolling_pnl_sigma": [67514, 0.04950822417309835, 241.88011742252374], "portfolio_cash_ratio": [67514, 0.6122142732023645, 10970.209218199783], "free_collateral": [67514, 7231229.475680026, 5.965612587545497e+18], "mm_reqs": [67514, 8720.40540392835, 103038578240542.73], "unrealized_pnl_0": [67514, 19.942129918497532, 216796467001.81784], "unrealized_pnl_1": [67514, 20.644979021727277, 1130085975810.2466], "unrealized_pnl_2": [67514, 644.1612263295956, 45880869386827.74], "unrealized_pnl_3": [67514, 8566.291708456147, 1953901520035204.0], "unrealized_pnl_4": [67514, 48.477811353020115, 1797555619485.135], "unrealized_pnl_5": [67514, 1505.1722064269184, 120733941660933.25], "unrealized_pnl_6": [67514, 51.9345033381726, 1215962816800.026], "unrealized_pnl_7": [67514, 15.463078255672999, 267492069513.91342], "unrealized_pnl_8": [67514, 37.72203572269608, 312087845370.5581], "unrealized_pnl_9": [67514, 587.1303070621301, 20607684061003.492], "margin_usage_ratio": [67514, 0.013395876031201867, 13.454706214484615]}, "pcr_min_ew": 0.9737910764773618, "pcr_max_ew": 1.0000000000000075}