{"r_count": 1294.0001, "r_mean": -0.10034432914926887, "r_var": 56.87232195039496, "tanh_k": 2.0, "feature_welford": {"unrealized_pnl": [1295, 3.290839821123481, 16129609.880086595], "realized_pnl": [1295, 3.3663722119024673, 12179796.284156527], "compounded_returns": [1295, 0.20999128438044243, 110.34412481607964], "balance": [1295, 156.20942620795037, 68642340.11481774], "position_value": [1295, 487.5235022443827, 436579166.39866114], "current_position_size": [1295, 2433.240230578275, 10917426532.003996], "last_log_ret": [1295, -0.0017175595772701252, 16.34972132791915], "sortino_ratio": [1295, 0.08759278255439204, 115.42101816076752], "rolling_pnl_sigma": [1295, 0.0956706504707861, 4.379898736897707], "portfolio_cash_ratio": [1295, 0.25356497125559596, 64.2249687851982], "free_collateral": [1295, 634.2141570698982, 550748494.2006415], "mm_reqs": [1295, 13.067497483441818, 436162.24595653196], "unrealized_pnl_0": [1295, 2.172172443698151, 2167561.049135687], "unrealized_pnl_1": [1295, 0.011535438671384266, 1379972.1886986913], "unrealized_pnl_2": [1295, 0.3178098921216631, 2073657.7828306695], "unrealized_pnl_3": [1295, -0.6326655234005104, 4010766.361998401], "unrealized_pnl_4": [1295, 3.5495930026726916, 17298610.55427006], "unrealized_pnl_5": [1295, 1.5788259368419928, 1335456.5360642776], "unrealized_pnl_6": [1295, -0.6974484172119816, 1062365.17714693], "unrealized_pnl_7": [1295, 0.6117251272324584, 522780.58241544827], "unrealized_pnl_8": [1295, -2.5125513819371177, 11172329.75454273], "unrealized_pnl_9": [1295, -2.0222991652549314, 9695198.906101145], "margin_usage_ratio": [1295, 0.01997608778749444, 0.07465385353197974]}, "pcr_min_ew": 0.02236559946774744, "pcr_max_ew": 0.8063129996804216}