{"r_count": 118052.0001, "r_mean": -0.035609043633481594, "r_var": 740.3206860596732, "tanh_k": 2.0, "feature_welford": {"unrealized_pnl": [118053, 10706.799187713417, 2150950303934894.0], "realized_pnl": [118053, 16380.716436961762, 6770162964866037.0], "compounded_returns": [118053, 6284.535315125177, 6406844885189.688], "balance": [118053, 13356620.84551348, 2.244190595929513e+19], "position_value": [118053, 147892.2206186691, 1.8868560927215816e+16], "current_position_size": [118053, 739249.4238702158, 4.716826115176787e+17], "last_log_ret": [118053, 0.007496569941013117, 427.1137241093935], "sortino_ratio": [118053, 2.744577675287292, 414620880.2864398], "rolling_pnl_sigma": [118053, 0.03338188360468417, 263.53074226727637], "portfolio_cash_ratio": [118053, 0.7432296274786278, 14214.040125050144], "free_collateral": [118053, 13504709.325315565, 2.230229641298653e+19], "mm_reqs": [118053, 10605.156307938118, 302862698882277.94], "unrealized_pnl_0": [118053, 33.235462682358936, 408088714482.2939], "unrealized_pnl_1": [118053, 10.485579598270938, 1507271512867.1511], "unrealized_pnl_2": [118053, 4579.571777348476, 291244612428205.75], "unrealized_pnl_3": [118053, 14540.754381169052, 7031283900771467.0], "unrealized_pnl_4": [118053, 78.11430193857487, 1885104143596.9592], "unrealized_pnl_5": [118053, 2610.908188365979, 269816699463895.1], "unrealized_pnl_6": [118053, 86.43107675603605, 3093733617496.212], "unrealized_pnl_7": [118053, 25.339317300380134, 385271054730.0842], "unrealized_pnl_8": [118053, 18.357177054365998, 318488771636.93475], "unrealized_pnl_9": [118053, 718.2838993964427, 43378418474093.34], "margin_usage_ratio": [118053, 0.008876486470332063, 18.18050817069058]}, "pcr_min_ew": 0.9919445079092927, "pcr_max_ew": 0.9999456997626774}