{"r_count": 171063.0001, "r_mean": -0.029500706752654184, "r_var": 848.6791576514315, "tanh_k": 2.0, "feature_welford": {"unrealized_pnl": [171064, 14205.195144910986, 4150278933794621.0], "realized_pnl": [171064, 21599.397841824048, 1.2993516668907644e+16], "compounded_returns": [171064, 9073.828781554344, 14676728390494.332], "balance": [171064, 17683724.60214086, 4.527010743598457e+19], "position_value": [171064, 140856.70621431363, 2.7241440623456596e+16], "current_position_size": [171064, 704160.7150893708, 6.810231242041635e+17], "last_log_ret": [171064, 0.008103787330783036, 502.7048984915817], "sortino_ratio": [171064, 5.192379837004958, 1633197292.3824425], "rolling_pnl_sigma": [171064, 0.02746496314070095, 327.53974330458976], "portfolio_cash_ratio": [171064, 0.7885441448492729, 18242.348802181376], "free_collateral": [171064, 17828330.887933176, 4.496355377555853e+19], "mm_reqs": [171064, 10515.84047528238, 553531459807704.56], "unrealized_pnl_0": [171064, 27.39287346123007, 485508004123.81354], "unrealized_pnl_1": [171064, 19.582903534690207, 1300271597786.2844], "unrealized_pnl_2": [171064, 8004.101115235927, 691177744826043.8], "unrealized_pnl_3": [171064, 18139.406935574927, 1.3511960347013136e+16], "unrealized_pnl_4": [171064, 126.57425521290473, 3914906218364.956], "unrealized_pnl_5": [171064, 2603.5731661177265, 347048281272253.2], "unrealized_pnl_6": [171064, 82.83684952882108, 3521123120872.681], "unrealized_pnl_7": [171064, 29.738136293298393, 462240961778.7351], "unrealized_pnl_8": [171064, 42.47503925753976, 437203398763.9481], "unrealized_pnl_9": [171064, 749.1595304808552, 48442309990141.555], "margin_usage_ratio": [171064, 0.0074174374561627905, 23.95909572713922]}, "pcr_min_ew": 0.9940364512502947, "pcr_max_ew": 0.9999999999999943}