{"r_count": 182173.0001, "r_mean": 0.003036259091386399, "r_var": 529.7471298377561, "tanh_k": 2.0, "feature_welford": {"unrealized_pnl": [182175, 29767.377203796776, 1.5534035003622536e+16], "realized_pnl": [182175, 28591.082381825312, 2.461774905629866e+16], "compounded_returns": [182175, 11502.19246163013, 19992359567106.426], "balance": [182175, 22922928.919616178, 7.032319800591905e+19], "position_value": [182175, 151963.5272122468, 3.6461829586038264e+16], "current_position_size": [182175, 759718.4713900741, 9.11534717296216e+17], "last_log_ret": [182175, 0.008554271143226816, 446.5668890834079], "sortino_ratio": [182175, 3.4943505089621505, 519255439.887818], "rolling_pnl_sigma": [182175, 0.023811339575760582, 280.19683830752757], "portfolio_cash_ratio": [182175, 0.8292182376375612, 15768.162834938848], "free_collateral": [182175, 23091278.70662225, 6.979180944210922e+19], "mm_reqs": [182175, 13442.144748984014, 1050724193301094.0], "unrealized_pnl_0": [182175, 10.754625222934276, 278782718098.8011], "unrealized_pnl_1": [182175, 14.436359149914786, 1441080097528.1467], "unrealized_pnl_2": [182175, 11222.158267541661, 1015780543614064.0], "unrealized_pnl_3": [182175, 35181.04385579249, 3.484462260484981e+16], "unrealized_pnl_4": [182175, 92.77216249734178, 2987817475402.768], "unrealized_pnl_5": [182175, 2048.6180085691126, 249854853273993.22], "unrealized_pnl_6": [182175, 78.11111416886693, 2928416776908.568], "unrealized_pnl_7": [182175, 14.01491154699564, 493905331522.07965], "unrealized_pnl_8": [182175, 31.11853068007836, 331816733455.5632], "unrealized_pnl_9": [182175, 1010.5711395193174, 64930658325801.7], "margin_usage_ratio": [182175, 0.006407555085827917, 23.98511114910075]}, "pcr_min_ew": 0.997182978795805, "pcr_max_ew": 0.9999999983690528}