{"r_count": 166535.0001, "r_mean": 0.0028928453488692818, "r_var": 511.1346575794359, "tanh_k": 2.0, "feature_welford": {"unrealized_pnl": [166537, 27539.61018601008, 1.250208903628947e+16], "realized_pnl": [166537, 27396.69182477461, 2.089293507773568e+16], "compounded_returns": [166537, 10863.25758114044, 17026835744465.227], "balance": [166537, 21922776.929553013, 6.057929024415712e+19], "position_value": [166537, 150635.9252435186, 3.2320991622990996e+16], "current_position_size": [166537, 753097.1154307819, 8.080134152886202e+17], "last_log_ret": [166537, 0.008450193299945091, 428.83663874268706], "sortino_ratio": [166537, 3.0120178798420487, 176019453.86074632], "rolling_pnl_sigma": [166537, 0.024862169413436004, 270.34423910547196], "portfolio_cash_ratio": [166537, 0.8213436367411834, 15000.493153464724], "free_collateral": [166537, 22087888.50745811, 6.013130690078903e+19], "mm_reqs": [166537, 13133.947507329465, 883464436296971.6], "unrealized_pnl_0": [166537, 11.025657761127738, 277839968584.8376], "unrealized_pnl_1": [166537, 7.499486481648817, 1189824052301.272], "unrealized_pnl_2": [166537, 10298.45911587987, 823038660403987.0], "unrealized_pnl_3": [166537, 33000.05486542093, 2.894799015889702e+16], "unrealized_pnl_4": [166537, 89.66911064422716, 2882118664664.8667], "unrealized_pnl_5": [166537, 2083.070605976087, 236743922871589.25], "unrealized_pnl_6": [166537, 85.32825879131379, 2967055682091.7954], "unrealized_pnl_7": [166537, 15.43611020232109, 495986655707.5252], "unrealized_pnl_8": [166537, 32.08425087516779, 344887166537.13995], "unrealized_pnl_9": [166537, 991.3779111634328, 62783386795493.98], "margin_usage_ratio": [166537, 0.006695274443383324, 22.86384436841335]}, "pcr_min_ew": 0.9972071206684583, "pcr_max_ew": 0.9999999993647504}