{"r_count": 243608.0001, "r_mean": 0.003500144574617544, "r_var": 600.8728654965026, "tanh_k": 2.0, "feature_welford": {"unrealized_pnl": [243610, 39341.453543868105, 2.983932204941666e+16], "realized_pnl": [243610, 33414.90890541941, 4.4793583854976184e+16], "compounded_returns": [243610, 13746.311180742383, 33811720305693.445], "balance": [243610, 26500710.315057643, 1.1540407525878175e+20], "position_value": [243610, 160043.55243261057, 5.4965013199528904e+16], "current_position_size": [243610, 800107.137790379, 1.3740996187011837e+18], "last_log_ret": [243610, 0.008858468027111802, 514.7779321242375], "sortino_ratio": [243610, 3.6021532295355976, 453309153.1340301], "rolling_pnl_sigma": [243610, 0.020840130376512996, 312.9335172397731], "portfolio_cash_ratio": [243610, 0.8500102673422848, 18617.845047029627], "free_collateral": [243610, 26685408.75944184, 1.144556113882603e+20], "mm_reqs": [243610, 14746.983693878228, 1862924101618040.0], "unrealized_pnl_0": [243610, 7.376832392638129, 280957339053.2107], "unrealized_pnl_1": [243610, 5.4717756745442605, 1242827002937.63], "unrealized_pnl_2": [243610, 15506.521563300406, 2010987578462204.0], "unrealized_pnl_3": [243610, 43432.344077238595, 6.45859211900968e+16], "unrealized_pnl_4": [243610, 112.77091973011913, 3440175375744.8164], "unrealized_pnl_5": [243610, 2463.0274703246387, 350290020943653.2], "unrealized_pnl_6": [243610, 66.67756554957765, 4100952753831.515], "unrealized_pnl_7": [243610, 14.467033753879855, 525147008861.0458], "unrealized_pnl_8": [243610, 30.27973640668981, 355827347451.34143], "unrealized_pnl_9": [243610, 1105.0599800716764, 81710594505071.33], "margin_usage_ratio": [243610, 0.005631690012295968, 28.17177550181681]}, "pcr_min_ew": 0.9919620588978625, "pcr_max_ew": 0.9998400521643104}