{"r_count": 207864.0001, "r_mean": 0.0032437926225158723, "r_var": 560.0480181103884, "tanh_k": 2.0, "feature_welford": {"unrealized_pnl": [207866, 34104.765017508245, 2.1284114822618836e+16], "realized_pnl": [207866, 30652.899390421557, 3.245345679308114e+16], "compounded_returns": [207866, 12467.953847597073, 25205355170486.348], "balance": [207866, 24460994.32331782, 8.73645538067028e+19], "position_value": [207866, 155772.08004553829, 4.4218749365375336e+16], "current_position_size": [207866, 778762.8021328849, 1.1054569262313601e+18], "last_log_ret": [207866, 0.008698275208778443, 475.5798627249474], "sortino_ratio": [207866, 3.6334706220544897, 560396894.323036], "rolling_pnl_sigma": [207866, 0.022388462847067962, 294.7463462622857], "portfolio_cash_ratio": [207866, 0.8393352299024518, 16987.549748045647], "free_collateral": [207866, 24636854.677502308, 8.667138471152476e+19], "mm_reqs": [207866, 14073.096276552218, 1374666742753267.5], "unrealized_pnl_0": [207866, 9.366020035751543, 279067287311.7863], "unrealized_pnl_1": [207866, 11.850972137970006, 1453542965761.4192], "unrealized_pnl_2": [207866, 13009.48952390942, 1382275911684936.5], "unrealized_pnl_3": [207866, 38779.753604814454, 4.6111599419016024e+16], "unrealized_pnl_4": [207866, 96.43255443600506, 3091853347692.331], "unrealized_pnl_5": [207866, 2311.8617339872512, 327253516937039.3], "unrealized_pnl_6": [207866, 77.33838377537178, 3013810376853.84], "unrealized_pnl_7": [207866, 13.523290148098493, 502255308324.0661], "unrealized_pnl_8": [207866, 30.217504694008596, 337033691643.9709], "unrealized_pnl_9": [207866, 1058.5903312820947, 70764428342480.86], "margin_usage_ratio": [207866, 0.006031869150063584, 25.77452752746814]}, "pcr_min_ew": 0.9896962475838451, "pcr_max_ew": 0.9999999963613785}