{"r_count": 273767.0001, "r_mean": 0.0036293190683817102, "r_var": 635.7312320194163, "tanh_k": 2.0, "feature_welford": {"unrealized_pnl": [273769, 41736.76839566133, 3.553099187806012e+16], "realized_pnl": [273769, 34357.84339493128, 5.174816890322838e+16], "compounded_returns": [273769, 14305.613592315587, 38882657590548.53], "balance": [273769, 27332521.552798316, 1.3173012343534115e+20], "position_value": [273769, 164449.72435204568, 6.547890092859744e+16], "current_position_size": [273769, 822167.8347270364, 1.6369536447102838e+18], "last_log_ret": [273769, 0.008946969077091265, 548.2718114930387], "sortino_ratio": [273769, 4.39283503214781, 15981828636.149448], "rolling_pnl_sigma": [273769, 0.019837045726708587, 327.4798945404902], "portfolio_cash_ratio": [273769, 0.8571952765995445, 19943.030485830204], "free_collateral": [273769, 27523640.43749354, 1.3058556506336805e+20], "mm_reqs": [273769, 15167.57007841307, 2264371370095674.5], "unrealized_pnl_0": [273769, 7.3657045611351055, 294635439502.4704], "unrealized_pnl_1": [273769, 4.2417385193084645, 1263923480374.7976], "unrealized_pnl_2": [273769, 17239.022242907617, 2623709240058616.0], "unrealized_pnl_3": [273769, 44417.28988625242, 7.485045991161315e+16], "unrealized_pnl_4": [273769, 113.67327384035364, 3699780401506.293], "unrealized_pnl_5": [273769, 2822.551626440485, 456305142495028.94], "unrealized_pnl_6": [273769, 68.47030118360449, 3227498283737.661], "unrealized_pnl_7": [273769, 15.889617288452028, 555443046838.8992], "unrealized_pnl_8": [273769, 27.287625070088104, 433313239163.00024], "unrealized_pnl_9": [273769, 1163.6423833135964, 97019747796287.83], "margin_usage_ratio": [273769, 0.005349907454492907, 30.020752101432077]}, "pcr_min_ew": 0.9992978129101028, "pcr_max_ew": 0.9999999982120344}