{"r_count": 155365.0001, "r_mean": 0.0027598184159133778, "r_var": 497.85022738306236, "tanh_k": 2.0, "feature_welford": {"unrealized_pnl": [155367, 24698.63934238948, 9963997605930262.0], "realized_pnl": [155367, 26190.98335221956, 1.8139112742785544e+16], "compounded_returns": [155367, 10311.44255712128, 14810219167820.52], "balance": [155367, 21046199.90405644, 5.343483004232616e+19], "position_value": [155367, 148500.41752025526, 2.9229343389674068e+16], "current_position_size": [155367, 742413.75735168, 7.307218902640593e+17], "last_log_ret": [155367, 0.008360934183898135, 416.12230934120316], "sortino_ratio": [155367, 2.794589792437738, 125273510.4268961], "rolling_pnl_sigma": [155367, 0.025708431234730048, 263.21012936818795], "portfolio_cash_ratio": [155367, 0.8153800413329543, 14402.369391209317], "free_collateral": [155367, 21206721.361937266, 5.304012678478972e+19], "mm_reqs": [155367, 12742.255150580024, 769425812325553.2], "unrealized_pnl_0": [155367, 11.895965838453408, 276496563103.66315], "unrealized_pnl_1": [155367, 6.881342202922311, 1157859098477.4038], "unrealized_pnl_2": [155367, 9552.135754450837, 718039848843535.8], "unrealized_pnl_3": [155367, 30102.31335219134, 2.395623381957588e+16], "unrealized_pnl_4": [155367, 85.91883640759856, 2871579024995.8926], "unrealized_pnl_5": [155367, 2071.6544261360077, 232435552095820.28], "unrealized_pnl_6": [155367, 78.70479317695687, 2875161327614.439], "unrealized_pnl_7": [155367, 14.617908091453202, 482565621026.83435], "unrealized_pnl_8": [155367, 30.217658402735964, 317566366095.33685], "unrealized_pnl_9": [155367, 990.6168269677352, 60515828933029.695], "margin_usage_ratio": [155367, 0.006921822156438086, 21.993511454197133]}, "pcr_min_ew": 0.9896169199888742, "pcr_max_ew": 0.9999999965783961}