{"r_count": 177705.0001, "r_mean": 0.003001586446794619, "r_var": 524.5543557117953, "tanh_k": 2.0, "feature_welford": {"unrealized_pnl": [177707, 28982.635217649506, 1.4218364145236546e+16], "realized_pnl": [177707, 28359.33911333427, 2.333019568392568e+16], "compounded_returns": [177707, 11339.912926766863, 19169558355780.742], "balance": [177707, 22689505.97598741, 6.770779119901317e+19], "position_value": [177707, 151941.22882150023, 3.5326677556927372e+16], "current_position_size": [177707, 759628.8173001677, 8.831557437033661e+17], "last_log_ret": [177707, 0.008527666285575598, 441.69182255453774], "sortino_ratio": [177707, 3.0717871239927423, 190327242.00556204], "rolling_pnl_sigma": [177707, 0.02409406540180773, 277.30751988532336], "portfolio_cash_ratio": [177707, 0.8268894049902679, 15557.263187638575], "free_collateral": [177707, 22857164.511026204, 6.719537785773289e+19], "mm_reqs": [177707, 13338.17394957937, 1001861655040434.8], "unrealized_pnl_0": [177707, 10.660104466995552, 279988202860.1446], "unrealized_pnl_1": [177707, 11.996800529618458, 1268805482733.698], "unrealized_pnl_2": [177707, 11131.510387374443, 961430642958243.6], "unrealized_pnl_3": [177707, 34253.91485044487, 3.2643048082559344e+16], "unrealized_pnl_4": [177707, 96.66281961713942, 2978171359189.091], "unrealized_pnl_5": [177707, 2138.5469833329316, 253700356796061.22], "unrealized_pnl_6": [177707, 83.59016384158222, 3000269045261.628], "unrealized_pnl_7": [177707, 15.102021045563564, 501681022878.5585], "unrealized_pnl_8": [177707, 31.756415492146967, 346827902079.5379], "unrealized_pnl_9": [177707, 1033.0423915700196, 68838267889587.13], "margin_usage_ratio": [177707, 0.006487814071573891, 23.6746928004664]}, "pcr_min_ew": 0.994801516554813, "pcr_max_ew": 1.0000000000000155}