{"r_count": 173237.0001, "r_mean": 0.002942655152054513, "r_var": 519.1765090954007, "tanh_k": 2.0, "feature_welford": {"unrealized_pnl": [173239, 27764.088228023633, 1.3127139482115578e+16], "realized_pnl": [173239, 27789.867650274242, 2.2395584790869908e+16], "compounded_returns": [173239, 11106.537588983967, 18102428833170.258], "balance": [173239, 22290102.241523936, 6.411752764458388e+19], "position_value": [173239, 150677.70906825125, 3.3873668348350972e+16], "current_position_size": [173239, 753307.1625358319, 8.468307811147044e+17], "last_log_ret": [173239, 0.008494470989801873, 436.457514590656], "sortino_ratio": [173239, 2.907167341554984, 141273280.29749802], "rolling_pnl_sigma": [173239, 0.024365858207591507, 274.68517707610266], "portfolio_cash_ratio": [173239, 0.8250072971085384, 15316.153540805373], "free_collateral": [173239, 22455484.346825834, 6.3631056367067e+19], "mm_reqs": [173239, 13122.455446241838, 943422410347984.9], "unrealized_pnl_0": [173239, 10.899303667604215, 278993709209.8017], "unrealized_pnl_1": [173239, 7.087918911281112, 1177164054429.8943], "unrealized_pnl_2": [173239, 10891.337804088747, 934225132611332.4], "unrealized_pnl_3": [173239, 33079.89193696528, 3.057052678658994e+16], "unrealized_pnl_4": [173239, 92.5051204279661, 2980529912049.7617], "unrealized_pnl_5": [173239, 2156.5992872121187, 255089723770336.62], "unrealized_pnl_6": [173239, 79.72634659626974, 2945155005478.8154], "unrealized_pnl_7": [173239, 14.870261196528299, 492048936353.99036], "unrealized_pnl_8": [173239, 26.980559198582576, 370754095074.9684], "unrealized_pnl_9": [173239, 1000.246319539354, 63772679250745.13], "margin_usage_ratio": [173239, 0.0065651429291077555, 23.356250995818442]}, "pcr_min_ew": 0.9991715851455665, "pcr_max_ew": 0.999999999173308}