{"r_count": 179939.0001, "r_mean": 0.0030090922615386307, "r_var": 526.8075699604841, "tanh_k": 2.0, "feature_welford": {"unrealized_pnl": [179941, 29167.128925796464, 1.483121312744554e+16], "realized_pnl": [179941, 28310.132268125795, 2.381563243763167e+16], "compounded_returns": [179941, 11390.818056441545, 19589796227142.957], "balance": [179941, 22709525.99161976, 6.861752495071513e+19], "position_value": [179941, 152041.1276531592, 3.6099158848669656e+16], "current_position_size": [179941, 760110.1013527501, 9.024688393610203e+17], "last_log_ret": [179941, 0.008537143405135752, 443.704133410114], "sortino_ratio": [179941, 3.032952417037188, 160533372.86555505], "rolling_pnl_sigma": [179941, 0.02393416525328083, 278.37723701142926], "portfolio_cash_ratio": [179941, 0.8281821000036698, 15654.89025587568], "free_collateral": [179941, 22877383.14781681, 6.810486585343845e+19], "mm_reqs": [179941, 13421.777337890982, 1049372193445097.5], "unrealized_pnl_0": [179941, 10.309130721495652, 282563665139.66754], "unrealized_pnl_1": [179941, 5.443376945446845, 1199455685626.347], "unrealized_pnl_2": [179941, 11255.9545571228, 1019965591337018.8], "unrealized_pnl_3": [179941, 34010.94554862769, 3.2831096700313436e+16], "unrealized_pnl_4": [179941, 95.10316823560481, 2990796812362.73], "unrealized_pnl_5": [179941, 2132.454094515543, 256687403347857.62], "unrealized_pnl_6": [179941, 78.4799111295056, 3075669635705.5483], "unrealized_pnl_7": [179941, 14.298167853011385, 483642224994.66516], "unrealized_pnl_8": [179941, 29.410035771341022, 324515475288.97064], "unrealized_pnl_9": [179941, 1022.9127617287138, 65484671084841.36], "margin_usage_ratio": [179941, 0.006446131687013522, 23.811394228491185]}, "pcr_min_ew": 0.9951072731741922, "pcr_max_ew": 0.9999999921846571}