{"r_count": 197811.0001, "r_mean": 0.003178287928572346, "r_var": 548.2583049460849, "tanh_k": 2.0, "feature_welford": {"unrealized_pnl": [197813, 32717.437659239677, 1.9367889132246856e+16], "realized_pnl": [197813, 29963.50297301056, 2.9621768170623604e+16], "compounded_returns": [197813, 12133.830367146578, 23304787897189.43], "balance": [197813, 23942090.782756854, 8.122177132905803e+19], "position_value": [197813, 154361.57527257263, 4.117984320338789e+16], "current_position_size": [197813, 771705.319007047, 1.029483985699958e+18], "last_log_ret": [197813, 0.00864730913943028, 464.3165936182625], "sortino_ratio": [197813, 3.5248595299518177, 533310245.2151351], "rolling_pnl_sigma": [197813, 0.022910268266760816, 289.17443159871544], "portfolio_cash_ratio": [197813, 0.8355787082479788, 16529.558302533176], "free_collateral": [197813, 24115351.002184533, 8.05929629358577e+19], "mm_reqs": [197813, 13880.225978678396, 1258335777708836.0], "unrealized_pnl_0": [197813, 9.825511791160007, 279033617318.8762], "unrealized_pnl_1": [197813, 12.780789483468803, 1447426583868.3525], "unrealized_pnl_2": [197813, 12341.857526192929, 1235913997274446.8], "unrealized_pnl_3": [197813, 37755.579055009504, 4.219381203802007e+16], "unrealized_pnl_4": [197813, 95.10641070737914, 3049426713491.5635], "unrealized_pnl_5": [197813, 2173.319428455665, 280702642058206.8], "unrealized_pnl_6": [197813, 77.5446993543203, 2994453027546.1714], "unrealized_pnl_7": [197813, 13.634036909678247, 499682013922.1711], "unrealized_pnl_8": [197813, 30.766697444296536, 334565016280.56647], "unrealized_pnl_9": [197813, 1030.8435182397834, 68013060871183.91], "margin_usage_ratio": [197813, 0.006170157838487872, 25.084318632670595]}, "pcr_min_ew": 0.996226700744209, "pcr_max_ew": 0.9999999988794038}