{"r_count": 146429.0001, "r_mean": 0.0026731016040640993, "r_var": 487.1597636383755, "tanh_k": 2.0, "feature_welford": {"unrealized_pnl": [146431, 23451.627039073046, 9071150545454710.0], "realized_pnl": [146431, 25618.6322865412, 1.6785279719183396e+16], "compounded_returns": [146431, 9968.540647810161, 13660453391626.412], "balance": [146431, 20552937.55774459, 4.982977403659823e+19], "position_value": [146431, 147713.04281847982, 2.7147922713801548e+16], "current_position_size": [146431, 738471.4936344547, 6.786862651993994e+17], "last_log_ret": [146431, 0.008288698990336605, 406.00047871464136], "sortino_ratio": [146431, 2.7550817024332632, 119461778.28016976], "rolling_pnl_sigma": [146431, 0.02649145692565376, 257.1538793317871], "portfolio_cash_ratio": [146431, 0.8097598742825988, 13935.894632291362], "free_collateral": [146431, 20711487.241291136, 4.947477397159607e+19], "mm_reqs": [146431, 12678.232699022106, 710178687697704.5], "unrealized_pnl_0": [146431, 12.428535889581779, 276165912059.9697], "unrealized_pnl_1": [146431, 7.9634504963029284, 1159540464286.615], "unrealized_pnl_2": [146431, 8750.032549286514, 611174659039510.9], "unrealized_pnl_3": [146431, 29409.67584156103, 2.2141730692411536e+16], "unrealized_pnl_4": [146431, 78.41242989565633, 2733691698481.3804], "unrealized_pnl_5": [146431, 1877.7598278487121, 201224035034009.38], "unrealized_pnl_6": [146431, 80.71714471065535, 2799623437016.5493], "unrealized_pnl_7": [146431, 14.150965747838967, 478782610004.6457], "unrealized_pnl_8": [146431, 30.18542505603762, 314400440102.8755], "unrealized_pnl_9": [146431, 991.2956309110612, 59467642588749.2], "margin_usage_ratio": [146431, 0.0071308719436555205, 21.28228389811384]}, "pcr_min_ew": 0.9973677224322591, "pcr_max_ew": 0.9999999972941142}