{"r_count": 249193.0001, "r_mean": 0.003492170340497734, "r_var": 607.0384681036865, "tanh_k": 2.0, "feature_welford": {"unrealized_pnl": [249195, 38297.87955290192, 2.888374938762564e+16], "realized_pnl": [249195, 32897.919523635406, 4.357468907190545e+16], "compounded_returns": [249195, 13636.353654447586, 33235348442682.37], "balance": [249195, 26217755.618074242, 1.1263617756499553e+20], "position_value": [249195, 160255.64625831065, 5.614373910391483e+16], "current_position_size": [249195, 801189.4794462105, 1.403573670561609e+18], "last_log_ret": [249195, 0.008863955986877715, 520.5812676017584], "sortino_ratio": [249195, 3.617283883658766, 565271118.3100697], "rolling_pnl_sigma": [249195, 0.020635914791950326, 315.4329022918207], "portfolio_cash_ratio": [249195, 0.85163228304031, 18850.91462761753], "free_collateral": [249195, 26401838.126687422, 1.1167863360484314e+20], "mm_reqs": [249195, 14575.414133199989, 1853183981460494.2], "unrealized_pnl_0": [249195, 8.046959858992878, 290475602886.79205], "unrealized_pnl_1": [249195, 5.106538854876997, 1245108337854.7947], "unrealized_pnl_2": [249195, 15547.447647668654, 2065818399379737.0], "unrealized_pnl_3": [249195, 42190.93979912948, 6.305331380387366e+16], "unrealized_pnl_4": [249195, 113.31420781138877, 3575353715151.943], "unrealized_pnl_5": [249195, 2598.160820272869, 397115494356639.06], "unrealized_pnl_6": [249195, 71.25069947221706, 3171108460788.2715], "unrealized_pnl_7": [249195, 15.934664248140239, 548005454695.42126], "unrealized_pnl_8": [249195, 25.978887272217904, 395081482243.4511], "unrealized_pnl_9": [249195, 1101.4892565055418, 83225878751761.11], "margin_usage_ratio": [249195, 0.005563845262743525, 28.474435270908995]}, "pcr_min_ew": 0.9975573143336817, "pcr_max_ew": 0.9999999985277059}