{"r_count": 215683.0001, "r_mean": 0.0032890973355909313, "r_var": 569.076145800689, "tanh_k": 2.0, "feature_welford": {"unrealized_pnl": [215685, 34117.64351990599, 2.091985951660036e+16], "realized_pnl": [215685, 31059.53512521608, 3.3032595098120776e+16], "compounded_returns": [215685, 12650.739535094588, 26329448853629.785], "balance": [215685, 24729965.228269745, 9.101121434365357e+19], "position_value": [215685, 156484.94175739563, 4.572774586433924e+16], "current_position_size": [215685, 782355.8120696477, 1.1431835411581437e+18], "last_log_ret": [215685, 0.008731718140103158, 484.20521907147656], "sortino_ratio": [215685, 3.6254595100981053, 1227234991.7248778], "rolling_pnl_sigma": [215685, 0.022008007962213527, 298.5288022842763], "portfolio_cash_ratio": [215685, 0.8419251645988891, 17357.42838299492], "free_collateral": [215685, 24906614.269388285, 9.027641694861027e+19], "mm_reqs": [215685, 14013.742820156715, 1421911094050655.0], "unrealized_pnl_0": [215685, 8.876971485587609, 308342891634.8707], "unrealized_pnl_1": [215685, 6.387314787231217, 1204425219417.0], "unrealized_pnl_2": [215685, 13647.280269054369, 1530502144994159.2], "unrealized_pnl_3": [215685, 38659.35589766978, 4.655299494637601e+16], "unrealized_pnl_4": [215685, 104.30911860175142, 3260837867251.301], "unrealized_pnl_5": [215685, 2352.339314390206, 313971510854856.0], "unrealized_pnl_6": [215685, 77.08267356494198, 3196738897290.0747], "unrealized_pnl_7": [215685, 14.991867098593925, 501086689098.1324], "unrealized_pnl_8": [215685, 29.86028001608505, 350605368744.7798], "unrealized_pnl_9": [215685, 1117.0660839017803, 76100850103967.61], "margin_usage_ratio": [215685, 0.0059334466871652095, 26.345658325931794]}, "pcr_min_ew": 0.9994240232023326, "pcr_max_ew": 0.9999999984349024}