{"r_count": 159833.0001, "r_mean": 0.002810741819948864, "r_var": 503.3119470899142, "tanh_k": 2.0, "feature_welford": {"unrealized_pnl": [159835, 25421.81433644456, 1.072616093157771e+16], "realized_pnl": [159835, 26672.09264357692, 1.935252649480756e+16], "compounded_returns": [159835, 10537.747773373394, 15717414008093.799], "balance": [159835, 21415998.023622263, 5.647896141385829e+19], "position_value": [159835, 148928.205073887, 3.0360807680902988e+16], "current_position_size": [159835, 744553.2656341969, 7.59008916097761e+17], "last_log_ret": [159835, 0.008398088760063344, 421.32721906993805], "sortino_ratio": [159835, 2.82569127094959, 129558702.88786641], "rolling_pnl_sigma": [159835, 0.02535568079925154, 266.2441627998626], "portfolio_cash_ratio": [159835, 0.818005497054238, 14632.827504868159], "free_collateral": [159835, 21577593.232240956, 5.6061295700413596e+19], "mm_reqs": [159835, 12818.843019425136, 810866253767087.4], "unrealized_pnl_0": [159835, 11.741979705668486, 276821280751.1409], "unrealized_pnl_1": [159835, 6.67714716553671, 1157880026752.848], "unrealized_pnl_2": [159835, 9843.7286815722, 766198385834518.4], "unrealized_pnl_3": [159835, 30869.207985574685, 2.573122599789787e+16], "unrealized_pnl_4": [159835, 86.95226602890098, 2889659532577.193], "unrealized_pnl_5": [159835, 2131.007264926223, 240632300409620.03], "unrealized_pnl_6": [159835, 79.00205081309727, 2889466674307.344], "unrealized_pnl_7": [159835, 14.591290264126558, 484493885508.6308], "unrealized_pnl_8": [159835, 30.21257870114658, 318768829494.464], "unrealized_pnl_9": [159835, 986.1673419114408, 61080430383969.234], "margin_usage_ratio": [159835, 0.006822965161887863, 22.332695998821848]}, "pcr_min_ew": 0.9976160931262223, "pcr_max_ew": 0.9999999984054332}