{"r_count": 206747.0001, "r_mean": 0.003261999303450484, "r_var": 558.8086407580886, "tanh_k": 2.0, "feature_welford": {"unrealized_pnl": [206749, 33512.1926738491, 2.1062208385993068e+16], "realized_pnl": [206749, 30753.066488254935, 3.34999410996678e+16], "compounded_returns": [206749, 12544.433280483117, 25828426218261.586], "balance": [206749, 24626340.24705818, 8.95482602032688e+19], "position_value": [206749, 155447.3985924706, 4.400712976471061e+16], "current_position_size": [206749, 777151.6318177247, 1.1001658883045594e+18], "last_log_ret": [206749, 0.00869838171863732, 474.50224548026483], "sortino_ratio": [206749, 3.2971351783451235, 223702830.16071418], "rolling_pnl_sigma": [206749, 0.02243550775773513, 294.07820848674277], "portfolio_cash_ratio": [206749, 0.8389557486840642, 16943.777157331897], "free_collateral": [206749, 24801384.274400324, 8.884837010353177e+19], "mm_reqs": [206749, 14002.522393391462, 1410553596630949.5], "unrealized_pnl_0": [206749, 9.505606549377141, 282481122705.946], "unrealized_pnl_1": [206749, 7.1952165668031975, 1196669656516.0515], "unrealized_pnl_2": [206749, 13116.242529129073, 1368622962602552.0], "unrealized_pnl_3": [206749, 38596.770063698255, 4.7747927287649976e+16], "unrealized_pnl_4": [206749, 104.85896160258079, 3269580808027.6084], "unrealized_pnl_5": [206749, 2243.4476260102206, 287994010224099.3], "unrealized_pnl_6": [206749, 81.80152026737296, 3206143014838.377], "unrealized_pnl_7": [206749, 15.086752335897755, 509817433639.4012], "unrealized_pnl_8": [206749, 28.173326958818006, 335424509964.7733], "unrealized_pnl_9": [206749, 1116.141564288468, 81611896485942.38], "margin_usage_ratio": [206749, 0.006042013851394577, 25.7344541721507]}, "pcr_min_ew": 0.9995836540756198, "pcr_max_ew": 0.9999999997894511}