{"r_count": 224619.0001, "r_mean": 0.003334403658665444, "r_var": 578.7529172309524, "tanh_k": 2.0, "feature_welford": {"unrealized_pnl": [224621, 34641.82104917176, 2.2362004530691508e+16], "realized_pnl": [224621, 31283.231539957193, 3.514587891279585e+16], "compounded_returns": [224621, 12873.713301392896, 27762069075463.33], "balance": [224621, 25000559.799085304, 9.490352881699414e+19], "position_value": [224621, 157093.5130180233, 4.839091177288099e+16], "current_position_size": [224621, 785374.4015704034, 1.2097518339614067e+18], "last_log_ret": [224621, 0.008765762376836525, 493.43384722073426], "sortino_ratio": [224621, 3.464570145045154, 481738471.98745555], "rolling_pnl_sigma": [224621, 0.021579810366774522, 302.9553289779127], "portfolio_cash_ratio": [224621, 0.8449475899702998, 17732.857430307384], "free_collateral": [224621, 25178298.136232693, 9.41119946738913e+19], "mm_reqs": [224621, 14086.568179064323, 1528715004748535.0], "unrealized_pnl_0": [224621, 8.465419468657766, 280748706688.8694], "unrealized_pnl_1": [224621, 6.034303989257084, 1222722618067.635], "unrealized_pnl_2": [224621, 14181.118910291958, 1669860199767382.2], "unrealized_pnl_3": [224621, 39013.01987906963, 4.99585628873885e+16], "unrealized_pnl_4": [224621, 107.26260270602158, 3406631380489.582], "unrealized_pnl_5": [224621, 2377.761923291244, 352243438613917.0], "unrealized_pnl_6": [224621, 72.51534160470668, 3127492136291.3438], "unrealized_pnl_7": [224621, 15.057424760333364, 507301534827.4574], "unrealized_pnl_8": [224621, 26.201391034736115, 385921769696.3928], "unrealized_pnl_9": [224621, 1058.799458380457, 75203296618270.75], "margin_usage_ratio": [224621, 0.0058194659649012164, 26.88792216175321]}, "pcr_min_ew": 0.9934958973303907, "pcr_max_ew": 1.000000000000074}