{"r_count": 238023.0001, "r_mean": 0.003416624770020433, "r_var": 594.439758199814, "tanh_k": 2.0, "feature_welford": {"unrealized_pnl": [238025, 36985.22848640617, 2.5878238310944e+16], "realized_pnl": [238025, 32061.98380722744, 3.891430467474818e+16], "compounded_returns": [238025, 13270.246933249451, 30574772569974.223], "balance": [238025, 25641141.825611178, 1.0422184222250605e+20], "position_value": [238025, 159269.94251944727, 5.294645565941615e+16], "current_position_size": [238025, 796276.5479787873, 1.3236528099249298e+18], "last_log_ret": [238025, 0.00882027458787913, 508.40561582023935], "sortino_ratio": [238025, 3.774432329983101, 3058958046.8072495], "rolling_pnl_sigma": [238025, 0.021042232839263254, 309.7599097026904], "portfolio_cash_ratio": [238025, 0.848537102710487, 18395.192451233692], "free_collateral": [238025, 25823075.629244465, 1.0334798209729136e+20], "mm_reqs": [238025, 14401.84641342049, 1664374318217454.2], "unrealized_pnl_0": [238025, 7.737551986754399, 284037637774.1697], "unrealized_pnl_1": [238025, 2.0541848262570777, 1382900047183.4797], "unrealized_pnl_2": [238025, 15031.657142587306, 1928943505371646.5], "unrealized_pnl_3": [238025, 40527.965671611615, 5.578183718106472e+16], "unrealized_pnl_4": [238025, 103.23995356307225, 3403304677017.222], "unrealized_pnl_5": [238025, 2456.221463647352, 337901812162333.25], "unrealized_pnl_6": [238025, 69.61616859822944, 3383655077908.36], "unrealized_pnl_7": [238025, 13.260810865055417, 497796775734.0985], "unrealized_pnl_8": [238025, 29.133801009382772, 344306650124.6415], "unrealized_pnl_9": [238025, 1148.611316785804, 84686804292715.25], "margin_usage_ratio": [238025, 0.0056848997779527614, 27.826246350427326]}, "pcr_min_ew": 0.9940221956388804, "pcr_max_ew": 0.9999999994688831}