{"r_count": 208981.0001, "r_mean": 0.003248950327028505, "r_var": 561.0383579116715, "tanh_k": 2.0, "feature_welford": {"unrealized_pnl": [208983, 32887.95403083821, 1.9257923777240156e+16], "realized_pnl": [208983, 30646.5716134587, 3.1012236465599464e+16], "compounded_returns": [208983, 12444.249877892284, 25003335952020.527], "balance": [208983, 24394993.018839348, 8.659182585222678e+19], "position_value": [208983, 155237.03805484387, 4.356569674152867e+16], "current_position_size": [208983, 776118.6257343327, 1.0891319109331566e+18], "last_log_ret": [208983, 0.008699742026089731, 476.56627478332143], "sortino_ratio": [208983, 3.3888748517374263, 339019801.3390045], "rolling_pnl_sigma": [208983, 0.022324009149306937, 294.9143097237436], "portfolio_cash_ratio": [208983, 0.839572748094173, 17060.824195657067], "free_collateral": [208983, 24569354.771166902, 8.589192136377324e+19], "mm_reqs": [208983, 13830.202693535346, 1315014171078174.5], "unrealized_pnl_0": [208983, 9.63320061342607, 286501933640.37244], "unrealized_pnl_1": [208983, 11.355335096813429, 1293625421145.8892], "unrealized_pnl_2": [208983, 13214.301969156299, 1399814057565368.2], "unrealized_pnl_3": [208983, 37447.1584811574, 4.3491255935132136e+16], "unrealized_pnl_4": [208983, 105.50052181296336, 3230320049803.18], "unrealized_pnl_5": [208983, 2308.98511737455, 298646509284964.1], "unrealized_pnl_6": [208983, 80.74709613921321, 3249477670379.816], "unrealized_pnl_7": [208983, 14.515694452349653, 514254755082.2871], "unrealized_pnl_8": [208983, 30.203386574264815, 353615898766.6929], "unrealized_pnl_9": [208983, 1096.0441703098836, 77423524783979.66], "margin_usage_ratio": [208983, 0.006013475095114185, 25.858422353794488]}, "pcr_min_ew": 0.9973114017553317, "pcr_max_ew": 0.9999999991675758}