{"r_count": 147546.0001, "r_mean": 0.0026604075463855185, "r_var": 488.65207808602196, "tanh_k": 2.0, "feature_welford": {"unrealized_pnl": [147548, 23677.015420597585, 9276659739729360.0], "realized_pnl": [147548, 25494.034929411562, 1.6638195233520284e+16], "compounded_returns": [147548, 9927.061395584835, 13453129980369.535], "balance": [147548, 20457435.716436807, 4.905656773158925e+19], "position_value": [147548, 147591.6629216573, 2.7293883001377516e+16], "current_position_size": [147548, 737865.29504132, 6.82335257614694e+17], "last_log_ret": [147548, 0.008293382044976663, 407.3480852927403], "sortino_ratio": [147548, 2.975415556362336, 159125178.043971], "rolling_pnl_sigma": [147548, 0.02639350558064951, 258.00480088411774], "portfolio_cash_ratio": [147548, 0.8104953141963698, 13999.774154838547], "free_collateral": [147548, 20616107.956498705, 4.870255222069026e+19], "mm_reqs": [147548, 12653.882958885359, 711302801788387.8], "unrealized_pnl_0": [147548, 11.746500466411067, 278745259199.0429], "unrealized_pnl_1": [147548, 9.063582892728691, 1170304708072.0764], "unrealized_pnl_2": [147548, 8783.931740016764, 620292160935547.0], "unrealized_pnl_3": [147548, 29482.96645836081, 2.2217902827100996e+16], "unrealized_pnl_4": [147548, 79.2452280596661, 2741896750110.4585], "unrealized_pnl_5": [147548, 1889.3627875890502, 203911340238413.25], "unrealized_pnl_6": [147548, 82.63620583404722, 2814430722548.52], "unrealized_pnl_7": [147548, 13.995153289180427, 480379669547.9625], "unrealized_pnl_8": [147548, 29.881876999817056, 317900894652.4596], "unrealized_pnl_9": [147548, 971.3136710045773, 58292095352630.805], "margin_usage_ratio": [147548, 0.007104160752921671, 21.379832677028695]}, "pcr_min_ew": 0.9928614713371142, "pcr_max_ew": 0.999999999204842}