{"r_count": 149780.0001, "r_mean": 0.0026789912379802635, "r_var": 491.2620169022559, "tanh_k": 2.0, "feature_welford": {"unrealized_pnl": [149782, 23964.2047023824, 9459062673123594.0], "realized_pnl": [149782, 25633.152747027867, 1.6928746812104468e+16], "compounded_returns": [149782, 10006.771382545716, 13717365427047.463], "balance": [149782, 20562092.856052335, 4.9847915077298045e+19], "position_value": [149782, 147751.9513766664, 2.7760625180639348e+16], "current_position_size": [149782, 738668.1242293529, 6.94003834219685e+17], "last_log_ret": [149782, 0.008311095292778117, 409.8078096616872], "sortino_ratio": [149782, 2.9709538433229357, 159769759.3848805], "rolling_pnl_sigma": [149782, 0.026192998956331977, 259.477705933544], "portfolio_cash_ratio": [149782, 0.8119416336893328, 14119.158059368556], "free_collateral": [149782, 20721203.28701936, 4.94849414848829e+19], "mm_reqs": [149782, 12666.966018688294, 722025841098139.1], "unrealized_pnl_0": [149782, 11.577891359477778, 278746132862.52234], "unrealized_pnl_1": [149782, 9.230366860787615, 1175374672820.7747], "unrealized_pnl_2": [149782, 8969.071918865315, 644204343262152.1], "unrealized_pnl_3": [149782, 29700.62927969546, 2.263744166701228e+16], "unrealized_pnl_4": [149782, 82.22308614531453, 2858712046921.11], "unrealized_pnl_5": [149782, 1899.3111473750598, 206538256171279.44], "unrealized_pnl_6": [149782, 79.05628435464264, 2874735575468.9136], "unrealized_pnl_7": [149782, 14.054291323842703, 480566954890.43506], "unrealized_pnl_8": [149782, 30.039583295234497, 318386073116.41766], "unrealized_pnl_9": [149782, 970.4456096964382, 58530385670055.16], "margin_usage_ratio": [149782, 0.0070491051426154975, 21.551127407138136]}, "pcr_min_ew": 0.9976034807502295, "pcr_max_ew": 0.9999999992629974}