{"r_count": 167652.0001, "r_mean": 0.002928431941971347, "r_var": 512.9363662890433, "tanh_k": 2.0, "feature_welford": {"unrealized_pnl": [167654, 28345.090775004755, 1.3816607495820024e+16], "realized_pnl": [167654, 27817.33862525914, 2.2511618905573172e+16], "compounded_returns": [167654, 10989.168240683981, 17734088027118.734], "balance": [167654, 22193773.769386858, 6.3485386641082974e+19], "position_value": [167654, 151540.81974759253, 3.3553251415753784e+16], "current_position_size": [167654, 757603.7170295889, 8.388150719859063e+17], "last_log_ret": [167654, 0.00846321061989389, 430.63737137291224], "sortino_ratio": [167654, 2.905373372805402, 140785413.33819103], "rolling_pnl_sigma": [167654, 0.024804408150396154, 271.5519873020328], "portfolio_cash_ratio": [167654, 0.8219539525950479, 15053.3004808016], "free_collateral": [167654, 22360320.813361436, 6.303124241270192e+19], "mm_reqs": [167654, 13399.354375383946, 976716502203261.5], "unrealized_pnl_0": [167654, 11.468574132841471, 278402885607.69824], "unrealized_pnl_1": [167654, 6.823316379472916, 1185040471930.7812], "unrealized_pnl_2": [167654, 10414.7760437835, 848742988684988.8], "unrealized_pnl_3": [167654, 33864.15095870232, 3.1039122950458384e+16], "unrealized_pnl_4": [167654, 94.03261272058393, 2934421809387.6553], "unrealized_pnl_5": [167654, 2039.1763993089498, 237203207597993.1], "unrealized_pnl_6": [167654, 86.07585636704329, 2972624494743.1733], "unrealized_pnl_7": [167654, 14.27281639978757, 497808105349.3189], "unrealized_pnl_8": [167654, 30.903051906794285, 335971777225.56323], "unrealized_pnl_9": [167654, 967.4397841225466, 61055861345261.82], "margin_usage_ratio": [167654, 0.006680220460596311, 22.974046513681525]}, "pcr_min_ew": 0.9994706025787349, "pcr_max_ew": 1.0000000000000744}