{"r_count": 219034.0001, "r_mean": 0.0032978704917441524, "r_var": 572.4730403804666, "tanh_k": 2.0, "feature_welford": {"unrealized_pnl": [219036, 34092.77630542517, 2.1465774774058804e+16], "realized_pnl": [219036, 30962.85132979808, 3.378026083613607e+16], "compounded_returns": [219036, 12692.004716399846, 26599345996090.027], "balance": [219036, 24726305.631675377, 9.131143647236674e+19], "position_value": [219036, 156517.9212107712, 4.681088750115203e+16], "current_position_size": [219036, 782494.0672459707, 1.1702511065974973e+18], "last_log_ret": [219036, 0.008741281381584526, 487.42724092579334], "sortino_ratio": [219036, 3.4512299797377928, 477700534.2194265], "rolling_pnl_sigma": [219036, 0.02182672539038968, 300.1821040245204], "portfolio_cash_ratio": [219036, 0.8431736610677752, 17482.41587486428], "free_collateral": [219036, 24902995.623227008, 9.05580249751531e+19], "mm_reqs": [219036, 13999.847521461099, 1459562286964519.2], "unrealized_pnl_0": [219036, 8.639422993368605, 280679776643.3517], "unrealized_pnl_1": [219036, 6.346752923301099, 1220942555412.6577], "unrealized_pnl_2": [219036, 13873.061303896766, 1585801639244632.8], "unrealized_pnl_3": [219036, 38582.2853748256, 4.799113697539621e+16], "unrealized_pnl_4": [219036, 106.92298952340447, 3382189338668.1587], "unrealized_pnl_5": [219036, 2309.857965651354, 334756507670455.7], "unrealized_pnl_6": [219036, 73.20793074112441, 3123777976429.4355], "unrealized_pnl_7": [219036, 15.12517283020004, 506363741239.4381], "unrealized_pnl_8": [219036, 26.297128654279184, 385246569966.6776], "unrealized_pnl_9": [219036, 1059.6875884964109, 74226480564606.44], "margin_usage_ratio": [219036, 0.005886663009490883, 26.52291640562169]}, "pcr_min_ew": 0.999684613324066, "pcr_max_ew": 0.9999999997798709}