{"r_count": 172120.0001, "r_mean": 0.002930030044512889, "r_var": 517.791019371698, "tanh_k": 2.0, "feature_welford": {"unrealized_pnl": [172122, 27456.546746862667, 1.2689466111528768e+16], "realized_pnl": [172122, 27649.414292406665, 2.2012345838939868e+16], "compounded_returns": [172122, 11041.236752100333, 17788760524987.215], "balance": [172122, 22175797.482860584, 6.302184605847464e+19], "position_value": [172122, 150444.17228242877, 3.3410402518013068e+16], "current_position_size": [172122, 752138.9504749076, 8.352491024209747e+17], "last_log_ret": [172122, 0.008485764184876725, 435.1272079121135], "sortino_ratio": [172122, 2.9091113715363797, 141073957.7337639], "rolling_pnl_sigma": [172122, 0.024439108784062274, 273.9771433451794], "portfolio_cash_ratio": [172122, 0.824456460152864, 15261.715998600046], "free_collateral": [172122, 22340705.23984323, 6.2541531426151965e+19], "mm_reqs": [172122, 13055.95254282616, 910955041539603.5], "unrealized_pnl_0": [172122, 11.157970203504076, 277646804201.946], "unrealized_pnl_1": [172122, 7.215217378121211, 1177020486149.6648], "unrealized_pnl_2": [172122, 10782.170923112142, 914681192712825.9], "unrealized_pnl_3": [172122, 32761.827485192567, 2.9791719468884156e+16], "unrealized_pnl_4": [172122, 92.78722860910703, 2975398910402.8115], "unrealized_pnl_5": [172122, 2132.613731503791, 251505875285395.0], "unrealized_pnl_6": [172122, 79.92109609609999, 2944318385839.501], "unrealized_pnl_7": [172122, 14.960513386376423, 492033301788.3221], "unrealized_pnl_8": [172122, 27.025304624194895, 370614080915.397], "unrealized_pnl_9": [172122, 998.6626895978537, 63621467906716.875], "margin_usage_ratio": [172122, 0.006585212129207561, 23.26955049784227]}, "pcr_min_ew": 0.9938617731445403, "pcr_max_ew": 1.000000000000039}