{"r_count": 156482.0001, "r_mean": 0.0027509169282270802, "r_var": 499.39841917177927, "tanh_k": 2.0, "feature_welford": {"unrealized_pnl": [156484, 25438.030609051348, 1.060872014938947e+16], "realized_pnl": [156484, 26122.876974322844, 1.8038294781059428e+16], "compounded_returns": [156484, 10295.716914452827, 14753923541892.344], "balance": [156484, 21009281.551943306, 5.3249256712072544e+19], "position_value": [156484, 148656.64134069247, 2.9401590388446004e+16], "current_position_size": [156484, 743195.4981671986, 7.350280887265068e+17], "last_log_ret": [156484, 0.008366255124828897, 417.5507717028481], "sortino_ratio": [156484, 3.016225115578415, 170324635.20566806], "rolling_pnl_sigma": [156484, 0.02564032450424762, 264.033833882012], "portfolio_cash_ratio": [156484, 0.8160490010655024, 14464.359499718057], "free_collateral": [156484, 21170607.61643455, 5.285877289827348e+19], "mm_reqs": [156484, 12833.93588239677, 778044070266658.0], "unrealized_pnl_0": [156484, 11.110473096731248, 278759285592.0962], "unrealized_pnl_1": [156484, 8.162267863820766, 1181711217090.2502], "unrealized_pnl_2": [156484, 9566.091748534236, 725193273880632.8], "unrealized_pnl_3": [156484, 30977.456340303615, 2.4743844624147484e+16], "unrealized_pnl_4": [156484, 83.88969829417076, 2888028202522.197], "unrealized_pnl_5": [156484, 1946.3152662447508, 213949552339964.5], "unrealized_pnl_6": [156484, 78.04562931354953, 2892850681760.4], "unrealized_pnl_7": [156484, 13.800604703948348, 484733434632.9017], "unrealized_pnl_8": [156484, 30.10716680119018, 320207883297.1205], "unrealized_pnl_9": [156484, 975.2059669393541, 59741349708123.34], "margin_usage_ratio": [156484, 0.006893452431199193, 22.043102542069406]}, "pcr_min_ew": 0.9958726927254754, "pcr_max_ew": 0.9999999829836242}