{"r_count": 231321.0001, "r_mean": 0.003414514343831295, "r_var": 586.6909605869765, "tanh_k": 2.0, "feature_welford": {"unrealized_pnl": [231323, 37608.890749741455, 2.69253280923983e+16], "realized_pnl": [231323, 32474.788988913006, 3.9804139611726744e+16], "compounded_returns": [231323, 13310.96723548247, 30560163395264.508], "balance": [231323, 25773788.474757195, 1.0423171855457493e+20], "position_value": [231323, 159241.51035345002, 5.204235383569227e+16], "current_position_size": [231323, 796145.3665062276, 1.3010492453828692e+18], "last_log_ret": [231323, 0.008806731111597016, 501.1008959421195], "sortino_ratio": [231323, 4.026574652843739, 1477897128.1608207], "rolling_pnl_sigma": [231323, 0.02131411881583795, 306.6158944620959], "portfolio_cash_ratio": [231323, 0.8468047124569266, 18062.01528029519], "free_collateral": [231323, 25956183.213607263, 1.033864975507087e+20], "mm_reqs": [231323, 14526.335382328469, 1693562998875983.0], "unrealized_pnl_0": [231323, 7.587007414780624, 303123652866.0737], "unrealized_pnl_1": [231323, 7.663956590249597, 1325690097455.7476], "unrealized_pnl_2": [231323, 14748.097516964932, 1830079460478920.5], "unrealized_pnl_3": [231323, 41717.22148932967, 5.707731796763181e+16], "unrealized_pnl_4": [231323, 102.15671472667044, 3244959648775.9355], "unrealized_pnl_5": [231323, 2563.2842202991064, 357371534801485.75], "unrealized_pnl_6": [231323, 80.96193801988068, 3236354886152.1294], "unrealized_pnl_7": [231323, 13.209285566963503, 502376919244.136], "unrealized_pnl_8": [231323, 29.14487631580924, 354007696990.7151], "unrealized_pnl_9": [231323, 1118.0622602437836, 81159306311965.25], "margin_usage_ratio": [231323, 0.005743107594287924, 27.307587810608265]}, "pcr_min_ew": 0.9901404316496903, "pcr_max_ew": 1.0000000000000548}