{"r_count": 187758.0001, "r_mean": 0.0030870467494631512, "r_var": 536.0392267157413, "tanh_k": 2.0, "feature_welford": {"unrealized_pnl": [187760, 29800.121983074092, 1.5373377327203656e+16], "realized_pnl": [187760, 29395.07311843423, 2.683841387732863e+16], "compounded_returns": [187760, 11813.169087621964, 21471084873490.37], "balance": [187760, 23411100.528000444, 7.469900804422758e+19], "position_value": [187760, 152449.72807756445, 3.779555011756992e+16], "current_position_size": [187760, 762153.2035280588, 9.448755066469821e+17], "last_log_ret": [187760, 0.0085933538656893, 452.5370953663962], "sortino_ratio": [187760, 3.8209982268270983, 15039192141.146454], "rolling_pnl_sigma": [187760, 0.023451707089154835, 283.00862326101276], "portfolio_cash_ratio": [187760, 0.8316876117519797, 16038.790058767529], "free_collateral": [187760, 23579973.054854307, 7.411781417474454e+19], "mm_reqs": [187760, 13458.38439437225, 1099439246842099.1], "unrealized_pnl_0": [187760, 10.311557569188416, 284327042974.88763], "unrealized_pnl_1": [187760, 5.9402926628253425, 1182852866600.8242], "unrealized_pnl_2": [187760, 11820.01862774487, 1105788894065335.1], "unrealized_pnl_3": [187760, 35256.35740987947, 3.636772376320392e+16], "unrealized_pnl_4": [187760, 98.03041227437265, 3094708536943.3105], "unrealized_pnl_5": [187760, 2095.7341341043903, 257695897241217.4], "unrealized_pnl_6": [187760, 85.88575980107883, 3153130101452.357], "unrealized_pnl_7": [187760, 14.572392195383197, 493456177847.17896], "unrealized_pnl_8": [187760, 29.02744273493867, 340437002882.57776], "unrealized_pnl_9": [187760, 1023.3741697843819, 66645538382264.664], "margin_usage_ratio": [187760, 0.006310724869129152, 24.364136324178457]}, "pcr_min_ew": 0.9977175575710612, "pcr_max_ew": 1.0000000000000437}