{"r_count": 213449.0001, "r_mean": 0.0032748326594439735, "r_var": 566.7023760124509, "tanh_k": 2.0, "feature_welford": {"unrealized_pnl": [213451, 34883.35771733855, 2.168220808959411e+16], "realized_pnl": [213451, 30649.704246763864, 3.1637083786940244e+16], "compounded_returns": [213451, 12562.870026071414, 26067794530251.285], "balance": [213451, 24596412.27053552, 9.024911120730258e+19], "position_value": [213451, 156998.89129884625, 4.594301741698547e+16], "current_position_size": [213451, 784930.1391122945, 1.1485649154241902e+18], "last_log_ret": [213451, 0.008719097109450017, 482.02707856563586], "sortino_ratio": [213451, 3.4434721872677136, 281776654.8255706], "rolling_pnl_sigma": [213451, 0.022132980185217973, 297.76015681209793], "portfolio_cash_ratio": [213451, 0.8412026549409762, 17249.357463407014], "free_collateral": [213451, 24774153.013537, 8.954515225687576e+19], "mm_reqs": [213451, 14217.549839030798, 1442126317842318.5], "unrealized_pnl_0": [213451, 8.005521634351261, 279888977365.39417], "unrealized_pnl_1": [213451, 2.643158361153311, 1297986571067.915], "unrealized_pnl_2": [213451, 13711.74977904502, 1530406470544996.0], "unrealized_pnl_3": [213451, 38843.60603814253, 4.579236103947276e+16], "unrealized_pnl_4": [213451, 106.34440114623938, 3341804795071.561], "unrealized_pnl_5": [213451, 2293.8000438458457, 310269953528016.3], "unrealized_pnl_6": [213451, 73.31940066410769, 3093636270900.967], "unrealized_pnl_7": [213451, 12.41062651519304, 546495040322.3933], "unrealized_pnl_8": [213451, 27.987693246220562, 337979707335.79865], "unrealized_pnl_9": [213451, 1081.6216296892721, 77745445582607.69], "margin_usage_ratio": [213451, 0.005961821767416891, 26.187798184727797]}, "pcr_min_ew": 0.9932485170434078, "pcr_max_ew": 0.9999999981351776}