{"r_count": 144195.0001, "r_mean": 0.002645312079253341, "r_var": 484.46575392485073, "tanh_k": 2.0, "feature_welford": {"unrealized_pnl": [144197, 23241.350288957667, 8886367216326957.0], "realized_pnl": [144197, 25357.880008001637, 1.6401389547608702e+16], "compounded_returns": [144197, 9852.236102655284, 13254062301880.92], "balance": [144197, 20370699.161014676, 4.852809122798433e+19], "position_value": [144197, 147360.32631935307, 2.6628690002235188e+16], "current_position_size": [144197, 736706.4592275168, 6.657053989698808e+17], "last_log_ret": [144197, 0.008267681226777332, 403.424777566803], "sortino_ratio": [144197, 2.7489153880167954, 119046171.9785052], "rolling_pnl_sigma": [144197, 0.026694906794218806, 255.61718214030094], "portfolio_cash_ratio": [144197, 0.8082323172568109, 13818.40413111624], "free_collateral": [144197, 20528747.869366787, 4.818454243186489e+19], "mm_reqs": [144197, 12615.935563391004, 692527434862270.9], "unrealized_pnl_0": [144197, 12.59515927911081, 276086063854.8608], "unrealized_pnl_1": [144197, 7.84461767109517, 1155712534073.2917], "unrealized_pnl_2": [144197, 8571.292638404018, 590643859546442.6], "unrealized_pnl_3": [144197, 29177.13824991085, 2.166154670618159e+16], "unrealized_pnl_4": [144197, 78.40378877112309, 2726857406894.779], "unrealized_pnl_5": [144197, 1893.4840204917011, 200011064201747.2], "unrealized_pnl_6": [144197, 81.68376791988587, 2798251108362.757], "unrealized_pnl_7": [144197, 14.208744105017603, 478630489575.15485], "unrealized_pnl_8": [144197, 30.189901438572246, 314088832545.5646], "unrealized_pnl_9": [144197, 982.0243597679844, 58849541189231.99], "margin_usage_ratio": [144197, 0.0071876202884653415, 21.114845890708345]}, "pcr_min_ew": 0.9987455713816928, "pcr_max_ew": 0.999999993957594}