{"r_count": 178822.0001, "r_mean": 0.002983831155452396, "r_var": 525.6489743188872, "tanh_k": 2.0, "feature_welford": {"unrealized_pnl": [178824, 28560.395921042033, 1.3957816623412358e+16], "realized_pnl": [178824, 28145.796121828073, 2.3430045017344176e+16], "compounded_returns": [178824, 11290.278369431182, 18919485608205.3], "balance": [178824, 22549683.02465821, 6.664700377704276e+19], "position_value": [178824, 151512.76814147862, 3.5297375629572576e+16], "current_position_size": [178824, 757484.9983877602, 8.824235812513687e+17], "last_log_ret": [178824, 0.008528448251190866, 442.6079068773295], "sortino_ratio": [178824, 2.9168941970686, 142602424.8587789], "rolling_pnl_sigma": [178824, 0.023992051297177734, 278.00264248134386], "portfolio_cash_ratio": [178824, 0.8276149031556356, 15599.68250970218], "free_collateral": [178824, 22716582.44060441, 6.613489502790573e+19], "mm_reqs": [178824, 13233.35560085703, 991603964693510.5], "unrealized_pnl_0": [178824, 10.598742627745587, 279040918855.90173], "unrealized_pnl_1": [178824, 5.807169224521588, 1194133064359.6423], "unrealized_pnl_2": [178824, 11252.087201759841, 1008058647877542.1], "unrealized_pnl_3": [178824, 33866.56078893413, 3.229862312741927e+16], "unrealized_pnl_4": [178824, 95.02411095029393, 3010644386575.238], "unrealized_pnl_5": [178824, 2139.284701597175, 260142073153595.88], "unrealized_pnl_6": [178824, 78.80771158728004, 2964055701956.7397], "unrealized_pnl_7": [178824, 15.123709380177637, 493053129940.4912], "unrealized_pnl_8": [178824, 26.813862789570088, 371327225362.466], "unrealized_pnl_9": [178824, 1013.39714674108, 65203502920409.56], "margin_usage_ratio": [178824, 0.006469385171492565, 23.76929845824927]}, "pcr_min_ew": 0.9915768314749467, "pcr_max_ew": 0.9999999972051328}