{"r_count": 267065.0001, "r_mean": 0.0036212746586972554, "r_var": 627.9074615637951, "tanh_k": 2.0, "feature_welford": {"unrealized_pnl": [267067, 41512.702156131054, 3.4037444948560316e+16], "realized_pnl": [267067, 34155.930194334964, 4.840003093118333e+16], "compounded_returns": [267067, 14200.047011233599, 37778935949409.305], "balance": [267067, 27179915.484771952, 1.2813615912247557e+20], "position_value": [267067, 163985.51472220925, 6.387575972267374e+16], "current_position_size": [267067, 819849.9001135768, 1.5968789162858975e+18], "last_log_ret": [267067, 0.008930243648168638, 540.8763676765352], "sortino_ratio": [267067, 3.7076219916151962, 370885615.1644198], "rolling_pnl_sigma": [267067, 0.02005577439000937, 324.4894566081104], "portfolio_cash_ratio": [267067, 0.8556596771072799, 19656.200911873868], "free_collateral": [267067, 27370316.298634935, 1.2704648945652625e+20], "mm_reqs": [267067, 15175.424609289326, 2185730076555799.5], "unrealized_pnl_0": [267067, 7.728589278355511, 282852516597.9344], "unrealized_pnl_1": [267067, 10.316811986811008, 1466423011315.6091], "unrealized_pnl_2": [267067, 16972.648107392768, 2501928955046860.0], "unrealized_pnl_3": [267067, 44003.835317175864, 7.046084703296481e+16], "unrealized_pnl_4": [267067, 118.1824486280445, 3821348765652.723], "unrealized_pnl_5": [267067, 2674.5840474504107, 403059209595813.9], "unrealized_pnl_6": [267067, 83.07595379380506, 3455915242834.372], "unrealized_pnl_7": [267067, 11.70837487377265, 552618602320.0571], "unrealized_pnl_8": [267067, 29.030325542866592, 382592577537.76086], "unrealized_pnl_9": [267067, 1162.5908530520107, 92451110819945.47], "margin_usage_ratio": [267067, 0.005406094631694912, 29.59860098668504]}, "pcr_min_ew": 0.9977017331438792, "pcr_max_ew": 0.9999999999999316}