{"r_count": 252544.0001, "r_mean": 0.0035442178506329587, "r_var": 611.5704528718952, "tanh_k": 2.0, "feature_welford": {"unrealized_pnl": [252546, 39490.7971177387, 3.000313945168763e+16], "realized_pnl": [252546, 33477.03822843967, 4.4425194298281304e+16], "compounded_returns": [252546, 13812.090629743188, 34596518569295.805], "balance": [252546, 26586779.202975404, 1.1798335502149743e+20], "position_value": [252546, 161135.89792688403, 5.783773902917416e+16], "current_position_size": [252546, 805600.1475107943, 1.4459246881190177e+18], "last_log_ret": [252546, 0.008882175851293075, 525.1871794607869], "sortino_ratio": [252546, 3.6497144008966633, 430101533.07150245], "rolling_pnl_sigma": [252546, 0.020534885596348827, 317.26722497813205], "portfolio_cash_ratio": [252546, 0.8523397634382025, 19027.607371670536], "free_collateral": [252546, 26772678.353467103, 1.1698647398618119e+20], "mm_reqs": [252546, 14807.737887240688, 1938281113117233.8], "unrealized_pnl_0": [252546, 7.691915522197471, 290727807668.13635], "unrealized_pnl_1": [252546, 10.593118476117422, 1313432408102.876], "unrealized_pnl_2": [252546, 15876.024489637228, 2142453522239367.2], "unrealized_pnl_3": [252546, 42929.45426910903, 6.433486986572832e+16], "unrealized_pnl_4": [252546, 113.49589146637041, 3503406415564.115], "unrealized_pnl_5": [252546, 2581.8366639124138, 367786283463508.1], "unrealized_pnl_6": [252546, 76.62075244805706, 3428831724514.6074], "unrealized_pnl_7": [252546, 14.778259229171828, 530247659050.90826], "unrealized_pnl_8": [252546, 28.82177255658081, 361332174740.2666], "unrealized_pnl_9": [252546, 1210.4126496552983, 98513020821404.9], "margin_usage_ratio": [252546, 0.005532069845477873, 28.665068437266104]}, "pcr_min_ew": 0.9987494427244933, "pcr_max_ew": 0.9999999989805777}