{"r_count": 272650.0001, "r_mean": 0.003624668595267, "r_var": 634.4134657084842, "tanh_k": 2.0, "feature_welford": {"unrealized_pnl": [272652, 41611.83663791859, 3.5251954191230924e+16], "realized_pnl": [272652, 34285.31125009579, 5.144887752367232e+16], "compounded_returns": [272652, 14275.47524750223, 38619985866394.24], "balance": [272652, 27281116.656222977, 1.3083591078545477e+20], "position_value": [272652, 164302.31677442472, 6.509489232900261e+16], "current_position_size": [272652, 821430.465872619, 1.627353397110175e+18], "last_log_ret": [272652, 0.00894334468868397, 547.00493933271], "sortino_ratio": [272652, 4.398318502976977, 15981638712.730415], "rolling_pnl_sigma": [272652, 0.01986962509360949, 326.9485495756998], "portfolio_cash_ratio": [272652, 0.8569637219607378, 19891.426809241842], "free_collateral": [272652, 27471984.70642138, 1.2970011745699316e+20], "mm_reqs": [272652, 15146.36070943928, 2248881827776920.0], "unrealized_pnl_0": [272652, 7.394100627135725, 294626875710.4126], "unrealized_pnl_1": [272652, 4.1758924220127325, 1263619302860.821], "unrealized_pnl_2": [272652, 17177.084829107655, 2601498758217871.5], "unrealized_pnl_3": [272652, 44311.22982425913, 7.433691848870125e+16], "unrealized_pnl_4": [272652, 113.71758830247715, 3695193466171.017], "unrealized_pnl_5": [272652, 2814.678713935583, 455192712957996.5], "unrealized_pnl_6": [272652, 68.70357988106772, 3227206183569.2817], "unrealized_pnl_7": [272652, 15.815330717388456, 554981480685.8451], "unrealized_pnl_8": [272652, 27.088240631956467, 432062585287.5621], "unrealized_pnl_9": [272652, 1160.0048550669103, 96534939437172.9], "margin_usage_ratio": [272652, 0.0053589629295155245, 29.95049788841897]}, "pcr_min_ew": 0.9963131945109415, "pcr_max_ew": 1.0000000000000828}