{"r_count": 230204.0001, "r_mean": 0.0034271091838093772, "r_var": 586.1448317096291, "tanh_k": 2.0, "feature_welford": {"unrealized_pnl": [230206, 37234.14421394754, 2.685309627896894e+16], "realized_pnl": [230206, 32370.3477024437, 4.0834033145988104e+16], "compounded_returns": [230206, 13349.081573972639, 31095495873465.594], "balance": [230206, 25916156.01367777, 1.0680834501690805e+20], "position_value": [230206, 158958.4202026391, 5.189950555479751e+16], "current_position_size": [230206, 794715.405329008, 1.2974759146783468e+18], "last_log_ret": [230206, 0.00880687838965427, 500.74215286326114], "sortino_ratio": [230206, 3.2992330950437463, 236948734.33624062], "rolling_pnl_sigma": [230206, 0.021381335346443, 306.5243439280801], "portfolio_cash_ratio": [230206, 0.8463373290413322, 18037.47801493304], "free_collateral": [230206, 26097904.8339106, 1.0594671801201263e+20], "mm_reqs": [230206, 14547.291811860874, 1734195859377159.8], "unrealized_pnl_0": [230206, 9.248180539831996, 292881968047.8866], "unrealized_pnl_1": [230206, 7.557975686306439, 1259827118491.528], "unrealized_pnl_2": [230206, 14775.474303581585, 1775281127925952.0], "unrealized_pnl_3": [230206, 41687.083941704645, 5.94420637218912e+16], "unrealized_pnl_4": [230206, 109.44286236071046, 3520569007909.811], "unrealized_pnl_5": [230206, 2407.1082315265894, 327845850438101.6], "unrealized_pnl_6": [230206, 81.71113891726395, 3372171509857.329], "unrealized_pnl_7": [230206, 15.228703236488258, 523586113841.66235], "unrealized_pnl_8": [230206, 26.995880495913873, 343182291549.2066], "unrealized_pnl_9": [230206, 1164.959724397959, 92572815574621.77], "margin_usage_ratio": [230206, 0.005767772265903364, 27.333092056018224]}, "pcr_min_ew": 0.9938354385421925, "pcr_max_ew": 1.0000000000000746}