{"r_count": 217917.0001, "r_mean": 0.0032898431118310676, "r_var": 571.1910144044064, "tanh_k": 2.0, "feature_welford": {"unrealized_pnl": [217919, 33914.43299430499, 2.1133591796341384e+16], "realized_pnl": [217919, 30873.41761896223, 3.3374380100112052e+16], "compounded_returns": [217919, 12650.581688233522, 26341158321455.73], "balance": [217919, 24660685.0875486, 9.049268828267876e+19], "position_value": [217919, 156376.49099042482, 4.6495939609323464e+16], "current_position_size": [217919, 781786.4264631503, 1.162377379685788e+18], "last_log_ret": [217919, 0.008736014727413092, 486.20313976559635], "sortino_ratio": [217919, 3.454400398847859, 477605237.74790317], "rolling_pnl_sigma": [217919, 0.02187687757178929, 299.58752905686447], "portfolio_cash_ratio": [217919, 0.842823555110685, 17429.006021158817], "free_collateral": [217919, 24837075.71665544, 8.974688892009031e+19], "mm_reqs": [217919, 13979.560709256675, 1446561491689531.0], "unrealized_pnl_0": [217919, 8.676238022286633, 280678371339.0187], "unrealized_pnl_1": [217919, 6.375230008233192, 1220940204854.8337], "unrealized_pnl_2": [217919, 13797.051011811654, 1566652322679237.0], "unrealized_pnl_3": [217919, 38399.326589299206, 4.72992082424874e+16], "unrealized_pnl_4": [217919, 105.95473842710413, 3371027518497.133], "unrealized_pnl_5": [217919, 2314.3501007612995, 332620987770042.6], "unrealized_pnl_6": [217919, 73.51375443121653, 3121645113932.554], "unrealized_pnl_7": [217919, 15.14329310804583, 506323882588.67957], "unrealized_pnl_8": [217919, 26.3011383988269, 385063851231.68243], "unrealized_pnl_9": [217919, 1059.449593594645, 74027785495410.92], "margin_usage_ratio": [217919, 0.00589974253571137, 26.445354406161893]}, "pcr_min_ew": 0.9991445207670813, "pcr_max_ew": 0.9999999980365213}