{"r_count": 158716.0001, "r_mean": 0.0027957162019803653, "r_var": 501.9034999166909, "tanh_k": 2.0, "feature_welford": {"unrealized_pnl": [158718, 25083.938482160214, 1.0359814681567656e+16], "realized_pnl": [158718, 26493.346686845904, 1.895693415606649e+16], "compounded_returns": [158718, 10463.409645488682, 15389782271994.834], "balance": [158718, 21285349.96926658, 5.5332174099683254e+19], "position_value": [158718, 148657.95876887822, 2.9936949092742296e+16], "current_position_size": [158718, 743201.4165267046, 7.484124134682451e+17], "last_log_ret": [158718, 0.008387943199349499, 419.980478123147], "sortino_ratio": [158718, 2.829963138876568, 129503334.59749483], "rolling_pnl_sigma": [158718, 0.025440513440313593, 265.4684486914006], "portfolio_cash_ratio": [158718, 0.8173965772816245, 14572.721906168466], "free_collateral": [158718, 21446393.80844501, 5.4919670108322185e+19], "mm_reqs": [158718, 12763.209425112533, 791040841137164.0], "unrealized_pnl_0": [158718, 11.787948777502761, 276801786197.66064], "unrealized_pnl_1": [158718, 6.725810553086739, 1157874311937.7485], "unrealized_pnl_2": [158718, 9759.677993029547, 755557954352512.6], "unrealized_pnl_3": [158718, 30478.945537592244, 2.5044581275337732e+16], "unrealized_pnl_4": [158718, 86.18451836691503, 2883601678138.2983], "unrealized_pnl_5": [158718, 2119.9550534678647, 238624841639343.94], "unrealized_pnl_6": [158718, 79.04444229135949, 2887790264921.939], "unrealized_pnl_7": [158718, 14.548636765355976, 484388125369.5422], "unrealized_pnl_8": [158718, 30.115520254965848, 318376039784.1958], "unrealized_pnl_9": [158718, 985.2709543143187, 60831877429028.93], "margin_usage_ratio": [158718, 0.006845735929845039, 22.242221499556987]}, "pcr_min_ew": 0.9965946433263396, "pcr_max_ew": 0.9999753188056905}