{"r_count": 242491.0001, "r_mean": 0.003493365529273998, "r_var": 599.4088808786812, "tanh_k": 2.0, "feature_welford": {"unrealized_pnl": [242493, 38991.6810973266, 2.94168787207999e+16], "realized_pnl": [242493, 33137.200530223374, 4.380726027198042e+16], "compounded_returns": [242493, 13677.75345268287, 33278469419600.594], "balance": [242493, 26359208.235848024, 1.1304506858862892e+20], "position_value": [242493, 160661.36526679274, 5.601672663188572e+16], "current_position_size": [242493, 803247.5049091228, 1.4004087698129326e+18], "last_log_ret": [242493, 0.008851999492801842, 513.3539239542108], "sortino_ratio": [242493, 4.0584996545244865, 1494486546.547819], "rolling_pnl_sigma": [242493, 0.020874158089703835, 312.21273950595713], "portfolio_cash_ratio": [242493, 0.849825682189358, 18572.613697806268], "free_collateral": [242493, 26544230.3984122, 1.1210840921514136e+20], "mm_reqs": [242493, 14708.330262847636, 1847278649444096.0], "unrealized_pnl_0": [242493, 8.043507760420182, 310978060376.6975], "unrealized_pnl_1": [242493, 7.536914557285688, 1346527667101.1958], "unrealized_pnl_2": [242493, 15536.943705307303, 2059806302751646.2], "unrealized_pnl_3": [242493, 42697.714351274844, 6.266144956070823e+16], "unrealized_pnl_4": [242493, 103.52119456898933, 3299382702192.835], "unrealized_pnl_5": [242493, 2708.2238280071942, 398150286029245.3], "unrealized_pnl_6": [242493, 79.2935026220335, 3244825642332.1445], "unrealized_pnl_7": [242493, 13.336522178652624, 505864686261.77423], "unrealized_pnl_8": [242493, 28.002732645580487, 372009575653.4561], "unrealized_pnl_9": [242493, 1148.3009497634139, 85821228008908.4], "margin_usage_ratio": [242493, 0.0056285096277484655, 28.04634053632005]}, "pcr_min_ew": 0.9971315426875552, "pcr_max_ew": 0.9999999711116433}