{"r_count": 216800.0001, "r_mean": 0.0032810746352662265, "r_var": 569.9166468493881, "tanh_k": 2.0, "feature_welford": {"unrealized_pnl": [216802, 33808.16491023933, 2.097588412786378e+16], "realized_pnl": [216802, 30806.194135326572, 3.315767683411751e+16], "compounded_returns": [216802, 12611.048947233385, 26099242294158.74], "balance": [216802, 24598707.985396165, 8.972985391495042e+19], "position_value": [216802, 156246.6179268077, 4.617780565660784e+16], "current_position_size": [216802, 781136.5664024403, 1.1544240036756332e+18], "last_log_ret": [216802, 0.008730835378986017, 484.97751731599885], "sortino_ratio": [216802, 3.4596360625771436, 477460929.75817955], "rolling_pnl_sigma": [216802, 0.021928679257208303, 299.02267124452544], "portfolio_cash_ratio": [216802, 0.8424642779556368, 17375.809912894092], "free_collateral": [216802, 24774880.05138601, 8.899139530121073e+19], "mm_reqs": [216802, 13961.969937696605, 1432747164881151.0], "unrealized_pnl_0": [216802, 8.716703619882994, 280677731542.08264], "unrealized_pnl_1": [216802, 6.434391028103232, 1220921951591.733], "unrealized_pnl_2": [216802, 13713.203285101888, 1545021584240222.8], "unrealized_pnl_3": [216802, 38321.51338671337, 4.697881658965588e+16], "unrealized_pnl_4": [216802, 105.94786074404895, 3368307158594.85], "unrealized_pnl_5": [216802, 2309.3715774826064, 331399774892143.6], "unrealized_pnl_6": [216802, 74.0302584303645, 3119664959892.4185], "unrealized_pnl_7": [216802, 14.904357488812948, 505207441142.2318], "unrealized_pnl_8": [216802, 26.30556067091282, 384987554325.1169], "unrealized_pnl_9": [216802, 1058.5361920749626, 73802956548434.7], "margin_usage_ratio": [216802, 0.005913057025723629, 26.36325078087388]}, "pcr_min_ew": 0.9967370711936899, "pcr_max_ew": 0.9999999992688583}