{"r_count": 160950.0001, "r_mean": 0.002829054999038866, "r_var": 504.48906045755905, "tanh_k": 2.0, "feature_welford": {"unrealized_pnl": [160952, 25517.856820313504, 1.0750547101912492e+16], "realized_pnl": [160952, 26866.913993345424, 1.9465882158724508e+16], "compounded_returns": [160952, 10609.174549502199, 16101015433660.611], "balance": [160952, 21530474.409519065, 5.772600801475566e+19], "position_value": [160952, 149767.10318748825, 3.0693065336601876e+16], "current_position_size": [160952, 748750.2481345149, 7.673151134394113e+17], "last_log_ret": [160952, 0.008407627566752061, 422.50284753049164], "sortino_ratio": [160952, 3.046905081308308, 916031240.0274527], "rolling_pnl_sigma": [160952, 0.025269977836204202, 266.83419589983134], "portfolio_cash_ratio": [160952, 0.8186483240105886, 14679.58991999238], "free_collateral": [160952, 21692863.3416884, 5.7299219662918664e+19], "mm_reqs": [160952, 12961.723997537647, 835950010466964.2], "unrealized_pnl_0": [160952, 12.127318571698881, 288137703086.1918], "unrealized_pnl_1": [160952, 7.816840306152216, 1171622697750.3677], "unrealized_pnl_2": [160952, 9947.695056055578, 766451817068368.0], "unrealized_pnl_3": [160952, 31122.574232866118, 2.5902944700314264e+16], "unrealized_pnl_4": [160952, 84.76863597635317, 2823223847953.523], "unrealized_pnl_5": [160952, 1961.288778961056, 228566102175571.16], "unrealized_pnl_6": [160952, 84.60312590292416, 2874926833651.9272], "unrealized_pnl_7": [160952, 14.61579627710288, 484866685941.15375], "unrealized_pnl_8": [160952, 30.993034610955988, 321673625327.3249], "unrealized_pnl_9": [160952, 1012.4405384554207, 62488833916148.13], "margin_usage_ratio": [160952, 0.006800460492434451, 22.37813564887183]}, "pcr_min_ew": 0.9919808774002614, "pcr_max_ew": 0.9999999996536117}