{"r_count": 168769.0001, "r_mean": 0.002924348724164102, "r_var": 514.0764069490676, "tanh_k": 2.0, "feature_welford": {"unrealized_pnl": [168771, 28059.56668482308, 1.3756669766750068e+16], "realized_pnl": [168771, 27942.78310516424, 2.2900282445719692e+16], "compounded_returns": [168771, 11083.589013669975, 18071851927650.742], "balance": [168771, 22326386.119309142, 6.419218752666224e+19], "position_value": [168771, 151024.2319165003, 3.3405828721422116e+16], "current_position_size": [168771, 755035.9402726339, 8.351349316268388e+17], "last_log_ret": [168771, 0.008473381440511818, 431.65849821309035], "sortino_ratio": [168771, 2.8593683510485053, 145482429.1068641], "rolling_pnl_sigma": [168771, 0.024692590676660697, 271.9742040399845], "portfolio_cash_ratio": [168771, 0.8228887079815372, 15086.033432619639], "free_collateral": [168771, 22492239.44219495, 6.372322314389582e+19], "mm_reqs": [168771, 13297.225673945975, 953570640646301.1], "unrealized_pnl_0": [168771, 11.337355139800549, 290946809561.8106], "unrealized_pnl_1": [168771, 6.393473779337019, 1184063639853.7456], "unrealized_pnl_2": [168771, 10463.883336608942, 877956920774468.8], "unrealized_pnl_3": [168771, 33856.91456038915, 3.151377822254726e+16], "unrealized_pnl_4": [168771, 86.89395360328876, 2865969960667.2534], "unrealized_pnl_5": [168771, 2040.037957394201, 230998447168199.75], "unrealized_pnl_6": [168771, 83.46993849063858, 2916044944791.1626], "unrealized_pnl_7": [168771, 13.665754140989979, 482977194654.9792], "unrealized_pnl_8": [168771, 31.91723677907455, 330556164828.3636], "unrealized_pnl_9": [168771, 977.2800628276303, 62445154549628.25], "margin_usage_ratio": [168771, 0.006646330249298281, 23.020032760156315]}, "pcr_min_ew": 0.9989227357829278, "pcr_max_ew": 0.9999999994709426}