{"r_count": 154248.0001, "r_mean": 0.0027624488241150135, "r_var": 496.6103320090045, "tanh_k": 2.0, "feature_welford": {"unrealized_pnl": [154250, 25224.01881752037, 1.0300767396586034e+16], "realized_pnl": [154250, 26156.310487766405, 1.7987732588997274e+16], "compounded_returns": [154250, 10291.396366395764, 14783489276475.33], "balance": [154250, 21035250.87114098, 5.340432912992083e+19], "position_value": [154250, 149028.24620104185, 2.9200701724944744e+16], "current_position_size": [154250, 745052.261500813, 7.300059209850204e+17], "last_log_ret": [154250, 0.008353776135525846, 414.99261301070277], "sortino_ratio": [154250, 2.7305346900743404, 120257032.88570505], "rolling_pnl_sigma": [154250, 0.025811716205434564, 262.5332704341145], "portfolio_cash_ratio": [154250, 0.8147888950853213, 14341.646463220886], "free_collateral": [154250, 21196686.251668017, 5.301867397832745e+19], "mm_reqs": [154250, 12886.579029550554, 784242213494162.6], "unrealized_pnl_0": [154250, 11.911476103827262, 276651783608.09894], "unrealized_pnl_1": [154250, 7.4407546145653525, 1155395515694.675], "unrealized_pnl_2": [154250, 9455.98658147477, 708559048770933.2], "unrealized_pnl_3": [154250, 30683.68044320677, 2.4009532549369084e+16], "unrealized_pnl_4": [154250, 85.51635808410386, 2874123969360.4824], "unrealized_pnl_5": [154250, 1924.3091113167816, 223016262654504.0], "unrealized_pnl_6": [154250, 81.8226361301671, 2855977892426.553], "unrealized_pnl_7": [154250, 14.382650574954486, 483275303591.2313], "unrealized_pnl_8": [154250, 29.682202765206707, 317275499513.8043], "unrealized_pnl_9": [154250, 1008.3042023349961, 61091482910541.2], "margin_usage_ratio": [154250, 0.0069455782539388465, 21.90765756354946]}, "pcr_min_ew": 0.9899444316733756, "pcr_max_ew": 0.9999999990185565}