{"r_count": 278235.0001, "r_mean": 0.003699658524701932, "r_var": 641.2692824575889, "tanh_k": 2.0, "feature_welford": {"unrealized_pnl": [278237, 44091.609146354174, 3.9489290255629176e+16], "realized_pnl": [278237, 35086.94606614449, 5.60173287870836e+16], "compounded_returns": [278237, 14616.257935859174, 41131098278561.96], "balance": [278237, 27920599.620708838, 1.3971992094534646e+20], "position_value": [278237, 166355.45753671613, 7.0126017129370584e+16], "current_position_size": [278237, 831720.3214480807, 1.753142252318493e+18], "last_log_ret": [278237, 0.008972652082887124, 553.8281314079712], "sortino_ratio": [278237, 4.0981014021534605, 1551504018.500394], "rolling_pnl_sigma": [278237, 0.019707610373938887, 329.8630944174427], "portfolio_cash_ratio": [278237, 0.8580085851546901, 20151.726285636483], "free_collateral": [278237, 28115795.070754636, 1.3849816157187711e+20], "mm_reqs": [278237, 15339.138025693122, 2333829303324554.5], "unrealized_pnl_0": [278237, 7.103061761715704, 312006192738.31195], "unrealized_pnl_1": [278237, 7.749966471854833, 1408191809360.084], "unrealized_pnl_2": [278237, 17870.928461473304, 2824901532747120.0], "unrealized_pnl_3": [278237, 46156.30220176068, 8.079775652046638e+16], "unrealized_pnl_4": [278237, 104.7644182881011, 3488934086704.2915], "unrealized_pnl_5": [278237, 2979.7318871374064, 482994382505531.25], "unrealized_pnl_6": [278237, 78.2627498745073, 3476159603863.635], "unrealized_pnl_7": [278237, 11.902245645365976, 526371234520.31104], "unrealized_pnl_8": [278237, 28.264480636547134, 381912195428.25226], "unrealized_pnl_9": [278237, 1209.1706916746582, 99555321523727.27], "margin_usage_ratio": [278237, 0.005309795064551392, 30.245156032485298]}, "pcr_min_ew": 0.9990910383527456, "pcr_max_ew": 0.9999999990611117}