{"r_count": 268182.0001, "r_mean": 0.0036033583445314885, "r_var": 629.2647092926389, "tanh_k": 2.0, "feature_welford": {"unrealized_pnl": [268184, 41086.4748622338, 3.4154543280218948e+16], "realized_pnl": [268184, 34066.42563101744, 4.969969324286068e+16], "compounded_returns": [268184, 14170.963182431333, 37669440761685.06], "balance": [268184, 27112705.643407278, 1.2762341621455715e+20], "position_value": [268184, 163684.61407950384, 6.356265537003968e+16], "current_position_size": [268184, 818340.6015986658, 1.589047336206765e+18], "last_log_ret": [268184, 0.008929960518465023, 542.0502149584751], "sortino_ratio": [268184, 3.6105476557747997, 574088957.9873341], "rolling_pnl_sigma": [268184, 0.020008344611651983, 324.7861116104686], "portfolio_cash_ratio": [268184, 0.8560692156912046, 19689.000286985334], "free_collateral": [268184, 27302494.425277606, 1.2652466120715398e+20], "mm_reqs": [268184, 15082.587800416915, 2182963090402574.0], "unrealized_pnl_0": [268184, 7.695898941115235, 291562278365.2094], "unrealized_pnl_1": [268184, 4.146929964816536, 1261962022654.3816], "unrealized_pnl_2": [268184, 16837.71869101729, 2485266052161164.5], "unrealized_pnl_3": [268184, 44109.73340769699, 7.224617990159698e+16], "unrealized_pnl_4": [268184, 113.6649571018736, 3671074762394.5215], "unrealized_pnl_5": [268184, 2729.1010475111866, 438113716665850.5], "unrealized_pnl_6": [268184, 68.74907358880185, 3212611385214.4756], "unrealized_pnl_7": [268184, 15.694303064353269, 553564449335.3557], "unrealized_pnl_8": [268184, 26.6782910525017, 429702852128.6489], "unrealized_pnl_9": [268184, 1157.8881435773437, 94149207458992.73], "margin_usage_ratio": [268184, 0.005394702789680018, 29.666181505378614]}, "pcr_min_ew": 0.9946899205336835, "pcr_max_ew": 0.9999999996836207}