{"r_count": 212332.0001, "r_mean": 0.003264506152358785, "r_var": 565.2840116762644, "tanh_k": 2.0, "feature_welford": {"unrealized_pnl": [212334, 33535.21491466928, 2.011248732489721e+16], "realized_pnl": [212334, 30791.32906838325, 3.209386109964747e+16], "compounded_returns": [212334, 12526.106445210995, 25547712728746.496], "balance": [212334, 24538063.178903174, 8.858723950637824e+19], "position_value": [212334, 155988.39866408255, 4.466907425760073e+16], "current_position_size": [212334, 779872.0094664152, 1.1167166771298417e+18], "last_log_ret": [212334, 0.008715536676753795, 480.56969027704514], "sortino_ratio": [212334, 3.624056133120467, 1225421065.5815341], "rolling_pnl_sigma": [212334, 0.022167109655102504, 296.81786782307154], "portfolio_cash_ratio": [212334, 0.8408321442066882, 17203.32905464024], "free_collateral": [212334, 24713727.731979728, 8.78725828462179e+19], "mm_reqs": [212334, 13923.999231314647, 1374875904436532.8], "unrealized_pnl_0": [212334, 8.86221368688288, 307654801133.9718], "unrealized_pnl_1": [212334, 6.4731429010348815, 1204408782380.2158], "unrealized_pnl_2": [212334, 13452.017744299863, 1485058157917123.0], "unrealized_pnl_3": [212334, 38175.66035961338, 4.524195077394813e+16], "unrealized_pnl_4": [212334, 102.89007354243257, 3232689368365.08], "unrealized_pnl_5": [212334, 2321.944201484317, 309416169367757.25], "unrealized_pnl_6": [212334, 78.69837502374496, 3172565281867.071], "unrealized_pnl_7": [212334, 14.714722720886105, 499974523566.182], "unrealized_pnl_8": [212334, 29.25788556363124, 344698514984.0494], "unrealized_pnl_9": [212334, 1099.7819261853683, 74457302433096.44], "margin_usage_ratio": [212334, 0.005972750222844105, 26.104440950689405]}, "pcr_min_ew": 0.9969965933533194, "pcr_max_ew": 0.9999999985756376}266}