{"r_count": 174354.0001, "r_mean": 0.0029762761276238845, "r_var": 520.4909376177077, "tanh_k": 2.0, "feature_welford": {"unrealized_pnl": [174356, 28163.999936920525, 1.3431089243606946e+16], "realized_pnl": [174356, 28011.606000097236, 2.2243780313933364e+16], "compounded_returns": [174356, 11207.195512883163, 18656231965374.51], "balance": [174356, 22480734.381509997, 6.610637523388463e+19], "position_value": [174356, 151698.595143037, 3.4381342742421068e+16], "current_position_size": [174356, 758414.2622373147, 8.595223139712634e+17], "last_log_ret": [174356, 0.008505496859679242, 437.821916129324], "sortino_ratio": [174356, 3.1995077255391204, 978260961.7298553], "rolling_pnl_sigma": [174356, 0.024311224206884145, 275.2891718212933], "portfolio_cash_ratio": [174356, 0.8255827716447179, 15358.843457299412], "free_collateral": [174356, 22647375.32688001, 6.561139462408634e+19], "mm_reqs": [174356, 13287.268629745216, 978468597402404.8], "unrealized_pnl_0": [174356, 11.185306929863863, 289974077621.4375], "unrealized_pnl_1": [174356, 7.584332575581095, 1183760192364.5479], "unrealized_pnl_2": [174356, 10924.345283991, 930025452316514.8], "unrealized_pnl_3": [174356, 33663.951303817594, 3.1133446758836124e+16], "unrealized_pnl_4": [174356, 90.18175529885184, 2955413728203.6753], "unrealized_pnl_5": [174356, 2039.5027833509032, 248118627728715.4], "unrealized_pnl_6": [174356, 85.49114644911896, 2968508755843.575], "unrealized_pnl_7": [174356, 14.304515164606535, 487254927380.70624], "unrealized_pnl_8": [174356, 30.426673774920264, 323388085101.2672], "unrealized_pnl_9": [174356, 1025.6210033245538, 64903038595134.695], "margin_usage_ratio": [174356, 0.00654223711160636, 23.389217322021853]}, "pcr_min_ew": 0.9879385065595059, "pcr_max_ew": 0.9999999984567317}