{"r_count": 246959.0001, "r_mean": 0.003517996614305586, "r_var": 604.4660542574871, "tanh_k": 2.0, "feature_welford": {"unrealized_pnl": [246961, 39475.1280719111, 3.0234037089656316e+16], "realized_pnl": [246961, 33360.29298934243, 4.488625045224291e+16], "compounded_returns": [246961, 13788.256156485986, 34106333086551.703], "balance": [246961, 26525574.731210683, 1.1569315299068335e+20], "position_value": [246961, 161198.00894088732, 5.735243975271659e+16], "current_position_size": [246961, 805931.6417327272, 1.4338017352138655e+18], "last_log_ret": [246961, 0.008867728665681009, 518.2132976230885], "sortino_ratio": [246961, 4.071113749286095, 1500062135.285577], "rolling_pnl_sigma": [246961, 0.020708022122653533, 314.3479174985739], "portfolio_cash_ratio": [246961, 0.8510166998719816, 18767.01761256743], "free_collateral": [246961, 26711535.04763172, 1.1472778228490158e+20], "mm_reqs": [246961, 14789.98185582049, 1902753795146480.5], "unrealized_pnl_0": [246961, 7.882960360588839, 311008721028.5692], "unrealized_pnl_1": [246961, 7.105159238188379, 1347572496573.023], "unrealized_pnl_2": [246961, 15773.903377815474, 2133477728568070.8], "unrealized_pnl_3": [246961, 43056.3062224407, 6.435957644798653e+16], "unrealized_pnl_4": [246961, 104.40686507999115, 3337019545141.4785], "unrealized_pnl_5": [246961, 2762.047107371035, 410757915826849.94], "unrealized_pnl_6": [246961, 78.93989299817244, 3252160950261.424], "unrealized_pnl_7": [246961, 13.29936187896895, 506466330454.2818], "unrealized_pnl_8": [246961, 28.117717770542885, 373828669134.6071], "unrealized_pnl_9": [246961, 1149.6715310643026, 86627328546433.95], "margin_usage_ratio": [246961, 0.0055827297733416475, 28.315106894762238]}, "pcr_min_ew": 0.9990361008588728, "pcr_max_ew": 0.9999999924883741}