{"r_count": 211215.0001, "r_mean": 0.003287050887535917, "r_var": 563.6421666573824, "tanh_k": 2.0, "feature_welford": {"unrealized_pnl": [211217, 33871.63137293707, 2.090730956570749e+16], "realized_pnl": [211217, 30911.694489761754, 3.2614334326927588e+16], "compounded_returns": [211217, 12595.270242706285, 26054612519860.05], "balance": [211217, 24651592.61427125, 9.003112019771938e+19], "position_value": [211217, 156149.99370369938, 4.528717997259796e+16], "current_position_size": [211217, 780652.2504710965, 1.132162644566031e+18], "last_log_ret": [211217, 0.008714149042887899, 479.10756605612784], "sortino_ratio": [211217, 3.346921334099593, 254042586.1163609], "rolling_pnl_sigma": [211217, 0.022220166642447567, 296.3992362423789], "portfolio_cash_ratio": [211217, 0.8403260462171086, 17157.612681470782], "free_collateral": [211217, 24827566.071798783, 8.93177361302866e+19], "mm_reqs": [211217, 14127.857695510702, 1443741209520127.5], "unrealized_pnl_0": [211217, 9.363770934193242, 280173054333.8495], "unrealized_pnl_1": [211217, 8.512851260244753, 1252015698657.9565], "unrealized_pnl_2": [211217, 13435.843550533247, 1490388874306607.2], "unrealized_pnl_3": [211217, 38069.79667995935, 4.5489471588187816e+16], "unrealized_pnl_4": [211217, 105.798401981786, 3184107556632.7485], "unrealized_pnl_5": [211217, 2311.126615655527, 301232753786897.8], "unrealized_pnl_6": [211217, 84.97682876242057, 3120912352541.339], "unrealized_pnl_7": [211217, 13.73159973115768, 507016688862.9538], "unrealized_pnl_8": [211217, 30.10998473867263, 364500141289.3845], "unrealized_pnl_9": [211217, 1027.6989166382696, 69654051797454.73], "margin_usage_ratio": [211217, 0.005991644817659273, 26.053102959218947]}, "pcr_min_ew": 0.9979193270544519, "pcr_max_ew": 0.9999999971886037}