{"r_count": 214566.0001, "r_mean": 0.0032770908797374785, "r_var": 567.8470436208626, "tanh_k": 2.0, "feature_welford": {"unrealized_pnl": [214568, 33876.45793116596, 2.0575901675301184e+16], "realized_pnl": [214568, 30939.16575233821, 3.2565338474476268e+16], "compounded_returns": [214568, 12595.480665681047, 25961083036695.375], "balance": [214568, 24642884.318830274, 8.989084844060636e+19], "position_value": [214568, 156243.45281794554, 4.531616545846259e+16], "current_position_size": [214568, 781148.0088808697, 1.1328939950631409e+18], "last_log_ret": [214568, 0.00872578434247735, 483.0145684769754], "sortino_ratio": [214568, 3.6229176822544362, 1226996008.2683327], "rolling_pnl_sigma": [214568, 0.022060860006477365, 297.97181727383156], "portfolio_cash_ratio": [214568, 0.8415737077431059, 17306.874093524795], "free_collateral": [214568, 24819099.24841845, 8.916400013354605e+19], "mm_reqs": [214568, 13967.705253839307, 1401568393607612.2], "unrealized_pnl_0": [214568, 8.78467343343549, 307656592941.7027], "unrealized_pnl_1": [214568, 6.391628153653987, 1204414366057.7021], "unrealized_pnl_2": [214568, 13580.621220445817, 1516564293650142.8], "unrealized_pnl_3": [214568, 38455.2218328635, 4.605866733158757e+16], "unrealized_pnl_4": [214568, 103.8412360587365, 3255106011143.492], "unrealized_pnl_5": [214568, 2349.174458280584, 313482496226298.9], "unrealized_pnl_6": [214568, 77.28142054637702, 3196281284791.122], "unrealized_pnl_7": [214568, 14.851726559791429, 500532068130.1173], "unrealized_pnl_8": [214568, 29.84372824412573, 350325586699.63525], "unrealized_pnl_9": [214568, 1102.631616417701, 74935983671691.4], "margin_usage_ratio": [214568, 0.005945661298925623, 26.261570400241528]}, "pcr_min_ew": 0.9996478169737977, "pcr_max_ew": 0.9999999999999706}