{"r_count": 176588.0001, "r_mean": 0.002961405891578797, "r_var": 523.1556134116813, "tanh_k": 2.0, "feature_welford": {"unrealized_pnl": [176590, 28305.89865918861, 1.3480723886906084e+16], "realized_pnl": [176590, 27922.601048134566, 2.241442567111139e+16], "compounded_returns": [176590, 11197.33893007381, 18682326353777.887], "balance": [176590, 22417924.303001527, 6.5991221750677684e+19], "position_value": [176590, 151154.56258970586, 3.4636111285299116e+16], "current_position_size": [176590, 755695.0879181398, 8.65891454850366e+17], "last_log_ret": [176590, 0.008513279949317977, 440.2295640212709], "sortino_ratio": [176590, 3.1232410505139243, 191659312.2565066], "rolling_pnl_sigma": [176590, 0.02418622099268, 276.7047806212491], "portfolio_cash_ratio": [176590, 0.8265991271024618, 15495.710534083344], "free_collateral": [176590, 22584188.828450155, 6.549448318454087e+19], "mm_reqs": [176590, 13262.026450760315, 978342381922751.6], "unrealized_pnl_0": [176590, 9.899698017724212, 278793245333.0179], "unrealized_pnl_1": [176590, 6.49779216154734, 1198763054134.1462], "unrealized_pnl_2": [176590, 11226.300736539557, 985996807033818.5], "unrealized_pnl_3": [176590, 33218.18414882895, 3.0660108058757676e+16], "unrealized_pnl_4": [176590, 92.58190261085916, 3050880105863.058], "unrealized_pnl_5": [176590, 2035.7296680580778, 236106605966958.94], "unrealized_pnl_6": [176590, 75.98639424000817, 2975186873287.6816], "unrealized_pnl_7": [176590, 14.258073284437083, 494351668682.4769], "unrealized_pnl_8": [176590, 29.422645314809934, 331791749418.4171], "unrealized_pnl_9": [176590, 1026.254791629365, 67380466805071.94], "margin_usage_ratio": [176590, 0.006500909307951024, 23.56321915412101]}, "pcr_min_ew": 0.9941586261207712, "pcr_max_ew": 0.9999999997229633}