{"r_count": 241374.0001, "r_mean": 0.003476930154163514, "r_var": 598.655631853963, "tanh_k": 2.0, "feature_welford": {"unrealized_pnl": [241376, 37500.7748103816, 2.651815093525304e+16], "realized_pnl": [241376, 32833.313862331386, 4.108971556657231e+16], "compounded_returns": [241376, 13481.952029233222, 32017736309136.51], "balance": [241376, 26052156.109007362, 1.0945431597337169e+20], "position_value": [241376, 159228.44956174283, 5.371131235781384e+16], "current_position_size": [241376, 796059.2342973626, 1.3427636389496955e+18], "last_log_ret": [241376, 0.00884068918186108, 512.7524473214424], "sortino_ratio": [241376, 3.5994939269636843, 414572978.78151214], "rolling_pnl_sigma": [241376, 0.020937144556087667, 311.78874803586115], "portfolio_cash_ratio": [241376, 0.849482624630776, 18533.587209324156], "free_collateral": [241376, 26234450.534204334, 1.0853220256379517e+20], "mm_reqs": [241376, 14507.083076445106, 1756043059580432.0], "unrealized_pnl_0": [241376, 8.299189946831483, 288554491868.5094], "unrealized_pnl_1": [241376, 11.290619075182962, 1312099535118.3254], "unrealized_pnl_2": [241376, 15221.32587421706, 1938930062539458.2], "unrealized_pnl_3": [241376, 41091.76658718937, 5.794646496519863e+16], "unrealized_pnl_4": [241376, 109.61017508135878, 3415346749405.899], "unrealized_pnl_5": [241376, 2500.7378106227043, 348749574492343.56], "unrealized_pnl_6": [241376, 76.32633016679597, 3391121917406.9634], "unrealized_pnl_7": [241376, 14.875518416901464, 528768184564.1934], "unrealized_pnl_8": [241376, 28.78406143655087, 358877838578.40607], "unrealized_pnl_9": [241376, 1194.6350171029399, 93165338207739.4], "margin_usage_ratio": [241376, 0.005640144630724521, 27.965525903996827]}, "pcr_min_ew": 0.9985398999202665, "pcr_max_ew": 0.999999993957425}