{"r_count": 269299.0001, "r_mean": 0.00361033534004641, "r_var": 630.5198571050911, "tanh_k": 2.0, "feature_welford": {"unrealized_pnl": [269301, 41244.3892842851, 3.439624331152907e+16], "realized_pnl": [269301, 34138.468747238374, 5.0064487554855656e+16], "compounded_returns": [269301, 14205.182244094138, 37957965465039.33], "balance": [269301, 27167512.25976183, 1.2853887199582886e+20], "position_value": [269301, 163889.21221485807, 6.395874157233304e+16], "current_position_size": [269301, 819363.933815114, 1.5989495367527542e+18], "last_log_ret": [269301, 0.00893370280218169, 543.2665180244414], "sortino_ratio": [269301, 4.417003435343087, 15981122400.35132], "rolling_pnl_sigma": [269301, 0.019974097861271693, 325.3072997701475], "portfolio_cash_ratio": [269301, 0.8562847459846354, 19740.599072417597], "free_collateral": [269301, 27357638.490897935, 1.274308013661229e+20], "mm_reqs": [269301, 15107.552778872943, 2194131262286701.0], "unrealized_pnl_0": [269301, 7.67393207696239, 291594939838.53534], "unrealized_pnl_1": [269301, 4.1350784767518025, 1261962730032.7961], "unrealized_pnl_2": [269301, 16911.517614988148, 2512607480334942.5], "unrealized_pnl_3": [269301, 44160.71080591964, 7.268406872848872e+16], "unrealized_pnl_4": [269301, 114.1558403013814, 3688550408806.457], "unrealized_pnl_5": [269301, 2772.1774600006565, 446462826757904.7], "unrealized_pnl_6": [269301, 68.71691694656685, 3218731671996.1855], "unrealized_pnl_7": [269301, 15.636728737068287, 553587297461.8673], "unrealized_pnl_8": [269301, 26.843835187884384, 430546906382.16315], "unrealized_pnl_9": [269301, 1157.5863167821208, 94310636872885.2], "margin_usage_ratio": [269301, 0.005386307729126972, 29.737755902555147]}, "pcr_min_ew": 0.9954040308743478, "pcr_max_ew": 0.9999999899848433}