{"r_count": 250310.0001, "r_mean": 0.0035299185791109245, "r_var": 608.3482394816826, "tanh_k": 2.0, "feature_welford": {"unrealized_pnl": [250312, 39755.56561429992, 3.0801822557950596e+16], "realized_pnl": [250312, 33484.881285937314, 4.574489472788897e+16], "compounded_returns": [250312, 13849.570260249688, 34594223890890.2], "balance": [250312, 26615917.579139814, 1.1729594120259805e+20], "position_value": [250312, 161564.98808911323, 5.844190249994634e+16], "current_position_size": [250312, 807767.3184052384, 1.461038357210765e+18], "last_log_ret": [250312, 0.008878264904771378, 521.938035232012], "sortino_ratio": [250312, 4.135630201704245, 1524467379.258262], "rolling_pnl_sigma": [250312, 0.020584639023308596, 316.00012368372063], "portfolio_cash_ratio": [250312, 0.851874505336941, 18914.385194370756], "free_collateral": [250312, 26802512.007167578, 1.1630736077595748e+20], "mm_reqs": [250312, 14802.419947237915, 1929813037860975.8], "unrealized_pnl_0": [250312, 7.8196128803338425, 311048482401.14166], "unrealized_pnl_1": [250312, 7.0260736768801255, 1347709923867.2], "unrealized_pnl_2": [250312, 16013.33104740393, 2205318914389791.2], "unrealized_pnl_3": [250312, 43068.53965533754, 6.5329926959248856e+16], "unrealized_pnl_4": [250312, 103.39729032466312, 3346833825805.82], "unrealized_pnl_5": [250312, 2767.461487480139, 416310472819914.25], "unrealized_pnl_6": [250312, 78.5379077985145, 3253695312230.7666], "unrealized_pnl_7": [250312, 12.766350621520953, 518176147459.1197], "unrealized_pnl_8": [250312, 27.918824505107143, 374506226625.97046], "unrealized_pnl_9": [250312, 1149.3600661037444, 87162981256264.11], "margin_usage_ratio": [250312, 0.005548909297718014, 28.516230509168004]}, "pcr_min_ew": 0.998135121863076, "pcr_max_ew": 0.9999999997653941}