{"r_count": 234672.0001, "r_mean": 0.003437373694029372, "r_var": 590.5055381276023, "tanh_k": 2.0, "feature_welford": {"unrealized_pnl": [234674, 37861.55690846376, 2.7502865059967212e+16], "realized_pnl": [234674, 32624.857175902926, 4.0831516035223496e+16], "compounded_returns": [234674, 13409.198308965788, 31268329356441.035], "balance": [234674, 25928194.96861869, 1.065701150110206e+20], "position_value": [234674, 159469.95579705376, 5.297175200215636e+16], "current_position_size": [234674, 797288.481487163, 1.3242842324952806e+18], "last_log_ret": [234674, 0.008820071886502967, 504.7766274309553], "sortino_ratio": [234674, 4.064767754636508, 1488587052.5055647], "rolling_pnl_sigma": [234674, 0.021177709250044727, 308.31010851247987], "portfolio_cash_ratio": [234674, 0.8477704048026221, 18212.719970491253], "free_collateral": [234674, 26111045.848364294, 1.0569990290298929e+20], "mm_reqs": [234674, 14551.307000395487, 1732381601423958.5], "unrealized_pnl_0": [234674, 7.533474603187169, 303189383860.7453], "unrealized_pnl_1": [234674, 7.083965133590981, 1328466716903.131], "unrealized_pnl_2": [234674, 14947.774616331824, 1884524938620648.8], "unrealized_pnl_3": [234674, 41952.88042437495, 5.8690542503153784e+16], "unrealized_pnl_4": [234674, 101.49603594602536, 3248565038208.2705], "unrealized_pnl_5": [234674, 2581.8823958408198, 362767641781784.75], "unrealized_pnl_6": [234674, 80.28890192221037, 3239428442935.7065], "unrealized_pnl_7": [234674, 13.218217214175883, 502726943005.72205], "unrealized_pnl_8": [234674, 29.035350687552846, 354450733776.89795], "unrealized_pnl_9": [234674, 1124.1265813123923, 82065690750388.12], "margin_usage_ratio": [234674, 0.005705640678487734, 27.51835568424723]}, "pcr_min_ew": 0.9969521420745607, "pcr_max_ew": 0.9999999999999272}