{"r_count": 188875.0001, "r_mean": 0.0031076311501197517, "r_var": 537.7071181784962, "tanh_k": 2.0, "feature_welford": {"unrealized_pnl": [188877, 30858.41381857158, 1.7033503654415044e+16], "realized_pnl": [188877, 29554.763820875312, 2.7760035114780444e+16], "compounded_returns": [188877, 11883.708804639638, 21848238999952.61], "balance": [188877, 23561498.616980974, 7.627468922094174e+19], "position_value": [188877, 153436.53781530395, 3.90036140759046e+16], "current_position_size": [188877, 767106.5402451993, 9.750799128997609e+17], "last_log_ret": [188877, 0.008601730087485297, 454.21237814880567], "sortino_ratio": [188877, 3.6017324051865387, 1317548806.8742733], "rolling_pnl_sigma": [188877, 0.023388045489514633, 284.0065007582315], "portfolio_cash_ratio": [188877, 0.8320928766958035, 16090.138833850357], "free_collateral": [188877, 23732213.337939184, 7.56896027425767e+19], "mm_reqs": [188877, 13651.379590252893, 1145714603453560.8], "unrealized_pnl_0": [188877, 9.029127108114873, 302200283661.6917], "unrealized_pnl_1": [188877, 9.101116404030819, 1279113050982.3289], "unrealized_pnl_2": [188877, 11817.689433950129, 1128338715005447.5], "unrealized_pnl_3": [188877, 36179.265373085334, 3.818015399807687e+16], "unrealized_pnl_4": [188877, 96.33470454518434, 3050267152735.962], "unrealized_pnl_5": [188877, 2199.3728651014526, 260652385664807.8], "unrealized_pnl_6": [188877, 81.30573812697484, 3032039495148.444], "unrealized_pnl_7": [188877, 13.40614580362594, 486315892494.5512], "unrealized_pnl_8": [188877, 30.96150321198799, 340807852486.2942], "unrealized_pnl_9": [188877, 1029.2745793826668, 69179481015733.28], "margin_usage_ratio": [188877, 0.006303183834712843, 24.495308247803607]}, "pcr_min_ew": 0.9955357837216846, "pcr_max_ew": 0.9999999975770008}