{"r_count": 274884.0001, "r_mean": 0.0036620218926766606, "r_var": 637.37950913707, "tanh_k": 2.0, "feature_welford": {"unrealized_pnl": [274886, 42808.161762609016, 3.662618389345819e+16], "realized_pnl": [274886, 34617.44491987449, 5.112634556585234e+16], "compounded_returns": [274886, 14398.750378111861, 39561094634702.91], "balance": [274886, 27534664.82146247, 1.345441055637365e+20], "position_value": [274886, 165358.80850455796, 6.711950586048235e+16], "current_position_size": [274886, 826718.5781471656, 1.677972854773105e+18], "last_log_ret": [274886, 0.008955409138469844, 550.0549054227716], "sortino_ratio": [274886, 3.7470038218752726, 389082772.9621742], "rolling_pnl_sigma": [274886, 0.019824311761428393, 328.4258577095976], "portfolio_cash_ratio": [274886, 0.8573143772087051, 20004.261401788623], "free_collateral": [274886, 27727549.303613648, 1.3339632915704168e+20], "mm_reqs": [274886, 15373.398314856697, 2330211869287361.0], "unrealized_pnl_0": [274886, 7.525621764488222, 283360299448.1418], "unrealized_pnl_1": [274886, 10.028424315476071, 1466467000798.4849], "unrealized_pnl_2": [274886, 17456.795106988884, 2680788708003326.5], "unrealized_pnl_3": [274886, 45097.59152000854, 7.530414567442786e+16], "unrealized_pnl_4": [274886, 119.2324770484294, 3863014394900.913], "unrealized_pnl_5": [274886, 2771.2083055241073, 421039928957537.4], "unrealized_pnl_6": [274886, 80.33204160627453, 3471063952204.2075], "unrealized_pnl_7": [274886, 11.893977990197023, 554395964989.8286], "unrealized_pnl_8": [274886, 28.807168921815073, 384024102952.2393], "unrealized_pnl_9": [274886, 1186.4867584474584, 98258538343150.67], "margin_usage_ratio": [274886, 0.005342544583636168, 30.08583879210027]}, "pcr_min_ew": 0.9969569076771715, "pcr_max_ew": 0.999999996120062}