{"r_count": 254778.0001, "r_mean": 0.0035569228396088535, "r_var": 614.1676123940066, "tanh_k": 2.0, "feature_welford": {"unrealized_pnl": [254780, 39896.53299045307, 3.0679662101008304e+16], "realized_pnl": [254780, 33625.11599458593, 4.508401630295178e+16], "compounded_returns": [254780, 13877.295165069561, 35111719281310.332], "balance": [254780, 26693767.118635353, 1.1969059368069223e+20], "position_value": [254780, 161574.37454175946, 5.876318494367617e+16], "current_position_size": [254780, 807793.2258164914, 1.4690609240480914e+18], "last_log_ret": [254780, 0.008890258882911926, 527.6893317918859], "sortino_ratio": [254780, 3.674416933768853, 438089516.2879327], "rolling_pnl_sigma": [254780, 0.020458622284852797, 318.37674985202597], "portfolio_cash_ratio": [254780, 0.8528615108248241, 19129.518737116705], "free_collateral": [254780, 26880454.174058333, 1.1867771388676347e+20], "mm_reqs": [254780, 14856.910112726086, 1967410156151562.8], "unrealized_pnl_0": [254780, 7.633458999302943, 290729707929.5867], "unrealized_pnl_1": [254780, 10.504850662840973, 1314591928754.8281], "unrealized_pnl_2": [254780, 16011.126021586511, 2182726458924223.2], "unrealized_pnl_3": [254780, 43325.1262240356, 6.5590072674148216e+16], "unrealized_pnl_4": [254780, 113.14873758122359, 3506896336882.478], "unrealized_pnl_5": [254780, 2597.1635780598986, 371875036187460.2], "unrealized_pnl_6": [254780, 75.46862308808936, 3482553682394.8506], "unrealized_pnl_7": [254780, 14.774032493540671, 530634666422.21277], "unrealized_pnl_8": [254780, 28.823584538996627, 362030483206.9376], "unrealized_pnl_9": [254780, 1215.9316494791576, 99128669133957.03], "margin_usage_ratio": [254780, 0.005511742992300029, 28.80312350581789]}, "pcr_min_ew": 0.9897917878669343, "pcr_max_ew": 0.9999999896006735}