{"r_count": 270416.0001, "r_mean": 0.0036167282876954617, "r_var": 631.8699330173913, "tanh_k": 2.0, "feature_welford": {"unrealized_pnl": [270418, 41410.77380854169, 3.4863778892957296e+16], "realized_pnl": [270418, 34236.230738949525, 5.08469104589251e+16], "compounded_returns": [270418, 14246.701174611462, 38329063220720.16], "balance": [270418, 27242453.08296795, 1.2985344231630232e+20], "position_value": [270418, 164039.1554769714, 6.447245129414959e+16], "current_position_size": [270418, 820113.9893640027, 1.6117923129685527e+18], "last_log_ret": [270418, 0.008937874382514643, 544.5671036937566], "sortino_ratio": [270418, 4.414033579782532, 15981334537.947973], "rolling_pnl_sigma": [270418, 0.019938889050495685, 325.86903036418863], "portfolio_cash_ratio": [270418, 0.8565223641076618, 19792.34041811193], "free_collateral": [270418, 27432861.369128294, 1.2873396171455036e+20], "mm_reqs": [270418, 15141.561026392677, 2231645360030327.0], "unrealized_pnl_0": [270418, 7.653738755701389, 291599142387.50366], "unrealized_pnl_1": [270418, 4.120534145286384, 1261963273982.2664], "unrealized_pnl_2": [270418, 16973.111353603457, 2530929447733428.5], "unrealized_pnl_3": [270418, 44347.49553162875, 7.389971479102309e+16], "unrealized_pnl_4": [270418, 113.7930806778881, 3689208861960.8574], "unrealized_pnl_5": [270418, 2800.013801430546, 449648513530728.06], "unrealized_pnl_6": [270418, 68.48451576992683, 3220125231517.551], "unrealized_pnl_7": [270418, 15.630154852075794, 553630224607.695], "unrealized_pnl_8": [270418, 27.03059240344775, 431574405625.33856], "unrealized_pnl_9": [270418, 1158.5196291409293, 96022895331065.98], "margin_usage_ratio": [270418, 0.005377342185542983, 29.81748276645448]}, "pcr_min_ew": 0.9954562170355882, "pcr_max_ew": 1.000000000000038}