{"r_count": 163184.0001, "r_mean": 0.002850780012726395, "r_var": 507.36409981913215, "tanh_k": 2.0, "feature_welford": {"unrealized_pnl": [163186, 27549.054631065814, 1.2717373934709858e+16], "realized_pnl": [163186, 27017.933788423732, 2.027982808490197e+16], "compounded_returns": [163186, 10702.356459554952, 16382942929735.059], "balance": [163186, 21686835.99972653, 5.869347049284746e+19], "position_value": [163186, 150643.41418980318, 3.178275224673288e+16], "current_position_size": [163186, 753131.8912862177, 7.945576405742157e+17], "last_log_ret": [163186, 0.008424938991004074, 425.27304543390835], "sortino_ratio": [163186, 2.8445470787122566, 141998914.82878885], "rolling_pnl_sigma": [163186, 0.025088659971327174, 268.33334909964077], "portfolio_cash_ratio": [163186, 0.8198266022535227, 14814.095206066084], "free_collateral": [163186, 21851873.36691723, 5.826578798848963e+19], "mm_reqs": [163186, 13222.415654928516, 887006922373258.9], "unrealized_pnl_0": [163186, 10.656838187979616, 278592680187.1767], "unrealized_pnl_1": [163186, 7.7676689335990785, 1179535100579.2708], "unrealized_pnl_2": [163186, 9986.741040694464, 790982138403491.8], "unrealized_pnl_3": [163186, 32957.065185789776, 2.8410069252956116e+16], "unrealized_pnl_4": [163186, 96.48995030973734, 3429049785830.9165], "unrealized_pnl_5": [163186, 2051.5303420237656, 227700803112390.53], "unrealized_pnl_6": [163186, 87.65554616220875, 3032069741907.0103], "unrealized_pnl_7": [163186, 14.68212805538192, 486497118451.58887], "unrealized_pnl_8": [163186, 30.90114611423273, 324645311175.25946], "unrealized_pnl_9": [163186, 1005.0940661785309, 62080076087445.79], "margin_usage_ratio": [163186, 0.006761081957596985, 22.610209722219047]}, "pcr_min_ew": 0.9920336496141817, "pcr_max_ew": 0.9999999955539848}