{"r_count": 261480.0001, "r_mean": 0.003566346751451098, "r_var": 621.4030841280983, "tanh_k": 2.0, "feature_welford": {"unrealized_pnl": [261482, 40337.62748075157, 3.246119923061239e+16], "realized_pnl": [261482, 33670.08233674353, 4.763342776030493e+16], "compounded_returns": [261482, 13999.461519363327, 36221578035717.945], "balance": [261482, 26826697.330724284, 1.2272161889308762e+20], "position_value": [261482, 162632.6346293311, 6.103661150817572e+16], "current_position_size": [261482, 813078.5907043006, 1.5258960069065682e+18], "last_log_ret": [261482, 0.008908028862691002, 534.4673964801573], "sortino_ratio": [261482, 3.596930604348161, 569250253.3422493], "rolling_pnl_sigma": [261482, 0.020215760495997607, 321.4735144354685], "portfolio_cash_ratio": [261482, 0.8545607916214542, 19397.88099250442], "free_collateral": [261482, 27014828.128129438, 1.2167299827502986e+20], "mm_reqs": [261482, 14942.35237736099, 2078258634012670.2], "unrealized_pnl_0": [261482, 7.863685705232112, 291515381100.1734], "unrealized_pnl_1": [261482, 4.737195509713122, 1255413015482.1348], "unrealized_pnl_2": [261482, 16437.187503165, 2343540130844502.5], "unrealized_pnl_3": [261482, 43672.384274440956, 6.946786777529606e+16], "unrealized_pnl_4": [261482, 112.27783638129338, 3624887534405.0396], "unrealized_pnl_5": [261482, 2675.70943348591, 417038949299564.5], "unrealized_pnl_6": [261482, 69.25070393161519, 3183005760759.074], "unrealized_pnl_7": [261482, 15.698900289108499, 549982773110.2328], "unrealized_pnl_8": [261482, 26.11589456651736, 400583946858.3233], "unrealized_pnl_9": [261482, 1152.395763899514, 92515870601675.3], "margin_usage_ratio": [261482, 0.0054529929360287435, 29.25707271724551]}, "pcr_min_ew": 0.9918326269974318, "pcr_max_ew": 0.9999999999999494}