{"r_count": 222385.0001, "r_mean": 0.003335802580841336, "r_var": 577.0235985362198, "tanh_k": 2.0, "feature_welford": {"unrealized_pnl": [222387, 36177.77347319234, 2.3535590628162948e+16], "realized_pnl": [222387, 31177.983705806513, 3.3938085898639444e+16], "compounded_returns": [222387, 12847.903336950369, 27865117939304.426], "balance": [222387, 25039391.40649044, 9.601037904502945e+19], "position_value": [222387, 158152.46264620058, 4.851585860165829e+16], "current_position_size": [222387, 790696.9168167376, 1.212886728204924e+18], "last_log_ret": [222387, 0.008759539473468195, 491.91193677275476], "sortino_ratio": [222387, 3.4770646473246174, 290824348.4670242], "rolling_pnl_sigma": [222387, 0.02172756193232139, 302.46954813539094], "portfolio_cash_ratio": [222387, 0.8440584494648402, 17659.27487061383], "free_collateral": [222387, 25219395.479903914, 9.525102168544567e+19], "mm_reqs": [222387, 14398.090773809392, 1539340255258534.8], "unrealized_pnl_0": [222387, 7.441622503288057, 282715462200.1769], "unrealized_pnl_1": [222387, 2.197018627688886, 1301868909779.7437], "unrealized_pnl_2": [222387, 14240.988862103759, 1667050906081984.5], "unrealized_pnl_3": [222387, 39975.052604469085, 4.948159953857399e+16], "unrealized_pnl_4": [222387, 109.18783894372896, 3432700459906.908], "unrealized_pnl_5": [222387, 2348.6074201580095, 331556142938100.9], "unrealized_pnl_6": [222387, 73.99488360027995, 3301315465069.869], "unrealized_pnl_7": [222387, 12.434387256432686, 547618305424.8573], "unrealized_pnl_8": [222387, 27.798430246727353, 338955024436.34155], "unrealized_pnl_9": [222387, 1107.870007420574, 80267493000591.08], "margin_usage_ratio": [222387, 0.005853352148154878, 26.768689539900443]}, "pcr_min_ew": 0.9914250861848035, "pcr_max_ew": 0.999999962233111}