{"r_count": 165418.0001, "r_mean": 0.0028878009310266835, "r_var": 509.8167329267223, "tanh_k": 2.0, "feature_welford": {"unrealized_pnl": [165420, 26976.588968996744, 1.2465523350509218e+16], "realized_pnl": [165420, 27220.23044167244, 2.1406069560377324e+16], "compounded_returns": [165420, 10829.241853307154, 17031516439566.023], "balance": [165420, 21877013.774174187, 6.068166535890716e+19], "position_value": [165420, 149950.32963720226, 3.191141899944424e+16], "current_position_size": [165420, 749636.5590816508, 7.977724684516433e+17], "last_log_ret": [165420, 0.008441717038880745, 427.6006825838807], "sortino_ratio": [165420, 3.0472400862642814, 436400503.8663212], "rolling_pnl_sigma": [165420, 0.02492061019158589, 269.6793854404474], "portfolio_cash_ratio": [165420, 0.821011156503537, 14929.709237518648], "free_collateral": [165420, 22040873.67374118, 6.023341258757598e+19], "mm_reqs": [165420, 13129.985215536462, 898023757810549.5], "unrealized_pnl_0": [165420, 11.288699482808298, 276520088461.98615], "unrealized_pnl_1": [165420, 8.03784983378157, 1171479838499.511], "unrealized_pnl_2": [165420, 10285.90575244598, 835787773657759.4], "unrealized_pnl_3": [165420, 32092.62942167757, 2.836193333394977e+16], "unrealized_pnl_4": [165420, 92.82407328593035, 3133205308165.4556], "unrealized_pnl_5": [165420, 2038.8647073880254, 226831192844657.9], "unrealized_pnl_6": [165420, 81.43747423495157, 2925798472642.8896], "unrealized_pnl_7": [165420, 14.7904156422203, 497240906268.493], "unrealized_pnl_8": [165420, 29.33200962667678, 318138953190.9368], "unrealized_pnl_9": [165420, 995.7699883544827, 63435685573770.734], "margin_usage_ratio": [165420, 0.0067139369403474165, 22.776640893464652]}, "pcr_min_ew": 0.9835004221067026, "pcr_max_ew": 1.0000000000000946}