{"r_count": 191109.0001, "r_mean": 0.0031253261611761114, "r_var": 540.3955057131823, "tanh_k": 2.0, "feature_welford": {"unrealized_pnl": [191111, 30524.31480590168, 1.6802081326633024e+16], "realized_pnl": [191111, 29509.99152017605, 2.820271265486874e+16], "compounded_returns": [191111, 11893.26652519447, 22119676274813.098], "balance": [191111, 23572148.891347017, 7.741110076863537e+19], "position_value": [191111, 152850.85488604842, 3.9010733958570616e+16], "current_position_size": [191111, 764154.6473119225, 9.752558976749225e+17], "last_log_ret": [191111, 0.008609726555685924, 456.8562737084588], "sortino_ratio": [191111, 3.3721538186693967, 488208434.20713043], "rolling_pnl_sigma": [191111, 0.023261844056435277, 285.1484578316354], "portfolio_cash_ratio": [191111, 0.833128633748235, 16185.623399609576], "free_collateral": [191111, 23741946.46655691, 7.681555339828373e+19], "mm_reqs": [191111, 13649.38642725698, 1179960589387907.5], "unrealized_pnl_0": [191111, 9.624574655022501, 277812249721.16565], "unrealized_pnl_1": [191111, 6.7350598916319075, 1225671613006.3967], "unrealized_pnl_2": [191111, 11909.379071331208, 1146703563652922.2], "unrealized_pnl_3": [191111, 35569.693636538745, 3.803861903209262e+16], "unrealized_pnl_4": [191111, 105.34064890061707, 3367963293332.447], "unrealized_pnl_5": [191111, 2209.2729158853367, 280346543299118.5], "unrealized_pnl_6": [191111, 83.26904132474466, 3166773011416.9727], "unrealized_pnl_7": [191111, 14.438365568984537, 501186232386.684], "unrealized_pnl_8": [191111, 29.69416886394975, 324213359520.3393], "unrealized_pnl_9": [191111, 1043.5549932212584, 69927781991322.05], "margin_usage_ratio": [191111, 0.006264900387484791, 24.642776595134432]}, "pcr_min_ew": 0.991476953280649, "pcr_max_ew": 0.999999999999976}