{"r_count": 175471.0001, "r_mean": 0.0029530393083456274, "r_var": 521.7973973825327, "tanh_k": 2.0, "feature_welford": {"unrealized_pnl": [175473, 27940.131267500572, 1.3308615505314706e+16], "realized_pnl": [175473, 27904.74745692248, 2.2679544606822016e+16], "compounded_returns": [175473, 11170.257712063249, 18376247294893.02], "balance": [175473, 22376619.985143565, 6.49657894925385e+19], "position_value": [175473, 150884.83782561324, 3.437316442180438e+16], "current_position_size": [175473, 754343.8423931637, 8.593182121782953e+17], "last_log_ret": [175473, 0.00850781414020305, 438.9279551138019], "sortino_ratio": [175473, 2.918177577788241, 142101156.12543604], "rolling_pnl_sigma": [175473, 0.02421706852867085, 276.02278473585346], "portfolio_cash_ratio": [175473, 0.8260733244699026, 15429.206208003588], "free_collateral": [175473, 22542362.84664493, 6.446873212106024e+19], "mm_reqs": [175473, 13144.490641799744, 958359468458820.2], "unrealized_pnl_0": [175473, 10.754719081517845, 279000478887.01385], "unrealized_pnl_1": [175473, 6.989054727339413, 1177186620321.9104], "unrealized_pnl_2": [175473, 11021.158961460867, 963889151982401.5], "unrealized_pnl_3": [175473, 33234.0855039629, 3.0982751376096204e+16], "unrealized_pnl_4": [175473, 93.38064306517353, 2990624006634.2324], "unrealized_pnl_5": [175473, 2148.9730678893634, 258259744381626.84], "unrealized_pnl_6": [175473, 79.11589127237414, 2958665290046.663], "unrealized_pnl_7": [175473, 15.004590155391536, 492568463994.9713], "unrealized_pnl_8": [175473, 26.74039492670423, 370833058210.7026], "unrealized_pnl_9": [175473, 1007.9286940018713, 64532329620498.02], "margin_usage_ratio": [175473, 0.006525671596386735, 23.519640444157975]}, "pcr_min_ew": 0.9931958943144704, "pcr_max_ew": 0.9999999999999318}