{"r_count": 280469.0001, "r_mean": 0.0037054728874802594, "r_var": 643.7831586269823, "tanh_k": 2.0, "feature_welford": {"unrealized_pnl": [280471, 44122.79266622514, 3.966615159482048e+16], "realized_pnl": [280471, 35108.99335853869, 5.631371718494622e+16], "compounded_returns": [280471, 14645.371159128554, 41430063041926.766], "balance": [280471, 27957884.815812115, 1.4066161632758037e+20], "position_value": [280471, 166483.03024196447, 7.071645372896169e+16], "current_position_size": [280471, 832358.638720238, 1.7679031875358822e+18], "last_log_ret": [280471, 0.008977897116473761, 556.2332015067332], "sortino_ratio": [280471, 4.154030579870135, 1569055086.5141978], "rolling_pnl_sigma": [280471, 0.01964072522190771, 330.9120348575882], "portfolio_cash_ratio": [280471, 0.8584661798635955, 20252.815436637018], "free_collateral": [280471, 28153233.783164248, 1.394254700737733e+20], "mm_reqs": [280471, 15344.389547166476, 2353771123559903.5], "unrealized_pnl_0": [280471, 7.060224673989941, 312012188198.4809], "unrealized_pnl_1": [280471, 7.674159601607423, 1408216354877.3108], "unrealized_pnl_2": [280471, 17951.818909217134, 2864849442211102.0], "unrealized_pnl_3": [280471, 46075.80462342796, 8.110429530500758e+16], "unrealized_pnl_4": [280471, 104.46486917422565, 3490992547949.0205], "unrealized_pnl_5": [280471, 3003.745244799497, 489818283839273.2], "unrealized_pnl_6": [280471, 77.51729274982189, 3478978442169.5537], "unrealized_pnl_7": [280471, 11.824898740448415, 526762902924.4952], "unrealized_pnl_8": [280471, 28.207761097919793, 382438570236.648], "unrealized_pnl_9": [280471, 1215.8847035567253, 100845818560056.86], "margin_usage_ratio": [280471, 0.005292433186779344, 30.384458492396963]}, "pcr_min_ew": 0.9933574028387469, "pcr_max_ew": 0.9999999999999383}