{"r_count": 229087.0001, "r_mean": 0.0034014983682713502, "r_var": 584.0633968045684, "tanh_k": 2.0, "feature_welford": {"unrealized_pnl": [229089, 35864.81751624256, 2.3984197447627572e+16], "realized_pnl": [229089, 31926.914488450137, 3.673363490402136e+16], "compounded_returns": [229089, 13127.492625428295, 29420684843640.844], "balance": [229089, 25458363.94309205, 1.0067464670452377e+20], "position_value": [229089, 157944.91894486904, 5.029427559231897e+16], "current_position_size": [229089, 789634.0470655488, 1.257340558820066e+18], "last_log_ret": [229089, 0.008791612842128243, 498.66571517326446], "sortino_ratio": [229089, 3.465198481063666, 278674449.01800764], "rolling_pnl_sigma": [229089, 0.02142429909762924, 305.7807356347806], "portfolio_cash_ratio": [229089, 0.8460019846539152, 17975.061884963958], "free_collateral": [229089, 25637848.28593996, 9.984780327238856e+19], "mm_reqs": [229089, 14402.288886451155, 1659170745486294.8], "unrealized_pnl_0": [229089, 8.664382525746378, 280206670768.9994], "unrealized_pnl_1": [229089, 8.733544013670718, 1273446111268.1755], "unrealized_pnl_2": [229089, 14532.850905409769, 1777011855305071.0], "unrealized_pnl_3": [229089, 39445.3429485526, 5.142280003594917e+16], "unrealized_pnl_4": [229089, 109.55330446517102, 3300759441635.7725], "unrealized_pnl_5": [229089, 2403.7440906486577, 331356430402045.9], "unrealized_pnl_6": [229089, 83.5207890608997, 3211449947412.9023], "unrealized_pnl_7": [229089, 13.815598189650288, 512049266212.5482], "unrealized_pnl_8": [229089, 29.412849229658274, 369066649140.5431], "unrealized_pnl_9": [229089, 1074.550055430609, 75171356424905.58], "margin_usage_ratio": [229089, 0.005780621160136809, 27.25768002447343]}, "pcr_min_ew": 0.9959843840259095, "pcr_max_ew": 1.0000000000000637}