{"r_count": 528829.0001000001, "r_mean": 0.004585603846751519, "r_var": 922.1506786970286, "tanh_k": 2.0, "feature_welford": {"unrealized_pnl": [528831, 64269.44631500579, 1.0462372011819141e+17], "realized_pnl": [528831, 43220.33748667997, 1.5425666832098902e+17], "compounded_returns": [528831, 19112.22638201129, 111309500002749.05], "balance": [528831, 35799014.285832286, 3.7497535451087936e+20], "position_value": [528831, 202268.8487176975, 1.952141112910559e+17], "current_position_size": [528831, 1011303.0944951088, 4.880355862589319e+18], "last_log_ret": [528831, 0.00945836243773568, 833.9190676656174], "sortino_ratio": [528831, 20.831159761957313, 30944834717685.66], "rolling_pnl_sigma": [528831, 0.015982270628767073, 454.86412549126663], "portfolio_cash_ratio": [528831, 0.8844808167221886, 31074.601365755316], "free_collateral": [528831, 36047165.62812366, 3.7067498587077234e+20], "mm_reqs": [528831, 18471.79720827852, 7043294658403543.0], "unrealized_pnl_0": [528831, 3.601062348048957, 265101731428.14746], "unrealized_pnl_1": [528831, 1.4015087357254858, 1477863266194.5027], "unrealized_pnl_2": [528831, 31376.767063346633, 1.4314046885971618e+16], "unrealized_pnl_3": [528831, 56171.099577364024, 2.2335318602679056e+17], "unrealized_pnl_4": [528831, 142.44501063293538, 6674978778017.591], "unrealized_pnl_5": [528831, 7407.781387671761, 2611764918017893.0], "unrealized_pnl_6": [528831, 82.65893540996935, 4188380207325.604], "unrealized_pnl_7": [528831, 27.005558537393263, 614754354623.3444], "unrealized_pnl_8": [528831, 39.48694831246094, 633273042217.7452], "unrealized_pnl_9": [528831, 1712.606340294918, 264582600873378.94], "margin_usage_ratio": [528831, 0.00423323453951591, 44.12668264997244]}, "pcr_min_ew": 0.9976848456388944, "pcr_max_ew": 1.0000000000000282}