{"r_count": 529946.0001000001, "r_mean": 0.004595190724260468, "r_var": 923.4126167942495, "tanh_k": 2.0, "feature_welford": {"unrealized_pnl": [529948, 64355.1291627325, 1.0551507160947262e+17], "realized_pnl": [529948, 43068.19490347241, 1.538464421213725e+17], "compounded_returns": [529948, 19123.086651813694, 111712147448383.38], "balance": [529948, 35824382.73618992, 3.767863861144039e+20], "position_value": [529948, 202268.7178320587, 1.951942933275552e+17], "current_position_size": [529948, 1011298.4863317879, 4.879858610288828e+18], "last_log_ret": [529948, 0.009459531883570757, 835.2319109118736], "sortino_ratio": [529948, 20.80950017591063, 30944850740612.547], "rolling_pnl_sigma": [529948, 0.015978974130541827, 455.4010321853264], "portfolio_cash_ratio": [529948, 0.8845237148387014, 31110.770404924955], "free_collateral": [529948, 36072492.08135791, 3.7247724631809576e+20], "mm_reqs": [529948, 18584.48391670327, 7231338346776541.0], "unrealized_pnl_0": [529948, 3.352796433625186, 243467946502.27045], "unrealized_pnl_1": [529948, 3.1492300234111648, 1287587150979.984], "unrealized_pnl_2": [529948, 31141.725251624408, 1.3951948445889684e+16], "unrealized_pnl_3": [529948, 56397.148200782955, 2.261588869837676e+17], "unrealized_pnl_4": [529948, 143.40563447626496, 6194945907716.972], "unrealized_pnl_5": [529948, 7403.65654882693, 2470948364228487.0], "unrealized_pnl_6": [529948, 85.94605701737062, 4562532575390.603], "unrealized_pnl_7": [529948, 27.874286547674362, 620043581488.8721], "unrealized_pnl_8": [529948, 41.23911255557672, 620636515902.1968], "unrealized_pnl_9": [529948, 1755.5233973799443, 278414838751217.84], "margin_usage_ratio": [529948, 0.0042340032462006814, 44.245571868528884]}, "pcr_min_ew": 0.999703081905846, "pcr_max_ew": 0.9999999982593174}