{"r_count": 522127.0001, "r_mean": 0.0045687379491491, "r_var": 914.666853045727, "tanh_k": 2.0, "feature_welford": {"unrealized_pnl": [522129, 63717.7258675195, 1.0188394753416902e+17], "realized_pnl": [522129, 43026.29353363361, 1.5096554644065264e+17], "compounded_returns": [522129, 19024.67063533252, 109263908304882.66], "balance": [522129, 35656968.80655649, 3.682197118307615e+20], "position_value": [522129, 201521.60876726764, 1.9172308338456637e+17], "current_position_size": [522129, 1007566.366873528, 4.79308000197624e+18], "last_log_ret": [522129, 0.009451859620167839, 826.5963916489728], "sortino_ratio": [522129, 21.053463522393393, 30944820870258.24], "rolling_pnl_sigma": [522129, 0.016041656682223904, 452.11170563309037], "portfolio_cash_ratio": [522129, 0.8840920826242787, 30802.42387468755], "free_collateral": [522129, 35903897.439062156, 3.6400580382470577e+20], "mm_reqs": [522129, 18397.888444660777, 6911811649438671.0], "unrealized_pnl_0": [522129, 3.638675456210427, 265054506055.49326], "unrealized_pnl_1": [522129, 1.592985224757074, 1475482690598.8145], "unrealized_pnl_2": [522129, 31141.726324324023, 1.3953648088478918e+16], "unrealized_pnl_3": [522129, 55777.63878131639, 2.181830536155561e+17], "unrealized_pnl_4": [522129, 140.55635939012785, 6600407135741.149], "unrealized_pnl_5": [522129, 7343.324927256072, 2565782100749892.0], "unrealized_pnl_6": [522129, 81.72197877617151, 4140852830971.8306], "unrealized_pnl_7": [522129, 26.964105133601368, 613100194795.6343], "unrealized_pnl_8": [522129, 38.784408106173984, 622466998268.4238], "unrealized_pnl_9": [522129, 1699.2819327086106, 258757302455246.03], "margin_usage_ratio": [522129, 0.0042464480497428556, 43.72730694378858]}, "pcr_min_ew": 0.9996277218305246, "pcr_max_ew": 0.9999999829594239}