{"r_count": 569041.0001000001, "r_mean": 0.004696718835540357, "r_var": 966.7202627689969, "tanh_k": 2.0, "feature_welford": {"unrealized_pnl": [569043, 67845.78612496995, 1.2346079339122138e+17], "realized_pnl": [569043, 44114.240002986866, 1.7275238409583e+17], "compounded_returns": [569043, 19645.353010765488, 124912131600894.97], "balance": [569043, 36678303.910604246, 4.207191771685137e+20], "position_value": [569043, 206751.46133027258, 2.183543383802841e+17], "current_position_size": [569043, 1033715.2985897395, 5.458860812782908e+18], "last_log_ret": [569043, 0.009496216375465636, 877.6861501327404], "sortino_ratio": [569043, 19.943475269065107, 30955333944052.85], "rolling_pnl_sigma": [569043, 0.015665133151143634, 471.2626314532621], "portfolio_cash_ratio": [569043, 0.8865035270777114, 32696.025096377813], "free_collateral": [569043, 36933789.38387259, 4.1587051728106494e+20], "mm_reqs": [569043, 19176.30738986376, 8271072092415446.0], "unrealized_pnl_0": [569043, 3.334934027685726, 249780033588.58698], "unrealized_pnl_1": [569043, 1.5013189253025447, 1447405044731.1738], "unrealized_pnl_2": [569043, 32296.327939557843, 1.5861891914392704e+16], "unrealized_pnl_3": [569043, 58790.02006405116, 2.5684124493072477e+17], "unrealized_pnl_4": [569043, 152.730120521346, 6650068887366.829], "unrealized_pnl_5": [569043, 7840.251594587962, 2819178643714021.5], "unrealized_pnl_6": [569043, 89.40373701910613, 4949807364673.726], "unrealized_pnl_7": [569043, 28.053143731513412, 655007806864.4445], "unrealized_pnl_8": [569043, 43.81177690975371, 692217514492.349], "unrealized_pnl_9": [569043, 1771.7850398458784, 302084652995744.94], "margin_usage_ratio": [569043, 0.004168220882142875, 46.61920600711478]}, "pcr_min_ew": 0.9996054574890811, "pcr_max_ew": 1.0000000000000182}