{"r_count": 539999.0001000001, "r_mean": 0.004611571238265237, "r_var": 934.7099735666349, "tanh_k": 2.0, "feature_welford": {"unrealized_pnl": [540001, 65581.61963589393, 1.1113022753416608e+17], "realized_pnl": [540001, 43641.50452613336, 1.6151943968732816e+17], "compounded_returns": [540001, 19233.120051526104, 114533234252059.34], "balance": [540001, 36000214.98290505, 3.862406176495441e+20], "position_value": [540001, 204061.70793741007, 2.032141075720695e+17], "current_position_size": [540001, 1020271.8120899884, 5.08035411850215e+18], "last_log_ret": [540001, 0.0094681792242438, 846.221160696346], "sortino_ratio": [540001, 20.64689490419137, 30947314077725.664], "rolling_pnl_sigma": [540001, 0.01589130164002341, 459.54089822793105], "portfolio_cash_ratio": [540001, 0.8849998877102022, 31540.693530254437], "free_collateral": [540001, 36251261.282479666, 3.817905275984173e+20], "mm_reqs": [540001, 18671.026534097608, 7380342883849601.0], "unrealized_pnl_0": [540001, 3.5796145943979583, 247252181518.4182], "unrealized_pnl_1": [540001, 0.19814028853782917, 1636561212708.1404], "unrealized_pnl_2": [540001, 31606.09455009968, 1.4533774498086478e+16], "unrealized_pnl_3": [540001, 57069.030929284076, 2.3499419743545043e+17], "unrealized_pnl_4": [540001, 141.0418209937389, 6158025422018.236], "unrealized_pnl_5": [540001, 7843.34783764333, 2942466084770265.0], "unrealized_pnl_6": [540001, 74.75056635663549, 7086166017088.389], "unrealized_pnl_7": [540001, 28.3588925663529, 642060661467.3666], "unrealized_pnl_8": [540001, 43.253460968244475, 650627446794.6445], "unrealized_pnl_9": [540001, 1760.1643975410902, 286706989129576.44], "margin_usage_ratio": [540001, 0.004218145854317954, 44.84678152752133]}, "pcr_min_ew": 0.998058275456388, "pcr_max_ew": 0.9999999990039449}