{"r_count": 545584.0001000001, "r_mean": 0.004627829114293913, "r_var": 940.6420765314484, "tanh_k": 2.0, "feature_welford": {"unrealized_pnl": [545586, 65589.52795472313, 1.111139124578736e+17], "realized_pnl": [545586, 43668.91312282628, 1.615985049924405e+17], "compounded_returns": [545586, 19341.498764630873, 116959245690052.86], "balance": [545586, 36167718.73546449, 3.9354827028510324e+20], "position_value": [545586, 204282.26850653766, 2.0470494917510698e+17], "current_position_size": [545586, 1021371.4069220659, 5.117627303099744e+18], "last_log_ret": [545586, 0.009474384342755292, 851.9909505934647], "sortino_ratio": [545586, 20.27625816709822, 30944844417620.39], "rolling_pnl_sigma": [545586, 0.015838190610983835, 461.5544224149039], "portfolio_cash_ratio": [545586, 0.8853920228365697, 31747.538768436327], "free_collateral": [545586, 36418959.94052348, 3.890151897441984e+20], "mm_reqs": [545586, 18713.420673801542, 7450470787717802.0], "unrealized_pnl_0": [545586, 3.499547476870756, 265788407264.6645], "unrealized_pnl_1": [545586, 1.6948998302176128, 1487183068933.1418], "unrealized_pnl_2": [545586, 31928.041764081474, 1.5125902512464494e+16], "unrealized_pnl_3": [545586, 56960.609125036906, 2.3445269498168218e+17], "unrealized_pnl_4": [545586, 146.79831156002064, 6860578007326.312], "unrealized_pnl_5": [545586, 7566.24618199503, 2720248357267959.5], "unrealized_pnl_6": [545586, 84.61032079469983, 4288682012879.1733], "unrealized_pnl_7": [545586, 26.856744078019567, 617475530036.345], "unrealized_pnl_8": [545586, 40.701910261655634, 654466382392.6888], "unrealized_pnl_9": [545586, 1722.42258572896, 275961049764339.53], "margin_usage_ratio": [545586, 0.004203133317292272, 45.1360885383318]}, "pcr_min_ew": 0.9972523208355645, "pcr_max_ew": 0.99999999600119}