{"r_count": 563456.0001000001, "r_mean": 0.004676271736721557, "r_var": 960.4862278041422, "tanh_k": 2.0, "feature_welford": {"unrealized_pnl": [563458, 67112.27404478264, 1.1966700981834117e+17], "realized_pnl": [563458, 44221.6578689937, 1.7149663906466435e+17], "compounded_returns": [563458, 19575.000805148342, 122915230730040.03], "balance": [563458, 36551527.21533439, 4.132830001797221e+20], "position_value": [563458, 206301.63653811134, 2.148555798175167e+17], "current_position_size": [563458, 1031469.5118967805, 5.371393511355936e+18], "last_log_ret": [563458, 0.009490874413439472, 871.4960223521852], "sortino_ratio": [563458, 19.730634691410923, 30944860861755.473], "rolling_pnl_sigma": [563458, 0.015697708444296212, 468.87004822992645], "portfolio_cash_ratio": [563458, 0.8862849612829571, 32474.50415349141], "free_collateral": [563458, 36806052.988628276, 4.084984860093712e+20], "mm_reqs": [563458, 18969.85560468374, 7909742829066790.0], "unrealized_pnl_0": [563458, 3.313392137239204, 267661088301.6948], "unrealized_pnl_1": [563458, 1.9145325780347364, 1501583796556.7324], "unrealized_pnl_2": [563458, 32440.030032171708, 1.5963642392998112e+16], "unrealized_pnl_3": [563458, 58048.86544173642, 2.4978100600731152e+17], "unrealized_pnl_4": [563458, 152.2310139565837, 7076290193054.258], "unrealized_pnl_5": [563458, 7745.590717537919, 2861629452477904.5], "unrealized_pnl_6": [563458, 86.63778367958753, 4431745587355.349], "unrealized_pnl_7": [563458, 26.9278711708915, 623012233684.3629], "unrealized_pnl_8": [563458, 42.75537890178255, 697465812506.6238], "unrealized_pnl_9": [563458, 1737.1028059111993, 287483221889589.56], "margin_usage_ratio": [563458, 0.004174004006646927, 46.23349201712788]}, "pcr_min_ew": 0.999734697592546, "pcr_max_ew": 1.000000000000052}