{"r_count": 599200.0001000001, "r_mean": 0.004763283370981427, "r_var": 1000.0344702843367, "tanh_k": 2.0, "feature_welford": {"unrealized_pnl": [599202, 70767.78283233738, 1.3903453969816536e+17], "realized_pnl": [599202, 44941.68864227819, 1.8519617344809507e+17], "compounded_returns": [599202, 20020.87433391348, 135433540357372.44], "balance": [599202, 37282666.58102132, 4.54467332865621e+20], "position_value": [599202, 210490.80845179994, 2.3702143384462826e+17], "current_position_size": [599202, 1052421.9487429196, 5.925537655589636e+18], "last_log_ret": [599202, 0.009521536662665269, 910.3203357652583], "sortino_ratio": [599202, 18.70224602650887, 30944959446919.637], "rolling_pnl_sigma": [599202, 0.015452782506647191, 483.2682137951431], "portfolio_cash_ratio": [599202, 0.8878983920091668, 33902.90714600507], "free_collateral": [599202, 37544393.71451568, 4.492058415290349e+20], "mm_reqs": [599202, 19598.377586732662, 9023690000766754.0], "unrealized_pnl_0": [599202, 3.3521928063937176, 252239302361.06708], "unrealized_pnl_1": [599202, 5.6239568111944624, 1388003372736.118], "unrealized_pnl_2": [599202, 33290.70457803203, 1.7603519119468148e+16], "unrealized_pnl_3": [599202, 60958.71019961195, 2.786730056609035e+17], "unrealized_pnl_4": [599202, 160.4575347020187, 6712345011906.724], "unrealized_pnl_5": [599202, 8133.353617662174, 3201070315673708.5], "unrealized_pnl_6": [599202, 87.91974809024101, 5725251638357.608], "unrealized_pnl_7": [599202, 27.212624918092793, 665376776044.2925], "unrealized_pnl_8": [599202, 45.33231589690199, 753787153776.6527], "unrealized_pnl_9": [599202, 1797.3079602571315, 322887271032294.06], "margin_usage_ratio": [599202, 0.004120419128471426, 48.33100083424181]}, "pcr_min_ew": 0.993024622953912, "pcr_max_ew": 0.9999999998323149}