{"r_count": 567924.0001000001, "r_mean": 0.0046898679560907165, "r_var": 965.3722382830452, "tanh_k": 2.0, "feature_welford": {"unrealized_pnl": [567926, 67534.31289876017, 1.2223451002687328e+17], "realized_pnl": [567926, 44292.8322685761, 1.7307634991073446e+17], "compounded_returns": [567926, 19647.7176897638, 124810324333774.16], "balance": [567926, 36671976.72328723, 4.195157675232983e+20], "position_value": [567926, 206769.8409929317, 2.1771985158287216e+17], "current_position_size": [567926, 1033810.8382088786, 5.443000407742694e+18], "last_log_ret": [567926, 0.009495384417290779, 876.2989040488092], "sortino_ratio": [567926, 19.59070496996515, 30944862507754.59], "rolling_pnl_sigma": [567926, 0.015664051316557726, 470.6426148792784], "portfolio_cash_ratio": [567926, 0.8865006825886913, 32653.169383985543], "free_collateral": [567926, 36927306.401534505, 4.146667863824943e+20], "mm_reqs": [567926, 19055.32124564258, 8080810926361689.0], "unrealized_pnl_0": [567926, 3.283468073665217, 267663860129.75992], "unrealized_pnl_1": [567926, 1.8490403160285642, 1502029013857.7856], "unrealized_pnl_2": [567926, 32525.952320801352, 1.6119315769463578e+16], "unrealized_pnl_3": [567926, 58379.25217376224, 2.5442057920484758e+17], "unrealized_pnl_4": [567926, 152.66493228557542, 7091687725438.89], "unrealized_pnl_5": [567926, 7800.495720874421, 2901930177854766.5], "unrealized_pnl_6": [567926, 86.85918600041884, 4458348214871.906], "unrealized_pnl_7": [567926, 26.882473433448432, 623893695318.8951], "unrealized_pnl_8": [567926, 43.12436808704399, 705391833067.6432], "unrealized_pnl_9": [567926, 1740.3577321335863, 290691323189865.44], "margin_usage_ratio": [567926, 0.00416705253790448, 46.5146921127623]}, "pcr_min_ew": 0.999646619442057, "pcr_max_ew": 0.9999999999326884}