{"r_count": 548935.0001000001, "r_mean": 0.004636220609561575, "r_var": 944.5087536027738, "tanh_k": 2.0, "feature_welford": {"unrealized_pnl": [548937, 66332.1526718586, 1.1491742055769811e+17], "realized_pnl": [548937, 43892.31894332846, 1.6600323558439014e+17], "compounded_returns": [548937, 19349.322521926548, 117449964917544.94], "balance": [548937, 36185686.500925, 3.9580518809437536e+20], "position_value": [548937, 205080.60130493357, 2.081779218740037e+17], "current_position_size": [548937, 1025366.8757925157, 5.204449679280106e+18], "last_log_ret": [548937, 0.009476457777431675, 855.8389891930875], "sortino_ratio": [548937, 20.360058953126387, 30947319074402.605], "rolling_pnl_sigma": [548937, 0.01581687197235725, 463.066277212513], "portfolio_cash_ratio": [548937, 0.8854609376196266, 31901.67909251475], "free_collateral": [548937, 36438377.901139155, 3.912321778796104e+20], "mm_reqs": [548937, 18791.86311529597, 7582439652207359.0], "unrealized_pnl_0": [548937, 3.602898569342971, 249307523091.03464], "unrealized_pnl_1": [548937, -0.5412729487452628, 1669496382765.6743], "unrealized_pnl_2": [548937, 31858.374886780843, 1.4963373052928884e+16], "unrealized_pnl_3": [548937, 57517.36607728235, 2.4093689209388512e+17], "unrealized_pnl_4": [548937, 142.5606296040816, 6215045951029.7], "unrealized_pnl_5": [548937, 7930.496139653809, 3012217706408957.5], "unrealized_pnl_6": [548937, 75.17182136200697, 7104831357723.003], "unrealized_pnl_7": [548937, 29.398277825900283, 731576406268.988], "unrealized_pnl_8": [548937, 44.03631330285154, 664467476214.2258], "unrealized_pnl_9": [548937, 1773.3740285139322, 293725693181638.06], "margin_usage_ratio": [548937, 0.004202228131772297, 45.37229086562101]}, "pcr_min_ew": 0.9993039637892523, "pcr_max_ew": 0.9999999963199487}