{"r_count": 538882.0001000001, "r_mean": 0.004606892218932436, "r_var": 932.9649931687999, "tanh_k": 2.0, "feature_welford": {"unrealized_pnl": [538884, 65294.49361945315, 1.0982390353167384e+17], "realized_pnl": [538884, 43392.69418321195, 1.594316538642522e+17], "compounded_returns": [538884, 19193.62746007779, 113628243353333.42], "balance": [538884, 35906927.4785395, 3.822616968874733e+20], "position_value": [538884, 203165.65881563074, 1.9965460924804118e+17], "current_position_size": [538884, 1015781.2508779913, 4.991364697168216e+18], "last_log_ret": [538884, 0.009465849023297876, 844.4868886570958], "sortino_ratio": [538884, 20.735293342224608, 30947905634845.41], "rolling_pnl_sigma": [538884, 0.015889691192113364, 458.7690795658081], "portfolio_cash_ratio": [538884, 0.8849993038469732, 31463.02784696438], "free_collateral": [538884, 36156877.54231513, 3.778428915110346e+20], "mm_reqs": [538884, 18581.482959788853, 7299546857670374.0], "unrealized_pnl_0": [538884, 4.3428226453152545, 259566446663.27164], "unrealized_pnl_1": [538884, 2.8724197183817943, 1158939457812.5603], "unrealized_pnl_2": [538884, 31537.444157583657, 1.447110110692757e+16], "unrealized_pnl_3": [538884, 56619.96430037857, 2.312443251562618e+17], "unrealized_pnl_4": [538884, 140.33258917248958, 6010879204610.272], "unrealized_pnl_5": [538884, 7590.865475523633, 2529736566652098.5], "unrealized_pnl_6": [538884, 89.8881466823661, 5152389571444.169], "unrealized_pnl_7": [538884, 27.06636269649656, 606276827268.6191], "unrealized_pnl_8": [538884, 40.55787073145607, 657740818830.7363], "unrealized_pnl_9": [538884, 1750.1477779675483, 279606909757835.6], "margin_usage_ratio": [538884, 0.004215275771410655, 44.692731571967876]}, "pcr_min_ew": 0.9991332352758389, "pcr_max_ew": 0.9999999996345037}