{"r_count": 519893.0001, "r_mean": 0.00456691143771055, "r_var": 911.9574458698711, "tanh_k": 2.0, "feature_welford": {"unrealized_pnl": [519895, 63408.1735230521, 1.0070602770837253e+17], "realized_pnl": [519895, 42802.09881852828, 1.4916477877803187e+17], "compounded_returns": [519895, 18960.06373759421, 107874453743903.77], "balance": [519895, 35540448.87418705, 3.6354002439042354e+20], "position_value": [519895, 200975.04179169785, 1.8935232237923405e+17], "current_position_size": [519895, 1004829.2342668464, 4.733809027059315e+18], "last_log_ret": [519895, 0.009448467341853018, 823.9991104065181], "sortino_ratio": [519895, 21.15200478886869, 30944842591811.156], "rolling_pnl_sigma": [519895, 0.016065515080298035, 451.15362082315943], "portfolio_cash_ratio": [519895, 0.883954984859807, 30698.283452015832], "free_collateral": [519895, 35786495.77310517, 3.5937550200100874e+20], "mm_reqs": [519895, 18408.94812547069, 6964281486047443.0], "unrealized_pnl_0": [519895, 3.4385984965950938, 242929648975.6531], "unrealized_pnl_1": [519895, 2.497394851285881, 1250347845329.1975], "unrealized_pnl_2": [519895, 30836.796189815646, 1.3506406350709902e+16], "unrealized_pnl_3": [519895, 55742.124938452325, 2.1775124427871072e+17], "unrealized_pnl_4": [519895, 141.27923520786925, 6123084891257.942], "unrealized_pnl_5": [519895, 7277.970989313128, 2379988483102231.0], "unrealized_pnl_6": [519895, 84.08699464965228, 4473815001825.051], "unrealized_pnl_7": [519895, 27.72822563071537, 617022164812.89], "unrealized_pnl_8": [519895, 41.18446852352835, 608987977226.1923], "unrealized_pnl_9": [519895, 1737.6576707403442, 269608614858650.5], "margin_usage_ratio": [519895, 0.004251900095917321, 43.616756655974996]}, "pcr_min_ew": 0.9982338274152737, "pcr_max_ew": 1.000000000000002}