{"r_count": 580211.0001000001, "r_mean": 0.004717459590899594, "r_var": 979.0648326280484, "tanh_k": 2.0, "feature_welford": {"unrealized_pnl": [580213, 69356.50595609375, 1.3010706921869165e+17], "realized_pnl": [580213, 44471.09446208967, 1.7557561478699866e+17], "compounded_returns": [580213, 19802.411243557286, 129231681219477.0], "balance": [580213, 36927215.226000756, 4.339748019730926e+20], "position_value": [580213, 208752.14902905354, 2.264681500972923e+17], "current_position_size": [580213, 1043727.6019630233, 5.661705226711114e+18], "last_log_ret": [580213, 0.009506168390271994, 889.7123987516146], "sortino_ratio": [580213, 19.21793081502094, 30944940510081.336], "rolling_pnl_sigma": [580213, 0.015587890902023952, 475.73960104180287], "portfolio_cash_ratio": [580213, 0.8870327426339434, 33144.10253769452], "free_collateral": [580213, 37186016.78270971, 4.2898424348493716e+20], "mm_reqs": [580213, 19372.99284443109, 8540086390771052.0], "unrealized_pnl_0": [580213, 3.3598898610893055, 248676604975.19824], "unrealized_pnl_1": [580213, 6.377633890987482, 1347358466803.7073], "unrealized_pnl_2": [580213, 32791.85731247629, 1.665816002578434e+16], "unrealized_pnl_3": [580213, 59985.12077889518, 2.633451791294123e+17], "unrealized_pnl_4": [580213, 156.02774428892909, 6511219675981.911], "unrealized_pnl_5": [580213, 7960.748287916073, 3065412787853746.5], "unrealized_pnl_6": [580213, 83.76128016063473, 5547390526634.652], "unrealized_pnl_7": [580213, 26.890329534125218, 651344501388.6282], "unrealized_pnl_8": [580213, 43.48448192936399, 715881764616.8842], "unrealized_pnl_9": [580213, 1791.9808040797432, 311996523026966.5], "margin_usage_ratio": [580213, 0.004148933224885774, 47.18618423086065]}, "pcr_min_ew": 0.9975306405595012, "pcr_max_ew": 0.999999992269024}