{"r_count": 566807.0001000001, "r_mean": 0.004680805815966018, "r_var": 964.1276174711012, "tanh_k": 2.0, "feature_welford": {"unrealized_pnl": [566809, 68094.90971924564, 1.2275515423990792e+17], "realized_pnl": [566809, 44067.590951160804, 1.683483483191135e+17], "compounded_returns": [566809, 19600.32917352006, 123981884268799.97], "balance": [566809, 36582531.601010896, 4.16340717308027e+20], "position_value": [566809, 207290.21318038437, 2.180864276124948e+17], "current_position_size": [566809, 1036417.1396863515, 5.452161882571969e+18], "last_log_ret": [566809, 0.00949315668883385, 874.9914780845636], "sortino_ratio": [566809, 19.594996040983048, 30944866889388.51], "rolling_pnl_sigma": [566809, 0.015687723332924553, 470.2898233232523], "portfolio_cash_ratio": [566809, 0.8863989565737379, 32597.306887821047], "free_collateral": [566809, 36838839.99386625, 4.115474691559238e+20], "mm_reqs": [566809, 19145.305085604545, 8137653331788247.0], "unrealized_pnl_0": [566809, 3.4470604338355284, 247282764663.76947], "unrealized_pnl_1": [566809, 5.646927180163281, 1315138727663.0217], "unrealized_pnl_2": [566809, 32377.821206012828, 1.594909602017078e+16], "unrealized_pnl_3": [566809, 59053.48414849918, 2.5078838429472378e+17], "unrealized_pnl_4": [566809, 151.42724136794124, 6295357934007.364], "unrealized_pnl_5": [566809, 7829.2491951740185, 2947765017634149.0], "unrealized_pnl_6": [566809, 82.05056560782798, 5308871862871.774], "unrealized_pnl_7": [566809, 26.63978139923125, 646025648544.9966], "unrealized_pnl_8": [566809, 42.35306592273292, 691955005529.988], "unrealized_pnl_9": [566809, 1779.405435438945, 301345378848647.25], "margin_usage_ratio": [566809, 0.004170275201910655, 46.37860314351358]}, "pcr_min_ew": 0.9892437109551362, "pcr_max_ew": 0.9999999645707027}