{"r_count": 594732.0001000001, "r_mean": 0.0047634854369514165, "r_var": 994.870120326814, "tanh_k": 2.0, "feature_welford": {"unrealized_pnl": [594734, 69835.43809017102, 1.3528639636685787e+17], "realized_pnl": [594734, 44963.932176537906, 1.849999256065528e+17], "compounded_returns": [594734, 20004.539226239587, 134504654102903.23], "balance": [594734, 37259180.277876414, 4.515531747584237e+20], "position_value": [594734, 210065.39232095287, 2.348502433930071e+17], "current_position_size": [594734, 1050290.3235570716, 5.871260921987772e+18], "last_log_ret": [594734, 0.009519089592482426, 905.3411338729193], "sortino_ratio": [594734, 18.899804550709508, 30945075781668.703], "rolling_pnl_sigma": [594734, 0.015468443019430003, 481.2992487140258], "portfolio_cash_ratio": [594734, 0.887732023378882, 33732.13396623615], "free_collateral": [594734, 37519657.44331554, 4.463220063664823e+20], "mm_reqs": [594734, 19504.20487868036, 8839786276674864.0], "unrealized_pnl_0": [594734, 2.8678271656896603, 277385283813.916], "unrealized_pnl_1": [594734, 1.4982038996708944, 1530954409497.281], "unrealized_pnl_2": [594734, 33271.18003425311, 1.7544342622261978e+16], "unrealized_pnl_3": [594734, 59977.832652820456, 2.7525827485017635e+17], "unrealized_pnl_4": [594734, 160.19319704082068, 7407570369624.998], "unrealized_pnl_5": [594734, 8056.646942685219, 3190236786812454.5], "unrealized_pnl_6": [594734, 90.1863914223864, 4553266004872.501], "unrealized_pnl_7": [594734, 28.324965829594856, 710323861092.9315], "unrealized_pnl_8": [594734, 45.61648643194402, 757158692302.115], "unrealized_pnl_9": [594734, 1767.4197450438746, 311274412699986.4], "margin_usage_ratio": [594734, 0.004127545798819599, 48.132019756427844]}, "pcr_min_ew": 0.9957331245119021, "pcr_max_ew": 0.9999999999999593}