{"r_count": 551169.0001000001, "r_mean": 0.004621924234833016, "r_var": 945.9845065805375, "tanh_k": 2.0, "feature_welford": {"unrealized_pnl": [551171, 65370.044738894714, 1.1089283888279048e+17], "realized_pnl": [551171, 43403.585070548856, 1.5982638942682474e+17], "compounded_returns": [551171, 19214.18661057738, 115465514630392.78], "balance": [551171, 35881067.33482886, 3.875180745321136e+20], "position_value": [551171, 203755.19656206452, 2.0441230650355414e+17], "current_position_size": [551171, 1018729.2132201153, 5.110308828003462e+18], "last_log_ret": [551171, 0.009470783018264357, 857.0416479801952], "sortino_ratio": [551171, 20.168184126954664, 30944935157230.73], "rolling_pnl_sigma": [551171, 0.015779520540830812, 463.37491219163576], "portfolio_cash_ratio": [551171, 0.8856519211028051, 31963.07147904463], "free_collateral": [551171, 36131759.66053245, 3.8298235617963265e+20], "mm_reqs": [551171, 18503.810054177586, 7358604271728655.0], "unrealized_pnl_0": [551171, 3.4802221884247904, 276903149568.8877], "unrealized_pnl_1": [551171, 3.3542079448216375, 1358678730855.394], "unrealized_pnl_2": [551171, 31877.63955391604, 1.5222895723025298e+16], "unrealized_pnl_3": [551171, 56376.49057800472, 2.3318726246005302e+17], "unrealized_pnl_4": [551171, 148.1545251796821, 6450859274085.177], "unrealized_pnl_5": [551171, 7674.32637004023, 2708890357041382.0], "unrealized_pnl_6": [551171, 89.95360209831895, 4663777949472.119], "unrealized_pnl_7": [551171, 27.389971982026466, 623693233410.4231], "unrealized_pnl_8": [551171, 42.80879057284467, 667809274012.2517], "unrealized_pnl_9": [551171, 1758.5567987735276, 286491659454880.25], "margin_usage_ratio": [551171, 0.004191476414988572, 45.42720478786257]}, "pcr_min_ew": 0.9951349261725652, "pcr_max_ew": 1.0000000000000449}