{"r_count": 585796.0001000001, "r_mean": 0.004733849225765759, "r_var": 984.4750793525114, "tanh_k": 2.0, "feature_welford": {"unrealized_pnl": [585798, 69376.00237946158, 1.328703184914899e+17], "realized_pnl": [585798, 44670.426378204684, 1.8243956868479792e+17], "compounded_returns": [585798, 19821.828209094198, 129885829928541.33], "balance": [585798, 36928004.939062856, 4.3573879699453556e+20], "position_value": [585798, 208486.6082971379, 2.2760190699832598e+17], "current_position_size": [585798, 1042389.7622697444, 5.690048494199587e+18], "last_log_ret": [585798, 0.009508820031360955, 895.1051258753549], "sortino_ratio": [585798, 19.286047302527912, 30947933242165.3], "rolling_pnl_sigma": [585798, 0.01551991517266712, 477.30281131714304], "portfolio_cash_ratio": [585798, 0.8872715603052801, 33362.27490815575], "free_collateral": [585798, 37186686.82094054, 4.306571790312647e+20], "mm_reqs": [585798, 19263.313851058956, 8494598536008324.0], "unrealized_pnl_0": [585798, 3.712894447283501, 271707888174.54956], "unrealized_pnl_1": [585798, 2.090106995325167, 1224103712591.2532], "unrealized_pnl_2": [585798, 32817.64695832187, 1.6711727871369172e+16], "unrealized_pnl_3": [585798, 59213.038938285936, 2.6721078110757645e+17], "unrealized_pnl_4": [585798, 151.96741578409384, 6522159175629.012], "unrealized_pnl_5": [585798, 8153.4437278458245, 3035630785750847.0], "unrealized_pnl_6": [585798, 97.61232035265505, 5485312654956.87], "unrealized_pnl_7": [585798, 28.014359799749986, 669080493278.6659], "unrealized_pnl_8": [585798, 44.71499105648173, 754943274950.5048], "unrealized_pnl_9": [585798, 1788.2271084361744, 310973294749340.6], "margin_usage_ratio": [585798, 0.004139393822776455, 47.50604702319172]}, "pcr_min_ew": 0.9976278698028012, "pcr_max_ew": 1.000000000000035}