{"r_count": 536648.0001000001, "r_mean": 0.004603518823763882, "r_var": 930.7608555047143, "tanh_k": 2.0, "feature_welford": {"unrealized_pnl": [536650, 64946.58883266988, 1.0771498339972357e+17], "realized_pnl": [536650, 43401.83628827443, 1.5732038182406077e+17], "compounded_returns": [536650, 19210.02524693103, 113766566494464.48], "balance": [536650, 35952790.03630044, 3.830613116987503e+20], "position_value": [536650, 203234.0761652736, 1.9952186050707632e+17], "current_position_size": [536650, 1016129.8311304234, 4.988049803203966e+18], "last_log_ret": [536650, 0.009465488747718272, 842.320501231526], "sortino_ratio": [536650, 20.566588973355696, 30944838991017.715], "rolling_pnl_sigma": [536650, 0.015914482745619855, 457.98063097154017], "portfolio_cash_ratio": [536650, 0.884908946376411, 31386.462287546772], "free_collateral": [536650, 36202475.75684505, 3.7865693805188055e+20], "mm_reqs": [536650, 18577.894524670635, 7215038103267296.0], "unrealized_pnl_0": [536650, 3.564382376774398, 265758342973.9107], "unrealized_pnl_1": [536650, 1.4532591002085604, 1479217809510.7815], "unrealized_pnl_2": [536650, 31650.23974861661, 1.4707552601071726e+16], "unrealized_pnl_3": [536650, 56567.843232557694, 2.2843075877584672e+17], "unrealized_pnl_4": [536650, 144.69522196252848, 6745340666633.29], "unrealized_pnl_5": [536650, 7493.285323210964, 2670599041277618.0], "unrealized_pnl_6": [536650, 83.7951135692044, 4247364221106.4043], "unrealized_pnl_7": [536650, 26.930125689018563, 615990149872.3547], "unrealized_pnl_8": [536650, 40.17607264500228, 643540283834.0586], "unrealized_pnl_9": [536650, 1712.00070781832, 267706605529466.25], "margin_usage_ratio": [536650, 0.004218852726372239, 44.5929100370092]}, "pcr_min_ew": 0.9963584078784032, "pcr_max_ew": 0.9999999998173965}