{"r_count": 581328.0001000001, "r_mean": 0.004725642138290031, "r_var": 980.2217864196679, "tanh_k": 2.0, "feature_welford": {"unrealized_pnl": [581330, 68700.28915179323, 1.2845308962291512e+17], "realized_pnl": [581330, 44673.53122859213, 1.79165564875941e+17], "compounded_returns": [581330, 19828.664815344826, 129599965681177.62], "balance": [581330, 36973228.8537624, 4.354514250819969e+20], "position_value": [581330, 208395.4419776133, 2.2609795161154182e+17], "current_position_size": [581330, 1041939.7276582238, 5.652453262827279e+18], "last_log_ret": [581330, 0.009507543008941114, 890.9192671096135], "sortino_ratio": [581330, 19.244539276703062, 30945031558782.375], "rolling_pnl_sigma": [581330, 0.015562573994535936, 476.04578580818514], "portfolio_cash_ratio": [581330, 0.887130782995402, 33199.9576606527], "free_collateral": [581330, 37231115.14657547, 4.3040989011979783e+20], "mm_reqs": [581330, 19289.890091732585, 8471651404562022.0], "unrealized_pnl_0": [581330, 3.0889058898164, 273014522524.2823], "unrealized_pnl_1": [581330, 1.6954389241225951, 1514310081264.822], "unrealized_pnl_2": [581330, 32965.93509906059, 1.6908220718354096e+16], "unrealized_pnl_3": [581330, 59117.79943184815, 2.638036895271295e+17], "unrealized_pnl_4": [581330, 156.5206755736846, 7230843774396.426], "unrealized_pnl_5": [581330, 7913.3158595946, 3015489734436662.0], "unrealized_pnl_6": [581330, 88.10930546572882, 4506647415982.824], "unrealized_pnl_7": [581330, 27.006249309421282, 631653681795.5641], "unrealized_pnl_8": [581330, 44.56906739198941, 733756105842.553], "unrealized_pnl_9": [581330, 1761.823142338835, 303157952926099.3], "margin_usage_ratio": [581330, 0.004147575956992066, 47.353815869971015]}, "pcr_min_ew": 0.9990844998734174, "pcr_max_ew": 1.0000000000000056}