{"r_count": 583562.0001000001, "r_mean": 0.004724562095702804, "r_var": 982.506496000248, "tanh_k": 2.0, "feature_welford": {"unrealized_pnl": [583564, 69219.77164081238, 1.310647060739226e+17], "realized_pnl": [583564, 44668.96187423504, 1.8198633665913987e+17], "compounded_returns": [583564, 19783.61205935972, 128951144637417.44], "balance": [583564, 36881132.65352322, 4.334737341965663e+20], "position_value": [583564, 208958.5665880103, 2.2785609282822317e+17], "current_position_size": [583564, 1044758.1097928536, 5.696405436204425e+18], "last_log_ret": [583564, 0.009506582790896705, 893.1245619464406], "sortino_ratio": [583564, 19.330515415530442, 30947370300669.67], "rolling_pnl_sigma": [583564, 0.015547172335097623, 476.6584400655886], "portfolio_cash_ratio": [583564, 0.8871456907177325, 33289.90520238869], "free_collateral": [583564, 37140067.82060026, 4.284224469398476e+20], "mm_reqs": [583564, 19314.38151317026, 8508695853293534.0], "unrealized_pnl_0": [583564, 3.4553498374392975, 250956596232.0134], "unrealized_pnl_1": [583564, -0.7899914405629711, 1735316136989.9646], "unrealized_pnl_2": [583564, 32944.77859281701, 1.6804491188510708e+16], "unrealized_pnl_3": [583564, 59233.59182064565, 2.6596703818528883e+17], "unrealized_pnl_4": [583564, 151.5316092508666, 6550941122728.53], "unrealized_pnl_5": [583564, 8148.169893083118, 3240208297460499.0], "unrealized_pnl_6": [583564, 81.55120252666782, 7329445356915.606], "unrealized_pnl_7": [583564, 29.470881069582198, 741632134721.7297], "unrealized_pnl_8": [583564, 46.98691191492871, 724684193968.7189], "unrealized_pnl_9": [583564, 1791.9549642665754, 316594772888916.9], "margin_usage_ratio": [583564, 0.004146824496489898, 47.46388303997938]}, "pcr_min_ew": 0.9982554160164285, "pcr_max_ew": 0.9999999978365612}