{"r_count": 591381.0001000001, "r_mean": 0.004747964402507946, "r_var": 990.50429384953, "tanh_k": 2.0, "feature_welford": {"unrealized_pnl": [591383, 69840.2540588468, 1.3569607923131245e+17], "realized_pnl": [591383, 44823.30593024813, 1.856092771149549e+17], "compounded_returns": [591383, 19891.410696893803, 131803132921512.05], "balance": [591383, 37037469.13993776, 4.419496429064952e+20], "position_value": [591383, 209034.86615650263, 2.307080457675576e+17], "current_position_size": [591383, 1045131.4597542213, 5.767702103106977e+18], "last_log_ret": [591383, 0.00951342995522123, 901.0205241107095], "sortino_ratio": [591383, 19.13244472714807, 30947936363590.094], "rolling_pnl_sigma": [591383, 0.015479102124312118, 479.44036600427677], "portfolio_cash_ratio": [591383, 0.88751440815183, 33588.476860006216], "free_collateral": [591383, 37297098.54919107, 4.367875204885006e+20], "mm_reqs": [591383, 19328.106795524087, 8618970465867105.0], "unrealized_pnl_0": [591383, 3.691647844865058, 272399165458.75916], "unrealized_pnl_1": [591383, 1.8893308472927508, 1227852634668.2825], "unrealized_pnl_2": [591383, 32996.25482275394, 1.7055065505645436e+16], "unrealized_pnl_3": [591383, 59534.845289413264, 2.7202249750441635e+17], "unrealized_pnl_4": [591383, 153.47898058971893, 6579190597292.266], "unrealized_pnl_5": [591383, 8196.87283156327, 3074554830205976.5], "unrealized_pnl_6": [591383, 98.66383727883654, 5519567628336.488], "unrealized_pnl_7": [591383, 28.062806733532035, 670935079031.8152], "unrealized_pnl_8": [591383, 45.141999021779924, 763870959885.5487], "unrealized_pnl_9": [591383, 1789.0301476771037, 313788776871498.8], "margin_usage_ratio": [591383, 0.004131360600560167, 47.83910637365073]}, "pcr_min_ew": 0.994068705170421, "pcr_max_ew": 0.9999999995808739}