{"r_count": 590264.0001000001, "r_mean": 0.0047404936639680985, "r_var": 990.240275193125, "tanh_k": 2.0, "feature_welford": {"unrealized_pnl": [590266, 70041.38701405087, 1.3452546978028187e+17], "realized_pnl": [590266, 44696.69260497971, 1.8067559277395386e+17], "compounded_returns": [590266, 19907.229363424467, 132205525417619.95], "balance": [590266, 37097682.70149939, 4.439113642204728e+20], "position_value": [590266, 209656.19518847138, 2.3193190091223837e+17], "current_position_size": [590266, 1048248.3968557075, 5.798299171410001e+18], "last_log_ret": [590266, 0.009514034534922696, 900.6881703846625], "sortino_ratio": [590266, 18.949712216057755, 30944954171351.27], "rolling_pnl_sigma": [590266, 0.015515270317888328, 479.7804809957098], "portfolio_cash_ratio": [590266, 0.8874932765766974, 33552.65338159629], "free_collateral": [590266, 37357974.72712153, 4.3877669599777233e+20], "mm_reqs": [590266, 19469.919643420893, 8777429813138142.0], "unrealized_pnl_0": [590266, 3.429349339110271, 252115417938.29315], "unrealized_pnl_1": [590266, 5.909029654080883, 1381348943569.9817], "unrealized_pnl_2": [590266, 33069.08483625866, 1.7138419783538314e+16], "unrealized_pnl_3": [590266, 60398.37624332251, 2.711102420568147e+17], "unrealized_pnl_4": [590266, 159.09997289512214, 6645948376161.825], "unrealized_pnl_5": [590266, 8068.226278227738, 3154846003318367.0], "unrealized_pnl_6": [590266, 86.63201608133883, 5675087163722.708], "unrealized_pnl_7": [590266, 27.065484279565744, 659919221255.0255], "unrealized_pnl_8": [590266, 44.37331732043006, 734019457904.221], "unrealized_pnl_9": [590266, 1799.248492512689, 318735490160825.8], "margin_usage_ratio": [590266, 0.004133471064280035, 47.800378943577]}, "pcr_min_ew": 0.9995121685050546, "pcr_max_ew": 0.9999999930923462}