{"r_count": 595849.0001000001, "r_mean": 0.0047662641309550325, "r_var": 996.3917036223838, "tanh_k": 2.0, "feature_welford": {"unrealized_pnl": [595851, 70187.72883484491, 1.374418045317046e+17], "realized_pnl": [595851, 44928.52892720194, 1.8850042034113587e+17], "compounded_returns": [595851, 19998.75034492612, 134757756066470.9], "balance": [595851, 37265370.3084926, 4.53592926564024e+20], "position_value": [595851, 209836.57790543398, 2.3530420217533245e+17], "current_position_size": [595851, 1049139.5779142044, 5.882608518550744e+18], "last_log_ret": [595851, 0.009519844108181616, 906.8629718614619], "sortino_ratio": [595851, 19.149410422070787, 30955344557913.727], "rolling_pnl_sigma": [595851, 0.015473015988621552, 481.92291817094736], "portfolio_cash_ratio": [595851, 0.8877321991087919, 33767.44659324172], "free_collateral": [595851, 37525838.76975664, 4.4836029441613156e+20], "mm_reqs": [595851, 19624.30296149104, 9084367737300968.0], "unrealized_pnl_0": [595851, 3.1616120625348296, 256747544886.62134], "unrealized_pnl_1": [595851, 1.428620603633392, 1491618347881.439], "unrealized_pnl_2": [595851, 32999.747468350666, 1.7173391176362694e+16], "unrealized_pnl_3": [595851, 60620.816288471804, 2.820785598104299e+17], "unrealized_pnl_4": [595851, 160.25555774482768, 7079388984735.0205], "unrealized_pnl_5": [595851, 8102.56031618971, 3045441917578834.0], "unrealized_pnl_6": [595851, 92.88322885660538, 5085789311686.5], "unrealized_pnl_7": [595851, 28.11884359839586, 666157394402.8392], "unrealized_pnl_8": [595851, 45.85713857341231, 735272313295.1556], "unrealized_pnl_9": [595851, 1779.596553902122, 320867808433472.2], "margin_usage_ratio": [595851, 0.004127941435962761, 48.24900925909078]}, "pcr_min_ew": 0.9950724483543562, "pcr_max_ew": 0.9999999957393746}