{"r_count": 592498.0001000001, "r_mean": 0.004758947886085624, "r_var": 992.5524195214098, "tanh_k": 2.0, "feature_welford": {"unrealized_pnl": [592500, 69871.04344332732, 1.3553875817214707e+17], "realized_pnl": [592500, 44825.19561218044, 1.8672017039000576e+17], "compounded_returns": [592500, 19959.964445775462, 133660350006358.94], "balance": [592500, 37197229.14760394, 4.49762996362275e+20], "position_value": [592500, 209476.440435483, 2.329185067752221e+17], "current_position_size": [592500, 1047338.6456430056, 5.822966040555485e+18], "last_log_ret": [592500, 0.009517045107362822, 903.0967014990213], "sortino_ratio": [592500, 19.24483817003807, 30955343214838.027], "rolling_pnl_sigma": [592500, 0.015495547250515988, 480.4992864604155], "portfolio_cash_ratio": [592500, 0.8875854215637431, 33628.543070213396], "free_collateral": [592500, 37457077.5369908, 4.4457808258623826e+20], "mm_reqs": [592500, 19562.398706110656, 8973332905714276.0], "unrealized_pnl_0": [592500, 3.2255607295741555, 256133575085.03082], "unrealized_pnl_1": [592500, 1.269297693191559, 1483246579005.4158], "unrealized_pnl_2": [592500, 32922.46281232643, 1.7018106647724212e+16], "unrealized_pnl_3": [592500, 60431.777698633676, 2.7926780095581002e+17], "unrealized_pnl_4": [592500, 159.49153077898717, 7052888892996.259], "unrealized_pnl_5": [592500, 8065.475809142404, 3004555217732292.0], "unrealized_pnl_6": [592500, 92.21416080080758, 5068425592591.928], "unrealized_pnl_7": [592500, 28.01694640139873, 664692346979.6375], "unrealized_pnl_8": [592500, 45.72128266746335, 731425485449.2965], "unrealized_pnl_9": [592500, 1769.8566975415022, 316365024574273.5], "margin_usage_ratio": [592500, 0.004132668154520526, 48.04131763811939]}, "pcr_min_ew": 0.9995227687271038, "pcr_max_ew": 1.0000000000000073}