{"r_count": 575743.0001000001, "r_mean": 0.0047108774560634, "r_var": 974.0182306386272, "tanh_k": 2.0, "feature_welford": {"unrealized_pnl": [575745, 68235.14783644392, 1.259216647510385e+17], "realized_pnl": [575745, 44500.90333439653, 1.7632178766481248e+17], "compounded_returns": [575745, 19756.679177059334, 127644342555782.86], "balance": [575745, 36852690.506581455, 4.2891313633695026e+20], "position_value": [575745, 207752.849618503, 2.227920976543686e+17], "current_position_size": [575745, 1038726.402320757, 5.569806773808112e+18], "last_log_ret": [575745, 0.009502600859276015, 884.796053420222], "sortino_ratio": [575745, 19.405630519721516, 30945029096405.19], "rolling_pnl_sigma": [575745, 0.015604003895251795, 473.7640748323816], "portfolio_cash_ratio": [575745, 0.8868732127122654, 32972.63828803173], "free_collateral": [575745, 37109559.34595973, 4.239514067544888e+20], "mm_reqs": [575745, 19198.218096016717, 8319050184332885.0], "unrealized_pnl_0": [575745, 3.2362893269732025, 267694684726.86612], "unrealized_pnl_1": [575745, 1.6033674450001603, 1505358454653.3406], "unrealized_pnl_2": [575745, 32785.44396719688, 1.6577145261823086e+16], "unrealized_pnl_3": [575745, 58829.98964305792, 2.599544035028364e+17], "unrealized_pnl_4": [575745, 155.14992200595827, 7178878831083.626], "unrealized_pnl_5": [575745, 7871.910001331036, 2976124569853964.0], "unrealized_pnl_6": [575745, 87.66030828353355, 4491516048002.733], "unrealized_pnl_7": [575745, 26.848275382464884, 625361931184.2407], "unrealized_pnl_8": [575745, 43.92610031504661, 720469808470.297], "unrealized_pnl_9": [575745, 1752.4677761781993, 297909395873848.7], "margin_usage_ratio": [575745, 0.0041555364803538015, 47.005149387531304]}, "pcr_min_ew": 0.9961868313526014, "pcr_max_ew": 0.9999999999999952}