{"r_count": 524361.0001000001, "r_mean": 0.00456986225440659, "r_var": 917.2919151637363, "tanh_k": 2.0, "feature_welford": {"unrealized_pnl": [524363, 64715.07119226452, 1.0492133069798474e+17], "realized_pnl": [524363, 43167.61610819447, 1.5019043238545187e+17], "compounded_returns": [524363, 19046.935909615095, 110141892992274.16], "balance": [524363, 35692350.500156276, 3.708958338502776e+20], "position_value": [524363, 202640.64102904196, 1.942294034365057e+17], "current_position_size": [524363, 1013166.5561744141, 4.855735359173697e+18], "last_log_ret": [524363, 0.009453697608207553, 829.1357808953252], "sortino_ratio": [524363, 20.940456349737804, 30944817753598.27], "rolling_pnl_sigma": [524363, 0.01603446461194392, 453.24490225419623], "portfolio_cash_ratio": [524363, 0.8841758571242327, 30896.07024130595], "free_collateral": [524363, 35941132.85933868, 3.6669180915380054e+20], "mm_reqs": [524363, 18641.341838180044, 7171084154666945.0], "unrealized_pnl_0": [524363, 3.6444450580872862, 244405013486.92834], "unrealized_pnl_1": [524363, 6.502768742131925, 1271188851882.2957], "unrealized_pnl_2": [524363, 31082.977303931577, 1.3914719069419992e+16], "unrealized_pnl_3": [524363, 56953.914634808665, 2.2090809994123475e+17], "unrealized_pnl_4": [524363, 142.17635246526072, 5886488314799.717], "unrealized_pnl_5": [524363, 7349.033874588605, 2522183419212934.5], "unrealized_pnl_6": [524363, 78.63661751604499, 4270871902093.059], "unrealized_pnl_7": [524363, 26.816104413063087, 626365991691.5416], "unrealized_pnl_8": [524363, 39.02674133390828, 633432228539.0571], "unrealized_pnl_9": [524363, 1741.0905579583734, 272309869633063.16], "margin_usage_ratio": [524363, 0.004245907805704342, 43.86384359449515]}, "pcr_min_ew": 0.998355178889598, "pcr_max_ew": 0.9999999953183405}