{"r_count": 589147.0001000001, "r_mean": 0.0047476914359990225, "r_var": 988.8406831480629, "tanh_k": 2.0, "feature_welford": {"unrealized_pnl": [589149, 69303.70126164678, 1.3230804891102958e+17], "realized_pnl": [589149, 44867.27067632261, 1.8296115849773574e+17], "compounded_returns": [589149, 19931.199737255352, 132478561604450.34], "balance": [589149, 37142264.05413161, 4.4497495539245626e+20], "position_value": [589149, 209317.5862544251, 2.3111120752481514e+17], "current_position_size": [589149, 1046550.9460113663, 5.777784862196833e+18], "last_log_ret": [589149, 0.009514324606661798, 899.4057184517941], "sortino_ratio": [589149, 19.029555824550147, 30945038172456.664], "rolling_pnl_sigma": [589149, 0.015507198430292744, 479.1359232318407], "portfolio_cash_ratio": [589149, 0.8874915988201466, 33510.39988184391], "free_collateral": [589149, 37401558.22362428, 4.398225860953714e+20], "mm_reqs": [589149, 19407.614132546136, 8681230964789331.0], "unrealized_pnl_0": [589149, 3.0006938941576395, 275299704220.7339], "unrealized_pnl_1": [589149, 1.4259347476345787, 1528932906396.8538], "unrealized_pnl_2": [589149, 33116.321233707175, 1.7254736034556682e+16], "unrealized_pnl_3": [589149, 59624.07178891433, 2.708080103732942e+17], "unrealized_pnl_4": [589149, 159.27015507591906, 7369831065796.197], "unrealized_pnl_5": [589149, 7988.991490842013, 3082644166481768.0], "unrealized_pnl_6": [589149, 89.40845536565028, 4537555659956.675], "unrealized_pnl_7": [589149, 27.12923533609382, 636603888480.9543], "unrealized_pnl_8": [589149, 45.16481675558579, 747325276058.7081], "unrealized_pnl_9": [589149, 1765.5055075230662, 308087034952387.9], "margin_usage_ratio": [589149, 0.004135654198134477, 47.808517473215176]}, "pcr_min_ew": 0.9902888378600516, "pcr_max_ew": 0.9999999999999506}