{"r_count": 535531.0001000001, "r_mean": 0.004601659409717482, "r_var": 929.5113958599816, "tanh_k": 2.0, "feature_welford": {"unrealized_pnl": [535533, 64870.04902155905, 1.0742416544138478e+17], "realized_pnl": [535533, 43395.37378495507, 1.5711273595416547e+17], "compounded_returns": [535533, 19201.590627248657, 113531744083909.66], "balance": [535533, 35940664.32106852, 3.822874209648501e+20], "position_value": [535533, 203087.23866735015, 1.9895175726317216e+17], "current_position_size": [535533, 1015395.5590736208, 4.973797190140065e+18], "last_log_ret": [535533, 0.009464682942532596, 841.1087208339277], "sortino_ratio": [535533, 20.604342960808825, 30944838522122.445], "rolling_pnl_sigma": [535533, 0.015923889474636833, 457.53151686215926], "portfolio_cash_ratio": [535533, 0.8848485440736562, 31341.273336353686], "free_collateral": [535533, 36190138.82407232, 3.778963834668871e+20], "mm_reqs": [535533, 18566.732433212033, 7200045184929424.0], "unrealized_pnl_0": [535533, 3.5740556834916566, 265757544507.82224], "unrealized_pnl_1": [535533, 1.4610701831742297, 1479214284804.0244], "unrealized_pnl_2": [535533, 31607.07395507159, 1.4643468528742008e+16], "unrealized_pnl_3": [535533, 56568.18411379698, 2.281560048788294e+17], "unrealized_pnl_4": [535533, 144.2603053977731, 6731547986572.175], "unrealized_pnl_5": [535533, 7487.750810717474, 2666624223435674.0], "unrealized_pnl_6": [535533, 83.67223168386128, 4244721530274.4946], "unrealized_pnl_7": [535533, 26.927990597279923, 615784922702.3644], "unrealized_pnl_8": [535533, 40.03237610600361, 641561425256.8578], "unrealized_pnl_9": [535533, 1709.0212233896048, 266673220627117.66], "margin_usage_ratio": [535533, 0.004220949239552554, 44.52974249239812]}, "pcr_min_ew": 0.9925108592247116, "pcr_max_ew": 0.9999999999999124}