{"r_count": 571275.0001000001, "r_mean": 0.004698654613731189, "r_var": 969.1079315982968, "tanh_k": 2.0, "feature_welford": {"unrealized_pnl": [571277, 67884.7397259102, 1.2389848120474645e+17], "realized_pnl": [571277, 44411.86684536697, 1.7472474095796576e+17], "compounded_returns": [571277, 19696.47863519587, 126062785018007.52], "balance": [571277, 36754485.55562384, 4.237360413179769e+20], "position_value": [571277, 207213.9084080277, 2.2008832960214544e+17], "current_position_size": [571277, 1036031.4002755161, 5.502212455061356e+18], "last_log_ret": [571277, 0.009498560726037433, 879.9706000789813], "sortino_ratio": [571277, 19.490826664974442, 30944864352403.92], "rolling_pnl_sigma": [571277, 0.015638097799352026, 472.02009439206574], "portfolio_cash_ratio": [571277, 0.8866587553668956, 32793.05528618277], "free_collateral": [571277, 37010538.98544145, 4.1883812308399725e+20], "mm_reqs": [571277, 19125.719674864886, 8199756181115728.0], "unrealized_pnl_0": [571277, 3.2671092207743038, 267665811135.6563], "unrealized_pnl_1": [571277, 1.681244336108921, 1504303837432.0269], "unrealized_pnl_2": [571277, 32667.19295695012, 1.6359101873948834e+16], "unrealized_pnl_3": [571277, 58578.96272187067, 2.5677117044096128e+17], "unrealized_pnl_4": [571277, 153.80686959718076, 7132926489845.242], "unrealized_pnl_5": [571277, 7840.874425694611, 2940096992997507.0], "unrealized_pnl_6": [571277, 87.2285952041887, 4465860121759.24], "unrealized_pnl_7": [571277, 26.832214181767995, 624695896292.6276], "unrealized_pnl_8": [571277, 43.496501052726146, 711961002717.3756], "unrealized_pnl_9": [571277, 1747.825023454798, 294043081614232.8], "margin_usage_ratio": [571277, 0.00416203942707759, 46.72710168869675]}, "pcr_min_ew": 0.9953815612806693, "pcr_max_ew": 0.9999999980478614}