{"r_count": 554520.0001000001, "r_mean": 0.004653263294056964, "r_var": 950.5100629695332, "tanh_k": 2.0, "feature_welford": {"unrealized_pnl": [554522, 66439.81597000553, 1.1548575454088867e+17], "realized_pnl": [554522, 43939.91724563708, 1.662529427991047e+17], "compounded_returns": [554522, 19452.743598865454, 119765522560041.75], "balance": [554522, 36347105.33166258, 4.0276727157821584e+20], "position_value": [554522, 205371.18785619957, 2.097513669081239e+17], "current_position_size": [554522, 1026816.6469062844, 5.243787984058037e+18], "last_log_ret": [554522, 0.009482429111568094, 861.7109699216591], "sortino_ratio": [554522, 20.00387651281649, 30944851155587.543], "rolling_pnl_sigma": [554522, 0.015766722227720964, 465.16601984268794], "portfolio_cash_ratio": [554522, 0.8858480704734917, 32106.981746028814], "free_collateral": [554522, 36600158.65338561, 3.981112333700981e+20], "mm_reqs": [554522, 18840.58549904286, 7662018238072326.0], "unrealized_pnl_0": [554522, 3.381311223156368, 267647613116.84247], "unrealized_pnl_1": [554522, 1.8569754757338564, 1497436937767.1917], "unrealized_pnl_2": [554522, 32260.774730889803, 1.5600502846756682e+16], "unrealized_pnl_3": [554522, 57552.10236411406, 2.4196353635728365e+17], "unrealized_pnl_4": [554522, 149.10493615004015, 6960972141613.126], "unrealized_pnl_5": [554522, 7656.446746611552, 2793994380685866.0], "unrealized_pnl_6": [554522, 85.11505575251137, 4352547581056.293], "unrealized_pnl_7": [554522, 26.908408689165537, 619751282606.8142], "unrealized_pnl_8": [554522, 42.14862409688951, 686522516259.8617], "unrealized_pnl_9": [554522, 1727.9204625811387, 281782045806258.25], "margin_usage_ratio": [554522, 0.00418838593884539, 45.682001275307016]}, "pcr_min_ew": 0.9986460698649814, "pcr_max_ew": 0.9999999805368728}