{"r_count": 573509.0001000001, "r_mean": 0.004682212563092403, "r_var": 970.726406440692, "tanh_k": 2.0, "feature_welford": {"unrealized_pnl": [573511, 67254.33419713522, 1.2159131822511221e+17], "realized_pnl": [573511, 44102.401494242615, 1.7213163959996394e+17], "compounded_returns": [573511, 19532.66453905878, 123552923053960.02], "balance": [573511, 36411799.457930535, 4.1439182130678294e+20], "position_value": [573511, 206120.66941180278, 2.170660952639507e+17], "current_position_size": [573511, 1030558.3978373797, 5.426654158545995e+18], "last_log_ret": [573511, 0.009492010523561193, 881.3512750868771], "sortino_ratio": [573511, 19.476618653522905, 30944944858305.24], "rolling_pnl_sigma": [573511, 0.015603322254138465, 472.41588924435956], "portfolio_cash_ratio": [573511, 0.8867614485665211, 32871.6609887339], "free_collateral": [573511, 36666434.51991105, 4.095361655215634e+20], "mm_reqs": [573511, 18809.432516608962, 7901270028200206.0], "unrealized_pnl_0": [573511, 3.197436350037719, 278634462831.54675], "unrealized_pnl_1": [573511, 2.8606253166397115, 1422265045470.5847], "unrealized_pnl_2": [573511, 32549.675567781436, 1.634605268370355e+16], "unrealized_pnl_3": [573511, 57627.4048266486, 2.516444332131381e+17], "unrealized_pnl_4": [573511, 155.06145291252741, 6681656533914.855], "unrealized_pnl_5": [573511, 7885.676868048457, 2878073042037662.5], "unrealized_pnl_6": [573511, 93.17137469191515, 4765425840480.329], "unrealized_pnl_7": [573511, 26.80654107767603, 652901339820.8202], "unrealized_pnl_8": [573511, 44.42729160269682, 699350713977.7847], "unrealized_pnl_9": [573511, 1788.755257787321, 305545036264590.25], "margin_usage_ratio": [573511, 0.004155178801129332, 46.77409712190213]}, "pcr_min_ew": 0.9997147990583034, "pcr_max_ew": 1.0000023958539128}