{"r_count": 570158.0001000001, "r_mean": 0.004670968372698155, "r_var": 966.9743283487378, "tanh_k": 2.0, "feature_welford": {"unrealized_pnl": [570160, 66961.17055247515, 1.1982267335816315e+17], "realized_pnl": [570160, 43973.63778125303, 1.699013981482871e+17], "compounded_returns": [570160, 19482.171001963627, 122252369724680.69], "balance": [570160, 36324082.01244808, 4.099357286154679e+20], "position_value": [570160, 205666.77605390878, 2.1502532729199286e+17], "current_position_size": [570160, 1028288.6669185036, 5.375634842172353e+18], "last_log_ret": [570160, 0.009488723072356086, 877.6389135745566], "sortino_ratio": [570160, 19.580546334888854, 30944943700306.957], "rolling_pnl_sigma": [570160, 0.0156265799408497, 471.00582174831396], "portfolio_cash_ratio": [570160, 0.8866052856409511, 32738.29338831993], "free_collateral": [570160, 36578023.9984734, 4.0513128781060316e+20], "mm_reqs": [570160, 18755.80735913752, 7807038688721957.0], "unrealized_pnl_0": [570160, 3.227062672442491, 278454969348.8107], "unrealized_pnl_1": [570160, 2.875217060516765, 1422114251525.557], "unrealized_pnl_2": [570160, 32441.17776617142, 1.6174547560816668e+16], "unrealized_pnl_3": [570160, 57416.0137013014, 2.4828195107542816e+17], "unrealized_pnl_4": [570160, 153.85727067529987, 6649301587989.704], "unrealized_pnl_5": [570160, 7847.381598660595, 2852622977973717.5], "unrealized_pnl_6": [570160, 92.58967419503568, 4753960745152.532], "unrealized_pnl_7": [570160, 27.1824339648524, 630120232217.1484], "unrealized_pnl_8": [570160, 44.13119388187858, 693585125885.0857], "unrealized_pnl_9": [570160, 1787.7583479958778, 304048047905378.6], "margin_usage_ratio": [570160, 0.004160358747235663, 46.57178814333777]}, "pcr_min_ew": 0.9997226146946532, "pcr_max_ew": 0.999999999999984}