{"r_count": 586913.0001000001, "r_mean": 0.004732371531247805, "r_var": 986.4640337921644, "tanh_k": 2.0, "feature_welford": {"unrealized_pnl": [586915, 69817.49850968517, 1.3301231561692066e+17], "realized_pnl": [586915, 44618.29556483619, 1.7889725846050944e+17], "compounded_returns": [586915, 19875.797057236286, 131279640929432.89], "balance": [586915, 37045041.800768524, 4.4072940234752085e+20], "position_value": [586915, 209350.39256768188, 2.300251175244635e+17], "current_position_size": [586915, 1046719.1979369129, 5.75062952766449e+18], "last_log_ret": [586915, 0.009511493953140724, 896.9680185741285], "sortino_ratio": [586915, 19.024602718445458, 30944943319890.812], "rolling_pnl_sigma": [586915, 0.015539039062154328, 478.3882464221005], "portfolio_cash_ratio": [586915, 0.8873332276461657, 33421.18023982608], "free_collateral": [586915, 37304845.95998581, 4.35642252542086e+20], "mm_reqs": [586915, 19429.118937633717, 8685817815677589.0], "unrealized_pnl_0": [586915, 3.3908593242179474, 249719284867.75897], "unrealized_pnl_1": [586915, 5.944554169270337, 1381341679534.0093], "unrealized_pnl_2": [586915, 32984.46207570797, 1.6994046305650602e+16], "unrealized_pnl_3": [586915, 60299.82974519976, 2.689981742210317e+17], "unrealized_pnl_4": [586915, 158.43398364849003, 6618319475204.459], "unrealized_pnl_5": [586915, 8038.449516911577, 3125964526586718.0], "unrealized_pnl_6": [586915, 85.78059645991286, 5636926704514.379], "unrealized_pnl_7": [586915, 27.02916957812759, 658680612503.369], "unrealized_pnl_8": [586915, 44.16430933712414, 728120048684.321], "unrealized_pnl_9": [586915, 1796.7702897536863, 316996139513482.2], "margin_usage_ratio": [586915, 0.004139023816420191, 47.6100919307723]}, "pcr_min_ew": 0.998840512048603, "pcr_max_ew": 0.9999999983693425}