{"r_count": 544467.0001000001, "r_mean": 0.004634030648990842, "r_var": 939.5605118738822, "tanh_k": 2.0, "feature_welford": {"unrealized_pnl": [544469, 65824.22468875878, 1.126059404820546e+17], "realized_pnl": [544469, 43428.4252404379, 1.6041226779741085e+17], "compounded_returns": [544469, 19325.073844226827, 116565496768181.58], "balance": [544469, 36155917.984318845, 3.928816109501629e+20], "position_value": [544469, 204009.44752743817, 2.0355567758707885e+17], "current_position_size": [544469, 1020003.3364053656, 5.088893634317635e+18], "last_log_ret": [544469, 0.009473878152129129, 851.0539122293097], "sortino_ratio": [544469, 20.334829686568444, 30944883820189.008], "rolling_pnl_sigma": [544469, 0.015859691274235962, 461.37176930276524], "portfolio_cash_ratio": [544469, 0.8852737297516756, 31705.72720431837], "free_collateral": [544469, 36406982.994877376, 3.883765611604059e+20], "mm_reqs": [544469, 18837.733559647993, 7637314485970476.0], "unrealized_pnl_0": [544469, 3.3207939374500137, 243878284390.6198], "unrealized_pnl_1": [544469, 2.9237018721468044, 1292932108678.3367], "unrealized_pnl_2": [544469, 31583.65280700408, 1.4628467506564182e+16], "unrealized_pnl_3": [544469, 57401.583153760024, 2.3736936951773942e+17], "unrealized_pnl_4": [544469, 147.6646486549756, 6347198008766.548], "unrealized_pnl_5": [544469, 7588.182624541603, 2586911298875559.0], "unrealized_pnl_6": [544469, 86.85020518131019, 4696749564457.571], "unrealized_pnl_7": [544469, 27.852334132797836, 622926140941.8629], "unrealized_pnl_8": [544469, 42.11904101922524, 643665256622.9774], "unrealized_pnl_9": [544469, 1764.9933058835343, 288107104674425.94], "margin_usage_ratio": [544469, 0.004209273441000348, 45.13055505777962]}, "pcr_min_ew": 0.9951251321304343, "pcr_max_ew": 0.9999999509972315}