{"r_count": 523244.0001, "r_mean": 0.004576652514975632, "r_var": 915.8272604790768, "tanh_k": 2.0, "feature_welford": {"unrealized_pnl": [523246, 63778.77044179606, 1.0247313746987947e+17], "realized_pnl": [523246, 42891.754870614284, 1.504457238559324e+17], "compounded_returns": [523246, 19018.084324241827, 109208265935524.56], "balance": [523246, 35644523.90713139, 3.682350662325875e+20], "position_value": [523246, 201459.91472982452, 1.914466741705933e+17], "current_position_size": [523246, 1007253.8933462584, 4.7861679377919e+18], "last_log_ret": [523246, 0.009452381623091822, 827.8016107909439], "sortino_ratio": [523246, 21.030852503454508, 30944843944843.645], "rolling_pnl_sigma": [523246, 0.016037774904870655, 452.62280529199904], "portfolio_cash_ratio": [523246, 0.8841440424173129, 30837.701898208677], "free_collateral": [523246, 35891349.557491645, 3.640227459200639e+20], "mm_reqs": [523246, 18482.899503336477, 7072843242258634.0], "unrealized_pnl_0": [523246, 3.40006567089836, 243462546614.54742], "unrealized_pnl_1": [523246, 2.9909081878368315, 1283751914569.5693], "unrealized_pnl_2": [523246, 30953.131458728156, 1.3665630866728126e+16], "unrealized_pnl_3": [523246, 56018.85067763455, 2.2047221170137654e+17], "unrealized_pnl_4": [523246, 141.74354884116653, 6140479631373.895], "unrealized_pnl_5": [523246, 7313.874691160218, 2400665045145310.5], "unrealized_pnl_6": [523246, 85.02213575766605, 4521333114160.053], "unrealized_pnl_7": [523246, 27.822809256518788, 618439552967.2247], "unrealized_pnl_8": [523246, 41.2555322521358, 617601043515.1476], "unrealized_pnl_9": [523246, 1742.1058255535295, 272394064543731.7], "margin_usage_ratio": [523246, 0.0042461427439294454, 43.83197400644172]}, "pcr_min_ew": 0.9965442163106383, "pcr_max_ew": 0.9999999976560388}