{"r_count": 556754.0001000001, "r_mean": 0.004642436017932932, "r_var": 954.6197980569771, "tanh_k": 2.0, "feature_welford": {"unrealized_pnl": [556756, 67193.66532699713, 1.1970884174040725e+17], "realized_pnl": [556756, 43820.56134506697, 1.6797568117214304e+17], "compounded_returns": [556756, 19361.477705504898, 118196344061494.97], "balance": [556756, 36229848.943286225, 3.9913136976545055e+20], "position_value": [556756, 205656.93108438604, 2.1107506587786106e+17], "current_position_size": [556756, 1028231.7204611658, 5.276871704111479e+18], "last_log_ret": [556756, 0.009481625613940066, 865.6995032983028], "sortino_ratio": [556756, 20.012059366577013, 30945050155550.97], "rolling_pnl_sigma": [556756, 0.01576839771260186, 466.880253988534], "portfolio_cash_ratio": [556756, 0.8859916080164213, 32181.329738251377], "free_collateral": [556756, 36483888.729078606, 3.9448241272876656e+20], "mm_reqs": [556756, 18868.551526460484, 7688703119739682.0], "unrealized_pnl_0": [556756, 3.5493396127251007, 259054951223.92804], "unrealized_pnl_1": [556756, 3.09595596632263, 1263894389067.7068], "unrealized_pnl_2": [556756, 32031.728916994856, 1.5386639011173646e+16], "unrealized_pnl_3": [556756, 57918.14303386508, 2.463500030943581e+17], "unrealized_pnl_4": [556756, 146.92140414901857, 6112925636237.292], "unrealized_pnl_5": [556756, 7793.737668034746, 2710352817270041.5], "unrealized_pnl_6": [556756, 81.97338363077141, 4655651775657.038], "unrealized_pnl_7": [556756, 27.01534478254972, 709694184352.5007], "unrealized_pnl_8": [556756, 42.47266230415393, 736211091407.4718], "unrealized_pnl_9": [556756, 1748.4708037961834, 289714770213498.1], "margin_usage_ratio": [556756, 0.004182661162742711, 45.77173711405553]}, "pcr_min_ew": 0.9995631702411103, "pcr_max_ew": 0.9999999940658257}