{"r_count": 518776.0001, "r_mean": 0.0045547444840444125, "r_var": 911.1752244412177, "tanh_k": 2.0, "feature_welford": {"unrealized_pnl": [518778, 64309.52717699471, 1.0305422234721526e+17], "realized_pnl": [518778, 43012.86048066855, 1.475692225787112e+17], "compounded_returns": [518778, 18970.038612076944, 108373792809629.62], "balance": [518778, 35572091.90596085, 3.652000860417719e+20], "position_value": [518778, 202111.991442481, 1.9132663703952045e+17], "current_position_size": [518778, 1010522.9139235864, 4.783166097404427e+18], "last_log_ret": [518778, 0.009448161266024276, 823.1697346663487], "sortino_ratio": [518778, 21.139781380288493, 30944811226803.79], "rolling_pnl_sigma": [518778, 0.016083993193984854, 450.98388649716213], "portfolio_cash_ratio": [518778, 0.8838643850712259, 30666.750958716228], "free_collateral": [518778, 35819994.94868848, 3.610724844555321e+20], "mm_reqs": [518778, 18586.852355773997, 7063691390943748.0], "unrealized_pnl_0": [518778, 3.715343587325213, 243712040507.33267], "unrealized_pnl_1": [518778, 6.693972652088108, 1269268446150.5496], "unrealized_pnl_2": [518778, 30904.249898317972, 1.364465589534045e+16], "unrealized_pnl_3": [518778, 56651.92552898942, 2.172159678717017e+17], "unrealized_pnl_4": [518778, 140.9531894395866, 5834176691074.464], "unrealized_pnl_5": [518778, 7305.584479917734, 2482355891133341.0], "unrealized_pnl_6": [518778, 78.16423616095712, 4257024633745.961], "unrealized_pnl_7": [518778, 26.819093277337238, 625592788025.6866], "unrealized_pnl_8": [518778, 38.84018706773093, 623197012884.7086], "unrealized_pnl_9": [518778, 1740.0591566236978, 269044606056516.5], "margin_usage_ratio": [518778, 0.00425621684029584, 43.51963580368331]}, "pcr_min_ew": 0.9972015063343795, "pcr_max_ew": 0.9999999976526963}