{"r_count": 516542.0001, "r_mean": 0.004551611086657509, "r_var": 908.4558392747188, "tanh_k": 2.0, "feature_welford": {"unrealized_pnl": [516544, 63256.300313798514, 9.945821354731888e+16], "realized_pnl": [516544, 42847.97835101883, 1.4762908561839114e+17], "compounded_returns": [516544, 18945.591573737187, 107421839469207.53], "balance": [516544, 35526783.11133813, 3.62011921555127e+20], "position_value": [516544, 200874.37185952216, 1.8863324800290822e+17], "current_position_size": [516544, 1004329.7318228048, 4.71583397646776e+18], "last_log_ret": [516544, 0.009446150607877209, 820.4978129090915], "sortino_ratio": [516544, 21.255546732639342, 30944818360758.504], "rolling_pnl_sigma": [516544, 0.016089837422210367, 449.7678358537104], "portfolio_cash_ratio": [516544, 0.8837850450775602, 30573.986943414948], "free_collateral": [516544, 35772679.52372288, 3.578791256733059e+20], "mm_reqs": [516544, 18320.528361872304, 6775537419246578.0], "unrealized_pnl_0": [516544, 3.7187187738029994, 264855302468.3535], "unrealized_pnl_1": [516544, 1.5915524011739648, 1475062325916.1343], "unrealized_pnl_2": [516544, 30959.75760925744, 1.36936714893801e+16], "unrealized_pnl_3": [516544, 55449.21038472166, 2.131743520901942e+17], "unrealized_pnl_4": [516544, 139.93576053633646, 6559678872286.443], "unrealized_pnl_5": [516544, 7266.004335653033, 2515439614367032.0], "unrealized_pnl_6": [516544, 81.57148732964643, 4126592763737.8013], "unrealized_pnl_7": [516544, 26.830026623574167, 610861658180.0919], "unrealized_pnl_8": [516544, 38.56065484662791, 618166548592.2042], "unrealized_pnl_9": [516544, 1690.8850546250958, 255439330215758.28], "margin_usage_ratio": [516544, 0.0042567701458746665, 43.3789288653801]}, "pcr_min_ew": 0.9984114697865518, "pcr_max_ew": 0.9999999999999286}